event_id,target_volume_source,scope,flux_source,face_stage_rule,sign_mode,boundary_mode,source_mode,has_native_face_flow,has_native_cell_flow_balance,num_nodes,num_transitions,delta_t_seconds,hecras_computation_delta_t_seconds,hdf_output_delta_t_seconds,hdf_output_matches_computation,computation_steps_per_budget_interval,storage_aligned,storage_alignment_rmse_ft3,storage_alignment_max_abs_ft3,domain_residual_rmse_ft3,hdf_path,target_rms_ft3,budget_rms_ft3,residual_rmse_ft3,residual_mae_ft3,residual_bias_ft3,relative_rmse,correlation
H1,hgn_target,all,reconstructed_velocity_area,mean,cell_order,reconstructed_all_touching_faces,none,True,True,12715,48,1799.9999712,30.0,29.999999999999893,True,59.99999904,True,2.856796868924926e-10,5.238689482212067e-10,7344849.5626933705,/mnt/8tb_hdd2/joyce/Minxiong/Minxiong_new/hgn_extract_workspace/outputs_native/planH1/Minxiong.p01.hdf,1942.9008169452072,93861.44328225567,93802.03315610842,7722.727346133813,-570.365148851023,48.279372955121765,0.03961064476459944
H1,hgn_target,zone_3,reconstructed_velocity_area,mean,cell_order,reconstructed_all_touching_faces,none,True,True,1274,48,1799.9999712,30.0,29.999999999999893,True,59.99999904,True,2.856796868924926e-10,5.238689482212067e-10,449883.3341116121,/mnt/8tb_hdd2/joyce/Minxiong/Minxiong_new/hgn_extract_workspace/outputs_native/planH1/Minxiong.p01.hdf,1047.0648237083667,31414.32960305864,31431.354872469197,3636.6529635860134,-154.65509024841992,30.018537688191504,-0.00013557410575322544
H1,hdf_reconstructed,all,reconstructed_velocity_area,mean,cell_order,reconstructed_all_touching_faces,none,True,True,12715,48,1799.9999712,30.0,29.999999999999893,True,59.99999904,True,2.856796868924926e-10,5.238689482212067e-10,7344849.562693372,/mnt/8tb_hdd2/joyce/Minxiong/Minxiong_new/hgn_extract_workspace/outputs_native/planH1/Minxiong.p01.hdf,1942.9008169452063,93861.44328225567,93802.03315610842,7722.727346133811,-570.3651488510229,48.27937295512179,0.039610644764599565
H1,hdf_reconstructed,zone_3,reconstructed_velocity_area,mean,cell_order,reconstructed_all_touching_faces,none,True,True,1274,48,1799.9999712,30.0,29.999999999999893,True,59.99999904,True,2.856796868924926e-10,5.238689482212067e-10,449883.3341116123,/mnt/8tb_hdd2/joyce/Minxiong/Minxiong_new/hgn_extract_workspace/outputs_native/planH1/Minxiong.p01.hdf,1047.064823708368,31414.32960305864,31431.354872469197,3636.6529635860134,-154.6550902484198,30.018537688191465,-0.00013557410575304406
H1,hgn_target,all,reconstructed_velocity_area,mean,cell_order,reconstructed_all_touching_faces,hdf_precipitation,True,True,12715,48,1799.9999712,30.0,29.999999999999893,True,59.99999904,True,2.856796868924926e-10,5.238689482212067e-10,8154571.246265116,/mnt/8tb_hdd2/joyce/Minxiong/Minxiong_new/hgn_extract_workspace/outputs_native/planH1/Minxiong.p01.hdf,1942.9008169452072,93863.07356690426,93803.23881378361,7721.17091495257,-630.0006037305692,48.27999350026986,0.039697305130060194
H1,hgn_target,zone_3,reconstructed_velocity_area,mean,cell_order,reconstructed_all_touching_faces,hdf_precipitation,True,True,1274,48,1799.9999712,30.0,29.999999999999893,True,59.99999904,True,2.856796868924926e-10,5.238689482212067e-10,465220.4987647241,/mnt/8tb_hdd2/joyce/Minxiong/Minxiong_new/hgn_extract_workspace/outputs_native/planH1/Minxiong.p01.hdf,1047.0648237083667,31414.524638530213,31431.50958815315,3641.871802220665,-168.98810536340198,30.01868544951482,-0.00013040197498733624
H1,hdf_reconstructed,all,reconstructed_velocity_area,mean,cell_order,reconstructed_all_touching_faces,hdf_precipitation,True,True,12715,48,1799.9999712,30.0,29.999999999999893,True,59.99999904,True,2.856796868924926e-10,5.238689482212067e-10,8154571.246265114,/mnt/8tb_hdd2/joyce/Minxiong/Minxiong_new/hgn_extract_workspace/outputs_native/planH1/Minxiong.p01.hdf,1942.9008169452063,93863.07356690426,93803.23881378362,7721.170914952567,-630.0006037305691,48.27999350026989,0.03969730513006018
H1,hdf_reconstructed,zone_3,reconstructed_velocity_area,mean,cell_order,reconstructed_all_touching_faces,hdf_precipitation,True,True,1274,48,1799.9999712,30.0,29.999999999999893,True,59.99999904,True,2.856796868924926e-10,5.238689482212067e-10,465220.49876472465,/mnt/8tb_hdd2/joyce/Minxiong/Minxiong_new/hgn_extract_workspace/outputs_native/planH1/Minxiong.p01.hdf,1047.064823708368,31414.524638530213,31431.50958815315,3641.871802220665,-168.98810536340187,30.01868544951478,-0.0001304019749871426
H1,hgn_target,all,reconstructed_velocity_area,mean,cell_order,native_bc_only,none,True,True,12715,48,1799.9999712,30.0,29.999999999999893,True,59.99999904,True,2.856796868924926e-10,5.238689482212067e-10,885680.645109151,/mnt/8tb_hdd2/joyce/Minxiong/Minxiong_new/hgn_extract_workspace/outputs_native/planH1/Minxiong.p01.hdf,1942.9008169452072,54060.18978958644,54024.55675277226,7188.727810129319,59.708957731689594,27.80613208949813,0.035744643135123336
H1,hgn_target,zone_3,reconstructed_velocity_area,mean,cell_order,native_bc_only,none,True,True,1274,48,1799.9999712,30.0,29.999999999999893,True,59.99999904,True,2.856796868924926e-10,5.238689482212067e-10,425347.62475099746,/mnt/8tb_hdd2/joyce/Minxiong/Minxiong_new/hgn_extract_workspace/outputs_native/planH1/Minxiong.p01.hdf,1047.0648237083667,31442.79884427222,31460.246103203997,3643.6093916141585,-136.7050256747776,30.046130278526526,-0.000512800729761877
H1,hdf_reconstructed,all,reconstructed_velocity_area,mean,cell_order,native_bc_only,none,True,True,12715,48,1799.9999712,30.0,29.999999999999893,True,59.99999904,True,2.856796868924926e-10,5.238689482212067e-10,885680.6451091521,/mnt/8tb_hdd2/joyce/Minxiong/Minxiong_new/hgn_extract_workspace/outputs_native/planH1/Minxiong.p01.hdf,1942.9008169452063,54060.18978958644,54024.55675277226,7188.727810129319,59.70895773168965,27.806132089498142,0.03574464313512336
H1,hdf_reconstructed,zone_3,reconstructed_velocity_area,mean,cell_order,native_bc_only,none,True,True,1274,48,1799.9999712,30.0,29.999999999999893,True,59.99999904,True,2.856796868924926e-10,5.238689482212067e-10,425347.62475099805,/mnt/8tb_hdd2/joyce/Minxiong/Minxiong_new/hgn_extract_workspace/outputs_native/planH1/Minxiong.p01.hdf,1047.064823708368,31442.79884427222,31460.246103204,3643.6093916141594,-136.7050256747775,30.04613027852649,-0.0005128007297617194
H1,hgn_target,all,reconstructed_velocity_area,mean,cell_order,native_bc_only,hdf_precipitation,True,True,12715,48,1799.9999712,30.0,29.999999999999893,True,59.99999904,True,2.856796868924926e-10,5.238689482212067e-10,1355.1673417822751,/mnt/8tb_hdd2/joyce/Minxiong/Minxiong_new/hgn_extract_workspace/outputs_native/planH1/Minxiong.p01.hdf,1942.9008169452072,54061.042751855464,54024.67120680538,7187.163288109017,0.07350285214321531,27.806190998338007,0.035895538989942286
H1,hgn_target,zone_3,reconstructed_velocity_area,mean,cell_order,native_bc_only,hdf_precipitation,True,True,1274,48,1799.9999712,30.0,29.999999999999893,True,59.99999904,True,2.856796868924926e-10,5.238689482212067e-10,439570.3760308184,/mnt/8tb_hdd2/joyce/Minxiong/Minxiong_new/hgn_extract_workspace/outputs_native/planH1/Minxiong.p01.hdf,1047.0648237083667,31442.978642160353,31460.385624146485,3648.823783073912,-151.0380407897597,30.04626352810127,-0.0005076323791667394
H1,hdf_reconstructed,all,reconstructed_velocity_area,mean,cell_order,native_bc_only,hdf_precipitation,True,True,12715,48,1799.9999712,30.0,29.999999999999893,True,59.99999904,True,2.856796868924926e-10,5.238689482212067e-10,1355.167341780526,/mnt/8tb_hdd2/joyce/Minxiong/Minxiong_new/hgn_extract_workspace/outputs_native/planH1/Minxiong.p01.hdf,1942.9008169452063,54061.042751855464,54024.67120680538,7187.163288109019,0.0735028521432504,27.80619099833802,0.0358955389899423
H1,hdf_reconstructed,zone_3,reconstructed_velocity_area,mean,cell_order,native_bc_only,hdf_precipitation,True,True,1274,48,1799.9999712,30.0,29.999999999999893,True,59.99999904,True,2.856796868924926e-10,5.238689482212067e-10,439570.37603081914,/mnt/8tb_hdd2/joyce/Minxiong/Minxiong_new/hgn_extract_workspace/outputs_native/planH1/Minxiong.p01.hdf,1047.064823708368,31442.978642160353,31460.385624146485,3648.8237830739126,-151.03804078975955,30.046263528101232,-0.0005076323791665958
H1,hgn_target,all,reconstructed_velocity_area,mean,negated,reconstructed_all_touching_faces,none,True,True,12715,48,1799.9999712,30.0,29.999999999999893,True,59.99999904,True,2.856796868924926e-10,5.238689482212067e-10,18344321.366144553,/mnt/8tb_hdd2/joyce/Minxiong/Minxiong_new/hgn_extract_workspace/outputs_native/planH1/Minxiong.p01.hdf,1942.9008169452072,93861.44328225567,93960.9992124685,7873.642274342345,1388.8541069463797,48.36119188019176,-0.03961064476459944
H1,hgn_target,zone_3,reconstructed_velocity_area,mean,negated,reconstructed_all_touching_faces,none,True,True,1274,48,1799.9999712,30.0,29.999999999999893,True,59.99999904,True,2.856796868924926e-10,5.238689482212067e-10,532353.6485745177,/mnt/8tb_hdd2/joyce/Minxiong/Minxiong_new/hgn_extract_workspace/outputs_native/planH1/Minxiong.p01.hdf,1047.0648237083667,31414.32960305864,31432.19415170081,3660.263714650525,307.3564222714507,30.019339242414897,0.00013557410575322544
H1,hdf_reconstructed,all,reconstructed_velocity_area,mean,negated,reconstructed_all_touching_faces,none,True,True,12715,48,1799.9999712,30.0,29.999999999999893,True,59.99999904,True,2.856796868924926e-10,5.238689482212067e-10,18344321.366144553,/mnt/8tb_hdd2/joyce/Minxiong/Minxiong_new/hgn_extract_workspace/outputs_native/planH1/Minxiong.p01.hdf,1942.9008169452063,93861.44328225567,93960.99921246851,7873.642274342344,1388.8541069463795,48.36119188019179,-0.039610644764599565
H1,hdf_reconstructed,zone_3,reconstructed_velocity_area,mean,negated,reconstructed_all_touching_faces,none,True,True,1274,48,1799.9999712,30.0,29.999999999999893,True,59.99999904,True,2.856796868924926e-10,5.238689482212067e-10,532353.6485745183,/mnt/8tb_hdd2/joyce/Minxiong/Minxiong_new/hgn_extract_workspace/outputs_native/planH1/Minxiong.p01.hdf,1047.064823708368,31414.32960305864,31432.19415170081,3660.2637146505253,307.35642227145087,30.01933924241486,0.00013557410575304406
H1,hgn_target,all,reconstructed_velocity_area,mean,negated,reconstructed_all_touching_faces,hdf_precipitation,True,True,12715,48,1799.9999712,30.0,29.999999999999893,True,59.99999904,True,2.856796868924926e-10,5.238689482212067e-10,17497654.630574223,/mnt/8tb_hdd2/joyce/Minxiong/Minxiong_new/hgn_extract_workspace/outputs_native/planH1/Minxiong.p01.hdf,1942.9008169452072,93859.87471921301,93959.00735758038,7881.5940074114405,1329.218652066833,48.360166683809766,-0.039523972529056824
H1,hgn_target,zone_3,reconstructed_velocity_area,mean,negated,reconstructed_all_touching_faces,hdf_precipitation,True,True,1274,48,1799.9999712,30.0,29.999999999999893,True,59.99999904,True,2.856796868924926e-10,5.238689482212067e-10,513023.21661829576,/mnt/8tb_hdd2/joyce/Minxiong/Minxiong_new/hgn_extract_workspace/outputs_native/planH1/Minxiong.p01.hdf,1047.0648237083667,31414.143953765295,31431.96839436486,3667.313461110143,293.0234071564687,30.019123632711622,0.00014074625220175386
H1,hdf_reconstructed,all,reconstructed_velocity_area,mean,negated,reconstructed_all_touching_faces,hdf_precipitation,True,True,12715,48,1799.9999712,30.0,29.999999999999893,True,59.99999904,True,2.856796868924926e-10,5.238689482212067e-10,17497654.630574238,/mnt/8tb_hdd2/joyce/Minxiong/Minxiong_new/hgn_extract_workspace/outputs_native/planH1/Minxiong.p01.hdf,1942.9008169452063,93859.87471921301,93959.00735758038,7881.59400741144,1329.2186520668326,48.36016668380979,-0.039523972529056886
H1,hdf_reconstructed,zone_3,reconstructed_velocity_area,mean,negated,reconstructed_all_touching_faces,hdf_precipitation,True,True,1274,48,1799.9999712,30.0,29.999999999999893,True,59.99999904,True,2.856796868924926e-10,5.238689482212067e-10,513023.2166182962,/mnt/8tb_hdd2/joyce/Minxiong/Minxiong_new/hgn_extract_workspace/outputs_native/planH1/Minxiong.p01.hdf,1047.064823708368,31414.143953765295,31431.96839436486,3667.3134611101427,293.0234071564688,30.019123632711583,0.00014074625220155936
H1,hgn_target,all,reconstructed_velocity_area,mean,negated,native_bc_only,none,True,True,12715,48,1799.9999712,30.0,29.999999999999893,True,59.99999904,True,2.856796868924926e-10,5.238689482212067e-10,885680.645109151,/mnt/8tb_hdd2/joyce/Minxiong/Minxiong_new/hgn_extract_workspace/outputs_native/planH1/Minxiong.p01.hdf,1942.9008169452072,72989.64178069495,73038.42783581108,7796.182401093075,59.708957731689615,37.592463392263255,-0.01311188635314053
H1,hgn_target,zone_3,reconstructed_velocity_area,mean,negated,native_bc_only,none,True,True,1274,48,1799.9999712,30.0,29.999999999999893,True,59.99999904,True,2.856796868924926e-10,5.238689482212067e-10,605870.6714264828,/mnt/8tb_hdd2/joyce/Minxiong/Minxiong_new/hgn_extract_workspace/outputs_native/planH1/Minxiong.p01.hdf,1047.0648237083667,31622.198411250447,31640.65733504711,3689.9357282464143,337.1952123753997,30.218432153021897,-0.0004783011450908753
H1,hdf_reconstructed,all,reconstructed_velocity_area,mean,negated,native_bc_only,none,True,True,12715,48,1799.9999712,30.0,29.999999999999893,True,59.99999904,True,2.856796868924926e-10,5.238689482212067e-10,885680.645109152,/mnt/8tb_hdd2/joyce/Minxiong/Minxiong_new/hgn_extract_workspace/outputs_native/planH1/Minxiong.p01.hdf,1942.9008169452063,72989.64178069495,73038.42783581108,7796.182401093074,59.708957731689615,37.59246339226328,-0.013111886353140471
H1,hdf_reconstructed,zone_3,reconstructed_velocity_area,mean,negated,native_bc_only,none,True,True,1274,48,1799.9999712,30.0,29.999999999999893,True,59.99999904,True,2.856796868924926e-10,5.238689482212067e-10,605870.6714264838,/mnt/8tb_hdd2/joyce/Minxiong/Minxiong_new/hgn_extract_workspace/outputs_native/planH1/Minxiong.p01.hdf,1047.064823708368,31622.198411250447,31640.65733504711,3689.935728246415,337.1952123753998,30.21843215302186,-0.0004783011450911301
H1,hgn_target,all,reconstructed_velocity_area,mean,negated,native_bc_only,hdf_precipitation,True,True,12715,48,1799.9999712,30.0,29.999999999999893,True,59.99999904,True,2.856796868924926e-10,5.238689482212067e-10,1355.1673417801726,/mnt/8tb_hdd2/joyce/Minxiong/Minxiong_new/hgn_extract_workspace/outputs_native/planH1/Minxiong.p01.hdf,1942.9008169452072,72990.40546025851,73038.6443332831,7804.172157716428,0.07350285214320768,37.59257482228075,-0.012999831042440764
H1,hgn_target,zone_3,reconstructed_velocity_area,mean,negated,native_bc_only,hdf_precipitation,True,True,1274,48,1799.9999712,30.0,29.999999999999893,True,59.99999904,True,2.856796868924926e-10,5.238689482212067e-10,586562.5146265607,/mnt/8tb_hdd2/joyce/Minxiong/Minxiong_new/hgn_extract_workspace/outputs_native/planH1/Minxiong.p01.hdf,1047.0648237083667,31621.989638652558,31640.40873560714,3696.9643105807877,322.86219726041764,30.21819472795103,-0.00047316473715537666
H1,hdf_reconstructed,all,reconstructed_velocity_area,mean,negated,native_bc_only,hdf_precipitation,True,True,12715,48,1799.9999712,30.0,29.999999999999893,True,59.99999904,True,2.856796868924926e-10,5.238689482212067e-10,1355.1673417805764,/mnt/8tb_hdd2/joyce/Minxiong/Minxiong_new/hgn_extract_workspace/outputs_native/planH1/Minxiong.p01.hdf,1942.9008169452063,72990.40546025851,73038.6443332831,7804.172157716426,0.0735028521432504,37.59257482228077,-0.012999831042440709
H1,hdf_reconstructed,zone_3,reconstructed_velocity_area,mean,negated,native_bc_only,hdf_precipitation,True,True,1274,48,1799.9999712,30.0,29.999999999999893,True,59.99999904,True,2.856796868924926e-10,5.238689482212067e-10,586562.5146265613,/mnt/8tb_hdd2/joyce/Minxiong/Minxiong_new/hgn_extract_workspace/outputs_native/planH1/Minxiong.p01.hdf,1047.064823708368,31621.989638652558,31640.40873560714,3696.9643105807877,322.86219726041776,30.21819472795099,-0.00047316473715563605
H1,hgn_target,all,reconstructed_velocity_area,minimum,cell_order,reconstructed_all_touching_faces,none,True,True,12715,48,1799.9999712,30.0,29.999999999999893,True,59.99999904,True,2.856796868924926e-10,5.238689482212067e-10,7344849.5626933705,/mnt/8tb_hdd2/joyce/Minxiong/Minxiong_new/hgn_extract_workspace/outputs_native/planH1/Minxiong.p01.hdf,1942.9008169452072,93352.14125670993,93303.07922893114,7519.705357496462,-570.365148851023,48.02256420666399,0.034210632065092596
H1,hgn_target,zone_3,reconstructed_velocity_area,minimum,cell_order,reconstructed_all_touching_faces,none,True,True,1274,48,1799.9999712,30.0,29.999999999999893,True,59.99999904,True,2.856796868924926e-10,5.238689482212067e-10,384485.50663374807,/mnt/8tb_hdd2/joyce/Minxiong/Minxiong_new/hgn_extract_workspace/outputs_native/planH1/Minxiong.p01.hdf,1047.0648237083667,30883.02294741325,30912.344280446694,3534.8512275741004,-86.42560269152959,29.522856255417995,-0.011479597761240789
H1,hdf_reconstructed,all,reconstructed_velocity_area,minimum,cell_order,reconstructed_all_touching_faces,none,True,True,12715,48,1799.9999712,30.0,29.999999999999893,True,59.99999904,True,2.856796868924926e-10,5.238689482212067e-10,7344849.5626933705,/mnt/8tb_hdd2/joyce/Minxiong/Minxiong_new/hgn_extract_workspace/outputs_native/planH1/Minxiong.p01.hdf,1942.9008169452063,93352.14125670993,93303.07922893114,7519.705357496462,-570.365148851023,48.022564206664015,0.0342106320650926
H1,hdf_reconstructed,zone_3,reconstructed_velocity_area,minimum,cell_order,reconstructed_all_touching_faces,none,True,True,1274,48,1799.9999712,30.0,29.999999999999893,True,59.99999904,True,2.856796868924926e-10,5.238689482212067e-10,384485.5066337485,/mnt/8tb_hdd2/joyce/Minxiong/Minxiong_new/hgn_extract_workspace/outputs_native/planH1/Minxiong.p01.hdf,1047.064823708368,30883.02294741325,30912.344280446694,3534.8512275741004,-86.42560269152942,29.522856255417956,-0.011479597761240714
H1,hgn_target,all,reconstructed_velocity_area,minimum,cell_order,reconstructed_all_touching_faces,hdf_precipitation,True,True,12715,48,1799.9999712,30.0,29.999999999999893,True,59.99999904,True,2.856796868924926e-10,5.238689482212067e-10,8154571.24626512,/mnt/8tb_hdd2/joyce/Minxiong/Minxiong_new/hgn_extract_workspace/outputs_native/planH1/Minxiong.p01.hdf,1942.9008169452072,93353.75405603541,93304.264940464,7524.2745316672845,-630.0006037305693,48.02317448564608,0.034297830193331394
H1,hgn_target,zone_3,reconstructed_velocity_area,minimum,cell_order,reconstructed_all_touching_faces,hdf_precipitation,True,True,1274,48,1799.9999712,30.0,29.999999999999893,True,59.99999904,True,2.856796868924926e-10,5.238689482212067e-10,396677.92911094823,/mnt/8tb_hdd2/joyce/Minxiong/Minxiong_new/hgn_extract_workspace/outputs_native/planH1/Minxiong.p01.hdf,1047.0648237083667,30883.18097140216,30912.46126517012,3541.4504398838085,-100.7586178065116,29.522967981760793,-0.011474307674525975
H1,hdf_reconstructed,all,reconstructed_velocity_area,minimum,cell_order,reconstructed_all_touching_faces,hdf_precipitation,True,True,12715,48,1799.9999712,30.0,29.999999999999893,True,59.99999904,True,2.856796868924926e-10,5.238689482212067e-10,8154571.246265114,/mnt/8tb_hdd2/joyce/Minxiong/Minxiong_new/hgn_extract_workspace/outputs_native/planH1/Minxiong.p01.hdf,1942.9008169452063,93353.75405603541,93304.264940464,7524.274531667286,-630.0006037305693,48.0231744856461,0.03429783019333147
H1,hdf_reconstructed,zone_3,reconstructed_velocity_area,minimum,cell_order,reconstructed_all_touching_faces,hdf_precipitation,True,True,1274,48,1799.9999712,30.0,29.999999999999893,True,59.99999904,True,2.856796868924926e-10,5.238689482212067e-10,396677.9291109489,/mnt/8tb_hdd2/joyce/Minxiong/Minxiong_new/hgn_extract_workspace/outputs_native/planH1/Minxiong.p01.hdf,1047.064823708368,30883.18097140216,30912.46126517012,3541.4504398838085,-100.75861780651142,29.522967981760758,-0.011474307674525891
H1,hgn_target,all,reconstructed_velocity_area,minimum,cell_order,native_bc_only,none,True,True,12715,48,1799.9999712,30.0,29.999999999999893,True,59.99999904,True,2.856796868924926e-10,5.238689482212067e-10,885680.6451091499,/mnt/8tb_hdd2/joyce/Minxiong/Minxiong_new/hgn_extract_workspace/outputs_native/planH1/Minxiong.p01.hdf,1942.9008169452072,53151.3910874418,53133.891387451586,6985.7324491772215,59.70895773168958,27.347711691733796,0.02649229570667936
H1,hgn_target,zone_3,reconstructed_velocity_area,minimum,cell_order,native_bc_only,none,True,True,1274,48,1799.9999712,30.0,29.999999999999893,True,59.99999904,True,2.856796868924926e-10,5.238689482212067e-10,356187.8432235085,/mnt/8tb_hdd2/joyce/Minxiong/Minxiong_new/hgn_extract_workspace/outputs_native/planH1/Minxiong.p01.hdf,1047.0648237083667,30911.9842330332,30941.722847459783,3541.8099424431684,-68.47553811788727,29.550914276610072,-0.011852634258571908
H1,hdf_reconstructed,all,reconstructed_velocity_area,minimum,cell_order,native_bc_only,none,True,True,12715,48,1799.9999712,30.0,29.999999999999893,True,59.99999904,True,2.856796868924926e-10,5.238689482212067e-10,885680.6451091521,/mnt/8tb_hdd2/joyce/Minxiong/Minxiong_new/hgn_extract_workspace/outputs_native/planH1/Minxiong.p01.hdf,1942.9008169452063,53151.3910874418,53133.891387451586,6985.73244917722,59.70895773168965,27.347711691733807,0.026492295706679284
H1,hdf_reconstructed,zone_3,reconstructed_velocity_area,minimum,cell_order,native_bc_only,none,True,True,1274,48,1799.9999712,30.0,29.999999999999893,True,59.99999904,True,2.856796868924926e-10,5.238689482212067e-10,356187.84322350926,/mnt/8tb_hdd2/joyce/Minxiong/Minxiong_new/hgn_extract_workspace/outputs_native/planH1/Minxiong.p01.hdf,1047.064823708368,30911.9842330332,30941.722847459783,3541.8099424431684,-68.47553811788715,29.550914276610033,-0.011852634258571842
H1,hgn_target,all,reconstructed_velocity_area,minimum,cell_order,native_bc_only,hdf_precipitation,True,True,12715,48,1799.9999712,30.0,29.999999999999893,True,59.99999904,True,2.856796868924926e-10,5.238689482212067e-10,1355.1673417825125,/mnt/8tb_hdd2/joyce/Minxiong/Minxiong_new/hgn_extract_workspace/outputs_native/planH1/Minxiong.p01.hdf,1942.9008169452072,53152.212302086424,53133.96141252278,6990.293282087967,0.07350285214319013,27.347747733239665,0.026645866854571383
H1,hgn_target,zone_3,reconstructed_velocity_area,minimum,cell_order,native_bc_only,hdf_precipitation,True,True,1274,48,1799.9999712,30.0,29.999999999999893,True,59.99999904,True,2.856796868924926e-10,5.238689482212067e-10,366961.12837138027,/mnt/8tb_hdd2/joyce/Minxiong/Minxiong_new/hgn_extract_workspace/outputs_native/planH1/Minxiong.p01.hdf,1047.0648237083667,30912.126789336035,30941.824416177573,3548.4040489086656,-82.8085532328693,29.551011279885792,-0.011847350898439371
H1,hdf_reconstructed,all,reconstructed_velocity_area,minimum,cell_order,native_bc_only,hdf_precipitation,True,True,12715,48,1799.9999712,30.0,29.999999999999893,True,59.99999904,True,2.856796868924926e-10,5.238689482212067e-10,1355.1673417810011,/mnt/8tb_hdd2/joyce/Minxiong/Minxiong_new/hgn_extract_workspace/outputs_native/planH1/Minxiong.p01.hdf,1942.9008169452063,53152.212302086424,53133.96141252279,6990.293282087968,0.0735028521432382,27.34774773323968,0.026645866854571407
H1,hdf_reconstructed,zone_3,reconstructed_velocity_area,minimum,cell_order,native_bc_only,hdf_precipitation,True,True,1274,48,1799.9999712,30.0,29.999999999999893,True,59.99999904,True,2.856796868924926e-10,5.238689482212067e-10,366961.12837138126,/mnt/8tb_hdd2/joyce/Minxiong/Minxiong_new/hgn_extract_workspace/outputs_native/planH1/Minxiong.p01.hdf,1047.064823708368,30912.126789336035,30941.824416177573,3548.4040489086656,-82.80855323286916,29.551011279885753,-0.011847350898439317
H1,hgn_target,all,reconstructed_velocity_area,minimum,negated,reconstructed_all_touching_faces,none,True,True,12715,48,1799.9999712,30.0,29.999999999999893,True,59.99999904,True,2.856796868924926e-10,5.238689482212067e-10,18344321.366144538,/mnt/8tb_hdd2/joyce/Minxiong/Minxiong_new/hgn_extract_workspace/outputs_native/planH1/Minxiong.p01.hdf,1942.9008169452072,93352.14125670993,93441.5843615369,7648.779668154985,1388.8541069463795,48.0938520106516,-0.034210632065092596
H1,hgn_target,zone_3,reconstructed_velocity_area,minimum,negated,reconstructed_all_touching_faces,none,True,True,1274,48,1799.9999712,30.0,29.999999999999893,True,59.99999904,True,2.856796868924926e-10,5.238689482212067e-10,432371.103314703,/mnt/8tb_hdd2/joyce/Minxiong/Minxiong_new/hgn_extract_workspace/outputs_native/planH1/Minxiong.p01.hdf,1047.0648237083667,30883.02294741325,30889.186996716766,3555.49343251943,239.12693471456035,29.50073987522301,0.011479597761240789
H1,hdf_reconstructed,all,reconstructed_velocity_area,minimum,negated,reconstructed_all_touching_faces,none,True,True,12715,48,1799.9999712,30.0,29.999999999999893,True,59.99999904,True,2.856796868924926e-10,5.238689482212067e-10,18344321.366144545,/mnt/8tb_hdd2/joyce/Minxiong/Minxiong_new/hgn_extract_workspace/outputs_native/planH1/Minxiong.p01.hdf,1942.9008169452063,93352.14125670993,93441.5843615369,7648.779668154985,1388.8541069463793,48.093852010651624,-0.0342106320650926
H1,hdf_reconstructed,zone_3,reconstructed_velocity_area,minimum,negated,reconstructed_all_touching_faces,none,True,True,1274,48,1799.9999712,30.0,29.999999999999893,True,59.99999904,True,2.856796868924926e-10,5.238689482212067e-10,432371.1033147037,/mnt/8tb_hdd2/joyce/Minxiong/Minxiong_new/hgn_extract_workspace/outputs_native/planH1/Minxiong.p01.hdf,1047.064823708368,30883.02294741325,30889.186996716766,3555.493432519431,239.12693471456043,29.500739875222973,0.011479597761240714
H1,hgn_target,all,reconstructed_velocity_area,minimum,negated,reconstructed_all_touching_faces,hdf_precipitation,True,True,12715,48,1799.9999712,30.0,29.999999999999893,True,59.99999904,True,2.856796868924926e-10,5.238689482212067e-10,17497654.630574223,/mnt/8tb_hdd2/joyce/Minxiong/Minxiong_new/hgn_extract_workspace/outputs_native/planH1/Minxiong.p01.hdf,1942.9008169452072,93350.59051632688,93439.60778955846,7658.722316115255,1329.2186520668338,48.09283468029629,-0.03412342336194556
H1,hgn_target,zone_3,reconstructed_velocity_area,minimum,negated,reconstructed_all_touching_faces,hdf_precipitation,True,True,1274,48,1799.9999712,30.0,29.999999999999893,True,59.99999904,True,2.856796868924926e-10,5.238689482212067e-10,413821.22728000913,/mnt/8tb_hdd2/joyce/Minxiong/Minxiong_new/hgn_extract_workspace/outputs_native/planH1/Minxiong.p01.hdf,1047.0648237083667,30882.874471493553,30888.997629990616,3563.4436262152844,224.79391959957835,29.500559020397347,0.011484886797847343
H1,hdf_reconstructed,all,reconstructed_velocity_area,minimum,negated,reconstructed_all_touching_faces,hdf_precipitation,True,True,12715,48,1799.9999712,30.0,29.999999999999893,True,59.99999904,True,2.856796868924926e-10,5.238689482212067e-10,17497654.630574238,/mnt/8tb_hdd2/joyce/Minxiong/Minxiong_new/hgn_extract_workspace/outputs_native/planH1/Minxiong.p01.hdf,1942.9008169452063,93350.59051632688,93439.60778955846,7658.722316115253,1329.218652066833,48.09283468029631,-0.034123423361945564
H1,hdf_reconstructed,zone_3,reconstructed_velocity_area,minimum,negated,reconstructed_all_touching_faces,hdf_precipitation,True,True,1274,48,1799.9999712,30.0,29.999999999999893,True,59.99999904,True,2.856796868924926e-10,5.238689482212067e-10,413821.2272800097,/mnt/8tb_hdd2/joyce/Minxiong/Minxiong_new/hgn_extract_workspace/outputs_native/planH1/Minxiong.p01.hdf,1047.064823708368,30882.874471493553,30888.997629990616,3563.4436262152844,224.79391959957846,29.500559020397308,0.011484886797847248
H1,hgn_target,all,reconstructed_velocity_area,minimum,negated,native_bc_only,none,True,True,12715,48,1799.9999712,30.0,29.999999999999893,True,59.99999904,True,2.856796868924926e-10,5.238689482212067e-10,885680.6451091482,/mnt/8tb_hdd2/joyce/Minxiong/Minxiong_new/hgn_extract_workspace/outputs_native/planH1/Minxiong.p01.hdf,1942.9008169452072,72308.67091313851,72344.15384453307,7571.090978039801,59.7089577316896,37.23512451771916,-0.005985120268389159
H1,hgn_target,zone_3,reconstructed_velocity_area,minimum,negated,native_bc_only,none,True,True,1274,48,1799.9999712,30.0,29.999999999999893,True,59.99999904,True,2.856796868924926e-10,5.238689482212067e-10,518064.9011761534,/mnt/8tb_hdd2/joyce/Minxiong/Minxiong_new/hgn_extract_workspace/outputs_native/planH1/Minxiong.p01.hdf,1047.0648237083667,31094.43473551104,31101.280969140327,3585.1517129355525,268.96572481850933,29.703300373504668,0.01077822819220193
H1,hdf_reconstructed,all,reconstructed_velocity_area,minimum,negated,native_bc_only,none,True,True,12715,48,1799.9999712,30.0,29.999999999999893,True,59.99999904,True,2.856796868924926e-10,5.238689482212067e-10,885680.6451091553,/mnt/8tb_hdd2/joyce/Minxiong/Minxiong_new/hgn_extract_workspace/outputs_native/planH1/Minxiong.p01.hdf,1942.9008169452063,72308.67091313851,72344.15384453305,7571.090978039801,59.70895773168963,37.235124517719164,-0.0059851202683891
H1,hdf_reconstructed,zone_3,reconstructed_velocity_area,minimum,negated,native_bc_only,none,True,True,1274,48,1799.9999712,30.0,29.999999999999893,True,59.99999904,True,2.856796868924926e-10,5.238689482212067e-10,518064.90117615426,/mnt/8tb_hdd2/joyce/Minxiong/Minxiong_new/hgn_extract_workspace/outputs_native/planH1/Minxiong.p01.hdf,1047.064823708368,31094.43473551104,31101.280969140327,3585.1517129355534,268.9657248185094,29.70330037350463,0.010778228192201757
H1,hgn_target,all,reconstructed_velocity_area,minimum,negated,native_bc_only,hdf_precipitation,True,True,12715,48,1799.9999712,30.0,29.999999999999893,True,59.99999904,True,2.856796868924926e-10,5.238689482212067e-10,1355.1673417780164,/mnt/8tb_hdd2/joyce/Minxiong/Minxiong_new/hgn_extract_workspace/outputs_native/planH1/Minxiong.p01.hdf,1942.9008169452072,72309.47584140883,72344.40646003163,7581.071307152136,0.07350285214320462,37.23525453747949,-0.005872051261036815
H1,hgn_target,zone_3,reconstructed_velocity_area,minimum,negated,native_bc_only,hdf_precipitation,True,True,1274,48,1799.9999712,30.0,29.999999999999893,True,59.99999904,True,2.856796868924926e-10,5.238689482212067e-10,499878.36363268655,/mnt/8tb_hdd2/joyce/Minxiong/Minxiong_new/hgn_extract_workspace/outputs_native/planH1/Minxiong.p01.hdf,1047.0648237083667,31094.262512251473,31101.068142382457,3593.0783111056726,254.63270970352724,29.703097113159128,0.010783483212286164
H1,hdf_reconstructed,all,reconstructed_velocity_area,minimum,negated,native_bc_only,hdf_precipitation,True,True,12715,48,1799.9999712,30.0,29.999999999999893,True,59.99999904,True,2.856796868924926e-10,5.238689482212067e-10,1355.1673417820577,/mnt/8tb_hdd2/joyce/Minxiong/Minxiong_new/hgn_extract_workspace/outputs_native/planH1/Minxiong.p01.hdf,1942.9008169452063,72309.47584140883,72344.40646003165,7581.071307152134,0.07350285214321836,37.23525453747951,-0.00587205126103675
H1,hdf_reconstructed,zone_3,reconstructed_velocity_area,minimum,negated,native_bc_only,hdf_precipitation,True,True,1274,48,1799.9999712,30.0,29.999999999999893,True,59.99999904,True,2.856796868924926e-10,5.238689482212067e-10,499878.3636326873,/mnt/8tb_hdd2/joyce/Minxiong/Minxiong_new/hgn_extract_workspace/outputs_native/planH1/Minxiong.p01.hdf,1047.064823708368,31094.262512251473,31101.068142382457,3593.0783111056726,254.63270970352744,29.70309711315909,0.010783483212285973
H1,hgn_target,all,reconstructed_velocity_area,maximum,cell_order,reconstructed_all_touching_faces,none,True,True,12715,48,1799.9999712,30.0,29.999999999999893,True,59.99999904,True,2.856796868924926e-10,5.238689482212067e-10,7344849.562693368,/mnt/8tb_hdd2/joyce/Minxiong/Minxiong_new/hgn_extract_workspace/outputs_native/planH1/Minxiong.p01.hdf,1942.9008169452072,104814.21692293842,104709.4680993795,13251.627057602424,-570.3651488510228,53.8933676830774,0.06259333576944567
H1,hgn_target,zone_3,reconstructed_velocity_area,maximum,cell_order,reconstructed_all_touching_faces,none,True,True,1274,48,1799.9999712,30.0,29.999999999999893,True,59.99999904,True,2.856796868924926e-10,5.238689482212067e-10,1227603.4061320159,/mnt/8tb_hdd2/joyce/Minxiong/Minxiong_new/hgn_extract_workspace/outputs_native/planH1/Minxiong.p01.hdf,1047.0648237083667,36472.212564809175,36467.70802224487,7379.15658354741,820.742283396838,34.82851032382884,0.02020231982169024
H1,hdf_reconstructed,all,reconstructed_velocity_area,maximum,cell_order,reconstructed_all_touching_faces,none,True,True,12715,48,1799.9999712,30.0,29.999999999999893,True,59.99999904,True,2.856796868924926e-10,5.238689482212067e-10,7344849.562693367,/mnt/8tb_hdd2/joyce/Minxiong/Minxiong_new/hgn_extract_workspace/outputs_native/planH1/Minxiong.p01.hdf,1942.9008169452063,104814.21692293842,104709.4680993795,13251.627057602424,-570.3651488510227,53.89336768307742,0.06259333576944573
H1,hdf_reconstructed,zone_3,reconstructed_velocity_area,maximum,cell_order,reconstructed_all_touching_faces,none,True,True,1274,48,1799.9999712,30.0,29.999999999999893,True,59.99999904,True,2.856796868924926e-10,5.238689482212067e-10,1227603.4061320166,/mnt/8tb_hdd2/joyce/Minxiong/Minxiong_new/hgn_extract_workspace/outputs_native/planH1/Minxiong.p01.hdf,1047.064823708368,36472.212564809175,36467.70802224487,7379.15658354741,820.7422833968385,34.828510323828795,0.020202319821690295
H1,hgn_target,all,reconstructed_velocity_area,maximum,cell_order,reconstructed_all_touching_faces,hdf_precipitation,True,True,12715,48,1799.9999712,30.0,29.999999999999893,True,59.99999904,True,2.856796868924926e-10,5.238689482212067e-10,8154571.246265114,/mnt/8tb_hdd2/joyce/Minxiong/Minxiong_new/hgn_extract_workspace/outputs_native/planH1/Minxiong.p01.hdf,1942.9008169452072,104815.88231849774,104710.75384137689,13238.811222554046,-630.0006037305693,53.89402944717064,0.06267066170334179
H1,hgn_target,zone_3,reconstructed_velocity_area,maximum,cell_order,reconstructed_all_touching_faces,hdf_precipitation,True,True,1274,48,1799.9999712,30.0,29.999999999999893,True,59.99999904,True,2.856796868924926e-10,5.238689482212067e-10,1207487.9368449077,/mnt/8tb_hdd2/joyce/Minxiong/Minxiong_new/hgn_extract_workspace/outputs_native/planH1/Minxiong.p01.hdf,1047.0648237083667,36471.8836567278,36467.3444126224,7375.402995274886,806.4092682818562,34.82816305820188,0.020206796912797653
H1,hdf_reconstructed,all,reconstructed_velocity_area,maximum,cell_order,reconstructed_all_touching_faces,hdf_precipitation,True,True,12715,48,1799.9999712,30.0,29.999999999999893,True,59.99999904,True,2.856796868924926e-10,5.238689482212067e-10,8154571.246265122,/mnt/8tb_hdd2/joyce/Minxiong/Minxiong_new/hgn_extract_workspace/outputs_native/planH1/Minxiong.p01.hdf,1942.9008169452063,104815.88231849774,104710.75384137689,13238.81122255405,-630.0006037305691,53.89402944717067,0.06267066170334186
H1,hdf_reconstructed,zone_3,reconstructed_velocity_area,maximum,cell_order,reconstructed_all_touching_faces,hdf_precipitation,True,True,1274,48,1799.9999712,30.0,29.999999999999893,True,59.99999904,True,2.856796868924926e-10,5.238689482212067e-10,1207487.9368449082,/mnt/8tb_hdd2/joyce/Minxiong/Minxiong_new/hgn_extract_workspace/outputs_native/planH1/Minxiong.p01.hdf,1047.064823708368,36471.8836567278,36467.3444126224,7375.402995274886,806.4092682818564,34.82816305820183,0.02020679691279767
H1,hgn_target,all,reconstructed_velocity_area,maximum,cell_order,native_bc_only,none,True,True,12715,48,1799.9999712,30.0,29.999999999999893,True,59.99999904,True,2.856796868924926e-10,5.238689482212067e-10,885680.6451091521,/mnt/8tb_hdd2/joyce/Minxiong/Minxiong_new/hgn_extract_workspace/outputs_native/planH1/Minxiong.p01.hdf,1942.9008169452072,71418.2712750494,71315.6352804809,12717.595011042033,59.70895773168958,36.705751862624346,0.06686039915915179
H1,hgn_target,zone_3,reconstructed_velocity_area,maximum,cell_order,native_bc_only,none,True,True,1274,48,1799.9999712,30.0,29.999999999999893,True,59.99999904,True,2.856796868924926e-10,5.238689482212067e-10,1266639.3459275598,/mnt/8tb_hdd2/joyce/Minxiong/Minxiong_new/hgn_extract_workspace/outputs_native/planH1/Minxiong.p01.hdf,1047.0648237083667,36496.73548435599,36492.61104718923,7386.112444756304,838.6923479704805,34.85229397540464,0.019863785512327484
H1,hdf_reconstructed,all,reconstructed_velocity_area,maximum,cell_order,native_bc_only,none,True,True,12715,48,1799.9999712,30.0,29.999999999999893,True,59.99999904,True,2.856796868924926e-10,5.238689482212067e-10,885680.645109156,/mnt/8tb_hdd2/joyce/Minxiong/Minxiong_new/hgn_extract_workspace/outputs_native/planH1/Minxiong.p01.hdf,1942.9008169452063,71418.2712750494,71315.6352804809,12717.595011042036,59.708957731689665,36.70575186262436,0.0668603991591518
H1,hdf_reconstructed,zone_3,reconstructed_velocity_area,maximum,cell_order,native_bc_only,none,True,True,1274,48,1799.9999712,30.0,29.999999999999893,True,59.99999904,True,2.856796868924926e-10,5.238689482212067e-10,1266639.3459275605,/mnt/8tb_hdd2/joyce/Minxiong/Minxiong_new/hgn_extract_workspace/outputs_native/planH1/Minxiong.p01.hdf,1047.064823708368,36496.73548435599,36492.61104718923,7386.112444756303,838.6923479704807,34.8522939754046,0.019863785512327425
H1,hgn_target,all,reconstructed_velocity_area,maximum,cell_order,native_bc_only,hdf_precipitation,True,True,12715,48,1799.9999712,30.0,29.999999999999893,True,59.99999904,True,2.856796868924926e-10,5.238689482212067e-10,1355.167341779798,/mnt/8tb_hdd2/joyce/Minxiong/Minxiong_new/hgn_extract_workspace/outputs_native/planH1/Minxiong.p01.hdf,1942.9008169452072,71419.21847714922,71316.0239691395,12704.771305701232,0.07350285214319548,36.70595191846621,0.06697424619278798
H1,hgn_target,zone_3,reconstructed_velocity_area,maximum,cell_order,native_bc_only,hdf_precipitation,True,True,1274,48,1799.9999712,30.0,29.999999999999893,True,59.99999904,True,2.856796868924926e-10,5.238689482212067e-10,1246458.4401310307,/mnt/8tb_hdd2/joyce/Minxiong/Minxiong_new/hgn_extract_workspace/outputs_native/planH1/Minxiong.p01.hdf,1047.0648237083667,36496.39382167893,36492.23470862434,7382.353738637504,824.3593328554986,34.851934552992226,0.019868262489086193
H1,hdf_reconstructed,all,reconstructed_velocity_area,maximum,cell_order,native_bc_only,hdf_precipitation,True,True,12715,48,1799.9999712,30.0,29.999999999999893,True,59.99999904,True,2.856796868924926e-10,5.238689482212067e-10,1355.1673417788109,/mnt/8tb_hdd2/joyce/Minxiong/Minxiong_new/hgn_extract_workspace/outputs_native/planH1/Minxiong.p01.hdf,1942.9008169452063,71419.21847714922,71316.02396913948,12704.771305701232,0.07350285214319853,36.70595191846622,0.06697424619278812
H1,hdf_reconstructed,zone_3,reconstructed_velocity_area,maximum,cell_order,native_bc_only,hdf_precipitation,True,True,1274,48,1799.9999712,30.0,29.999999999999893,True,59.99999904,True,2.856796868924926e-10,5.238689482212067e-10,1246458.4401310312,/mnt/8tb_hdd2/joyce/Minxiong/Minxiong_new/hgn_extract_workspace/outputs_native/planH1/Minxiong.p01.hdf,1047.064823708368,36496.39382167893,36492.23470862434,7382.353738637504,824.3593328554987,34.851934552992184,0.01986826248908614
H1,hgn_target,all,reconstructed_velocity_area,maximum,negated,reconstructed_all_touching_faces,none,True,True,12715,48,1799.9999712,30.0,29.999999999999893,True,59.99999904,True,2.856796868924926e-10,5.238689482212067e-10,18344321.366144557,/mnt/8tb_hdd2/joyce/Minxiong/Minxiong_new/hgn_extract_workspace/outputs_native/planH1/Minxiong.p01.hdf,1942.9008169452072,104814.21692293842,104954.83388511256,13432.657682460534,1388.8541069463797,54.01965605744683,-0.06259333576944567
H1,hgn_target,zone_3,reconstructed_velocity_area,maximum,negated,reconstructed_all_touching_faces,none,True,True,1274,48,1799.9999712,30.0,29.999999999999893,True,59.99999904,True,2.856796868924926e-10,5.238689482212067e-10,1026635.3705058687,/mnt/8tb_hdd2/joyce/Minxiong/Minxiong_new/hgn_extract_workspace/outputs_native/planH1/Minxiong.p01.hdf,1047.0648237083667,36472.212564809175,36506.76019369071,7413.272671271703,-668.0409513738075,34.86580712777219,-0.02020231982169024
H1,hdf_reconstructed,all,reconstructed_velocity_area,maximum,negated,reconstructed_all_touching_faces,none,True,True,12715,48,1799.9999712,30.0,29.999999999999893,True,59.99999904,True,2.856796868924926e-10,5.238689482212067e-10,18344321.36614455,/mnt/8tb_hdd2/joyce/Minxiong/Minxiong_new/hgn_extract_workspace/outputs_native/planH1/Minxiong.p01.hdf,1942.9008169452063,104814.21692293842,104954.83388511256,13432.657682460534,1388.85410694638,54.01965605744686,-0.06259333576944573
H1,hdf_reconstructed,zone_3,reconstructed_velocity_area,maximum,negated,reconstructed_all_touching_faces,none,True,True,1274,48,1799.9999712,30.0,29.999999999999893,True,59.99999904,True,2.856796868924926e-10,5.238689482212067e-10,1026635.3705058682,/mnt/8tb_hdd2/joyce/Minxiong/Minxiong_new/hgn_extract_workspace/outputs_native/planH1/Minxiong.p01.hdf,1047.064823708368,36472.212564809175,36506.760193690716,7413.272671271703,-668.0409513738074,34.86580712777216,-0.020202319821690295
H1,hgn_target,all,reconstructed_velocity_area,maximum,negated,reconstructed_all_touching_faces,hdf_precipitation,True,True,12715,48,1799.9999712,30.0,29.999999999999893,True,59.99999904,True,2.856796868924926e-10,5.238689482212067e-10,17497654.630574226,/mnt/8tb_hdd2/joyce/Minxiong/Minxiong_new/hgn_extract_workspace/outputs_native/planH1/Minxiong.p01.hdf,1942.9008169452072,104812.60679807875,104952.84547752637,13432.733872392733,1329.2186520668333,54.018632635371524,-0.06251599548731972
H1,hgn_target,zone_3,reconstructed_velocity_area,maximum,negated,reconstructed_all_touching_faces,hdf_precipitation,True,True,1274,48,1799.9999712,30.0,29.999999999999893,True,59.99999904,True,2.856796868924926e-10,5.238689482212067e-10,1047277.7572797865,/mnt/8tb_hdd2/joyce/Minxiong/Minxiong_new/hgn_extract_workspace/outputs_native/planH1/Minxiong.p01.hdf,1047.0648237083667,36472.54955536914,36507.06224214335,7416.611203197286,-682.3739664887896,34.86609559936039,-0.02019784138130289
H1,hdf_reconstructed,all,reconstructed_velocity_area,maximum,negated,reconstructed_all_touching_faces,hdf_precipitation,True,True,12715,48,1799.9999712,30.0,29.999999999999893,True,59.99999904,True,2.856796868924926e-10,5.238689482212067e-10,17497654.630574226,/mnt/8tb_hdd2/joyce/Minxiong/Minxiong_new/hgn_extract_workspace/outputs_native/planH1/Minxiong.p01.hdf,1942.9008169452063,104812.60679807875,104952.84547752637,13432.733872392735,1329.218652066833,54.01863263537155,-0.0625159954873198
H1,hdf_reconstructed,zone_3,reconstructed_velocity_area,maximum,negated,reconstructed_all_touching_faces,hdf_precipitation,True,True,1274,48,1799.9999712,30.0,29.999999999999893,True,59.99999904,True,2.856796868924926e-10,5.238689482212067e-10,1047277.757279786,/mnt/8tb_hdd2/joyce/Minxiong/Minxiong_new/hgn_extract_workspace/outputs_native/planH1/Minxiong.p01.hdf,1047.064823708368,36472.54955536914,36507.06224214335,7416.611203197286,-682.3739664887894,34.86609559936035,-0.020197841381302924
H1,hgn_target,all,reconstructed_velocity_area,maximum,negated,native_bc_only,none,True,True,12715,48,1799.9999712,30.0,29.999999999999893,True,59.99999904,True,2.856796868924926e-10,5.238689482212067e-10,885680.6451091515,/mnt/8tb_hdd2/joyce/Minxiong/Minxiong_new/hgn_extract_workspace/outputs_native/planH1/Minxiong.p01.hdf,1942.9008169452072,86643.29299608192,86746.65759188126,13355.434536827339,59.70895773168958,44.64801128050977,-0.04385483097030076
H1,hgn_target,zone_3,reconstructed_velocity_area,maximum,negated,native_bc_only,none,True,True,1274,48,1799.9999712,30.0,29.999999999999893,True,59.99999904,True,2.856796868924926e-10,5.238689482212067e-10,972025.8305302983,/mnt/8tb_hdd2/joyce/Minxiong/Minxiong_new/hgn_extract_workspace/outputs_native/planH1/Minxiong.p01.hdf,1047.0648237083667,36651.41212401439,36686.404847083846,7442.9080295403965,-638.2021612698587,35.03737688097706,-0.020632133280578547
H1,hdf_reconstructed,all,reconstructed_velocity_area,maximum,negated,native_bc_only,none,True,True,12715,48,1799.9999712,30.0,29.999999999999893,True,59.99999904,True,2.856796868924926e-10,5.238689482212067e-10,885680.6451091499,/mnt/8tb_hdd2/joyce/Minxiong/Minxiong_new/hgn_extract_workspace/outputs_native/planH1/Minxiong.p01.hdf,1942.9008169452063,86643.29299608192,86746.65759188126,13355.434536827335,59.708957731689615,44.64801128050979,-0.04385483097030072
H1,hdf_reconstructed,zone_3,reconstructed_velocity_area,maximum,negated,native_bc_only,none,True,True,1274,48,1799.9999712,30.0,29.999999999999893,True,59.99999904,True,2.856796868924926e-10,5.238689482212067e-10,972025.830530298,/mnt/8tb_hdd2/joyce/Minxiong/Minxiong_new/hgn_extract_workspace/outputs_native/planH1/Minxiong.p01.hdf,1047.064823708368,36651.41212401439,36686.404847083846,7442.9080295403965,-638.2021612698585,35.037376880977014,-0.02063213328057865
H1,hgn_target,all,reconstructed_velocity_area,maximum,negated,native_bc_only,hdf_precipitation,True,True,12715,48,1799.9999712,30.0,29.999999999999893,True,59.99999904,True,2.856796868924926e-10,5.238689482212067e-10,1355.1673417793063,/mnt/8tb_hdd2/joyce/Minxiong/Minxiong_new/hgn_extract_workspace/outputs_native/planH1/Minxiong.p01.hdf,1942.9008169452072,86643.68777092345,86746.59161051542,13355.549769457391,0.07350285214321378,44.64797732027605,-0.04376043473368035
H1,hgn_target,zone_3,reconstructed_velocity_area,maximum,negated,native_bc_only,hdf_precipitation,True,True,1274,48,1799.9999712,30.0,29.999999999999893,True,59.99999904,True,2.856796868924926e-10,5.238689482212067e-10,992385.3241401992,/mnt/8tb_hdd2/joyce/Minxiong/Minxiong_new/hgn_extract_workspace/outputs_native/planH1/Minxiong.p01.hdf,1047.0648237083667,36651.72646395882,36686.68443351759,7446.235341381597,-652.5351763848406,35.03764390019823,-0.02062768169982082
H1,hdf_reconstructed,all,reconstructed_velocity_area,maximum,negated,native_bc_only,hdf_precipitation,True,True,12715,48,1799.9999712,30.0,29.999999999999893,True,59.99999904,True,2.856796868924926e-10,5.238689482212067e-10,1355.167341778008,/mnt/8tb_hdd2/joyce/Minxiong/Minxiong_new/hgn_extract_workspace/outputs_native/planH1/Minxiong.p01.hdf,1942.9008169452063,86643.68777092345,86746.5916105154,13355.549769457388,0.07350285214324277,44.64797732027606,-0.04376043473368045
H1,hdf_reconstructed,zone_3,reconstructed_velocity_area,maximum,negated,native_bc_only,hdf_precipitation,True,True,1274,48,1799.9999712,30.0,29.999999999999893,True,59.99999904,True,2.856796868924926e-10,5.238689482212067e-10,992385.3241401989,/mnt/8tb_hdd2/joyce/Minxiong/Minxiong_new/hgn_extract_workspace/outputs_native/planH1/Minxiong.p01.hdf,1047.064823708368,36651.72646395882,36686.68443351759,7446.235341381597,-652.5351763848405,35.037643900198184,-0.020627681699820922
H1,hgn_target,all,native_face_flow,native,cell_order,reconstructed_all_touching_faces,none,True,True,12715,48,1799.9999712,30.0,29.999999999999893,True,59.99999904,True,2.856796868924926e-10,5.238689482212067e-10,885695.9535387822,/mnt/8tb_hdd2/joyce/Minxiong/Minxiong_new/hgn_extract_workspace/outputs_native/planH1/Minxiong.p01.hdf,1942.9008169452072,1927.2718783251578,141.46040739297578,61.574398454855604,59.726161820329615,0.07280886711211115,0.9977182207589834
H1,hgn_target,zone_3,native_face_flow,native,cell_order,reconstructed_all_touching_faces,none,True,True,1274,48,1799.9999712,30.0,29.999999999999893,True,59.99999904,True,2.856796868924926e-10,5.238689482212067e-10,21840.324747758274,/mnt/8tb_hdd2/joyce/Minxiong/Minxiong_new/hgn_extract_workspace/outputs_native/planH1/Minxiong.p01.hdf,1047.0648237083667,1051.9517483338864,92.47473553254561,17.25084882836593,14.60850126344992,0.08831806153608508,0.9962139574006363
H1,hdf_reconstructed,all,native_face_flow,native,cell_order,reconstructed_all_touching_faces,none,True,True,12715,48,1799.9999712,30.0,29.999999999999893,True,59.99999904,True,2.856796868924926e-10,5.238689482212067e-10,885695.953538785,/mnt/8tb_hdd2/joyce/Minxiong/Minxiong_new/hgn_extract_workspace/outputs_native/planH1/Minxiong.p01.hdf,1942.9008169452063,1927.2718783251578,141.4604073929754,61.57439845485559,59.7261618203297,0.07280886711211099,0.9977182207589824
H1,hdf_reconstructed,zone_3,native_face_flow,native,cell_order,reconstructed_all_touching_faces,none,True,True,1274,48,1799.9999712,30.0,29.999999999999893,True,59.99999904,True,2.856796868924926e-10,5.238689482212067e-10,21840.32474775818,/mnt/8tb_hdd2/joyce/Minxiong/Minxiong_new/hgn_extract_workspace/outputs_native/planH1/Minxiong.p01.hdf,1047.064823708368,1051.9517483338864,92.47473553254527,17.25084882836595,14.608501263450064,0.08831806153608464,0.9962139574006366
H1,hgn_target,all,native_face_flow,native,cell_order,reconstructed_all_touching_faces,hdf_precipitation,True,True,12715,48,1799.9999712,30.0,29.999999999999893,True,59.99999904,True,2.856796868924926e-10,5.238689482212067e-10,2173.0103256931266,/mnt/8tb_hdd2/joyce/Minxiong/Minxiong_new/hgn_extract_workspace/outputs_native/planH1/Minxiong.p01.hdf,1942.9008169452072,1946.3873729812817,119.16919759556251,2.904182257070497,0.09070694078323559,0.061335708213314966,0.9980371234746823
H1,hgn_target,zone_3,native_face_flow,native,cell_order,reconstructed_all_touching_faces,hdf_precipitation,True,True,1274,48,1799.9999712,30.0,29.999999999999893,True,59.99999904,True,2.856796868924926e-10,5.238689482212067e-10,1561.6509530194792,/mnt/8tb_hdd2/joyce/Minxiong/Minxiong_new/hgn_extract_workspace/outputs_native/planH1/Minxiong.p01.hdf,1047.0648237083667,1053.0048890647731,90.7766938047927,3.161880773848645,0.27548614846788283,0.0866963455837346,0.9962595947667456
H1,hdf_reconstructed,all,native_face_flow,native,cell_order,reconstructed_all_touching_faces,hdf_precipitation,True,True,12715,48,1799.9999712,30.0,29.999999999999893,True,59.99999904,True,2.856796868924926e-10,5.238689482212067e-10,2173.0103256923007,/mnt/8tb_hdd2/joyce/Minxiong/Minxiong_new/hgn_extract_workspace/outputs_native/planH1/Minxiong.p01.hdf,1942.9008169452063,1946.3873729812817,119.16919759556194,2.90418225707002,0.09070694078328805,0.0613357082133147,0.9980371234746824
H1,hdf_reconstructed,zone_3,native_face_flow,native,cell_order,reconstructed_all_touching_faces,hdf_precipitation,True,True,1274,48,1799.9999712,30.0,29.999999999999893,True,59.99999904,True,2.856796868924926e-10,5.238689482212067e-10,1561.6509530155006,/mnt/8tb_hdd2/joyce/Minxiong/Minxiong_new/hgn_extract_workspace/outputs_native/planH1/Minxiong.p01.hdf,1047.064823708368,1053.0048890647731,90.77669380479233,3.1618807738488477,0.2754861484680253,0.08669634558373412,0.9962595947667456
H1,hgn_target,all,native_face_flow,native,cell_order,native_bc_only,none,True,True,12715,48,1799.9999712,30.0,29.999999999999893,True,59.99999904,True,2.856796868924926e-10,5.238689482212067e-10,885680.6451091507,/mnt/8tb_hdd2/joyce/Minxiong/Minxiong_new/hgn_extract_workspace/outputs_native/planH1/Minxiong.p01.hdf,1942.9008169452072,1927.7314834037538,141.7503866244149,61.58947186239929,59.708957731689594,0.07295811777324115,0.9977066045566658
H1,hgn_target,zone_3,native_face_flow,native,cell_order,native_bc_only,none,True,True,1274,48,1799.9999712,30.0,29.999999999999893,True,59.99999904,True,2.856796868924926e-10,5.238689482212067e-10,21840.324747758274,/mnt/8tb_hdd2/joyce/Minxiong/Minxiong_new/hgn_extract_workspace/outputs_native/planH1/Minxiong.p01.hdf,1047.0648237083667,1051.9517483338864,92.47473553254561,17.250848828365932,14.60850126344992,0.08831806153608508,0.9962139574006363
H1,hdf_reconstructed,all,native_face_flow,native,cell_order,native_bc_only,none,True,True,12715,48,1799.9999712,30.0,29.999999999999893,True,59.99999904,True,2.856796868924926e-10,5.238689482212067e-10,885680.6451091532,/mnt/8tb_hdd2/joyce/Minxiong/Minxiong_new/hgn_extract_workspace/outputs_native/planH1/Minxiong.p01.hdf,1942.9008169452063,1927.7314834037538,141.75038662441446,61.589471862399286,59.708957731689665,0.07295811777324097,0.997706604556665
H1,hdf_reconstructed,zone_3,native_face_flow,native,cell_order,native_bc_only,none,True,True,1274,48,1799.9999712,30.0,29.999999999999893,True,59.99999904,True,2.856796868924926e-10,5.238689482212067e-10,21840.324747758175,/mnt/8tb_hdd2/joyce/Minxiong/Minxiong_new/hgn_extract_workspace/outputs_native/planH1/Minxiong.p01.hdf,1047.064823708368,1051.9517483338864,92.47473553254527,17.25084882836595,14.608501263450064,0.08831806153608464,0.9962139574006366
H1,hgn_target,all,native_face_flow,native,cell_order,native_bc_only,hdf_precipitation,True,True,12715,48,1799.9999712,30.0,29.999999999999893,True,59.99999904,True,2.856796868924926e-10,5.238689482212067e-10,1355.167341781585,/mnt/8tb_hdd2/joyce/Minxiong/Minxiong_new/hgn_extract_workspace/outputs_native/planH1/Minxiong.p01.hdf,1942.9008169452072,1946.8425209873908,119.51418160395927,2.9193222406082584,0.07350285214320258,0.061513269520298806,0.9980266982985516
H1,hgn_target,zone_3,native_face_flow,native,cell_order,native_bc_only,hdf_precipitation,True,True,1274,48,1799.9999712,30.0,29.999999999999893,True,59.99999904,True,2.856796868924926e-10,5.238689482212067e-10,1561.6509530194787,/mnt/8tb_hdd2/joyce/Minxiong/Minxiong_new/hgn_extract_workspace/outputs_native/planH1/Minxiong.p01.hdf,1047.0648237083667,1053.0048890647731,90.7766938047927,3.161880773848646,0.275486148467882,0.0866963455837346,0.9962595947667456
H1,hdf_reconstructed,all,native_face_flow,native,cell_order,native_bc_only,hdf_precipitation,True,True,12715,48,1799.9999712,30.0,29.999999999999893,True,59.99999904,True,2.856796868924926e-10,5.238689482212067e-10,1355.1673417816835,/mnt/8tb_hdd2/joyce/Minxiong/Minxiong_new/hgn_extract_workspace/outputs_native/planH1/Minxiong.p01.hdf,1942.9008169452063,1946.8425209873908,119.5141816039587,2.9193222406077823,0.07350285214325505,0.06151326952029854,0.9980266982985512
H1,hdf_reconstructed,zone_3,native_face_flow,native,cell_order,native_bc_only,hdf_precipitation,True,True,1274,48,1799.9999712,30.0,29.999999999999893,True,59.99999904,True,2.856796868924926e-10,5.238689482212067e-10,1561.6509530155,/mnt/8tb_hdd2/joyce/Minxiong/Minxiong_new/hgn_extract_workspace/outputs_native/planH1/Minxiong.p01.hdf,1047.064823708368,1053.0048890647731,90.77669380479233,3.1618807738488477,0.2754861484680245,0.08669634558373412,0.9962595947667456
H1,hgn_target,all,native_face_flow,native,negated,reconstructed_all_touching_faces,none,True,True,12715,48,1799.9999712,30.0,29.999999999999893,True,59.99999904,True,2.856796868924926e-10,5.238689482212067e-10,10287766.579453783,/mnt/8tb_hdd2/joyce/Minxiong/Minxiong_new/hgn_extract_workspace/outputs_native/planH1/Minxiong.p01.hdf,1942.9008169452072,1927.2718783251578,3867.618118180605,826.5882317340076,758.7627962750271,1.9906410478850902,-0.9977182207589834
H1,hgn_target,zone_3,native_face_flow,native,negated,reconstructed_all_touching_faces,none,True,True,1274,48,1799.9999712,30.0,29.999999999999893,True,59.99999904,True,2.856796868924926e-10,5.238689482212067e-10,349170.39349024225,/mnt/8tb_hdd2/joyce/Minxiong/Minxiong_new/hgn_extract_workspace/outputs_native/planH1/Minxiong.p01.hdf,1047.0648237083667,1051.9517483338864,2096.984233376229,162.08120402643638,138.0928307595809,2.002726274338379,-0.9962139574006363
H1,hdf_reconstructed,all,native_face_flow,native,negated,reconstructed_all_touching_faces,none,True,True,12715,48,1799.9999712,30.0,29.999999999999893,True,59.99999904,True,2.856796868924926e-10,5.238689482212067e-10,10287766.579453873,/mnt/8tb_hdd2/joyce/Minxiong/Minxiong_new/hgn_extract_workspace/outputs_native/planH1/Minxiong.p01.hdf,1942.9008169452063,1927.2718783251578,3867.6181181806037,826.588231734007,758.7627962750271,1.9906410478850904,-0.9977182207589824
H1,hdf_reconstructed,zone_3,native_face_flow,native,negated,reconstructed_all_touching_faces,none,True,True,1274,48,1799.9999712,30.0,29.999999999999893,True,59.99999904,True,2.856796868924926e-10,5.238689482212067e-10,349170.39349024376,/mnt/8tb_hdd2/joyce/Minxiong/Minxiong_new/hgn_extract_workspace/outputs_native/planH1/Minxiong.p01.hdf,1047.064823708368,1051.9517483338864,2096.9842333762313,162.0812040264358,138.09283075958098,2.0027262743383787,-0.9962139574006366
H1,hgn_target,all,native_face_flow,native,negated,reconstructed_all_touching_faces,hdf_precipitation,True,True,12715,48,1799.9999712,30.0,29.999999999999893,True,59.99999904,True,2.856796868924926e-10,5.238689482212067e-10,9424786.580700483,/mnt/8tb_hdd2/joyce/Minxiong/Minxiong_new/hgn_extract_workspace/outputs_native/planH1/Minxiong.p01.hdf,1942.9008169452072,1911.00017177115,3849.1762767744276,842.6105936185363,699.1273413954804,1.9811491370035181,-0.9967866110914994
H1,hgn_target,zone_3,native_face_flow,native,negated,reconstructed_all_touching_faces,hdf_precipitation,True,True,1274,48,1799.9999712,30.0,29.999999999999893,True,59.99999904,True,2.856796868924926e-10,5.238689482212067e-10,340913.5323213488,/mnt/8tb_hdd2/joyce/Minxiong/Minxiong_new/hgn_extract_workspace/outputs_native/planH1/Minxiong.p01.hdf,1047.0648237083667,1051.1781289339394,2095.9932893045125,171.27715869483293,123.7598156445988,2.001779872502238,-0.9960875021723822
H1,hdf_reconstructed,all,native_face_flow,native,negated,reconstructed_all_touching_faces,hdf_precipitation,True,True,12715,48,1799.9999712,30.0,29.999999999999893,True,59.99999904,True,2.856796868924926e-10,5.238689482212067e-10,9424786.58070049,/mnt/8tb_hdd2/joyce/Minxiong/Minxiong_new/hgn_extract_workspace/outputs_native/planH1/Minxiong.p01.hdf,1942.9008169452063,1911.00017177115,3849.176276774429,842.6105936185361,699.1273413954809,1.9811491370035197,-0.9967866110914982
H1,hdf_reconstructed,zone_3,native_face_flow,native,negated,reconstructed_all_touching_faces,hdf_precipitation,True,True,1274,48,1799.9999712,30.0,29.999999999999893,True,59.99999904,True,2.856796868924926e-10,5.238689482212067e-10,340913.53232135007,/mnt/8tb_hdd2/joyce/Minxiong/Minxiong_new/hgn_extract_workspace/outputs_native/planH1/Minxiong.p01.hdf,1047.064823708368,1051.1781289339394,2095.9932893045143,171.27715869483296,123.75981564459897,2.001779872502237,-0.9960875021723825
H1,hgn_target,all,native_face_flow,native,negated,native_bc_only,none,True,True,12715,48,1799.9999712,30.0,29.999999999999893,True,59.99999904,True,2.856796868924926e-10,5.238689482212067e-10,885680.6451091692,/mnt/8tb_hdd2/joyce/Minxiong/Minxiong_new/hgn_extract_workspace/outputs_native/planH1/Minxiong.p01.hdf,1942.9008169452072,69305.24186223408,69355.49978756538,1742.7902259483885,59.70895773168956,35.69688127292671,-0.01321892551572038
H1,hgn_target,zone_3,native_face_flow,native,negated,native_bc_only,none,True,True,1274,48,1799.9999712,30.0,29.999999999999893,True,59.99999904,True,2.856796868924926e-10,5.238689482212067e-10,442452.1805589375,/mnt/8tb_hdd2/joyce/Minxiong/Minxiong_new/hgn_extract_workspace/outputs_native/planH1/Minxiong.p01.hdf,1047.0648237083667,5223.968073316587,5536.528089093216,209.85845507510302,185.88168543717202,5.287665064980996,-0.20628901767848712
H1,hdf_reconstructed,all,native_face_flow,native,negated,native_bc_only,none,True,True,12715,48,1799.9999712,30.0,29.999999999999893,True,59.99999904,True,2.856796868924926e-10,5.238689482212067e-10,885680.6451092808,/mnt/8tb_hdd2/joyce/Minxiong/Minxiong_new/hgn_extract_workspace/outputs_native/planH1/Minxiong.p01.hdf,1942.9008169452063,69305.24186223408,69355.49978756538,1742.7902259483885,59.70895773168969,35.69688127292673,-0.013218925515720306
H1,hdf_reconstructed,zone_3,native_face_flow,native,negated,native_bc_only,none,True,True,1274,48,1799.9999712,30.0,29.999999999999893,True,59.99999904,True,2.856796868924926e-10,5.238689482212067e-10,442452.1805589393,/mnt/8tb_hdd2/joyce/Minxiong/Minxiong_new/hgn_extract_workspace/outputs_native/planH1/Minxiong.p01.hdf,1047.064823708368,5223.968073316587,5536.528089093217,209.85845507510254,185.88168543717225,5.28766506498099,-0.20628901767848798
H1,hgn_target,all,native_face_flow,native,negated,native_bc_only,hdf_precipitation,True,True,12715,48,1799.9999712,30.0,29.999999999999893,True,59.99999904,True,2.856796868924926e-10,5.238689482212067e-10,1355.1673417857628,/mnt/8tb_hdd2/joyce/Minxiong/Minxiong_new/hgn_extract_workspace/outputs_native/planH1/Minxiong.p01.hdf,1942.9008169452072,69306.17726987941,69355.8588174225,1758.8532886960293,0.0735028521431741,35.69706606355215,-0.013100882971595207
H1,hgn_target,zone_3,native_face_flow,native,negated,native_bc_only,hdf_precipitation,True,True,1274,48,1799.9999712,30.0,29.999999999999893,True,59.99999904,True,2.856796868924926e-10,5.238689482212067e-10,430716.0547107155,/mnt/8tb_hdd2/joyce/Minxiong/Minxiong_new/hgn_extract_workspace/outputs_native/planH1/Minxiong.p01.hdf,1047.0648237083667,5223.574321478011,5535.928247199955,219.03168157396811,171.54867032219002,5.287092185556839,-0.20626237014560797
H1,hdf_reconstructed,all,native_face_flow,native,negated,native_bc_only,hdf_precipitation,True,True,12715,48,1799.9999712,30.0,29.999999999999893,True,59.99999904,True,2.856796868924926e-10,5.238689482212067e-10,1355.167341821581,/mnt/8tb_hdd2/joyce/Minxiong/Minxiong_new/hgn_extract_workspace/outputs_native/planH1/Minxiong.p01.hdf,1942.9008169452063,69306.17726987941,69355.8588174225,1758.8532886960288,0.0735028521432321,35.697066063552164,-0.013100882971595148
H1,hdf_reconstructed,zone_3,native_face_flow,native,negated,native_bc_only,hdf_precipitation,True,True,1274,48,1799.9999712,30.0,29.999999999999893,True,59.99999904,True,2.856796868924926e-10,5.238689482212067e-10,430716.0547107172,/mnt/8tb_hdd2/joyce/Minxiong/Minxiong_new/hgn_extract_workspace/outputs_native/planH1/Minxiong.p01.hdf,1047.064823708368,5223.574321478011,5535.928247199956,219.03168157396826,171.5486703221902,5.287092185556833,-0.20626237014560872
H1,hgn_target,all,native_cell_flow_balance,native,cell_order,reconstructed_all_touching_faces,none,True,True,12715,48,1799.9999712,30.0,29.999999999999893,True,59.99999904,True,2.856796868924926e-10,5.238689482212067e-10,885695.9378676781,/mnt/8tb_hdd2/joyce/Minxiong/Minxiong_new/hgn_extract_workspace/outputs_native/planH1/Minxiong.p01.hdf,1942.9008169452072,1927.2718781836218,141.46040378805841,61.57439740264021,59.726161354127626,0.07280886525668068,0.9977182208928871
H1,hgn_target,zone_3,native_cell_flow_balance,native,cell_order,reconstructed_all_touching_faces,none,True,True,1274,48,1799.9999712,30.0,29.999999999999893,True,59.99999904,True,2.856796868924926e-10,5.238689482212067e-10,21840.331791135177,/mnt/8tb_hdd2/joyce/Minxiong/Minxiong_new/hgn_extract_workspace/outputs_native/planH1/Minxiong.p01.hdf,1047.0648237083667,1051.9517391363354,92.47473105258356,17.250851301901534,14.608504807099854,0.08831805725749417,0.9962139577450264
H1,hdf_reconstructed,all,native_cell_flow_balance,native,cell_order,reconstructed_all_touching_faces,none,True,True,12715,48,1799.9999712,30.0,29.999999999999893,True,59.99999904,True,2.856796868924926e-10,5.238689482212067e-10,885695.9378676784,/mnt/8tb_hdd2/joyce/Minxiong/Minxiong_new/hgn_extract_workspace/outputs_native/planH1/Minxiong.p01.hdf,1942.9008169452063,1927.2718781836218,141.460403788058,61.574397402640194,59.726161354127676,0.0728088652566805,0.9977182208928864
H1,hdf_reconstructed,zone_3,native_cell_flow_balance,native,cell_order,reconstructed_all_touching_faces,none,True,True,1274,48,1799.9999712,30.0,29.999999999999893,True,59.99999904,True,2.856796868924926e-10,5.238689482212067e-10,21840.331791135082,/mnt/8tb_hdd2/joyce/Minxiong/Minxiong_new/hgn_extract_workspace/outputs_native/planH1/Minxiong.p01.hdf,1047.064823708368,1051.9517391363354,92.47473105258322,17.25085130190155,14.608504807099996,0.08831805725749373,0.9962139577450273
H1,hgn_target,all,native_cell_flow_balance,native,cell_order,reconstructed_all_touching_faces,hdf_precipitation,True,True,12715,48,1799.9999712,30.0,29.999999999999893,True,59.99999904,True,2.856796868924926e-10,5.238689482212067e-10,2173.01466664347,/mnt/8tb_hdd2/joyce/Minxiong/Minxiong_new/hgn_extract_workspace/outputs_native/planH1/Minxiong.p01.hdf,1942.9008169452072,1946.3873729116922,119.16919446873055,2.9041808034942322,0.09070647458123357,0.06133570660395234,0.9980371235774209
H1,hgn_target,zone_3,native_cell_flow_balance,native,cell_order,reconstructed_all_touching_faces,hdf_precipitation,True,True,1274,48,1799.9999712,30.0,29.999999999999893,True,59.99999904,True,2.856796868924926e-10,5.238689482212067e-10,1561.6547496627327,/mnt/8tb_hdd2/joyce/Minxiong/Minxiong_new/hgn_extract_workspace/outputs_native/planH1/Minxiong.p01.hdf,1047.0648237083667,1053.0048797929871,90.77668827320558,3.1618796702278953,0.2754896921178162,0.0866963403007884,0.996259595144031
H1,hdf_reconstructed,all,native_cell_flow_balance,native,cell_order,reconstructed_all_touching_faces,hdf_precipitation,True,True,12715,48,1799.9999712,30.0,29.999999999999893,True,59.99999904,True,2.856796868924926e-10,5.238689482212067e-10,2173.0146666426444,/mnt/8tb_hdd2/joyce/Minxiong/Minxiong_new/hgn_extract_workspace/outputs_native/planH1/Minxiong.p01.hdf,1942.9008169452063,1946.3873729116922,119.16919446873001,2.904180803493762,0.09070647458128611,0.06133570660395209,0.9980371235774201
H1,hdf_reconstructed,zone_3,native_cell_flow_balance,native,cell_order,reconstructed_all_touching_faces,hdf_precipitation,True,True,1274,48,1799.9999712,30.0,29.999999999999893,True,59.99999904,True,2.856796868924926e-10,5.238689482212067e-10,1561.6547496587543,/mnt/8tb_hdd2/joyce/Minxiong/Minxiong_new/hgn_extract_workspace/outputs_native/planH1/Minxiong.p01.hdf,1047.064823708368,1053.0048797929871,90.77668827320522,3.161879670228151,0.27548969211795876,0.08669634030078795,0.996259595144031
H1,hgn_target,all,native_cell_flow_balance,native,negated,reconstructed_all_touching_faces,none,True,True,12715,48,1799.9999712,30.0,29.999999999999893,True,59.99999904,True,2.856796868924926e-10,5.238689482212067e-10,10287766.590987803,/mnt/8tb_hdd2/joyce/Minxiong/Minxiong_new/hgn_extract_workspace/outputs_native/planH1/Minxiong.p01.hdf,1942.9008169452072,1927.2718781836218,3867.618118171399,826.5882320321722,758.7627967412292,1.990641047880352,-0.9977182208928871
H1,hgn_target,zone_3,native_cell_flow_balance,native,negated,reconstructed_all_touching_faces,none,True,True,1274,48,1799.9999712,30.0,29.999999999999893,True,59.99999904,True,2.856796868924926e-10,5.238689482212067e-10,349170.39228295354,/mnt/8tb_hdd2/joyce/Minxiong/Minxiong_new/hgn_extract_workspace/outputs_native/planH1/Minxiong.p01.hdf,1047.0648237083667,1051.9517391363354,2096.9842243458916,162.08120104279308,138.09282721593092,2.002726265713949,-0.9962139577450264
H1,hdf_reconstructed,all,native_cell_flow_balance,native,negated,reconstructed_all_touching_faces,none,True,True,12715,48,1799.9999712,30.0,29.999999999999893,True,59.99999904,True,2.856796868924926e-10,5.238689482212067e-10,10287766.590987887,/mnt/8tb_hdd2/joyce/Minxiong/Minxiong_new/hgn_extract_workspace/outputs_native/planH1/Minxiong.p01.hdf,1942.9008169452063,1927.2718781836218,3867.6181181713982,826.588232032172,758.7627967412294,1.9906410478803525,-0.9977182208928864
H1,hdf_reconstructed,zone_3,native_cell_flow_balance,native,negated,reconstructed_all_touching_faces,none,True,True,1274,48,1799.9999712,30.0,29.999999999999893,True,59.99999904,True,2.856796868924926e-10,5.238689482212067e-10,349170.3922829548,/mnt/8tb_hdd2/joyce/Minxiong/Minxiong_new/hgn_extract_workspace/outputs_native/planH1/Minxiong.p01.hdf,1047.064823708368,1051.9517391363354,2096.9842243458925,162.08120104279251,138.09282721593107,2.0027262657139473,-0.9962139577450273
H1,hgn_target,all,native_cell_flow_balance,native,negated,reconstructed_all_touching_faces,hdf_precipitation,True,True,12715,48,1799.9999712,30.0,29.999999999999893,True,59.99999904,True,2.856796868924926e-10,5.238689482212067e-10,9424786.591816923,/mnt/8tb_hdd2/joyce/Minxiong/Minxiong_new/hgn_extract_workspace/outputs_native/planH1/Minxiong.p01.hdf,1942.9008169452072,1911.0001715565447,3849.1762767295013,842.6105936339965,699.1273418616827,1.9811491369803949,-0.9967866112567583
H1,hgn_target,zone_3,native_cell_flow_balance,native,negated,reconstructed_all_touching_faces,hdf_precipitation,True,True,1274,48,1799.9999712,30.0,29.999999999999893,True,59.99999904,True,2.856796868924926e-10,5.238689482212067e-10,340913.53151865595,/mnt/8tb_hdd2/joyce/Minxiong/Minxiong_new/hgn_extract_workspace/outputs_native/planH1/Minxiong.p01.hdf,1047.0648237083667,1051.1781198131978,2095.9932803118213,171.27715618655364,123.75981210094886,2.001779863913762,-0.9960875024824599
H1,hdf_reconstructed,all,native_cell_flow_balance,native,negated,reconstructed_all_touching_faces,hdf_precipitation,True,True,12715,48,1799.9999712,30.0,29.999999999999893,True,59.99999904,True,2.856796868924926e-10,5.238689482212067e-10,9424786.591816932,/mnt/8tb_hdd2/joyce/Minxiong/Minxiong_new/hgn_extract_workspace/outputs_native/planH1/Minxiong.p01.hdf,1942.9008169452063,1911.0001715565447,3849.176276729501,842.6105936339964,699.1273418616828,1.9811491369803955,-0.9967866112567584
H1,hdf_reconstructed,zone_3,native_cell_flow_balance,native,negated,reconstructed_all_touching_faces,hdf_precipitation,True,True,1274,48,1799.9999712,30.0,29.999999999999893,True,59.99999904,True,2.856796868924926e-10,5.238689482212067e-10,340913.5315186571,/mnt/8tb_hdd2/joyce/Minxiong/Minxiong_new/hgn_extract_workspace/outputs_native/planH1/Minxiong.p01.hdf,1047.064823708368,1051.1781198131978,2095.9932803118227,171.2771561865537,123.75981210094903,2.0017798639137605,-0.9960875024824606
MEAN,hgn_target,all,reconstructed_velocity_area,mean,cell_order,reconstructed_all_touching_faces,none,True,True,12715,48,1799.9999712,30.0,29.999999999999893,True,59.99999904,True,2.856796868924926e-10,5.238689482212067e-10,7344849.5626933705,,1942.9008169452072,93861.44328225567,93802.03315610842,7722.727346133813,-570.365148851023,48.279372955121765,0.03961064476459944
MEAN,hgn_target,zone_3,reconstructed_velocity_area,mean,cell_order,reconstructed_all_touching_faces,none,True,True,1274,48,1799.9999712,30.0,29.999999999999893,True,59.99999904,True,2.856796868924926e-10,5.238689482212067e-10,449883.3341116121,,1047.0648237083667,31414.32960305864,31431.354872469197,3636.6529635860134,-154.65509024841992,30.018537688191504,-0.00013557410575322544
MEAN,hdf_reconstructed,all,reconstructed_velocity_area,mean,cell_order,reconstructed_all_touching_faces,none,True,True,12715,48,1799.9999712,30.0,29.999999999999893,True,59.99999904,True,2.856796868924926e-10,5.238689482212067e-10,7344849.562693372,,1942.9008169452063,93861.44328225567,93802.03315610842,7722.727346133811,-570.3651488510229,48.27937295512179,0.039610644764599565
MEAN,hdf_reconstructed,zone_3,reconstructed_velocity_area,mean,cell_order,reconstructed_all_touching_faces,none,True,True,1274,48,1799.9999712,30.0,29.999999999999893,True,59.99999904,True,2.856796868924926e-10,5.238689482212067e-10,449883.3341116123,,1047.064823708368,31414.32960305864,31431.354872469197,3636.6529635860134,-154.6550902484198,30.018537688191465,-0.00013557410575304406
MEAN,hgn_target,all,reconstructed_velocity_area,mean,cell_order,reconstructed_all_touching_faces,hdf_precipitation,True,True,12715,48,1799.9999712,30.0,29.999999999999893,True,59.99999904,True,2.856796868924926e-10,5.238689482212067e-10,8154571.246265116,,1942.9008169452072,93863.07356690426,93803.23881378361,7721.17091495257,-630.0006037305692,48.27999350026986,0.039697305130060194
MEAN,hgn_target,zone_3,reconstructed_velocity_area,mean,cell_order,reconstructed_all_touching_faces,hdf_precipitation,True,True,1274,48,1799.9999712,30.0,29.999999999999893,True,59.99999904,True,2.856796868924926e-10,5.238689482212067e-10,465220.4987647241,,1047.0648237083667,31414.524638530213,31431.50958815315,3641.871802220665,-168.98810536340198,30.01868544951482,-0.00013040197498733624
MEAN,hdf_reconstructed,all,reconstructed_velocity_area,mean,cell_order,reconstructed_all_touching_faces,hdf_precipitation,True,True,12715,48,1799.9999712,30.0,29.999999999999893,True,59.99999904,True,2.856796868924926e-10,5.238689482212067e-10,8154571.246265114,,1942.9008169452063,93863.07356690426,93803.23881378362,7721.170914952567,-630.0006037305691,48.27999350026989,0.03969730513006018
MEAN,hdf_reconstructed,zone_3,reconstructed_velocity_area,mean,cell_order,reconstructed_all_touching_faces,hdf_precipitation,True,True,1274,48,1799.9999712,30.0,29.999999999999893,True,59.99999904,True,2.856796868924926e-10,5.238689482212067e-10,465220.49876472465,,1047.064823708368,31414.524638530213,31431.50958815315,3641.871802220665,-168.98810536340187,30.01868544951478,-0.0001304019749871426
MEAN,hgn_target,all,reconstructed_velocity_area,mean,cell_order,native_bc_only,none,True,True,12715,48,1799.9999712,30.0,29.999999999999893,True,59.99999904,True,2.856796868924926e-10,5.238689482212067e-10,885680.645109151,,1942.9008169452072,54060.18978958644,54024.55675277226,7188.727810129319,59.708957731689594,27.80613208949813,0.035744643135123336
MEAN,hgn_target,zone_3,reconstructed_velocity_area,mean,cell_order,native_bc_only,none,True,True,1274,48,1799.9999712,30.0,29.999999999999893,True,59.99999904,True,2.856796868924926e-10,5.238689482212067e-10,425347.62475099746,,1047.0648237083667,31442.79884427222,31460.246103203997,3643.6093916141585,-136.7050256747776,30.046130278526526,-0.000512800729761877
MEAN,hdf_reconstructed,all,reconstructed_velocity_area,mean,cell_order,native_bc_only,none,True,True,12715,48,1799.9999712,30.0,29.999999999999893,True,59.99999904,True,2.856796868924926e-10,5.238689482212067e-10,885680.6451091521,,1942.9008169452063,54060.18978958644,54024.55675277226,7188.727810129319,59.70895773168965,27.806132089498142,0.03574464313512336
MEAN,hdf_reconstructed,zone_3,reconstructed_velocity_area,mean,cell_order,native_bc_only,none,True,True,1274,48,1799.9999712,30.0,29.999999999999893,True,59.99999904,True,2.856796868924926e-10,5.238689482212067e-10,425347.62475099805,,1047.064823708368,31442.79884427222,31460.246103204,3643.6093916141594,-136.7050256747775,30.04613027852649,-0.0005128007297617194
MEAN,hgn_target,all,reconstructed_velocity_area,mean,cell_order,native_bc_only,hdf_precipitation,True,True,12715,48,1799.9999712,30.0,29.999999999999893,True,59.99999904,True,2.856796868924926e-10,5.238689482212067e-10,1355.1673417822751,,1942.9008169452072,54061.042751855464,54024.67120680538,7187.163288109017,0.07350285214321531,27.806190998338007,0.035895538989942286
MEAN,hgn_target,zone_3,reconstructed_velocity_area,mean,cell_order,native_bc_only,hdf_precipitation,True,True,1274,48,1799.9999712,30.0,29.999999999999893,True,59.99999904,True,2.856796868924926e-10,5.238689482212067e-10,439570.3760308184,,1047.0648237083667,31442.978642160353,31460.385624146485,3648.823783073912,-151.0380407897597,30.04626352810127,-0.0005076323791667394
MEAN,hdf_reconstructed,all,reconstructed_velocity_area,mean,cell_order,native_bc_only,hdf_precipitation,True,True,12715,48,1799.9999712,30.0,29.999999999999893,True,59.99999904,True,2.856796868924926e-10,5.238689482212067e-10,1355.167341780526,,1942.9008169452063,54061.042751855464,54024.67120680538,7187.163288109019,0.0735028521432504,27.80619099833802,0.0358955389899423
MEAN,hdf_reconstructed,zone_3,reconstructed_velocity_area,mean,cell_order,native_bc_only,hdf_precipitation,True,True,1274,48,1799.9999712,30.0,29.999999999999893,True,59.99999904,True,2.856796868924926e-10,5.238689482212067e-10,439570.37603081914,,1047.064823708368,31442.978642160353,31460.385624146485,3648.8237830739126,-151.03804078975955,30.046263528101232,-0.0005076323791665958
MEAN,hgn_target,all,reconstructed_velocity_area,mean,negated,reconstructed_all_touching_faces,none,True,True,12715,48,1799.9999712,30.0,29.999999999999893,True,59.99999904,True,2.856796868924926e-10,5.238689482212067e-10,18344321.366144553,,1942.9008169452072,93861.44328225567,93960.9992124685,7873.642274342345,1388.8541069463797,48.36119188019176,-0.03961064476459944
MEAN,hgn_target,zone_3,reconstructed_velocity_area,mean,negated,reconstructed_all_touching_faces,none,True,True,1274,48,1799.9999712,30.0,29.999999999999893,True,59.99999904,True,2.856796868924926e-10,5.238689482212067e-10,532353.6485745177,,1047.0648237083667,31414.32960305864,31432.19415170081,3660.263714650525,307.3564222714507,30.019339242414897,0.00013557410575322544
MEAN,hdf_reconstructed,all,reconstructed_velocity_area,mean,negated,reconstructed_all_touching_faces,none,True,True,12715,48,1799.9999712,30.0,29.999999999999893,True,59.99999904,True,2.856796868924926e-10,5.238689482212067e-10,18344321.366144553,,1942.9008169452063,93861.44328225567,93960.99921246851,7873.642274342344,1388.8541069463795,48.36119188019179,-0.039610644764599565
MEAN,hdf_reconstructed,zone_3,reconstructed_velocity_area,mean,negated,reconstructed_all_touching_faces,none,True,True,1274,48,1799.9999712,30.0,29.999999999999893,True,59.99999904,True,2.856796868924926e-10,5.238689482212067e-10,532353.6485745183,,1047.064823708368,31414.32960305864,31432.19415170081,3660.2637146505253,307.35642227145087,30.01933924241486,0.00013557410575304406
MEAN,hgn_target,all,reconstructed_velocity_area,mean,negated,reconstructed_all_touching_faces,hdf_precipitation,True,True,12715,48,1799.9999712,30.0,29.999999999999893,True,59.99999904,True,2.856796868924926e-10,5.238689482212067e-10,17497654.630574223,,1942.9008169452072,93859.87471921301,93959.00735758038,7881.5940074114405,1329.218652066833,48.360166683809766,-0.039523972529056824
MEAN,hgn_target,zone_3,reconstructed_velocity_area,mean,negated,reconstructed_all_touching_faces,hdf_precipitation,True,True,1274,48,1799.9999712,30.0,29.999999999999893,True,59.99999904,True,2.856796868924926e-10,5.238689482212067e-10,513023.21661829576,,1047.0648237083667,31414.143953765295,31431.96839436486,3667.313461110143,293.0234071564687,30.019123632711622,0.00014074625220175386
MEAN,hdf_reconstructed,all,reconstructed_velocity_area,mean,negated,reconstructed_all_touching_faces,hdf_precipitation,True,True,12715,48,1799.9999712,30.0,29.999999999999893,True,59.99999904,True,2.856796868924926e-10,5.238689482212067e-10,17497654.630574238,,1942.9008169452063,93859.87471921301,93959.00735758038,7881.59400741144,1329.2186520668326,48.36016668380979,-0.039523972529056886
MEAN,hdf_reconstructed,zone_3,reconstructed_velocity_area,mean,negated,reconstructed_all_touching_faces,hdf_precipitation,True,True,1274,48,1799.9999712,30.0,29.999999999999893,True,59.99999904,True,2.856796868924926e-10,5.238689482212067e-10,513023.2166182962,,1047.064823708368,31414.143953765295,31431.96839436486,3667.3134611101427,293.0234071564688,30.019123632711583,0.00014074625220155936
MEAN,hgn_target,all,reconstructed_velocity_area,mean,negated,native_bc_only,none,True,True,12715,48,1799.9999712,30.0,29.999999999999893,True,59.99999904,True,2.856796868924926e-10,5.238689482212067e-10,885680.645109151,,1942.9008169452072,72989.64178069495,73038.42783581108,7796.182401093075,59.708957731689615,37.592463392263255,-0.01311188635314053
MEAN,hgn_target,zone_3,reconstructed_velocity_area,mean,negated,native_bc_only,none,True,True,1274,48,1799.9999712,30.0,29.999999999999893,True,59.99999904,True,2.856796868924926e-10,5.238689482212067e-10,605870.6714264828,,1047.0648237083667,31622.198411250447,31640.65733504711,3689.9357282464143,337.1952123753997,30.218432153021897,-0.0004783011450908753
MEAN,hdf_reconstructed,all,reconstructed_velocity_area,mean,negated,native_bc_only,none,True,True,12715,48,1799.9999712,30.0,29.999999999999893,True,59.99999904,True,2.856796868924926e-10,5.238689482212067e-10,885680.645109152,,1942.9008169452063,72989.64178069495,73038.42783581108,7796.182401093074,59.708957731689615,37.59246339226328,-0.013111886353140471
MEAN,hdf_reconstructed,zone_3,reconstructed_velocity_area,mean,negated,native_bc_only,none,True,True,1274,48,1799.9999712,30.0,29.999999999999893,True,59.99999904,True,2.856796868924926e-10,5.238689482212067e-10,605870.6714264838,,1047.064823708368,31622.198411250447,31640.65733504711,3689.935728246415,337.1952123753998,30.21843215302186,-0.0004783011450911301
MEAN,hgn_target,all,reconstructed_velocity_area,mean,negated,native_bc_only,hdf_precipitation,True,True,12715,48,1799.9999712,30.0,29.999999999999893,True,59.99999904,True,2.856796868924926e-10,5.238689482212067e-10,1355.1673417801726,,1942.9008169452072,72990.40546025851,73038.6443332831,7804.172157716428,0.07350285214320768,37.59257482228075,-0.012999831042440764
MEAN,hgn_target,zone_3,reconstructed_velocity_area,mean,negated,native_bc_only,hdf_precipitation,True,True,1274,48,1799.9999712,30.0,29.999999999999893,True,59.99999904,True,2.856796868924926e-10,5.238689482212067e-10,586562.5146265607,,1047.0648237083667,31621.989638652558,31640.40873560714,3696.9643105807877,322.86219726041764,30.21819472795103,-0.00047316473715537666
MEAN,hdf_reconstructed,all,reconstructed_velocity_area,mean,negated,native_bc_only,hdf_precipitation,True,True,12715,48,1799.9999712,30.0,29.999999999999893,True,59.99999904,True,2.856796868924926e-10,5.238689482212067e-10,1355.1673417805764,,1942.9008169452063,72990.40546025851,73038.6443332831,7804.172157716426,0.0735028521432504,37.59257482228077,-0.012999831042440709
MEAN,hdf_reconstructed,zone_3,reconstructed_velocity_area,mean,negated,native_bc_only,hdf_precipitation,True,True,1274,48,1799.9999712,30.0,29.999999999999893,True,59.99999904,True,2.856796868924926e-10,5.238689482212067e-10,586562.5146265613,,1047.064823708368,31621.989638652558,31640.40873560714,3696.9643105807877,322.86219726041776,30.21819472795099,-0.00047316473715563605
MEAN,hgn_target,all,reconstructed_velocity_area,minimum,cell_order,reconstructed_all_touching_faces,none,True,True,12715,48,1799.9999712,30.0,29.999999999999893,True,59.99999904,True,2.856796868924926e-10,5.238689482212067e-10,7344849.5626933705,,1942.9008169452072,93352.14125670993,93303.07922893114,7519.705357496462,-570.365148851023,48.02256420666399,0.034210632065092596
MEAN,hgn_target,zone_3,reconstructed_velocity_area,minimum,cell_order,reconstructed_all_touching_faces,none,True,True,1274,48,1799.9999712,30.0,29.999999999999893,True,59.99999904,True,2.856796868924926e-10,5.238689482212067e-10,384485.50663374807,,1047.0648237083667,30883.02294741325,30912.344280446694,3534.8512275741004,-86.42560269152959,29.522856255417995,-0.011479597761240789
MEAN,hdf_reconstructed,all,reconstructed_velocity_area,minimum,cell_order,reconstructed_all_touching_faces,none,True,True,12715,48,1799.9999712,30.0,29.999999999999893,True,59.99999904,True,2.856796868924926e-10,5.238689482212067e-10,7344849.5626933705,,1942.9008169452063,93352.14125670993,93303.07922893114,7519.705357496462,-570.365148851023,48.022564206664015,0.0342106320650926
MEAN,hdf_reconstructed,zone_3,reconstructed_velocity_area,minimum,cell_order,reconstructed_all_touching_faces,none,True,True,1274,48,1799.9999712,30.0,29.999999999999893,True,59.99999904,True,2.856796868924926e-10,5.238689482212067e-10,384485.5066337485,,1047.064823708368,30883.02294741325,30912.344280446694,3534.8512275741004,-86.42560269152942,29.522856255417956,-0.011479597761240714
MEAN,hgn_target,all,reconstructed_velocity_area,minimum,cell_order,reconstructed_all_touching_faces,hdf_precipitation,True,True,12715,48,1799.9999712,30.0,29.999999999999893,True,59.99999904,True,2.856796868924926e-10,5.238689482212067e-10,8154571.24626512,,1942.9008169452072,93353.75405603541,93304.264940464,7524.2745316672845,-630.0006037305693,48.02317448564608,0.034297830193331394
MEAN,hgn_target,zone_3,reconstructed_velocity_area,minimum,cell_order,reconstructed_all_touching_faces,hdf_precipitation,True,True,1274,48,1799.9999712,30.0,29.999999999999893,True,59.99999904,True,2.856796868924926e-10,5.238689482212067e-10,396677.92911094823,,1047.0648237083667,30883.18097140216,30912.46126517012,3541.4504398838085,-100.7586178065116,29.522967981760793,-0.011474307674525975
MEAN,hdf_reconstructed,all,reconstructed_velocity_area,minimum,cell_order,reconstructed_all_touching_faces,hdf_precipitation,True,True,12715,48,1799.9999712,30.0,29.999999999999893,True,59.99999904,True,2.856796868924926e-10,5.238689482212067e-10,8154571.246265114,,1942.9008169452063,93353.75405603541,93304.264940464,7524.274531667286,-630.0006037305693,48.0231744856461,0.03429783019333147
MEAN,hdf_reconstructed,zone_3,reconstructed_velocity_area,minimum,cell_order,reconstructed_all_touching_faces,hdf_precipitation,True,True,1274,48,1799.9999712,30.0,29.999999999999893,True,59.99999904,True,2.856796868924926e-10,5.238689482212067e-10,396677.9291109489,,1047.064823708368,30883.18097140216,30912.46126517012,3541.4504398838085,-100.75861780651142,29.522967981760758,-0.011474307674525891
MEAN,hgn_target,all,reconstructed_velocity_area,minimum,cell_order,native_bc_only,none,True,True,12715,48,1799.9999712,30.0,29.999999999999893,True,59.99999904,True,2.856796868924926e-10,5.238689482212067e-10,885680.6451091499,,1942.9008169452072,53151.3910874418,53133.891387451586,6985.7324491772215,59.70895773168958,27.347711691733796,0.02649229570667936
MEAN,hgn_target,zone_3,reconstructed_velocity_area,minimum,cell_order,native_bc_only,none,True,True,1274,48,1799.9999712,30.0,29.999999999999893,True,59.99999904,True,2.856796868924926e-10,5.238689482212067e-10,356187.8432235085,,1047.0648237083667,30911.9842330332,30941.722847459783,3541.8099424431684,-68.47553811788727,29.550914276610072,-0.011852634258571908
MEAN,hdf_reconstructed,all,reconstructed_velocity_area,minimum,cell_order,native_bc_only,none,True,True,12715,48,1799.9999712,30.0,29.999999999999893,True,59.99999904,True,2.856796868924926e-10,5.238689482212067e-10,885680.6451091521,,1942.9008169452063,53151.3910874418,53133.891387451586,6985.73244917722,59.70895773168965,27.347711691733807,0.026492295706679284
MEAN,hdf_reconstructed,zone_3,reconstructed_velocity_area,minimum,cell_order,native_bc_only,none,True,True,1274,48,1799.9999712,30.0,29.999999999999893,True,59.99999904,True,2.856796868924926e-10,5.238689482212067e-10,356187.84322350926,,1047.064823708368,30911.9842330332,30941.722847459783,3541.8099424431684,-68.47553811788715,29.550914276610033,-0.011852634258571842
MEAN,hgn_target,all,reconstructed_velocity_area,minimum,cell_order,native_bc_only,hdf_precipitation,True,True,12715,48,1799.9999712,30.0,29.999999999999893,True,59.99999904,True,2.856796868924926e-10,5.238689482212067e-10,1355.1673417825125,,1942.9008169452072,53152.212302086424,53133.96141252278,6990.293282087967,0.07350285214319013,27.347747733239665,0.026645866854571383
MEAN,hgn_target,zone_3,reconstructed_velocity_area,minimum,cell_order,native_bc_only,hdf_precipitation,True,True,1274,48,1799.9999712,30.0,29.999999999999893,True,59.99999904,True,2.856796868924926e-10,5.238689482212067e-10,366961.12837138027,,1047.0648237083667,30912.126789336035,30941.824416177573,3548.4040489086656,-82.8085532328693,29.551011279885792,-0.011847350898439371
MEAN,hdf_reconstructed,all,reconstructed_velocity_area,minimum,cell_order,native_bc_only,hdf_precipitation,True,True,12715,48,1799.9999712,30.0,29.999999999999893,True,59.99999904,True,2.856796868924926e-10,5.238689482212067e-10,1355.1673417810011,,1942.9008169452063,53152.212302086424,53133.96141252279,6990.293282087968,0.0735028521432382,27.34774773323968,0.026645866854571407
MEAN,hdf_reconstructed,zone_3,reconstructed_velocity_area,minimum,cell_order,native_bc_only,hdf_precipitation,True,True,1274,48,1799.9999712,30.0,29.999999999999893,True,59.99999904,True,2.856796868924926e-10,5.238689482212067e-10,366961.12837138126,,1047.064823708368,30912.126789336035,30941.824416177573,3548.4040489086656,-82.80855323286916,29.551011279885753,-0.011847350898439317
MEAN,hgn_target,all,reconstructed_velocity_area,minimum,negated,reconstructed_all_touching_faces,none,True,True,12715,48,1799.9999712,30.0,29.999999999999893,True,59.99999904,True,2.856796868924926e-10,5.238689482212067e-10,18344321.366144538,,1942.9008169452072,93352.14125670993,93441.5843615369,7648.779668154985,1388.8541069463795,48.0938520106516,-0.034210632065092596
MEAN,hgn_target,zone_3,reconstructed_velocity_area,minimum,negated,reconstructed_all_touching_faces,none,True,True,1274,48,1799.9999712,30.0,29.999999999999893,True,59.99999904,True,2.856796868924926e-10,5.238689482212067e-10,432371.103314703,,1047.0648237083667,30883.02294741325,30889.186996716766,3555.49343251943,239.12693471456035,29.50073987522301,0.011479597761240789
MEAN,hdf_reconstructed,all,reconstructed_velocity_area,minimum,negated,reconstructed_all_touching_faces,none,True,True,12715,48,1799.9999712,30.0,29.999999999999893,True,59.99999904,True,2.856796868924926e-10,5.238689482212067e-10,18344321.366144545,,1942.9008169452063,93352.14125670993,93441.5843615369,7648.779668154985,1388.8541069463793,48.093852010651624,-0.0342106320650926
MEAN,hdf_reconstructed,zone_3,reconstructed_velocity_area,minimum,negated,reconstructed_all_touching_faces,none,True,True,1274,48,1799.9999712,30.0,29.999999999999893,True,59.99999904,True,2.856796868924926e-10,5.238689482212067e-10,432371.1033147037,,1047.064823708368,30883.02294741325,30889.186996716766,3555.493432519431,239.12693471456043,29.500739875222973,0.011479597761240714
MEAN,hgn_target,all,reconstructed_velocity_area,minimum,negated,reconstructed_all_touching_faces,hdf_precipitation,True,True,12715,48,1799.9999712,30.0,29.999999999999893,True,59.99999904,True,2.856796868924926e-10,5.238689482212067e-10,17497654.630574223,,1942.9008169452072,93350.59051632688,93439.60778955846,7658.722316115255,1329.2186520668338,48.09283468029629,-0.03412342336194556
MEAN,hgn_target,zone_3,reconstructed_velocity_area,minimum,negated,reconstructed_all_touching_faces,hdf_precipitation,True,True,1274,48,1799.9999712,30.0,29.999999999999893,True,59.99999904,True,2.856796868924926e-10,5.238689482212067e-10,413821.22728000913,,1047.0648237083667,30882.874471493553,30888.997629990616,3563.4436262152844,224.79391959957835,29.500559020397347,0.011484886797847343
MEAN,hdf_reconstructed,all,reconstructed_velocity_area,minimum,negated,reconstructed_all_touching_faces,hdf_precipitation,True,True,12715,48,1799.9999712,30.0,29.999999999999893,True,59.99999904,True,2.856796868924926e-10,5.238689482212067e-10,17497654.630574238,,1942.9008169452063,93350.59051632688,93439.60778955846,7658.722316115253,1329.218652066833,48.09283468029631,-0.034123423361945564
MEAN,hdf_reconstructed,zone_3,reconstructed_velocity_area,minimum,negated,reconstructed_all_touching_faces,hdf_precipitation,True,True,1274,48,1799.9999712,30.0,29.999999999999893,True,59.99999904,True,2.856796868924926e-10,5.238689482212067e-10,413821.2272800097,,1047.064823708368,30882.874471493553,30888.997629990616,3563.4436262152844,224.79391959957846,29.500559020397308,0.011484886797847248
MEAN,hgn_target,all,reconstructed_velocity_area,minimum,negated,native_bc_only,none,True,True,12715,48,1799.9999712,30.0,29.999999999999893,True,59.99999904,True,2.856796868924926e-10,5.238689482212067e-10,885680.6451091482,,1942.9008169452072,72308.67091313851,72344.15384453307,7571.090978039801,59.7089577316896,37.23512451771916,-0.005985120268389159
MEAN,hgn_target,zone_3,reconstructed_velocity_area,minimum,negated,native_bc_only,none,True,True,1274,48,1799.9999712,30.0,29.999999999999893,True,59.99999904,True,2.856796868924926e-10,5.238689482212067e-10,518064.9011761534,,1047.0648237083667,31094.43473551104,31101.280969140327,3585.1517129355525,268.96572481850933,29.703300373504668,0.01077822819220193
MEAN,hdf_reconstructed,all,reconstructed_velocity_area,minimum,negated,native_bc_only,none,True,True,12715,48,1799.9999712,30.0,29.999999999999893,True,59.99999904,True,2.856796868924926e-10,5.238689482212067e-10,885680.6451091553,,1942.9008169452063,72308.67091313851,72344.15384453305,7571.090978039801,59.70895773168963,37.235124517719164,-0.0059851202683891
MEAN,hdf_reconstructed,zone_3,reconstructed_velocity_area,minimum,negated,native_bc_only,none,True,True,1274,48,1799.9999712,30.0,29.999999999999893,True,59.99999904,True,2.856796868924926e-10,5.238689482212067e-10,518064.90117615426,,1047.064823708368,31094.43473551104,31101.280969140327,3585.1517129355534,268.9657248185094,29.70330037350463,0.010778228192201757
MEAN,hgn_target,all,reconstructed_velocity_area,minimum,negated,native_bc_only,hdf_precipitation,True,True,12715,48,1799.9999712,30.0,29.999999999999893,True,59.99999904,True,2.856796868924926e-10,5.238689482212067e-10,1355.1673417780164,,1942.9008169452072,72309.47584140883,72344.40646003163,7581.071307152136,0.07350285214320462,37.23525453747949,-0.005872051261036815
MEAN,hgn_target,zone_3,reconstructed_velocity_area,minimum,negated,native_bc_only,hdf_precipitation,True,True,1274,48,1799.9999712,30.0,29.999999999999893,True,59.99999904,True,2.856796868924926e-10,5.238689482212067e-10,499878.36363268655,,1047.0648237083667,31094.262512251473,31101.068142382457,3593.0783111056726,254.63270970352724,29.703097113159128,0.010783483212286164
MEAN,hdf_reconstructed,all,reconstructed_velocity_area,minimum,negated,native_bc_only,hdf_precipitation,True,True,12715,48,1799.9999712,30.0,29.999999999999893,True,59.99999904,True,2.856796868924926e-10,5.238689482212067e-10,1355.1673417820577,,1942.9008169452063,72309.47584140883,72344.40646003165,7581.071307152134,0.07350285214321836,37.23525453747951,-0.00587205126103675
MEAN,hdf_reconstructed,zone_3,reconstructed_velocity_area,minimum,negated,native_bc_only,hdf_precipitation,True,True,1274,48,1799.9999712,30.0,29.999999999999893,True,59.99999904,True,2.856796868924926e-10,5.238689482212067e-10,499878.3636326873,,1047.064823708368,31094.262512251473,31101.068142382457,3593.0783111056726,254.63270970352744,29.70309711315909,0.010783483212285973
MEAN,hgn_target,all,reconstructed_velocity_area,maximum,cell_order,reconstructed_all_touching_faces,none,True,True,12715,48,1799.9999712,30.0,29.999999999999893,True,59.99999904,True,2.856796868924926e-10,5.238689482212067e-10,7344849.562693368,,1942.9008169452072,104814.21692293842,104709.4680993795,13251.627057602424,-570.3651488510228,53.8933676830774,0.06259333576944567
MEAN,hgn_target,zone_3,reconstructed_velocity_area,maximum,cell_order,reconstructed_all_touching_faces,none,True,True,1274,48,1799.9999712,30.0,29.999999999999893,True,59.99999904,True,2.856796868924926e-10,5.238689482212067e-10,1227603.4061320159,,1047.0648237083667,36472.212564809175,36467.70802224487,7379.15658354741,820.742283396838,34.82851032382884,0.02020231982169024
MEAN,hdf_reconstructed,all,reconstructed_velocity_area,maximum,cell_order,reconstructed_all_touching_faces,none,True,True,12715,48,1799.9999712,30.0,29.999999999999893,True,59.99999904,True,2.856796868924926e-10,5.238689482212067e-10,7344849.562693367,,1942.9008169452063,104814.21692293842,104709.4680993795,13251.627057602424,-570.3651488510227,53.89336768307742,0.06259333576944573
MEAN,hdf_reconstructed,zone_3,reconstructed_velocity_area,maximum,cell_order,reconstructed_all_touching_faces,none,True,True,1274,48,1799.9999712,30.0,29.999999999999893,True,59.99999904,True,2.856796868924926e-10,5.238689482212067e-10,1227603.4061320166,,1047.064823708368,36472.212564809175,36467.70802224487,7379.15658354741,820.7422833968385,34.828510323828795,0.020202319821690295
MEAN,hgn_target,all,reconstructed_velocity_area,maximum,cell_order,reconstructed_all_touching_faces,hdf_precipitation,True,True,12715,48,1799.9999712,30.0,29.999999999999893,True,59.99999904,True,2.856796868924926e-10,5.238689482212067e-10,8154571.246265114,,1942.9008169452072,104815.88231849774,104710.75384137689,13238.811222554046,-630.0006037305693,53.89402944717064,0.06267066170334179
MEAN,hgn_target,zone_3,reconstructed_velocity_area,maximum,cell_order,reconstructed_all_touching_faces,hdf_precipitation,True,True,1274,48,1799.9999712,30.0,29.999999999999893,True,59.99999904,True,2.856796868924926e-10,5.238689482212067e-10,1207487.9368449077,,1047.0648237083667,36471.8836567278,36467.3444126224,7375.402995274886,806.4092682818562,34.82816305820188,0.020206796912797653
MEAN,hdf_reconstructed,all,reconstructed_velocity_area,maximum,cell_order,reconstructed_all_touching_faces,hdf_precipitation,True,True,12715,48,1799.9999712,30.0,29.999999999999893,True,59.99999904,True,2.856796868924926e-10,5.238689482212067e-10,8154571.246265122,,1942.9008169452063,104815.88231849774,104710.75384137689,13238.81122255405,-630.0006037305691,53.89402944717067,0.06267066170334186
MEAN,hdf_reconstructed,zone_3,reconstructed_velocity_area,maximum,cell_order,reconstructed_all_touching_faces,hdf_precipitation,True,True,1274,48,1799.9999712,30.0,29.999999999999893,True,59.99999904,True,2.856796868924926e-10,5.238689482212067e-10,1207487.9368449082,,1047.064823708368,36471.8836567278,36467.3444126224,7375.402995274886,806.4092682818564,34.82816305820183,0.02020679691279767
MEAN,hgn_target,all,reconstructed_velocity_area,maximum,cell_order,native_bc_only,none,True,True,12715,48,1799.9999712,30.0,29.999999999999893,True,59.99999904,True,2.856796868924926e-10,5.238689482212067e-10,885680.6451091521,,1942.9008169452072,71418.2712750494,71315.6352804809,12717.595011042033,59.70895773168958,36.705751862624346,0.06686039915915179
MEAN,hgn_target,zone_3,reconstructed_velocity_area,maximum,cell_order,native_bc_only,none,True,True,1274,48,1799.9999712,30.0,29.999999999999893,True,59.99999904,True,2.856796868924926e-10,5.238689482212067e-10,1266639.3459275598,,1047.0648237083667,36496.73548435599,36492.61104718923,7386.112444756304,838.6923479704805,34.85229397540464,0.019863785512327484
MEAN,hdf_reconstructed,all,reconstructed_velocity_area,maximum,cell_order,native_bc_only,none,True,True,12715,48,1799.9999712,30.0,29.999999999999893,True,59.99999904,True,2.856796868924926e-10,5.238689482212067e-10,885680.645109156,,1942.9008169452063,71418.2712750494,71315.6352804809,12717.595011042036,59.708957731689665,36.70575186262436,0.0668603991591518
MEAN,hdf_reconstructed,zone_3,reconstructed_velocity_area,maximum,cell_order,native_bc_only,none,True,True,1274,48,1799.9999712,30.0,29.999999999999893,True,59.99999904,True,2.856796868924926e-10,5.238689482212067e-10,1266639.3459275605,,1047.064823708368,36496.73548435599,36492.61104718923,7386.112444756303,838.6923479704807,34.8522939754046,0.019863785512327425
MEAN,hgn_target,all,reconstructed_velocity_area,maximum,cell_order,native_bc_only,hdf_precipitation,True,True,12715,48,1799.9999712,30.0,29.999999999999893,True,59.99999904,True,2.856796868924926e-10,5.238689482212067e-10,1355.167341779798,,1942.9008169452072,71419.21847714922,71316.0239691395,12704.771305701232,0.07350285214319548,36.70595191846621,0.06697424619278798
MEAN,hgn_target,zone_3,reconstructed_velocity_area,maximum,cell_order,native_bc_only,hdf_precipitation,True,True,1274,48,1799.9999712,30.0,29.999999999999893,True,59.99999904,True,2.856796868924926e-10,5.238689482212067e-10,1246458.4401310307,,1047.0648237083667,36496.39382167893,36492.23470862434,7382.353738637504,824.3593328554986,34.851934552992226,0.019868262489086193
MEAN,hdf_reconstructed,all,reconstructed_velocity_area,maximum,cell_order,native_bc_only,hdf_precipitation,True,True,12715,48,1799.9999712,30.0,29.999999999999893,True,59.99999904,True,2.856796868924926e-10,5.238689482212067e-10,1355.1673417788109,,1942.9008169452063,71419.21847714922,71316.02396913948,12704.771305701232,0.07350285214319853,36.70595191846622,0.06697424619278812
MEAN,hdf_reconstructed,zone_3,reconstructed_velocity_area,maximum,cell_order,native_bc_only,hdf_precipitation,True,True,1274,48,1799.9999712,30.0,29.999999999999893,True,59.99999904,True,2.856796868924926e-10,5.238689482212067e-10,1246458.4401310312,,1047.064823708368,36496.39382167893,36492.23470862434,7382.353738637504,824.3593328554987,34.851934552992184,0.01986826248908614
MEAN,hgn_target,all,reconstructed_velocity_area,maximum,negated,reconstructed_all_touching_faces,none,True,True,12715,48,1799.9999712,30.0,29.999999999999893,True,59.99999904,True,2.856796868924926e-10,5.238689482212067e-10,18344321.366144557,,1942.9008169452072,104814.21692293842,104954.83388511256,13432.657682460534,1388.8541069463797,54.01965605744683,-0.06259333576944567
MEAN,hgn_target,zone_3,reconstructed_velocity_area,maximum,negated,reconstructed_all_touching_faces,none,True,True,1274,48,1799.9999712,30.0,29.999999999999893,True,59.99999904,True,2.856796868924926e-10,5.238689482212067e-10,1026635.3705058687,,1047.0648237083667,36472.212564809175,36506.76019369071,7413.272671271703,-668.0409513738075,34.86580712777219,-0.02020231982169024
MEAN,hdf_reconstructed,all,reconstructed_velocity_area,maximum,negated,reconstructed_all_touching_faces,none,True,True,12715,48,1799.9999712,30.0,29.999999999999893,True,59.99999904,True,2.856796868924926e-10,5.238689482212067e-10,18344321.36614455,,1942.9008169452063,104814.21692293842,104954.83388511256,13432.657682460534,1388.85410694638,54.01965605744686,-0.06259333576944573
MEAN,hdf_reconstructed,zone_3,reconstructed_velocity_area,maximum,negated,reconstructed_all_touching_faces,none,True,True,1274,48,1799.9999712,30.0,29.999999999999893,True,59.99999904,True,2.856796868924926e-10,5.238689482212067e-10,1026635.3705058682,,1047.064823708368,36472.212564809175,36506.760193690716,7413.272671271703,-668.0409513738074,34.86580712777216,-0.020202319821690295
MEAN,hgn_target,all,reconstructed_velocity_area,maximum,negated,reconstructed_all_touching_faces,hdf_precipitation,True,True,12715,48,1799.9999712,30.0,29.999999999999893,True,59.99999904,True,2.856796868924926e-10,5.238689482212067e-10,17497654.630574226,,1942.9008169452072,104812.60679807875,104952.84547752637,13432.733872392733,1329.2186520668333,54.018632635371524,-0.06251599548731972
MEAN,hgn_target,zone_3,reconstructed_velocity_area,maximum,negated,reconstructed_all_touching_faces,hdf_precipitation,True,True,1274,48,1799.9999712,30.0,29.999999999999893,True,59.99999904,True,2.856796868924926e-10,5.238689482212067e-10,1047277.7572797865,,1047.0648237083667,36472.54955536914,36507.06224214335,7416.611203197286,-682.3739664887896,34.86609559936039,-0.02019784138130289
MEAN,hdf_reconstructed,all,reconstructed_velocity_area,maximum,negated,reconstructed_all_touching_faces,hdf_precipitation,True,True,12715,48,1799.9999712,30.0,29.999999999999893,True,59.99999904,True,2.856796868924926e-10,5.238689482212067e-10,17497654.630574226,,1942.9008169452063,104812.60679807875,104952.84547752637,13432.733872392735,1329.218652066833,54.01863263537155,-0.0625159954873198
MEAN,hdf_reconstructed,zone_3,reconstructed_velocity_area,maximum,negated,reconstructed_all_touching_faces,hdf_precipitation,True,True,1274,48,1799.9999712,30.0,29.999999999999893,True,59.99999904,True,2.856796868924926e-10,5.238689482212067e-10,1047277.757279786,,1047.064823708368,36472.54955536914,36507.06224214335,7416.611203197286,-682.3739664887894,34.86609559936035,-0.020197841381302924
MEAN,hgn_target,all,reconstructed_velocity_area,maximum,negated,native_bc_only,none,True,True,12715,48,1799.9999712,30.0,29.999999999999893,True,59.99999904,True,2.856796868924926e-10,5.238689482212067e-10,885680.6451091515,,1942.9008169452072,86643.29299608192,86746.65759188126,13355.434536827339,59.70895773168958,44.64801128050977,-0.04385483097030076
MEAN,hgn_target,zone_3,reconstructed_velocity_area,maximum,negated,native_bc_only,none,True,True,1274,48,1799.9999712,30.0,29.999999999999893,True,59.99999904,True,2.856796868924926e-10,5.238689482212067e-10,972025.8305302983,,1047.0648237083667,36651.41212401439,36686.404847083846,7442.9080295403965,-638.2021612698587,35.03737688097706,-0.020632133280578547
MEAN,hdf_reconstructed,all,reconstructed_velocity_area,maximum,negated,native_bc_only,none,True,True,12715,48,1799.9999712,30.0,29.999999999999893,True,59.99999904,True,2.856796868924926e-10,5.238689482212067e-10,885680.6451091499,,1942.9008169452063,86643.29299608192,86746.65759188126,13355.434536827335,59.708957731689615,44.64801128050979,-0.04385483097030072
MEAN,hdf_reconstructed,zone_3,reconstructed_velocity_area,maximum,negated,native_bc_only,none,True,True,1274,48,1799.9999712,30.0,29.999999999999893,True,59.99999904,True,2.856796868924926e-10,5.238689482212067e-10,972025.830530298,,1047.064823708368,36651.41212401439,36686.404847083846,7442.9080295403965,-638.2021612698585,35.037376880977014,-0.02063213328057865
MEAN,hgn_target,all,reconstructed_velocity_area,maximum,negated,native_bc_only,hdf_precipitation,True,True,12715,48,1799.9999712,30.0,29.999999999999893,True,59.99999904,True,2.856796868924926e-10,5.238689482212067e-10,1355.1673417793063,,1942.9008169452072,86643.68777092345,86746.59161051542,13355.549769457391,0.07350285214321378,44.64797732027605,-0.04376043473368035
MEAN,hgn_target,zone_3,reconstructed_velocity_area,maximum,negated,native_bc_only,hdf_precipitation,True,True,1274,48,1799.9999712,30.0,29.999999999999893,True,59.99999904,True,2.856796868924926e-10,5.238689482212067e-10,992385.3241401992,,1047.0648237083667,36651.72646395882,36686.68443351759,7446.235341381597,-652.5351763848406,35.03764390019823,-0.02062768169982082
MEAN,hdf_reconstructed,all,reconstructed_velocity_area,maximum,negated,native_bc_only,hdf_precipitation,True,True,12715,48,1799.9999712,30.0,29.999999999999893,True,59.99999904,True,2.856796868924926e-10,5.238689482212067e-10,1355.167341778008,,1942.9008169452063,86643.68777092345,86746.5916105154,13355.549769457388,0.07350285214324277,44.64797732027606,-0.04376043473368045
MEAN,hdf_reconstructed,zone_3,reconstructed_velocity_area,maximum,negated,native_bc_only,hdf_precipitation,True,True,1274,48,1799.9999712,30.0,29.999999999999893,True,59.99999904,True,2.856796868924926e-10,5.238689482212067e-10,992385.3241401989,,1047.064823708368,36651.72646395882,36686.68443351759,7446.235341381597,-652.5351763848405,35.037643900198184,-0.020627681699820922
MEAN,hgn_target,all,native_face_flow,native,cell_order,reconstructed_all_touching_faces,none,True,True,12715,48,1799.9999712,30.0,29.999999999999893,True,59.99999904,True,2.856796868924926e-10,5.238689482212067e-10,885695.9535387822,,1942.9008169452072,1927.2718783251578,141.46040739297578,61.574398454855604,59.726161820329615,0.07280886711211115,0.9977182207589834
MEAN,hgn_target,zone_3,native_face_flow,native,cell_order,reconstructed_all_touching_faces,none,True,True,1274,48,1799.9999712,30.0,29.999999999999893,True,59.99999904,True,2.856796868924926e-10,5.238689482212067e-10,21840.324747758274,,1047.0648237083667,1051.9517483338864,92.47473553254561,17.25084882836593,14.60850126344992,0.08831806153608508,0.9962139574006363
MEAN,hdf_reconstructed,all,native_face_flow,native,cell_order,reconstructed_all_touching_faces,none,True,True,12715,48,1799.9999712,30.0,29.999999999999893,True,59.99999904,True,2.856796868924926e-10,5.238689482212067e-10,885695.953538785,,1942.9008169452063,1927.2718783251578,141.4604073929754,61.57439845485559,59.7261618203297,0.07280886711211099,0.9977182207589824
MEAN,hdf_reconstructed,zone_3,native_face_flow,native,cell_order,reconstructed_all_touching_faces,none,True,True,1274,48,1799.9999712,30.0,29.999999999999893,True,59.99999904,True,2.856796868924926e-10,5.238689482212067e-10,21840.32474775818,,1047.064823708368,1051.9517483338864,92.47473553254527,17.25084882836595,14.608501263450064,0.08831806153608464,0.9962139574006366
MEAN,hgn_target,all,native_face_flow,native,cell_order,reconstructed_all_touching_faces,hdf_precipitation,True,True,12715,48,1799.9999712,30.0,29.999999999999893,True,59.99999904,True,2.856796868924926e-10,5.238689482212067e-10,2173.0103256931266,,1942.9008169452072,1946.3873729812817,119.16919759556251,2.904182257070497,0.09070694078323559,0.061335708213314966,0.9980371234746823
MEAN,hgn_target,zone_3,native_face_flow,native,cell_order,reconstructed_all_touching_faces,hdf_precipitation,True,True,1274,48,1799.9999712,30.0,29.999999999999893,True,59.99999904,True,2.856796868924926e-10,5.238689482212067e-10,1561.6509530194792,,1047.0648237083667,1053.0048890647731,90.7766938047927,3.161880773848645,0.27548614846788283,0.0866963455837346,0.9962595947667456
MEAN,hdf_reconstructed,all,native_face_flow,native,cell_order,reconstructed_all_touching_faces,hdf_precipitation,True,True,12715,48,1799.9999712,30.0,29.999999999999893,True,59.99999904,True,2.856796868924926e-10,5.238689482212067e-10,2173.0103256923007,,1942.9008169452063,1946.3873729812817,119.16919759556194,2.90418225707002,0.09070694078328805,0.0613357082133147,0.9980371234746824
MEAN,hdf_reconstructed,zone_3,native_face_flow,native,cell_order,reconstructed_all_touching_faces,hdf_precipitation,True,True,1274,48,1799.9999712,30.0,29.999999999999893,True,59.99999904,True,2.856796868924926e-10,5.238689482212067e-10,1561.6509530155006,,1047.064823708368,1053.0048890647731,90.77669380479233,3.1618807738488477,0.2754861484680253,0.08669634558373412,0.9962595947667456
MEAN,hgn_target,all,native_face_flow,native,cell_order,native_bc_only,none,True,True,12715,48,1799.9999712,30.0,29.999999999999893,True,59.99999904,True,2.856796868924926e-10,5.238689482212067e-10,885680.6451091507,,1942.9008169452072,1927.7314834037538,141.7503866244149,61.58947186239929,59.708957731689594,0.07295811777324115,0.9977066045566658
MEAN,hgn_target,zone_3,native_face_flow,native,cell_order,native_bc_only,none,True,True,1274,48,1799.9999712,30.0,29.999999999999893,True,59.99999904,True,2.856796868924926e-10,5.238689482212067e-10,21840.324747758274,,1047.0648237083667,1051.9517483338864,92.47473553254561,17.250848828365932,14.60850126344992,0.08831806153608508,0.9962139574006363
MEAN,hdf_reconstructed,all,native_face_flow,native,cell_order,native_bc_only,none,True,True,12715,48,1799.9999712,30.0,29.999999999999893,True,59.99999904,True,2.856796868924926e-10,5.238689482212067e-10,885680.6451091532,,1942.9008169452063,1927.7314834037538,141.75038662441446,61.589471862399286,59.708957731689665,0.07295811777324097,0.997706604556665
MEAN,hdf_reconstructed,zone_3,native_face_flow,native,cell_order,native_bc_only,none,True,True,1274,48,1799.9999712,30.0,29.999999999999893,True,59.99999904,True,2.856796868924926e-10,5.238689482212067e-10,21840.324747758175,,1047.064823708368,1051.9517483338864,92.47473553254527,17.25084882836595,14.608501263450064,0.08831806153608464,0.9962139574006366
MEAN,hgn_target,all,native_face_flow,native,cell_order,native_bc_only,hdf_precipitation,True,True,12715,48,1799.9999712,30.0,29.999999999999893,True,59.99999904,True,2.856796868924926e-10,5.238689482212067e-10,1355.167341781585,,1942.9008169452072,1946.8425209873908,119.51418160395927,2.9193222406082584,0.07350285214320258,0.061513269520298806,0.9980266982985516
MEAN,hgn_target,zone_3,native_face_flow,native,cell_order,native_bc_only,hdf_precipitation,True,True,1274,48,1799.9999712,30.0,29.999999999999893,True,59.99999904,True,2.856796868924926e-10,5.238689482212067e-10,1561.6509530194787,,1047.0648237083667,1053.0048890647731,90.7766938047927,3.161880773848646,0.275486148467882,0.0866963455837346,0.9962595947667456
MEAN,hdf_reconstructed,all,native_face_flow,native,cell_order,native_bc_only,hdf_precipitation,True,True,12715,48,1799.9999712,30.0,29.999999999999893,True,59.99999904,True,2.856796868924926e-10,5.238689482212067e-10,1355.1673417816835,,1942.9008169452063,1946.8425209873908,119.5141816039587,2.9193222406077823,0.07350285214325505,0.06151326952029854,0.9980266982985512
MEAN,hdf_reconstructed,zone_3,native_face_flow,native,cell_order,native_bc_only,hdf_precipitation,True,True,1274,48,1799.9999712,30.0,29.999999999999893,True,59.99999904,True,2.856796868924926e-10,5.238689482212067e-10,1561.6509530155,,1047.064823708368,1053.0048890647731,90.77669380479233,3.1618807738488477,0.2754861484680245,0.08669634558373412,0.9962595947667456
MEAN,hgn_target,all,native_face_flow,native,negated,reconstructed_all_touching_faces,none,True,True,12715,48,1799.9999712,30.0,29.999999999999893,True,59.99999904,True,2.856796868924926e-10,5.238689482212067e-10,10287766.579453783,,1942.9008169452072,1927.2718783251578,3867.618118180605,826.5882317340076,758.7627962750271,1.9906410478850902,-0.9977182207589834
MEAN,hgn_target,zone_3,native_face_flow,native,negated,reconstructed_all_touching_faces,none,True,True,1274,48,1799.9999712,30.0,29.999999999999893,True,59.99999904,True,2.856796868924926e-10,5.238689482212067e-10,349170.39349024225,,1047.0648237083667,1051.9517483338864,2096.984233376229,162.08120402643638,138.0928307595809,2.002726274338379,-0.9962139574006363
MEAN,hdf_reconstructed,all,native_face_flow,native,negated,reconstructed_all_touching_faces,none,True,True,12715,48,1799.9999712,30.0,29.999999999999893,True,59.99999904,True,2.856796868924926e-10,5.238689482212067e-10,10287766.579453873,,1942.9008169452063,1927.2718783251578,3867.6181181806037,826.588231734007,758.7627962750271,1.9906410478850904,-0.9977182207589824
MEAN,hdf_reconstructed,zone_3,native_face_flow,native,negated,reconstructed_all_touching_faces,none,True,True,1274,48,1799.9999712,30.0,29.999999999999893,True,59.99999904,True,2.856796868924926e-10,5.238689482212067e-10,349170.39349024376,,1047.064823708368,1051.9517483338864,2096.9842333762313,162.0812040264358,138.09283075958098,2.0027262743383787,-0.9962139574006366
MEAN,hgn_target,all,native_face_flow,native,negated,reconstructed_all_touching_faces,hdf_precipitation,True,True,12715,48,1799.9999712,30.0,29.999999999999893,True,59.99999904,True,2.856796868924926e-10,5.238689482212067e-10,9424786.580700483,,1942.9008169452072,1911.00017177115,3849.1762767744276,842.6105936185363,699.1273413954804,1.9811491370035181,-0.9967866110914994
MEAN,hgn_target,zone_3,native_face_flow,native,negated,reconstructed_all_touching_faces,hdf_precipitation,True,True,1274,48,1799.9999712,30.0,29.999999999999893,True,59.99999904,True,2.856796868924926e-10,5.238689482212067e-10,340913.5323213488,,1047.0648237083667,1051.1781289339394,2095.9932893045125,171.27715869483293,123.7598156445988,2.001779872502238,-0.9960875021723822
MEAN,hdf_reconstructed,all,native_face_flow,native,negated,reconstructed_all_touching_faces,hdf_precipitation,True,True,12715,48,1799.9999712,30.0,29.999999999999893,True,59.99999904,True,2.856796868924926e-10,5.238689482212067e-10,9424786.58070049,,1942.9008169452063,1911.00017177115,3849.176276774429,842.6105936185361,699.1273413954809,1.9811491370035197,-0.9967866110914982
MEAN,hdf_reconstructed,zone_3,native_face_flow,native,negated,reconstructed_all_touching_faces,hdf_precipitation,True,True,1274,48,1799.9999712,30.0,29.999999999999893,True,59.99999904,True,2.856796868924926e-10,5.238689482212067e-10,340913.53232135007,,1047.064823708368,1051.1781289339394,2095.9932893045143,171.27715869483296,123.75981564459897,2.001779872502237,-0.9960875021723825
MEAN,hgn_target,all,native_face_flow,native,negated,native_bc_only,none,True,True,12715,48,1799.9999712,30.0,29.999999999999893,True,59.99999904,True,2.856796868924926e-10,5.238689482212067e-10,885680.6451091692,,1942.9008169452072,69305.24186223408,69355.49978756538,1742.7902259483885,59.70895773168956,35.69688127292671,-0.01321892551572038
MEAN,hgn_target,zone_3,native_face_flow,native,negated,native_bc_only,none,True,True,1274,48,1799.9999712,30.0,29.999999999999893,True,59.99999904,True,2.856796868924926e-10,5.238689482212067e-10,442452.1805589375,,1047.0648237083667,5223.968073316587,5536.528089093216,209.85845507510302,185.88168543717202,5.287665064980996,-0.20628901767848712
MEAN,hdf_reconstructed,all,native_face_flow,native,negated,native_bc_only,none,True,True,12715,48,1799.9999712,30.0,29.999999999999893,True,59.99999904,True,2.856796868924926e-10,5.238689482212067e-10,885680.6451092808,,1942.9008169452063,69305.24186223408,69355.49978756538,1742.7902259483885,59.70895773168969,35.69688127292673,-0.013218925515720306
MEAN,hdf_reconstructed,zone_3,native_face_flow,native,negated,native_bc_only,none,True,True,1274,48,1799.9999712,30.0,29.999999999999893,True,59.99999904,True,2.856796868924926e-10,5.238689482212067e-10,442452.1805589393,,1047.064823708368,5223.968073316587,5536.528089093217,209.85845507510254,185.88168543717225,5.28766506498099,-0.20628901767848798
MEAN,hgn_target,all,native_face_flow,native,negated,native_bc_only,hdf_precipitation,True,True,12715,48,1799.9999712,30.0,29.999999999999893,True,59.99999904,True,2.856796868924926e-10,5.238689482212067e-10,1355.1673417857628,,1942.9008169452072,69306.17726987941,69355.8588174225,1758.8532886960293,0.0735028521431741,35.69706606355215,-0.013100882971595207
MEAN,hgn_target,zone_3,native_face_flow,native,negated,native_bc_only,hdf_precipitation,True,True,1274,48,1799.9999712,30.0,29.999999999999893,True,59.99999904,True,2.856796868924926e-10,5.238689482212067e-10,430716.0547107155,,1047.0648237083667,5223.574321478011,5535.928247199955,219.03168157396811,171.54867032219002,5.287092185556839,-0.20626237014560797
MEAN,hdf_reconstructed,all,native_face_flow,native,negated,native_bc_only,hdf_precipitation,True,True,12715,48,1799.9999712,30.0,29.999999999999893,True,59.99999904,True,2.856796868924926e-10,5.238689482212067e-10,1355.167341821581,,1942.9008169452063,69306.17726987941,69355.8588174225,1758.8532886960288,0.0735028521432321,35.697066063552164,-0.013100882971595148
MEAN,hdf_reconstructed,zone_3,native_face_flow,native,negated,native_bc_only,hdf_precipitation,True,True,1274,48,1799.9999712,30.0,29.999999999999893,True,59.99999904,True,2.856796868924926e-10,5.238689482212067e-10,430716.0547107172,,1047.064823708368,5223.574321478011,5535.928247199956,219.03168157396826,171.5486703221902,5.287092185556833,-0.20626237014560872
MEAN,hgn_target,all,native_cell_flow_balance,native,cell_order,reconstructed_all_touching_faces,none,True,True,12715,48,1799.9999712,30.0,29.999999999999893,True,59.99999904,True,2.856796868924926e-10,5.238689482212067e-10,885695.9378676781,,1942.9008169452072,1927.2718781836218,141.46040378805841,61.57439740264021,59.726161354127626,0.07280886525668068,0.9977182208928871
MEAN,hgn_target,zone_3,native_cell_flow_balance,native,cell_order,reconstructed_all_touching_faces,none,True,True,1274,48,1799.9999712,30.0,29.999999999999893,True,59.99999904,True,2.856796868924926e-10,5.238689482212067e-10,21840.331791135177,,1047.0648237083667,1051.9517391363354,92.47473105258356,17.250851301901534,14.608504807099854,0.08831805725749417,0.9962139577450264
MEAN,hdf_reconstructed,all,native_cell_flow_balance,native,cell_order,reconstructed_all_touching_faces,none,True,True,12715,48,1799.9999712,30.0,29.999999999999893,True,59.99999904,True,2.856796868924926e-10,5.238689482212067e-10,885695.9378676784,,1942.9008169452063,1927.2718781836218,141.460403788058,61.574397402640194,59.726161354127676,0.0728088652566805,0.9977182208928864
MEAN,hdf_reconstructed,zone_3,native_cell_flow_balance,native,cell_order,reconstructed_all_touching_faces,none,True,True,1274,48,1799.9999712,30.0,29.999999999999893,True,59.99999904,True,2.856796868924926e-10,5.238689482212067e-10,21840.331791135082,,1047.064823708368,1051.9517391363354,92.47473105258322,17.25085130190155,14.608504807099996,0.08831805725749373,0.9962139577450273
MEAN,hgn_target,all,native_cell_flow_balance,native,cell_order,reconstructed_all_touching_faces,hdf_precipitation,True,True,12715,48,1799.9999712,30.0,29.999999999999893,True,59.99999904,True,2.856796868924926e-10,5.238689482212067e-10,2173.01466664347,,1942.9008169452072,1946.3873729116922,119.16919446873055,2.9041808034942322,0.09070647458123357,0.06133570660395234,0.9980371235774209
MEAN,hgn_target,zone_3,native_cell_flow_balance,native,cell_order,reconstructed_all_touching_faces,hdf_precipitation,True,True,1274,48,1799.9999712,30.0,29.999999999999893,True,59.99999904,True,2.856796868924926e-10,5.238689482212067e-10,1561.6547496627327,,1047.0648237083667,1053.0048797929871,90.77668827320558,3.1618796702278953,0.2754896921178162,0.0866963403007884,0.996259595144031
MEAN,hdf_reconstructed,all,native_cell_flow_balance,native,cell_order,reconstructed_all_touching_faces,hdf_precipitation,True,True,12715,48,1799.9999712,30.0,29.999999999999893,True,59.99999904,True,2.856796868924926e-10,5.238689482212067e-10,2173.0146666426444,,1942.9008169452063,1946.3873729116922,119.16919446873001,2.904180803493762,0.09070647458128611,0.06133570660395209,0.9980371235774201
MEAN,hdf_reconstructed,zone_3,native_cell_flow_balance,native,cell_order,reconstructed_all_touching_faces,hdf_precipitation,True,True,1274,48,1799.9999712,30.0,29.999999999999893,True,59.99999904,True,2.856796868924926e-10,5.238689482212067e-10,1561.6547496587543,,1047.064823708368,1053.0048797929871,90.77668827320522,3.161879670228151,0.27548969211795876,0.08669634030078795,0.996259595144031
MEAN,hgn_target,all,native_cell_flow_balance,native,negated,reconstructed_all_touching_faces,none,True,True,12715,48,1799.9999712,30.0,29.999999999999893,True,59.99999904,True,2.856796868924926e-10,5.238689482212067e-10,10287766.590987803,,1942.9008169452072,1927.2718781836218,3867.618118171399,826.5882320321722,758.7627967412292,1.990641047880352,-0.9977182208928871
MEAN,hgn_target,zone_3,native_cell_flow_balance,native,negated,reconstructed_all_touching_faces,none,True,True,1274,48,1799.9999712,30.0,29.999999999999893,True,59.99999904,True,2.856796868924926e-10,5.238689482212067e-10,349170.39228295354,,1047.0648237083667,1051.9517391363354,2096.9842243458916,162.08120104279308,138.09282721593092,2.002726265713949,-0.9962139577450264
MEAN,hdf_reconstructed,all,native_cell_flow_balance,native,negated,reconstructed_all_touching_faces,none,True,True,12715,48,1799.9999712,30.0,29.999999999999893,True,59.99999904,True,2.856796868924926e-10,5.238689482212067e-10,10287766.590987887,,1942.9008169452063,1927.2718781836218,3867.6181181713982,826.588232032172,758.7627967412294,1.9906410478803525,-0.9977182208928864
MEAN,hdf_reconstructed,zone_3,native_cell_flow_balance,native,negated,reconstructed_all_touching_faces,none,True,True,1274,48,1799.9999712,30.0,29.999999999999893,True,59.99999904,True,2.856796868924926e-10,5.238689482212067e-10,349170.3922829548,,1047.064823708368,1051.9517391363354,2096.9842243458925,162.08120104279251,138.09282721593107,2.0027262657139473,-0.9962139577450273
MEAN,hgn_target,all,native_cell_flow_balance,native,negated,reconstructed_all_touching_faces,hdf_precipitation,True,True,12715,48,1799.9999712,30.0,29.999999999999893,True,59.99999904,True,2.856796868924926e-10,5.238689482212067e-10,9424786.591816923,,1942.9008169452072,1911.0001715565447,3849.1762767295013,842.6105936339965,699.1273418616827,1.9811491369803949,-0.9967866112567583
MEAN,hgn_target,zone_3,native_cell_flow_balance,native,negated,reconstructed_all_touching_faces,hdf_precipitation,True,True,1274,48,1799.9999712,30.0,29.999999999999893,True,59.99999904,True,2.856796868924926e-10,5.238689482212067e-10,340913.53151865595,,1047.0648237083667,1051.1781198131978,2095.9932803118213,171.27715618655364,123.75981210094886,2.001779863913762,-0.9960875024824599
MEAN,hdf_reconstructed,all,native_cell_flow_balance,native,negated,reconstructed_all_touching_faces,hdf_precipitation,True,True,12715,48,1799.9999712,30.0,29.999999999999893,True,59.99999904,True,2.856796868924926e-10,5.238689482212067e-10,9424786.591816932,,1942.9008169452063,1911.0001715565447,3849.176276729501,842.6105936339964,699.1273418616828,1.9811491369803955,-0.9967866112567584
MEAN,hdf_reconstructed,zone_3,native_cell_flow_balance,native,negated,reconstructed_all_touching_faces,hdf_precipitation,True,True,1274,48,1799.9999712,30.0,29.999999999999893,True,59.99999904,True,2.856796868924926e-10,5.238689482212067e-10,340913.5315186571,,1047.064823708368,1051.1781198131978,2095.9932803118227,171.2771561865537,123.75981210094903,2.0017798639137605,-0.9960875024824606
