event_id,target_volume_source,scope,flux_source,face_stage_rule,sign_mode,boundary_mode,source_mode,has_native_face_flow,has_native_cell_flow_balance,num_nodes,num_transitions,delta_t_seconds,hecras_computation_delta_t_seconds,hdf_output_delta_t_seconds,hdf_output_matches_computation,computation_steps_per_budget_interval,storage_aligned,storage_alignment_rmse_ft3,storage_alignment_max_abs_ft3,domain_residual_rmse_ft3,hdf_path,target_rms_ft3,budget_rms_ft3,residual_rmse_ft3,residual_mae_ft3,residual_bias_ft3,relative_rmse,correlation
H1,hgn_target,all,reconstructed_velocity_area,mean,cell_order,reconstructed_all_touching_faces,none,True,True,12715,48,1799.9999712,30.0,29.999999999999893,True,59.99999904,False,3863.649841127896,177406.298159439,11147344.864956247,/mnt/8tb_hdd2/joyce/Minxiong/Minxiong_new/planH1/Minxiong.p03.hdf,1149.7584853730057,93861.44328225567,93818.27317478532,7704.986484598101,-842.2767501019781,81.59824377756057,0.04272480513419461
H1,hgn_target,zone_3,reconstructed_velocity_area,mean,cell_order,reconstructed_all_touching_faces,none,True,True,1274,48,1799.9999712,30.0,29.999999999999893,True,59.99999904,False,3863.649841127896,177406.298159439,411673.1865508909,/mnt/8tb_hdd2/joyce/Minxiong/Minxiong_new/planH1/Minxiong.p03.hdf,484.44057694357963,31414.32960305864,31430.541368549173,3633.961722784796,-192.2248616483755,64.88007583272639,-0.026437283048645933
H1,hdf_reconstructed,all,reconstructed_velocity_area,mean,cell_order,reconstructed_all_touching_faces,none,True,True,12715,48,1799.9999712,30.0,29.999999999999893,True,59.99999904,False,3863.649841127896,177406.298159439,11028090.988812286,/mnt/8tb_hdd2/joyce/Minxiong/Minxiong_new/planH1/Minxiong.p03.hdf,1414.7704046751048,93861.44328225567,93809.39593298481,7658.4199220138,-833.5252924259566,66.30715176327688,0.04347189032470665
H1,hdf_reconstructed,zone_3,reconstructed_velocity_area,mean,cell_order,reconstructed_all_touching_faces,none,True,True,1274,48,1799.9999712,30.0,29.999999999999893,True,59.99999904,False,3863.649841127896,177406.298159439,442650.28120896907,/mnt/8tb_hdd2/joyce/Minxiong/Minxiong_new/planH1/Minxiong.p03.hdf,613.6677145197725,31414.32960305864,31409.45017250064,3621.5575711999077,-195.1100037466101,51.18315568724387,0.017317947067999686
H1,hgn_target,all,reconstructed_velocity_area,mean,cell_order,reconstructed_all_touching_faces,hdf_precipitation,True,True,12715,48,1799.9999712,30.0,29.999999999999893,True,59.99999904,False,3863.649841127896,177406.298159439,11999783.61322503,/mnt/8tb_hdd2/joyce/Minxiong/Minxiong_new/planH1/Minxiong.p03.hdf,1149.7584853730057,93863.07356690426,93819.80637817203,7711.525972879073,-901.9122049815245,81.59957727794887,0.04273358224590626
H1,hgn_target,zone_3,reconstructed_velocity_area,mean,cell_order,reconstructed_all_touching_faces,hdf_precipitation,True,True,1274,48,1799.9999712,30.0,29.999999999999893,True,59.99999904,False,3863.649841127896,177406.298159439,430076.26218121976,/mnt/8tb_hdd2/joyce/Minxiong/Minxiong_new/planH1/Minxiong.p03.hdf,484.44057694357963,31414.524638530213,31430.712132008834,3639.4970622011465,-206.55787676335757,64.88042832892054,-0.026423770076366752
H1,hdf_reconstructed,all,reconstructed_velocity_area,mean,cell_order,reconstructed_all_touching_faces,hdf_precipitation,True,True,12715,48,1799.9999712,30.0,29.999999999999893,True,59.99999904,False,3863.649841127896,177406.298159439,11879940.34053914,/mnt/8tb_hdd2/joyce/Minxiong/Minxiong_new/planH1/Minxiong.p03.hdf,1414.7704046751048,93863.07356690426,93810.91921625476,7664.521796014959,-893.1607473055029,66.30822846325937,0.0434821150471344
H1,hdf_reconstructed,zone_3,reconstructed_velocity_area,mean,cell_order,reconstructed_all_touching_faces,hdf_precipitation,True,True,1274,48,1799.9999712,30.0,29.999999999999893,True,59.99999904,False,3863.649841127896,177406.298159439,460256.4273939984,/mnt/8tb_hdd2/joyce/Minxiong/Minxiong_new/planH1/Minxiong.p03.hdf,613.6677145197725,31414.524638530213,31409.625761926178,3626.985122064596,-209.44301886159218,51.18344181835584,0.017322952875792417
H1,hgn_target,all,reconstructed_velocity_area,mean,cell_order,native_bc_only,none,True,True,12715,48,1799.9999712,30.0,29.999999999999893,True,59.99999904,False,3863.649841127896,177406.298159439,3194076.8414393775,/mnt/8tb_hdd2/joyce/Minxiong/Minxiong_new/planH1/Minxiong.p03.hdf,1149.7584853730057,54060.18978958644,54048.463169952935,7171.038026986942,-212.2026435192655,47.00853601651697,0.020204933058422216
H1,hgn_target,zone_3,reconstructed_velocity_area,mean,cell_order,native_bc_only,none,True,True,1274,48,1799.9999712,30.0,29.999999999999893,True,59.99999904,False,3863.649841127896,177406.298159439,383797.9794790465,/mnt/8tb_hdd2/joyce/Minxiong/Minxiong_new/planH1/Minxiong.p03.hdf,484.44057694357963,31442.79884427222,31459.041797642487,3640.7602670952915,-174.27479707473324,64.93890746337371,-0.02646240900394897
H1,hdf_reconstructed,all,reconstructed_velocity_area,mean,cell_order,native_bc_only,none,True,True,12715,48,1799.9999712,30.0,29.999999999999893,True,59.99999904,False,3863.649841127896,177406.298159439,3065480.8924495797,/mnt/8tb_hdd2/joyce/Minxiong/Minxiong_new/planH1/Minxiong.p03.hdf,1414.7704046751048,54060.18978958644,54033.156911671846,7124.399911620649,-203.45118584324408,38.19217360860775,0.031690399875122316
H1,hdf_reconstructed,zone_3,reconstructed_velocity_area,mean,cell_order,native_bc_only,none,True,True,1274,48,1799.9999712,30.0,29.999999999999893,True,59.99999904,False,3863.649841127896,177406.298159439,416438.66039494507,/mnt/8tb_hdd2/joyce/Minxiong/Minxiong_new/planH1/Minxiong.p03.hdf,613.6677145197725,31442.79884427222,31437.92382440458,3628.330840962049,-177.15993917296782,51.22955482350317,0.01733566028254503
H1,hgn_target,all,reconstructed_velocity_area,mean,cell_order,native_bc_only,hdf_precipitation,True,True,12715,48,1799.9999712,30.0,29.999999999999893,True,59.99999904,False,3863.649841127896,177406.298159439,4074185.8836480943,/mnt/8tb_hdd2/joyce/Minxiong/Minxiong_new/planH1/Minxiong.p03.hdf,1149.7584853730057,54061.042751855464,54049.146499335824,7177.574290005913,-271.83809839881195,47.009130340796005,0.020220790995035334
H1,hgn_target,zone_3,reconstructed_velocity_area,mean,cell_order,native_bc_only,hdf_precipitation,True,True,1274,48,1799.9999712,30.0,29.999999999999893,True,59.99999904,False,3863.649841127896,177406.298159439,401320.42467589985,/mnt/8tb_hdd2/joyce/Minxiong/Minxiong_new/planH1/Minxiong.p03.hdf,484.44057694357963,31442.978642160353,31459.197353170242,3646.290852997368,-188.60781218971528,64.93922856679724,-0.02644891410521678
H1,hdf_reconstructed,all,reconstructed_velocity_area,mean,cell_order,native_bc_only,hdf_precipitation,True,True,12715,48,1799.9999712,30.0,29.999999999999893,True,59.99999904,False,3863.649841127896,177406.298159439,3946735.265857171,/mnt/8tb_hdd2/joyce/Minxiong/Minxiong_new/planH1/Minxiong.p03.hdf,1414.7704046751048,54061.042751855464,54033.822959905185,7130.494255623298,-263.0866407227904,38.19264439046121,0.031708692486640606
H1,hdf_reconstructed,zone_3,reconstructed_velocity_area,mean,cell_order,native_bc_only,hdf_precipitation,True,True,1274,48,1799.9999712,30.0,29.999999999999893,True,59.99999904,False,3863.649841127896,177406.298159439,433110.01006405446,/mnt/8tb_hdd2/joyce/Minxiong/Minxiong_new/planH1/Minxiong.p03.hdf,613.6677145197725,31442.978642160353,31438.084191459435,3633.7539446518385,-191.49295428794989,51.22981614905617,0.0173406653259245
H1,hgn_target,all,reconstructed_velocity_area,mean,negated,reconstructed_all_touching_faces,none,True,True,12715,48,1799.9999712,30.0,29.999999999999893,True,59.99999904,False,3863.649841127896,177406.298159439,14500985.466379192,/mnt/8tb_hdd2/joyce/Minxiong/Minxiong_new/planH1/Minxiong.p03.hdf,1149.7584853730057,93861.44328225567,93918.67001670609,7741.8931022212755,1116.9425056954242,81.68556371752882,-0.04272480513419461
H1,hgn_target,zone_3,reconstructed_velocity_area,mean,negated,reconstructed_all_touching_faces,none,True,True,1274,48,1799.9999712,30.0,29.999999999999893,True,59.99999904,False,3863.649841127896,177406.298159439,511570.94348322984,/mnt/8tb_hdd2/joyce/Minxiong/Minxiong_new/planH1/Minxiong.p03.hdf,484.44057694357963,31414.32960305864,31405.5829980007,3641.5260665951105,269.78665087149517,64.82855584919005,0.026437283048645933
H1,hdf_reconstructed,all,reconstructed_velocity_area,mean,negated,reconstructed_all_touching_faces,none,True,True,12715,48,1799.9999712,30.0,29.999999999999893,True,59.99999904,False,3863.649841127896,177406.298159439,14626296.197378125,/mnt/8tb_hdd2/joyce/Minxiong/Minxiong_new/planH1/Minxiong.p03.hdf,1414.7704046751048,93861.44328225567,93934.77234411427,7762.468122090488,1125.6939633714464,66.39577138008194,-0.04347189032470665
H1,hdf_reconstructed,zone_3,reconstructed_velocity_area,mean,negated,reconstructed_all_touching_faces,none,True,True,1274,48,1799.9999712,30.0,29.999999999999893,True,59.99999904,False,3863.649841127896,177406.298159439,487368.387491072,/mnt/8tb_hdd2/joyce/Minxiong/Minxiong_new/planH1/Minxiong.p03.hdf,613.6677145197725,31414.32960305864,31431.19190880454,3644.6129365349584,266.9015087732606,51.218584854836486,-0.017317947067999686
H1,hgn_target,all,reconstructed_velocity_area,mean,negated,reconstructed_all_touching_faces,hdf_precipitation,True,True,12715,48,1799.9999712,30.0,29.999999999999893,True,59.99999904,False,3863.649841127896,177406.298159439,13678949.623298896,/mnt/8tb_hdd2/joyce/Minxiong/Minxiong_new/planH1/Minxiong.p03.hdf,1149.7584853730057,93859.87471921301,93917.00467927122,7753.709786577663,1057.3070508158783,81.68411529383285,-0.04271601698263915
H1,hgn_target,zone_3,reconstructed_velocity_area,mean,negated,reconstructed_all_touching_faces,hdf_precipitation,True,True,1274,48,1799.9999712,30.0,29.999999999999893,True,59.99999904,False,3863.649841127896,177406.298159439,492902.55067547475,/mnt/8tb_hdd2/joyce/Minxiong/Minxiong_new/planH1/Minxiong.p03.hdf,484.44057694357963,31414.143953765295,31405.37310608654,3648.250559796942,255.45363575651308,64.82812258260556,0.026450793697456464
H1,hdf_reconstructed,all,reconstructed_velocity_area,mean,negated,reconstructed_all_touching_faces,hdf_precipitation,True,True,12715,48,1799.9999712,30.0,29.999999999999893,True,59.99999904,False,3863.649841127896,177406.298159439,13803851.135293204,/mnt/8tb_hdd2/joyce/Minxiong/Minxiong_new/planH1/Minxiong.p03.hdf,1414.7704046751048,93859.87471921301,93933.09724004648,7775.834507960738,1066.0585084918998,66.39458736883725,-0.043461654342447475
H1,hdf_reconstructed,zone_3,reconstructed_velocity_area,mean,negated,reconstructed_all_touching_faces,hdf_precipitation,True,True,1274,48,1799.9999712,30.0,29.999999999999893,True,59.99999904,False,3863.649841127896,177406.298159439,468168.73892648827,/mnt/8tb_hdd2/joyce/Minxiong/Minxiong_new/planH1/Minxiong.p03.hdf,613.6677145197725,31414.143953765295,31430.986896001577,3651.7560281368396,252.56849365827847,51.21825077696647,-0.01731293966325484
H1,hgn_target,all,reconstructed_velocity_area,mean,negated,native_bc_only,none,True,True,12715,48,1799.9999712,30.0,29.999999999999893,True,59.99999904,False,3863.649841127896,177406.298159439,3194076.8414393757,/mnt/8tb_hdd2/joyce/Minxiong/Minxiong_new/planH1/Minxiong.p03.hdf,1149.7584853730057,72989.64178069495,72995.55405357914,7665.055473742051,-212.2026435192655,63.487728059600144,0.002177391200963144
H1,hgn_target,zone_3,reconstructed_velocity_area,mean,negated,native_bc_only,none,True,True,1274,48,1799.9999712,30.0,29.999999999999893,True,59.99999904,False,3863.649841127896,177406.298159439,586531.8443920244,/mnt/8tb_hdd2/joyce/Minxiong/Minxiong_new/planH1/Minxiong.p03.hdf,484.44057694357963,31622.198411250447,31613.589368979243,3671.180392996847,299.62544097544406,65.25793022631363,0.026173728090826784
H1,hdf_reconstructed,all,reconstructed_velocity_area,mean,negated,native_bc_only,none,True,True,12715,48,1799.9999712,30.0,29.999999999999893,True,59.99999904,False,3863.649841127896,177406.298159439,3065480.892449576,/mnt/8tb_hdd2/joyce/Minxiong/Minxiong_new/planH1/Minxiong.p03.hdf,1414.7704046751048,72989.64178069495,73019.48599625326,7685.609384676081,-203.4511858432441,51.61225153916182,-0.01196604726252248
H1,hdf_reconstructed,zone_3,reconstructed_velocity_area,mean,negated,native_bc_only,none,True,True,1274,48,1799.9999712,30.0,29.999999999999893,True,59.99999904,False,3863.649841127896,177406.298159439,565022.1389233378,/mnt/8tb_hdd2/joyce/Minxiong/Minxiong_new/planH1/Minxiong.p03.hdf,613.6677145197725,31622.198411250447,31638.95472633485,3674.279710151301,296.7402988772095,51.55714400112121,-0.01715676755287106
H1,hgn_target,all,reconstructed_velocity_area,mean,negated,native_bc_only,hdf_precipitation,True,True,12715,48,1799.9999712,30.0,29.999999999999893,True,59.99999904,False,3863.649841127896,177406.298159439,4074185.8836480957,/mnt/8tb_hdd2/joyce/Minxiong/Minxiong_new/planH1/Minxiong.p03.hdf,1149.7584853730057,72990.40546025851,72996.19193155783,7676.910630222571,-271.83809839881195,63.48828285261695,0.002189243124460226
H1,hgn_target,zone_3,reconstructed_velocity_area,mean,negated,native_bc_only,hdf_precipitation,True,True,1274,48,1799.9999712,30.0,29.999999999999893,True,59.99999904,False,3863.649841127896,177406.298159439,567848.2175400855,/mnt/8tb_hdd2/joyce/Minxiong/Minxiong_new/planH1/Minxiong.p03.hdf,484.44057694357963,31621.989638652558,31613.356507762783,3677.883167225956,285.292425860462,65.25744954565322,0.026187157830451883
H1,hdf_reconstructed,all,reconstructed_velocity_area,mean,negated,native_bc_only,hdf_precipitation,True,True,12715,48,1799.9999712,30.0,29.999999999999893,True,59.99999904,False,3863.649841127896,177406.298159439,3946735.2658571685,/mnt/8tb_hdd2/joyce/Minxiong/Minxiong_new/planH1/Minxiong.p03.hdf,1414.7704046751048,72990.40546025851,73020.11073413256,7699.013741266159,-263.08664072279043,51.61269312168095,-0.011952235801613649
H1,hdf_reconstructed,zone_3,reconstructed_velocity_area,mean,negated,native_bc_only,hdf_precipitation,True,True,1274,48,1799.9999712,30.0,29.999999999999893,True,59.99999904,False,3863.649841127896,177406.298159439,545974.3033214562,/mnt/8tb_hdd2/joyce/Minxiong/Minxiong_new/planH1/Minxiong.p03.hdf,613.6677145197725,31621.989638652558,31638.72672899253,3681.4011103203347,282.40728376222745,51.556772468878385,-0.01715179817501121
H1,hgn_target,all,reconstructed_velocity_area,minimum,cell_order,reconstructed_all_touching_faces,none,True,True,12715,48,1799.9999712,30.0,29.999999999999893,True,59.99999904,False,3863.649841127896,177406.298159439,11147344.864956247,/mnt/8tb_hdd2/joyce/Minxiong/Minxiong_new/planH1/Minxiong.p03.hdf,1149.7584853730057,93352.14125670993,93311.56932086525,7492.609520802912,-842.2767501019779,81.15753917710208,0.040476436975251565
H1,hgn_target,zone_3,reconstructed_velocity_area,minimum,cell_order,reconstructed_all_touching_faces,none,True,True,1274,48,1799.9999712,30.0,29.999999999999893,True,59.99999904,False,3863.649841127896,177406.298159439,326263.6928065757,/mnt/8tb_hdd2/joyce/Minxiong/Minxiong_new/planH1/Minxiong.p03.hdf,484.44057694357963,30883.02294741325,30900.391900186973,3531.9263411753095,-123.99537409148515,63.78572186323233,-0.028534469082685327
H1,hdf_reconstructed,all,reconstructed_velocity_area,minimum,cell_order,reconstructed_all_touching_faces,none,True,True,12715,48,1799.9999712,30.0,29.999999999999893,True,59.99999904,False,3863.649841127896,177406.298159439,11028090.988812285,/mnt/8tb_hdd2/joyce/Minxiong/Minxiong_new/planH1/Minxiong.p03.hdf,1414.7704046751048,93352.14125670993,93309.87717090582,7455.031863289399,-833.5252924259563,65.95407768113016,0.036558167625327716
H1,hdf_reconstructed,zone_3,reconstructed_velocity_area,minimum,cell_order,reconstructed_all_touching_faces,none,True,True,1274,48,1799.9999712,30.0,29.999999999999893,True,59.99999904,False,3863.649841127896,177406.298159439,361464.0599662738,/mnt/8tb_hdd2/joyce/Minxiong/Minxiong_new/planH1/Minxiong.p03.hdf,613.6677145197725,30883.02294741325,30889.891517758526,3519.7456528949115,-126.88051618971976,50.336510764512845,-0.001569556159203211
H1,hgn_target,all,reconstructed_velocity_area,minimum,cell_order,reconstructed_all_touching_faces,hdf_precipitation,True,True,12715,48,1799.9999712,30.0,29.999999999999893,True,59.99999904,False,3863.649841127896,177406.298159439,11999783.61322503,/mnt/8tb_hdd2/joyce/Minxiong/Minxiong_new/planH1/Minxiong.p03.hdf,1149.7584853730057,93353.75405603541,93313.08445874958,7504.808127573817,-901.9122049815243,81.15885696505808,0.04048529489926238
H1,hgn_target,zone_3,reconstructed_velocity_area,minimum,cell_order,reconstructed_all_touching_faces,hdf_precipitation,True,True,1274,48,1799.9999712,30.0,29.999999999999893,True,59.99999904,False,3863.649841127896,177406.298159439,342677.6218013225,/mnt/8tb_hdd2/joyce/Minxiong/Minxiong_new/planH1/Minxiong.p03.hdf,484.44057694357963,30883.18097140216,30900.525249208535,3538.752283877401,-138.32838920646716,63.785997127171626,-0.028520724616175695
H1,hdf_reconstructed,all,reconstructed_velocity_area,minimum,cell_order,reconstructed_all_touching_faces,hdf_precipitation,True,True,12715,48,1799.9999712,30.0,29.999999999999893,True,59.99999904,False,3863.649841127896,177406.298159439,11879940.340539142,/mnt/8tb_hdd2/joyce/Minxiong/Minxiong_new/planH1/Minxiong.p03.hdf,1414.7704046751048,93353.75405603541,93311.38221718046,7467.24169473196,-893.1607473055027,65.95514149068518,0.03656852960648672
H1,hdf_reconstructed,zone_3,reconstructed_velocity_area,minimum,cell_order,reconstructed_all_touching_faces,hdf_precipitation,True,True,1274,48,1799.9999712,30.0,29.999999999999893,True,59.99999904,False,3863.649841127896,177406.298159439,376884.7975485769,/mnt/8tb_hdd2/joyce/Minxiong/Minxiong_new/planH1/Minxiong.p03.hdf,613.6677145197725,30883.18097140216,30890.029702657353,3526.553423212533,-141.21353130470177,50.33673594321389,-0.0015644118418186856
H1,hgn_target,all,reconstructed_velocity_area,minimum,cell_order,native_bc_only,none,True,True,12715,48,1799.9999712,30.0,29.999999999999893,True,59.99999904,False,3863.649841127896,177406.298159439,3194076.8414393757,/mnt/8tb_hdd2/joyce/Minxiong/Minxiong_new/planH1/Minxiong.p03.hdf,1149.7584853730057,53151.3910874418,53144.43969896773,6958.688519205314,-212.2026435192655,46.22226352321859,0.016192216795965338
H1,hgn_target,zone_3,reconstructed_velocity_area,minimum,cell_order,native_bc_only,none,True,True,1274,48,1799.9999712,30.0,29.999999999999893,True,59.99999904,False,3863.649841127896,177406.298159439,291185.7844227414,/mnt/8tb_hdd2/joyce/Minxiong/Minxiong_new/planH1/Minxiong.p03.hdf,484.44057694357963,30911.9842330332,30929.38356631048,3538.727313925792,-106.04530951784284,63.84556752336762,-0.02855766675502444
H1,hdf_reconstructed,all,reconstructed_velocity_area,minimum,cell_order,native_bc_only,none,True,True,12715,48,1799.9999712,30.0,29.999999999999893,True,59.99999904,False,3863.649841127896,177406.298159439,3065480.8924495764,/mnt/8tb_hdd2/joyce/Minxiong/Minxiong_new/planH1/Minxiong.p03.hdf,1414.7704046751048,53151.3910874418,53141.57478320372,6921.039606607647,-203.45118584324408,37.5619779772022,0.01967322012223975
H1,hdf_reconstructed,zone_3,reconstructed_velocity_area,minimum,cell_order,native_bc_only,none,True,True,1274,48,1799.9999712,30.0,29.999999999999893,True,59.99999904,False,3863.649841127896,177406.298159439,329625.9096966267,/mnt/8tb_hdd2/joyce/Minxiong/Minxiong_new/planH1/Minxiong.p03.hdf,613.6677145197725,30911.9842330332,30918.846361567805,3526.5212094979743,-108.93045161607748,50.38369402529745,-0.0015340428529359725
H1,hgn_target,all,reconstructed_velocity_area,minimum,cell_order,native_bc_only,hdf_precipitation,True,True,12715,48,1799.9999712,30.0,29.999999999999893,True,59.99999904,False,3863.649841127896,177406.298159439,4074185.8836480947,/mnt/8tb_hdd2/joyce/Minxiong/Minxiong_new/planH1/Minxiong.p03.hdf,1149.7584853730057,53152.212302086424,53145.088314294546,6970.8838634698,-271.8380983988119,46.222827655021106,0.016208390552970048
H1,hgn_target,zone_3,reconstructed_velocity_area,minimum,cell_order,native_bc_only,hdf_precipitation,True,True,1274,48,1799.9999712,30.0,29.999999999999893,True,59.99999904,False,3863.649841127896,177406.298159439,306652.1347268841,/mnt/8tb_hdd2/joyce/Minxiong/Minxiong_new/planH1/Minxiong.p03.hdf,484.44057694357963,30912.126789336035,30929.50147930873,3545.5481507836726,-120.3783246328249,63.845810923701656,-0.028543941675811667
H1,hdf_reconstructed,all,reconstructed_velocity_area,minimum,cell_order,native_bc_only,hdf_precipitation,True,True,12715,48,1799.9999712,30.0,29.999999999999893,True,59.99999904,False,3863.649841127896,177406.298159439,3946735.265857172,/mnt/8tb_hdd2/joyce/Minxiong/Minxiong_new/planH1/Minxiong.p03.hdf,1414.7704046751048,53152.212302086424,53142.20566559034,6933.241657630671,-263.08664072279055,37.56242390283404,0.019691938169668553
H1,hdf_reconstructed,zone_3,reconstructed_velocity_area,minimum,cell_order,native_bc_only,hdf_precipitation,True,True,1274,48,1799.9999712,30.0,29.999999999999893,True,59.99999904,False,3863.649841127896,177406.298159439,343955.72354926704,/mnt/8tb_hdd2/joyce/Minxiong/Minxiong_new/planH1/Minxiong.p03.hdf,613.6677145197725,30912.126789336035,30918.969100815255,3533.323873971385,-123.26346673105948,50.383894034593276,-0.0015289038108891803
H1,hgn_target,all,reconstructed_velocity_area,minimum,negated,reconstructed_all_touching_faces,none,True,True,12715,48,1799.9999712,30.0,29.999999999999893,True,59.99999904,False,3863.649841127896,177406.298159439,14500985.466379186,/mnt/8tb_hdd2/joyce/Minxiong/Minxiong_new/planH1/Minxiong.p03.hdf,1149.7584853730057,93352.14125670993,93406.84918383755,7520.989251908651,1116.9425056954244,81.24040863550088,-0.040476436975251565
H1,hgn_target,zone_3,reconstructed_velocity_area,minimum,negated,reconstructed_all_touching_faces,none,True,True,1274,48,1799.9999712,30.0,29.999999999999893,True,59.99999904,False,3863.649841127896,177406.298159439,416785.4362000975,/mnt/8tb_hdd2/joyce/Minxiong/Minxiong_new/planH1/Minxiong.p03.hdf,484.44057694357963,30883.02294741325,30873.24664658618,3536.886217084149,201.55716331460476,63.729687635521564,0.028534469082685327
H1,hdf_reconstructed,all,reconstructed_velocity_area,minimum,negated,reconstructed_all_touching_faces,none,True,True,12715,48,1799.9999712,30.0,29.999999999999893,True,59.99999904,False,3863.649841127896,177406.298159439,14626296.197378118,/mnt/8tb_hdd2/joyce/Minxiong/Minxiong_new/planH1/Minxiong.p03.hdf,1414.7704046751048,93352.14125670993,93415.81518871308,7536.40901266278,1125.693963371445,66.02895768813143,-0.036558167625327716
H1,hdf_reconstructed,zone_3,reconstructed_velocity_area,minimum,negated,reconstructed_all_touching_faces,none,True,True,1274,48,1799.9999712,30.0,29.999999999999893,True,59.99999904,False,3863.649841127896,177406.298159439,389601.59684442665,/mnt/8tb_hdd2/joyce/Minxiong/Minxiong_new/planH1/Minxiong.p03.hdf,613.6677145197725,30883.02294741325,30888.34716992323,3539.8140063299843,198.6720212163701,50.33399417809522,0.001569556159203211
H1,hgn_target,all,reconstructed_velocity_area,minimum,negated,reconstructed_all_touching_faces,hdf_precipitation,True,True,12715,48,1799.9999712,30.0,29.999999999999893,True,59.99999904,False,3863.649841127896,177406.298159439,13678949.623298896,/mnt/8tb_hdd2/joyce/Minxiong/Minxiong_new/planH1/Minxiong.p03.hdf,1149.7584853730057,93350.59051632688,93405.20108606084,7534.301195102416,1057.307050815878,81.23897520596097,-0.040467568471313664
H1,hgn_target,zone_3,reconstructed_velocity_area,minimum,negated,reconstructed_all_touching_faces,hdf_precipitation,True,True,1274,48,1799.9999712,30.0,29.999999999999893,True,59.99999904,False,3863.649841127896,177406.298159439,399335.72041798383,/mnt/8tb_hdd2/joyce/Minxiong/Minxiong_new/planH1/Minxiong.p03.hdf,484.44057694357963,30882.874471493553,30873.073515645163,3544.387633628563,187.22414819962273,63.72933025228561,0.028548210941969045
H1,hdf_reconstructed,all,reconstructed_velocity_area,minimum,negated,reconstructed_all_touching_faces,hdf_precipitation,True,True,12715,48,1799.9999712,30.0,29.999999999999893,True,59.99999904,False,3863.649841127896,177406.298159439,13803851.13529321,/mnt/8tb_hdd2/joyce/Minxiong/Minxiong_new/planH1/Minxiong.p03.hdf,1414.7704046751048,93350.59051632688,93414.15714117003,7551.748021559131,1066.0585084918994,66.02778573292402,-0.0365477960400452
H1,hdf_reconstructed,zone_3,reconstructed_velocity_area,minimum,negated,reconstructed_all_touching_faces,hdf_precipitation,True,True,1274,48,1799.9999712,30.0,29.999999999999893,True,59.99999904,False,3863.649841127896,177406.298159439,371421.9309266424,/mnt/8tb_hdd2/joyce/Minxiong/Minxiong_new/planH1/Minxiong.p03.hdf,613.6677145197725,30882.874471493553,30888.178914457225,3547.8566135982783,184.33900610138812,50.33371999801042,0.0015747003552590553
H1,hgn_target,all,reconstructed_velocity_area,minimum,negated,native_bc_only,none,True,True,12715,48,1799.9999712,30.0,29.999999999999893,True,59.99999904,False,3863.649841127896,177406.298159439,3194076.841439373,/mnt/8tb_hdd2/joyce/Minxiong/Minxiong_new/planH1/Minxiong.p03.hdf,1149.7584853730057,72308.67091313851,72310.98220948194,7443.922666756268,-212.2026435192656,62.892323152564295,0.005401415715920464
H1,hgn_target,zone_3,reconstructed_velocity_area,minimum,negated,native_bc_only,none,True,True,1274,48,1799.9999712,30.0,29.999999999999893,True,59.99999904,False,3863.649841127896,177406.298159439,503778.2067567049,/mnt/8tb_hdd2/joyce/Minxiong/Minxiong_new/planH1/Minxiong.p03.hdf,484.44057694357963,31094.43473551104,31084.80633760953,3566.5251223790756,231.3959534185537,64.16639690615723,0.02824913456925689
H1,hdf_reconstructed,all,reconstructed_velocity_area,minimum,negated,native_bc_only,none,True,True,12715,48,1799.9999712,30.0,29.999999999999893,True,59.99999904,False,3863.649841127896,177406.298159439,3065480.892449576,/mnt/8tb_hdd2/joyce/Minxiong/Minxiong_new/planH1/Minxiong.p03.hdf,1414.7704046751048,72308.67091313851,72325.80968751071,7459.321405548024,-203.45118584324408,51.12194137544175,-0.0028471423321297087
H1,hdf_reconstructed,zone_3,reconstructed_velocity_area,minimum,negated,native_bc_only,none,True,True,1274,48,1799.9999712,30.0,29.999999999999893,True,59.99999904,False,3863.649841127896,177406.298159439,480914.84081538895,/mnt/8tb_hdd2/joyce/Minxiong/Minxiong_new/planH1/Minxiong.p03.hdf,613.6677145197725,31094.43473551104,31099.7276427992,3569.4665194589584,228.51081132031908,50.678448461536526,0.0016071577807397722
H1,hgn_target,all,reconstructed_velocity_area,minimum,negated,native_bc_only,hdf_precipitation,True,True,12715,48,1799.9999712,30.0,29.999999999999893,True,59.99999904,False,3863.649841127896,177406.298159439,4074185.8836480947,/mnt/8tb_hdd2/joyce/Minxiong/Minxiong_new/planH1/Minxiong.p03.hdf,1149.7584853730057,72309.47584140883,72311.66018199142,7457.272673048302,-271.8380983988118,62.89291281771407,0.005413356156810899
H1,hgn_target,zone_3,reconstructed_velocity_area,minimum,negated,native_bc_only,hdf_precipitation,True,True,1274,48,1799.9999712,30.0,29.999999999999893,True,59.99999904,False,3863.649841127896,177406.298159439,486554.51781657635,/mnt/8tb_hdd2/joyce/Minxiong/Minxiong_new/planH1/Minxiong.p03.hdf,484.44057694357963,31094.262512251473,31084.609620460935,3574.0029104741134,217.06293830357166,64.16599083540684,0.02826279189965106
H1,hdf_reconstructed,all,reconstructed_velocity_area,minimum,negated,native_bc_only,hdf_precipitation,True,True,12715,48,1799.9999712,30.0,29.999999999999893,True,59.99999904,False,3863.649841127896,177406.298159439,3946735.265857169,/mnt/8tb_hdd2/joyce/Minxiong/Minxiong_new/planH1/Minxiong.p03.hdf,1414.7704046751048,72309.47584140883,72326.47446597912,7474.69809559644,-263.08664072279055,51.12241125978921,-0.002833256518817787
H1,hdf_reconstructed,zone_3,reconstructed_velocity_area,minimum,negated,native_bc_only,hdf_precipitation,True,True,1274,48,1799.9999712,30.0,29.999999999999893,True,59.99999904,False,3863.649841127896,177406.298159439,463279.4297802511,/mnt/8tb_hdd2/joyce/Minxiong/Minxiong_new/planH1/Minxiong.p03.hdf,613.6677145197725,31094.262512251473,31099.53577830996,3577.485531201518,214.1777962053371,50.67813580945349,0.0016122676641242416
H1,hgn_target,all,reconstructed_velocity_area,maximum,cell_order,reconstructed_all_touching_faces,none,True,True,12715,48,1799.9999712,30.0,29.999999999999893,True,59.99999904,False,3863.649841127896,177406.298159439,11147344.864956247,/mnt/8tb_hdd2/joyce/Minxiong/Minxiong_new/planH1/Minxiong.p03.hdf,1149.7584853730057,104814.21692293842,104754.91388714216,13215.59534247025,-842.2767501019779,91.11036380232278,0.05633827070413045
H1,hgn_target,zone_3,reconstructed_velocity_area,maximum,cell_order,reconstructed_all_touching_faces,none,True,True,1274,48,1799.9999712,30.0,29.999999999999893,True,59.99999904,False,3863.649841127896,177406.298159439,1166103.641225185,/mnt/8tb_hdd2/joyce/Minxiong/Minxiong_new/planH1/Minxiong.p03.hdf,484.44057694357963,36472.212564809175,36482.865838764286,7365.087030796059,783.1725119968828,75.30926923781048,-0.013766034044017656
H1,hdf_reconstructed,all,reconstructed_velocity_area,maximum,cell_order,reconstructed_all_touching_faces,none,True,True,12715,48,1799.9999712,30.0,29.999999999999893,True,59.99999904,False,3863.649841127896,177406.298159439,11028090.988812286,/mnt/8tb_hdd2/joyce/Minxiong/Minxiong_new/planH1/Minxiong.p03.hdf,1414.7704046751048,104814.21692293842,104716.09367713731,13185.794546376774,-833.5252924259564,74.01631623838276,0.07551465581619346
H1,hdf_reconstructed,zone_3,reconstructed_velocity_area,maximum,cell_order,reconstructed_all_touching_faces,none,True,True,1274,48,1799.9999712,30.0,29.999999999999893,True,59.99999904,False,3863.649841127896,177406.298159439,1164502.2596697959,/mnt/8tb_hdd2/joyce/Minxiong/Minxiong_new/planH1/Minxiong.p03.hdf,613.6677145197725,36472.212564809175,36449.35325695615,7363.945120449059,780.2873698986481,59.39591149174223,0.04693541293168898
H1,hgn_target,all,reconstructed_velocity_area,maximum,cell_order,reconstructed_all_touching_faces,hdf_precipitation,True,True,12715,48,1799.9999712,30.0,29.999999999999893,True,59.99999904,False,3863.649841127896,177406.298159439,11999783.613225037,/mnt/8tb_hdd2/joyce/Minxiong/Minxiong_new/planH1/Minxiong.p03.hdf,1149.7584853730057,104815.88231849774,104756.4926077616,13210.685630131882,-901.9122049815245,91.11173689122755,0.05634594719932829
H1,hgn_target,zone_3,reconstructed_velocity_area,maximum,cell_order,reconstructed_all_touching_faces,hdf_precipitation,True,True,1274,48,1799.9999712,30.0,29.999999999999893,True,59.99999904,False,3863.649841127896,177406.298159439,1145543.703908744,/mnt/8tb_hdd2/joyce/Minxiong/Minxiong_new/planH1/Minxiong.p03.hdf,484.44057694357963,36471.8836567278,36482.51620237356,7361.6118570274975,768.8394968819006,75.30854750555402,-0.013754470282267046
H1,hdf_reconstructed,all,reconstructed_velocity_area,maximum,cell_order,reconstructed_all_touching_faces,hdf_precipitation,True,True,12715,48,1799.9999712,30.0,29.999999999999893,True,59.99999904,False,3863.649841127896,177406.298159439,11879940.34053914,/mnt/8tb_hdd2/joyce/Minxiong/Minxiong_new/planH1/Minxiong.p03.hdf,1414.7704046751048,104815.88231849774,104717.6639661359,13180.528987010903,-893.1607473055027,74.0174261633525,0.07552343605263633
H1,hdf_reconstructed,zone_3,reconstructed_velocity_area,maximum,cell_order,reconstructed_all_touching_faces,hdf_precipitation,True,True,1274,48,1799.9999712,30.0,29.999999999999893,True,59.99999904,False,3863.649841127896,177406.298159439,1144090.9566108345,/mnt/8tb_hdd2/joyce/Minxiong/Minxiong_new/planH1/Minxiong.p03.hdf,613.6677145197725,36471.8836567278,36449.007359019866,7360.344308256513,765.9543547836661,59.395347835013844,0.04693981681533134
H1,hgn_target,all,reconstructed_velocity_area,maximum,cell_order,native_bc_only,none,True,True,12715,48,1799.9999712,30.0,29.999999999999893,True,59.99999904,False,3863.649841127896,177406.298159439,3194076.841439376,/mnt/8tb_hdd2/joyce/Minxiong/Minxiong_new/planH1/Minxiong.p03.hdf,1149.7584853730057,71418.2712750494,71379.09911681034,12681.613906189214,-212.2026435192656,62.08181981249172,0.041825372735705676
H1,hgn_target,zone_3,reconstructed_velocity_area,maximum,cell_order,native_bc_only,none,True,True,1274,48,1799.9999712,30.0,29.999999999999893,True,59.99999904,False,3863.649841127896,177406.298159439,1206840.2135083182,/mnt/8tb_hdd2/joyce/Minxiong/Minxiong_new/planH1/Minxiong.p03.hdf,484.44057694357963,36496.73548435599,36507.42111962546,7371.884744070357,801.1225765705251,75.35995714883582,-0.013799290332494309
H1,hdf_reconstructed,all,reconstructed_velocity_area,maximum,cell_order,native_bc_only,none,True,True,12715,48,1799.9999712,30.0,29.999999999999893,True,59.99999904,False,3863.649841127896,177406.298159439,3065480.892449577,/mnt/8tb_hdd2/joyce/Minxiong/Minxiong_new/planH1/Minxiong.p03.hdf,1414.7704046751048,71418.2712750494,71322.1941138843,12651.740924857782,-203.45118584324405,50.412557315448716,0.0776800005011187
H1,hdf_reconstructed,zone_3,reconstructed_velocity_area,maximum,cell_order,native_bc_only,none,True,True,1274,48,1799.9999712,30.0,29.999999999999893,True,59.99999904,False,3863.649841127896,177406.298159439,1205150.1655512278,/mnt/8tb_hdd2/joyce/Minxiong/Minxiong_new/planH1/Minxiong.p03.hdf,613.6677145197725,36496.73548435599,36473.8915388982,7370.7178233919485,798.2374344722904,59.43589776014362,0.046933174956404526
H1,hgn_target,all,reconstructed_velocity_area,maximum,cell_order,native_bc_only,hdf_precipitation,True,True,12715,48,1799.9999712,30.0,29.999999999999893,True,59.99999904,False,3863.649841127896,177406.298159439,4074185.883648094,/mnt/8tb_hdd2/joyce/Minxiong/Minxiong_new/planH1/Minxiong.p03.hdf,1149.7584853730057,71419.21847714922,71379.91825183558,12676.700857395737,-271.8380983988119,62.08253225343968,0.041837130021839995
H1,hgn_target,zone_3,reconstructed_velocity_area,maximum,cell_order,native_bc_only,hdf_precipitation,True,True,1274,48,1799.9999712,30.0,29.999999999999893,True,59.99999904,False,3863.649841127896,177406.298159439,1186255.6182670635,/mnt/8tb_hdd2/joyce/Minxiong/Minxiong_new/planH1/Minxiong.p03.hdf,484.44057694357963,36496.39382167893,36507.05874659887,7368.404464736143,786.7895614555429,75.35920912514862,-0.013787736492220386
H1,hdf_reconstructed,all,reconstructed_velocity_area,maximum,cell_order,native_bc_only,hdf_precipitation,True,True,12715,48,1799.9999712,30.0,29.999999999999893,True,59.99999904,False,3863.649841127896,177406.298159439,3946735.265857171,/mnt/8tb_hdd2/joyce/Minxiong/Minxiong_new/planH1/Minxiong.p03.hdf,1414.7704046751048,71419.21847714922,71323.00066372706,12646.46805604003,-263.08664072279055,50.413127407839745,0.07769335406859272
H1,hdf_reconstructed,zone_3,reconstructed_velocity_area,maximum,cell_order,native_bc_only,hdf_precipitation,True,True,1274,48,1799.9999712,30.0,29.999999999999893,True,59.99999904,False,3863.649841127896,177406.298159439,1184707.5340326938,/mnt/8tb_hdd2/joyce/Minxiong/Minxiong_new/planH1/Minxiong.p03.hdf,613.6677145197725,36496.39382167893,36473.53288994068,7367.111893353125,783.9044193573085,59.43531332503479,0.04693758351345072
H1,hgn_target,all,reconstructed_velocity_area,maximum,negated,reconstructed_all_touching_faces,none,True,True,12715,48,1799.9999712,30.0,29.999999999999893,True,59.99999904,False,3863.649841127896,177406.298159439,14500985.466379177,/mnt/8tb_hdd2/joyce/Minxiong/Minxiong_new/planH1/Minxiong.p03.hdf,1149.7584853730057,104814.21692293842,104886.09080323466,13301.197403573025,1116.9425056954244,91.22445464640987,-0.05633827070413045
H1,hgn_target,zone_3,reconstructed_velocity_area,maximum,negated,reconstructed_all_touching_faces,none,True,True,1274,48,1799.9999712,30.0,29.999999999999893,True,59.99999904,False,3863.649841127896,177406.298159439,1070783.2768218417,/mnt/8tb_hdd2/joyce/Minxiong/Minxiong_new/planH1/Minxiong.p03.hdf,484.44057694357963,36472.212564809175,36467.99205167668,7394.134881265772,-705.6107227737631,75.27856622118573,0.013766034044017656
H1,hdf_reconstructed,all,reconstructed_velocity_area,maximum,negated,reconstructed_all_touching_faces,none,True,True,12715,48,1799.9999712,30.0,29.999999999999893,True,59.99999904,False,3863.649841127896,177406.298159439,14626296.197378114,/mnt/8tb_hdd2/joyce/Minxiong/Minxiong_new/planH1/Minxiong.p03.hdf,1414.7704046751048,104814.21692293842,104931.32522719068,13325.055264412142,1125.693963371446,74.1684480255209,-0.07551465581619346
H1,hdf_reconstructed,zone_3,reconstructed_velocity_area,maximum,negated,reconstructed_all_touching_faces,none,True,True,1274,48,1799.9999712,30.0,29.999999999999893,True,59.99999904,False,3863.649841127896,177406.298159439,1073590.512748056,/mnt/8tb_hdd2/joyce/Minxiong/Minxiong_new/planH1/Minxiong.p03.hdf,613.6677145197725,36472.212564809175,36505.37497441379,7397.802348236776,-708.4958648719978,59.48720147837854,-0.04693541293168898
H1,hgn_target,all,reconstructed_velocity_area,maximum,negated,reconstructed_all_touching_faces,hdf_precipitation,True,True,12715,48,1799.9999712,30.0,29.999999999999893,True,59.99999904,False,3863.649841127896,177406.298159439,13678949.62329891,/mnt/8tb_hdd2/joyce/Minxiong/Minxiong_new/planH1/Minxiong.p03.hdf,1149.7584853730057,104812.60679807875,104884.39427086055,13306.398502699942,1057.3070508158778,91.22297909098175,-0.056330582571227104
H1,hgn_target,zone_3,reconstructed_velocity_area,maximum,negated,reconstructed_all_touching_faces,hdf_precipitation,True,True,1274,48,1799.9999712,30.0,29.999999999999893,True,59.99999904,False,3863.649841127896,177406.298159439,1091257.542218088,/mnt/8tb_hdd2/joyce/Minxiong/Minxiong_new/planH1/Minxiong.p03.hdf,484.44057694357963,36472.54955536914,36468.30824876989,7397.509883201791,-719.9437378887453,75.27921892681829,0.013777596853955167
H1,hdf_reconstructed,all,reconstructed_velocity_area,maximum,negated,reconstructed_all_touching_faces,hdf_precipitation,True,True,12715,48,1799.9999712,30.0,29.999999999999893,True,59.99999904,False,3863.649841127896,177406.298159439,13803851.135293214,/mnt/8tb_hdd2/joyce/Minxiong/Minxiong_new/planH1/Minxiong.p03.hdf,1414.7704046751048,104812.60679807875,104929.6204275205,13330.494734913416,1066.0585084918998,74.16724302457901,-0.07550586001192573
H1,hdf_reconstructed,zone_3,reconstructed_velocity_area,maximum,negated,reconstructed_all_touching_faces,hdf_precipitation,True,True,1274,48,1799.9999712,30.0,29.999999999999893,True,59.99999904,False,3863.649841127896,177406.298159439,1094197.7496437654,/mnt/8tb_hdd2/joyce/Minxiong/Minxiong_new/planH1/Minxiong.p03.hdf,613.6677145197725,36472.54955536914,36505.69490133055,7401.188514422607,-722.8288799869797,59.48772281412619,-0.046931005900009565
H1,hgn_target,all,reconstructed_velocity_area,maximum,negated,native_bc_only,none,True,True,12715,48,1799.9999712,30.0,29.999999999999893,True,59.99999904,False,3863.649841127896,177406.298159439,3194076.8414393803,/mnt/8tb_hdd2/joyce/Minxiong/Minxiong_new/planH1/Minxiong.p03.hdf,1149.7584853730057,86643.29299608192,86673.23264801245,13224.596675806153,-212.20264351926548,75.3838599589842,-0.020034895266097575
H1,hgn_target,zone_3,reconstructed_velocity_area,maximum,negated,native_bc_only,none,True,True,1274,48,1799.9999712,30.0,29.999999999999893,True,59.99999904,False,3863.649841127896,177406.298159439,1017873.6503570209,/mnt/8tb_hdd2/joyce/Minxiong/Minxiong_new/planH1/Minxiong.p03.hdf,484.44057694357963,36651.41212401439,36647.28130418572,7423.7550061001875,-675.7719326698141,75.64866166950719,0.013620856237824636
H1,hdf_reconstructed,all,reconstructed_velocity_area,maximum,negated,native_bc_only,none,True,True,12715,48,1799.9999712,30.0,29.999999999999893,True,59.99999904,False,3863.649841127896,177406.298159439,3065480.8924495797,/mnt/8tb_hdd2/joyce/Minxiong/Minxiong_new/planH1/Minxiong.p03.hdf,1414.7704046751048,86643.29299608192,86730.67377543516,13248.433476490507,-203.4511858432441,61.303709413791736,-0.054337471709436376
H1,hdf_reconstructed,zone_3,reconstructed_velocity_area,maximum,negated,native_bc_only,none,True,True,1274,48,1799.9999712,30.0,29.999999999999893,True,59.99999904,False,3863.649841127896,177406.298159439,1020536.0499809439,/mnt/8tb_hdd2/joyce/Minxiong/Minxiong_new/planH1/Minxiong.p03.hdf,613.6677145197725,36651.41212401439,36684.41667452767,7427.434680938974,-678.6570747680488,59.77895823187499,-0.04666412579068668
H1,hgn_target,all,reconstructed_velocity_area,maximum,negated,native_bc_only,hdf_precipitation,True,True,12715,48,1799.9999712,30.0,29.999999999999893,True,59.99999904,False,3863.649841127896,177406.298159439,4074185.883648091,/mnt/8tb_hdd2/joyce/Minxiong/Minxiong_new/planH1/Minxiong.p03.hdf,1149.7584853730057,86643.68777092345,86673.52138881823,13229.837230674293,-271.83809839881195,75.3841110906866,-0.020024868697402897
H1,hgn_target,zone_3,reconstructed_velocity_area,maximum,negated,native_bc_only,hdf_precipitation,True,True,1274,48,1799.9999712,30.0,29.999999999999893,True,59.99999904,False,3863.649841127896,177406.298159439,1038035.0981778714,/mnt/8tb_hdd2/joyce/Minxiong/Minxiong_new/planH1/Minxiong.p03.hdf,484.44057694357963,36651.72646395882,36647.57494899959,7427.117972100533,-690.1049477847963,75.6492678218979,0.013632366018167304
H1,hdf_reconstructed,all,reconstructed_velocity_area,maximum,negated,native_bc_only,hdf_precipitation,True,True,12715,48,1799.9999712,30.0,29.999999999999893,True,59.99999904,False,3863.649841127896,177406.298159439,3946735.265857178,/mnt/8tb_hdd2/joyce/Minxiong/Minxiong_new/planH1/Minxiong.p03.hdf,1414.7704046751048,86643.68777092345,86730.95143817182,13253.911907944099,-263.08664072279043,61.30390567371895,-0.05432581553989592
H1,hdf_reconstructed,zone_3,reconstructed_velocity_area,maximum,negated,native_bc_only,hdf_precipitation,True,True,1274,48,1799.9999712,30.0,29.999999999999893,True,59.99999904,False,3863.649841127896,177406.298159439,1040840.9364571653,/mnt/8tb_hdd2/joyce/Minxiong/Minxiong_new/planH1/Minxiong.p03.hdf,613.6677145197725,36651.72646395882,36684.714055926815,7430.808811189136,-692.9900898830307,59.77944282865614,-0.046659752842585
H1,hgn_target,all,native_face_flow,native,cell_order,reconstructed_all_touching_faces,none,True,True,12715,48,1799.9999712,30.0,29.999999999999893,True,59.99999904,False,3863.649841127896,177406.298159439,3194072.016140047,/mnt/8tb_hdd2/joyce/Minxiong/Minxiong_new/planH1/Minxiong.p03.hdf,1149.7584853730057,1927.2718783251578,1797.8639837089409,410.72972008929463,-212.1854394306255,1.5636883802824697,0.39472262372294287
H1,hgn_target,zone_3,native_face_flow,native,cell_order,reconstructed_all_touching_faces,none,True,True,1274,48,1799.9999712,30.0,29.999999999999893,True,59.99999904,False,3863.649841127896,177406.298159439,151260.8087625318,/mnt/8tb_hdd2/joyce/Minxiong/Minxiong_new/planH1/Minxiong.p03.hdf,484.44057694357963,1051.9517483338864,1126.9190232695362,107.62507734059413,-22.96127013650565,2.326227564130704,0.06561846302753202
H1,hdf_reconstructed,all,native_face_flow,native,cell_order,reconstructed_all_touching_faces,none,True,True,12715,48,1799.9999712,30.0,29.999999999999893,True,59.99999904,False,3863.649841127896,177406.298159439,3065463.7608156814,/mnt/8tb_hdd2/joyce/Minxiong/Minxiong_new/planH1/Minxiong.p03.hdf,1414.7704046751048,1927.2718783251578,1184.7103725637965,296.59180533793864,-203.433981754604,0.8373870195820639,0.7893018729493636
H1,hdf_reconstructed,zone_3,native_face_flow,native,cell_order,reconstructed_all_touching_faces,none,True,True,1274,48,1799.9999712,30.0,29.999999999999893,True,59.99999904,False,3863.649841127896,177406.298159439,97762.23666974732,/mnt/8tb_hdd2/joyce/Minxiong/Minxiong_new/planH1/Minxiong.p03.hdf,613.6677145197725,1051.9517483338864,781.3619484707677,55.7292419572598,-25.84641223474026,1.2732655311388263,0.6747921530109671
H1,hgn_target,all,native_face_flow,native,cell_order,reconstructed_all_touching_faces,hdf_precipitation,True,True,12715,48,1799.9999712,30.0,29.999999999999893,True,59.99999904,False,3863.649841127896,177406.298159439,4074179.126927028,/mnt/8tb_hdd2/joyce/Minxiong/Minxiong_new/planH1/Minxiong.p03.hdf,1149.7584853730057,1946.3873729812817,1813.2856249647523,389.64767415733655,-271.8208943101719,1.577101320001552,0.39360471329659963
H1,hgn_target,zone_3,native_face_flow,native,cell_order,reconstructed_all_touching_faces,hdf_precipitation,True,True,1274,48,1799.9999712,30.0,29.999999999999893,True,59.99999904,False,3863.649841127896,177406.298159439,154469.90594737986,/mnt/8tb_hdd2/joyce/Minxiong/Minxiong_new/planH1/Minxiong.p03.hdf,484.44057694357963,1053.0048890647731,1127.228393223482,96.35032154958627,-37.294285251487686,2.326866176932088,0.06601328517689872
H1,hdf_reconstructed,all,native_face_flow,native,cell_order,reconstructed_all_touching_faces,hdf_precipitation,True,True,12715,48,1799.9999712,30.0,29.999999999999893,True,59.99999904,False,3863.649841127896,177406.298159439,3946718.889680682,/mnt/8tb_hdd2/joyce/Minxiong/Minxiong_new/planH1/Minxiong.p03.hdf,1414.7704046751048,1946.3873729812817,1207.203408198349,266.46906462391127,-263.06943663415046,0.8532857375367401,0.7866832903972789
H1,hdf_reconstructed,zone_3,native_face_flow,native,cell_order,reconstructed_all_touching_faces,hdf_precipitation,True,True,1274,48,1799.9999712,30.0,29.999999999999893,True,59.99999904,False,3863.649841127896,177406.298159439,104615.9798064914,/mnt/8tb_hdd2/joyce/Minxiong/Minxiong_new/planH1/Minxiong.p03.hdf,613.6677145197725,1053.0048890647731,781.9973275722937,43.16019001704119,-40.179427349722296,1.2743009108508307,0.6748694359293659
H1,hgn_target,all,native_face_flow,native,cell_order,native_bc_only,none,True,True,12715,48,1799.9999712,30.0,29.999999999999893,True,59.99999904,False,3863.649841127896,177406.298159439,3194076.8414394455,/mnt/8tb_hdd2/joyce/Minxiong/Minxiong_new/planH1/Minxiong.p03.hdf,1149.7584853730057,1927.7314834037538,1797.8781778184323,410.7370932706569,-212.20264351926556,1.5637007255790445,0.39502245247503065
H1,hgn_target,zone_3,native_face_flow,native,cell_order,native_bc_only,none,True,True,1274,48,1799.9999712,30.0,29.999999999999893,True,59.99999904,False,3863.649841127896,177406.298159439,151260.8087625318,/mnt/8tb_hdd2/joyce/Minxiong/Minxiong_new/planH1/Minxiong.p03.hdf,484.44057694357963,1051.9517483338864,1126.9190232695362,107.62507734059413,-22.96127013650565,2.326227564130704,0.06561846302753202
H1,hdf_reconstructed,all,native_face_flow,native,cell_order,native_bc_only,none,True,True,12715,48,1799.9999712,30.0,29.999999999999893,True,59.99999904,False,3863.649841127896,177406.298159439,3065480.8924496504,/mnt/8tb_hdd2/joyce/Minxiong/Minxiong_new/planH1/Minxiong.p03.hdf,1414.7704046751048,1927.7314834037538,1184.74503253174,296.60687874548233,-203.45118584324408,0.8374115182341625,0.7894243513787352
H1,hdf_reconstructed,zone_3,native_face_flow,native,cell_order,native_bc_only,none,True,True,1274,48,1799.9999712,30.0,29.999999999999893,True,59.99999904,False,3863.649841127896,177406.298159439,97762.23666974732,/mnt/8tb_hdd2/joyce/Minxiong/Minxiong_new/planH1/Minxiong.p03.hdf,613.6677145197725,1051.9517483338864,781.3619484707677,55.7292419572598,-25.84641223474026,1.2732655311388263,0.6747921530109671
H1,hgn_target,all,native_face_flow,native,cell_order,native_bc_only,hdf_precipitation,True,True,12715,48,1799.9999712,30.0,29.999999999999893,True,59.99999904,False,3863.649841127896,177406.298159439,4074185.8836480915,/mnt/8tb_hdd2/joyce/Minxiong/Minxiong_new/planH1/Minxiong.p03.hdf,1149.7584853730057,1946.8425209873908,1813.2997581101326,389.65504733869886,-271.83809839881195,1.5771136122747207,0.39390410261087977
H1,hgn_target,zone_3,native_face_flow,native,cell_order,native_bc_only,hdf_precipitation,True,True,1274,48,1799.9999712,30.0,29.999999999999893,True,59.99999904,False,3863.649841127896,177406.298159439,154469.90594737986,/mnt/8tb_hdd2/joyce/Minxiong/Minxiong_new/planH1/Minxiong.p03.hdf,484.44057694357963,1053.0048890647731,1127.228393223482,96.35032154958627,-37.294285251487686,2.326866176932088,0.06601328517689872
H1,hdf_reconstructed,all,native_face_flow,native,cell_order,native_bc_only,hdf_precipitation,True,True,12715,48,1799.9999712,30.0,29.999999999999893,True,59.99999904,False,3863.649841127896,177406.298159439,3946735.2658571694,/mnt/8tb_hdd2/joyce/Minxiong/Minxiong_new/planH1/Minxiong.p03.hdf,1414.7704046751048,1946.8425209873908,1207.237512138603,266.48420460744904,-263.0866407227905,0.8533098431726378,0.7868068832414861
H1,hdf_reconstructed,zone_3,native_face_flow,native,cell_order,native_bc_only,hdf_precipitation,True,True,1274,48,1799.9999712,30.0,29.999999999999893,True,59.99999904,False,3863.649841127896,177406.298159439,104615.9798064914,/mnt/8tb_hdd2/joyce/Minxiong/Minxiong_new/planH1/Minxiong.p03.hdf,613.6677145197725,1053.0048890647731,781.9973275722937,43.160190017041195,-40.179427349722296,1.2743009108508307,0.6748694359293659
H1,hgn_target,all,native_face_flow,native,negated,reconstructed_all_touching_faces,none,True,True,12715,48,1799.9999712,30.0,29.999999999999893,True,59.99999904,False,3863.649841127896,177406.298159439,6364074.01139985,/mnt/8tb_hdd2/joyce/Minxiong/Minxiong_new/planH1/Minxiong.p03.hdf,1149.7584853730057,1927.2718783251578,2615.4020783471587,548.1048747701668,486.8511950240719,2.2747404012405856,-0.39472262372294287
H1,hgn_target,zone_3,native_face_flow,native,negated,reconstructed_all_touching_faces,none,True,True,1274,48,1799.9999712,30.0,29.999999999999893,True,59.99999904,False,3863.649841127896,177406.298159439,211899.39237059752,/mnt/8tb_hdd2/joyce/Minxiong/Minxiong_new/planH1/Minxiong.p03.hdf,484.44057694357963,1051.9517483338864,1188.5385234890502,124.11597558959947,100.52305935962526,2.4534247956431474,-0.06561846302753202
H1,hdf_reconstructed,all,native_face_flow,native,negated,reconstructed_all_touching_faces,none,True,True,12715,48,1799.9999712,30.0,29.999999999999893,True,59.99999904,False,3863.649841127896,177406.298159439,6504761.354157712,/mnt/8tb_hdd2/joyce/Minxiong/Minxiong_new/planH1/Minxiong.p03.hdf,1414.7704046751048,1927.2718783251578,3166.759497498166,563.2795120676507,495.60265270009353,2.238355769270843,-0.7893018729493636
H1,hdf_reconstructed,zone_3,native_face_flow,native,negated,reconstructed_all_touching_faces,none,True,True,1274,48,1799.9999712,30.0,29.999999999999893,True,59.99999904,False,3863.649841127896,177406.298159439,245990.45443795607,/mnt/8tb_hdd2/joyce/Minxiong/Minxiong_new/planH1/Minxiong.p03.hdf,613.6677145197725,1051.9517483338864,1534.8793421032312,121.72964697969302,97.63791726139067,2.5011570688615348,-0.6747921530109671
H1,hgn_target,all,native_face_flow,native,negated,reconstructed_all_touching_faces,hdf_precipitation,True,True,12715,48,1799.9999712,30.0,29.999999999999893,True,59.99999904,False,3863.649841127896,177406.298159439,5538157.729348343,/mnt/8tb_hdd2/joyce/Minxiong/Minxiong_new/planH1/Minxiong.p03.hdf,1149.7584853730057,1911.00017177115,2599.9068706430726,564.4201555434329,427.21574014452557,2.2612634772594076,-0.3956073599360567
H1,hgn_target,zone_3,native_face_flow,native,negated,reconstructed_all_touching_faces,hdf_precipitation,True,True,1274,48,1799.9999712,30.0,29.999999999999893,True,59.99999904,False,3863.649841127896,177406.298159439,201641.0323421369,/mnt/8tb_hdd2/joyce/Minxiong/Minxiong_new/planH1/Minxiong.p03.hdf,484.44057694357963,1051.1781289339394,1187.2141128097753,133.16109974189482,86.19004424464325,2.4506908985620424,-0.06521826357011652
H1,hdf_reconstructed,all,native_face_flow,native,negated,reconstructed_all_touching_faces,hdf_precipitation,True,True,12715,48,1799.9999712,30.0,29.999999999999893,True,59.99999904,False,3863.649841127896,177406.298159439,5680172.153940271,/mnt/8tb_hdd2/joyce/Minxiong/Minxiong_new/planH1/Minxiong.p03.hdf,1414.7704046751048,1911.00017177115,3153.674835443358,581.1306069601645,435.9671978205472,2.2291071576151498,-0.7914570339956348
H1,hdf_reconstructed,zone_3,native_face_flow,native,negated,reconstructed_all_touching_faces,hdf_precipitation,True,True,1274,48,1799.9999712,30.0,29.999999999999893,True,59.99999904,False,3863.649841127896,177406.298159439,238065.0874191128,/mnt/8tb_hdd2/joyce/Minxiong/Minxiong_new/planH1/Minxiong.p03.hdf,613.6677145197725,1051.1781289339394,1533.9504825717695,131.25086706764492,83.30490214640864,2.4996434491786275,-0.6746601211839746
H1,hgn_target,all,native_face_flow,native,negated,native_bc_only,none,True,True,12715,48,1799.9999712,30.0,29.999999999999893,True,59.99999904,False,3863.649841127896,177406.298159439,3194076.84143929,/mnt/8tb_hdd2/joyce/Minxiong/Minxiong_new/planH1/Minxiong.p03.hdf,1149.7584853730057,69305.24186223408,69305.81279788207,1465.052118650101,-212.2026435192655,60.2785834412849,0.00724788532260495
H1,hgn_target,zone_3,native_face_flow,native,negated,native_bc_only,none,True,True,1274,48,1799.9999712,30.0,29.999999999999893,True,59.99999904,False,3863.649841127896,177406.298159439,341587.06175873696,/mnt/8tb_hdd2/joyce/Minxiong/Minxiong_new/planH1/Minxiong.p03.hdf,484.44057694357963,5223.968073316587,5253.93286227039,171.89275783337447,148.31191403721652,10.845360839544803,-0.014034353354586474
H1,hdf_reconstructed,all,native_face_flow,native,negated,native_bc_only,none,True,True,12715,48,1799.9999712,30.0,29.999999999999893,True,59.99999904,False,3863.649841127896,177406.298159439,3065480.892449481,/mnt/8tb_hdd2/joyce/Minxiong/Minxiong_new/planH1/Minxiong.p03.hdf,1414.7704046751048,69305.24186223408,69332.2762578935,1480.165079659353,-203.45118584324405,49.00602672262948,-0.00947714471111281
H1,hdf_reconstructed,zone_3,native_face_flow,native,negated,native_bc_only,none,True,True,1274,48,1799.9999712,30.0,29.999999999999893,True,59.99999904,False,3863.649841127896,177406.298159439,362428.99982854846,/mnt/8tb_hdd2/joyce/Minxiong/Minxiong_new/planH1/Minxiong.p03.hdf,613.6677145197725,5223.968073316587,5342.227761862125,169.50689802835967,145.4267719389819,8.705407886811678,-0.13518983839815277
H1,hgn_target,all,native_face_flow,native,negated,native_bc_only,hdf_precipitation,True,True,12715,48,1799.9999712,30.0,29.999999999999893,True,59.99999904,False,3863.649841127896,177406.298159439,4074185.8836480994,/mnt/8tb_hdd2/joyce/Minxiong/Minxiong_new/planH1/Minxiong.p03.hdf,1149.7584853730057,69306.17726987941,69306.61576427842,1481.4076824068975,-271.83809839881195,60.27928181960223,0.007260317867653104
H1,hgn_target,zone_3,native_face_flow,native,negated,native_bc_only,hdf_precipitation,True,True,1274,48,1799.9999712,30.0,29.999999999999893,True,59.99999904,False,3863.649841127896,177406.298159439,328465.8111165579,/mnt/8tb_hdd2/joyce/Minxiong/Minxiong_new/planH1/Minxiong.p03.hdf,484.44057694357963,5223.574321478011,5253.396742311495,180.91421217007442,133.97889892223444,10.844254161069856,-0.013953816054648195
H1,hdf_reconstructed,all,native_face_flow,native,negated,native_bc_only,hdf_precipitation,True,True,12715,48,1799.9999712,30.0,29.999999999999893,True,59.99999904,False,3863.649841127896,177406.298159439,3946735.2658571876,/mnt/8tb_hdd2/joyce/Minxiong/Minxiong_new/planH1/Minxiong.p03.hdf,1414.7704046751048,69306.17726987941,69333.06529911423,1498.0526148163096,-263.08664072279055,49.00658443942799,-0.00946259409011809
H1,hdf_reconstructed,zone_3,native_face_flow,native,negated,native_bc_only,hdf_precipitation,True,True,1274,48,1799.9999712,30.0,29.999999999999893,True,59.99999904,False,3863.649841127896,177406.298159439,350669.04192488454,/mnt/8tb_hdd2/joyce/Minxiong/Minxiong_new/planH1/Minxiong.p03.hdf,613.6677145197725,5223.574321478011,5341.728206378947,179.00538994678018,131.09375682399985,8.70459383798467,-0.13516236559547984
H1,hgn_target,all,native_cell_flow_balance,native,cell_order,reconstructed_all_touching_faces,none,True,True,12715,48,1799.9999712,30.0,29.999999999999893,True,59.99999904,False,3863.649841127896,177406.298159439,3194072.0306956354,/mnt/8tb_hdd2/joyce/Minxiong/Minxiong_new/planH1/Minxiong.p03.hdf,1149.7584853730057,1927.2718781836218,1797.8639852535323,410.7297205529011,-212.18543989682752,1.5636883816258749,0.39472262233162864
H1,hgn_target,zone_3,native_cell_flow_balance,native,cell_order,reconstructed_all_touching_faces,none,True,True,1274,48,1799.9999712,30.0,29.999999999999893,True,59.99999904,False,3863.649841127896,177406.298159439,151260.80873762717,/mnt/8tb_hdd2/joyce/Minxiong/Minxiong_new/planH1/Minxiong.p03.hdf,484.44057694357963,1051.9517391363354,1126.9190221655927,107.62507524405645,-22.96126659285571,2.3262275618519035,0.06561844723456911
H1,hdf_reconstructed,all,native_cell_flow_balance,native,cell_order,reconstructed_all_touching_faces,none,True,True,12715,48,1799.9999712,30.0,29.999999999999893,True,59.99999904,False,3863.649841127896,177406.298159439,3065463.7761812657,/mnt/8tb_hdd2/joyce/Minxiong/Minxiong_new/planH1/Minxiong.p03.hdf,1414.7704046751048,1927.2718781836218,1184.7103741951048,296.59180519460466,-203.4339822208061,0.8373870207351191,0.7893018721926752
H1,hdf_reconstructed,zone_3,native_cell_flow_balance,native,cell_order,reconstructed_all_touching_faces,none,True,True,1274,48,1799.9999712,30.0,29.999999999999893,True,59.99999904,False,3863.649841127896,177406.298159439,97762.23662254174,/mnt/8tb_hdd2/joyce/Minxiong/Minxiong_new/planH1/Minxiong.p03.hdf,613.6677145197725,1051.9517391363354,781.361936543497,55.72923903406582,-25.846408691090325,1.2732655117027853,0.6747921584419735
H1,hgn_target,all,native_cell_flow_balance,native,cell_order,reconstructed_all_touching_faces,hdf_precipitation,True,True,12715,48,1799.9999712,30.0,29.999999999999893,True,59.99999904,False,3863.649841127896,177406.298159439,4074179.141747396,/mnt/8tb_hdd2/joyce/Minxiong/Minxiong_new/planH1/Minxiong.p03.hdf,1149.7584853730057,1946.3873729116922,1813.2856265719427,389.6476749039936,-271.8208947763739,1.5771013213994023,0.39360471189859997
H1,hgn_target,zone_3,native_cell_flow_balance,native,cell_order,reconstructed_all_touching_faces,hdf_precipitation,True,True,1274,48,1799.9999712,30.0,29.999999999999893,True,59.99999904,False,3863.649841127896,177406.298159439,154469.9049655204,/mnt/8tb_hdd2/joyce/Minxiong/Minxiong_new/planH1/Minxiong.p03.hdf,484.44057694357963,1053.0048797929871,1127.228392041902,96.35031941743425,-37.294281707837754,2.326866174493027,0.06601326939120623
H1,hdf_reconstructed,all,native_cell_flow_balance,native,cell_order,reconstructed_all_touching_faces,hdf_precipitation,True,True,12715,48,1799.9999712,30.0,29.999999999999893,True,59.99999904,False,3863.649841127896,177406.298159439,3946718.9051344967,/mnt/8tb_hdd2/joyce/Minxiong/Minxiong_new/planH1/Minxiong.p03.hdf,1414.7704046751048,1946.3873729116922,1207.2034099130221,266.4690647250363,-263.0694371003524,0.8532857387487198,0.7866832896191177
H1,hdf_reconstructed,zone_3,native_cell_flow_balance,native,cell_order,reconstructed_all_touching_faces,hdf_precipitation,True,True,1274,48,1799.9999712,30.0,29.999999999999893,True,59.99999904,False,3863.649841127896,177406.298159439,104615.97834863052,/mnt/8tb_hdd2/joyce/Minxiong/Minxiong_new/planH1/Minxiong.p03.hdf,613.6677145197725,1053.0048797929871,781.9973155423659,43.16018667041995,-40.179423806072364,1.2743008912475056,0.6748694413824844
H1,hgn_target,all,native_cell_flow_balance,native,negated,reconstructed_all_touching_faces,none,True,True,12715,48,1799.9999712,30.0,29.999999999999893,True,59.99999904,False,3863.649841127896,177406.298159439,6364074.0205587465,/mnt/8tb_hdd2/joyce/Minxiong/Minxiong_new/planH1/Minxiong.p03.hdf,1149.7584853730057,1927.2718781836218,2615.402077076791,548.1048749197931,486.85119549027405,2.274740400135686,-0.39472262233162864
H1,hgn_target,zone_3,native_cell_flow_balance,native,negated,reconstructed_all_touching_faces,none,True,True,1274,48,1799.9999712,30.0,29.999999999999893,True,59.99999904,False,3863.649841127896,177406.298159439,211899.39112494624,/mnt/8tb_hdd2/joyce/Minxiong/Minxiong_new/planH1/Minxiong.p03.hdf,484.44057694357963,1051.9517391363354,1188.5385082546218,124.11597249505283,100.52305581597535,2.4534247641956815,-0.06561844723456911
H1,hdf_reconstructed,all,native_cell_flow_balance,native,negated,reconstructed_all_touching_faces,none,True,True,12715,48,1799.9999712,30.0,29.999999999999893,True,59.99999904,False,3863.649841127896,177406.298159439,6504761.363024584,/mnt/8tb_hdd2/joyce/Minxiong/Minxiong_new/planH1/Minxiong.p03.hdf,1414.7704046751048,1927.2718781836218,3166.759496715604,563.2795122330978,495.6026531662953,2.238355768717706,-0.7893018721926752
H1,hdf_reconstructed,zone_3,native_cell_flow_balance,native,negated,reconstructed_all_touching_faces,none,True,True,1274,48,1799.9999712,30.0,29.999999999999893,True,59.99999904,False,3863.649841127896,177406.298159439,245990.4533683823,/mnt/8tb_hdd2/joyce/Minxiong/Minxiong_new/planH1/Minxiong.p03.hdf,613.6677145197725,1051.9517391363354,1534.8793355677046,121.72964390042692,97.63791371774073,2.5011570582115907,-0.6747921584419735
H1,hgn_target,all,native_cell_flow_balance,native,negated,reconstructed_all_touching_faces,hdf_precipitation,True,True,12715,48,1799.9999712,30.0,29.999999999999893,True,59.99999904,False,3863.649841127896,177406.298159439,5538157.737365206,/mnt/8tb_hdd2/joyce/Minxiong/Minxiong_new/planH1/Minxiong.p03.hdf,1149.7584853730057,1911.0001715565447,2599.906869312312,564.4201551414349,427.2157406107276,2.2612634761019814,-0.39560735855242457
H1,hgn_target,zone_3,native_cell_flow_balance,native,negated,reconstructed_all_touching_faces,hdf_precipitation,True,True,1274,48,1799.9999712,30.0,29.999999999999893,True,59.99999904,False,3863.649841127896,177406.298159439,201641.03176659864,/mnt/8tb_hdd2/joyce/Minxiong/Minxiong_new/planH1/Minxiong.p03.hdf,484.44057694357963,1051.1781198131978,1187.2140976323535,133.1611009092393,86.19004070099331,2.4506908672322516,-0.0652182477710976
H1,hdf_reconstructed,all,native_cell_flow_balance,native,negated,reconstructed_all_touching_faces,hdf_precipitation,True,True,12715,48,1799.9999712,30.0,29.999999999999893,True,59.99999904,False,3863.649841127896,177406.298159439,5680172.161649125,/mnt/8tb_hdd2/joyce/Minxiong/Minxiong_new/planH1/Minxiong.p03.hdf,1414.7704046751048,1911.0001715565447,3153.6748346140016,581.1306068899784,435.9671982867489,2.229107157028937,-0.7914570332612597
H1,hdf_reconstructed,zone_3,native_cell_flow_balance,native,negated,reconstructed_all_touching_faces,hdf_precipitation,True,True,1274,48,1799.9999712,30.0,29.999999999999893,True,59.99999904,False,3863.649841127896,177406.298159439,238065.0869351934,/mnt/8tb_hdd2/joyce/Minxiong/Minxiong_new/planH1/Minxiong.p03.hdf,613.6677145197725,1051.1781198131978,1533.95047608956,131.25086908806225,83.30489860275868,2.4996434386155664,-0.6746601265914903
MEAN,hgn_target,all,reconstructed_velocity_area,mean,cell_order,reconstructed_all_touching_faces,none,True,True,12715,48,1799.9999712,30.0,29.999999999999893,True,59.99999904,False,3863.649841127896,177406.298159439,11147344.864956247,,1149.7584853730057,93861.44328225567,93818.27317478532,7704.986484598101,-842.2767501019781,81.59824377756057,0.04272480513419461
MEAN,hgn_target,zone_3,reconstructed_velocity_area,mean,cell_order,reconstructed_all_touching_faces,none,True,True,1274,48,1799.9999712,30.0,29.999999999999893,True,59.99999904,False,3863.649841127896,177406.298159439,411673.1865508909,,484.44057694357963,31414.32960305864,31430.541368549173,3633.961722784796,-192.2248616483755,64.88007583272639,-0.026437283048645933
MEAN,hdf_reconstructed,all,reconstructed_velocity_area,mean,cell_order,reconstructed_all_touching_faces,none,True,True,12715,48,1799.9999712,30.0,29.999999999999893,True,59.99999904,False,3863.649841127896,177406.298159439,11028090.988812286,,1414.7704046751048,93861.44328225567,93809.39593298481,7658.4199220138,-833.5252924259566,66.30715176327688,0.04347189032470665
MEAN,hdf_reconstructed,zone_3,reconstructed_velocity_area,mean,cell_order,reconstructed_all_touching_faces,none,True,True,1274,48,1799.9999712,30.0,29.999999999999893,True,59.99999904,False,3863.649841127896,177406.298159439,442650.28120896907,,613.6677145197725,31414.32960305864,31409.45017250064,3621.5575711999077,-195.1100037466101,51.18315568724387,0.017317947067999686
MEAN,hgn_target,all,reconstructed_velocity_area,mean,cell_order,reconstructed_all_touching_faces,hdf_precipitation,True,True,12715,48,1799.9999712,30.0,29.999999999999893,True,59.99999904,False,3863.649841127896,177406.298159439,11999783.61322503,,1149.7584853730057,93863.07356690426,93819.80637817203,7711.525972879073,-901.9122049815245,81.59957727794887,0.04273358224590626
MEAN,hgn_target,zone_3,reconstructed_velocity_area,mean,cell_order,reconstructed_all_touching_faces,hdf_precipitation,True,True,1274,48,1799.9999712,30.0,29.999999999999893,True,59.99999904,False,3863.649841127896,177406.298159439,430076.26218121976,,484.44057694357963,31414.524638530213,31430.712132008834,3639.4970622011465,-206.55787676335757,64.88042832892054,-0.026423770076366752
MEAN,hdf_reconstructed,all,reconstructed_velocity_area,mean,cell_order,reconstructed_all_touching_faces,hdf_precipitation,True,True,12715,48,1799.9999712,30.0,29.999999999999893,True,59.99999904,False,3863.649841127896,177406.298159439,11879940.34053914,,1414.7704046751048,93863.07356690426,93810.91921625476,7664.521796014959,-893.1607473055029,66.30822846325937,0.0434821150471344
MEAN,hdf_reconstructed,zone_3,reconstructed_velocity_area,mean,cell_order,reconstructed_all_touching_faces,hdf_precipitation,True,True,1274,48,1799.9999712,30.0,29.999999999999893,True,59.99999904,False,3863.649841127896,177406.298159439,460256.4273939984,,613.6677145197725,31414.524638530213,31409.625761926178,3626.985122064596,-209.44301886159218,51.18344181835584,0.017322952875792417
MEAN,hgn_target,all,reconstructed_velocity_area,mean,cell_order,native_bc_only,none,True,True,12715,48,1799.9999712,30.0,29.999999999999893,True,59.99999904,False,3863.649841127896,177406.298159439,3194076.8414393775,,1149.7584853730057,54060.18978958644,54048.463169952935,7171.038026986942,-212.2026435192655,47.00853601651697,0.020204933058422216
MEAN,hgn_target,zone_3,reconstructed_velocity_area,mean,cell_order,native_bc_only,none,True,True,1274,48,1799.9999712,30.0,29.999999999999893,True,59.99999904,False,3863.649841127896,177406.298159439,383797.9794790465,,484.44057694357963,31442.79884427222,31459.041797642487,3640.7602670952915,-174.27479707473324,64.93890746337371,-0.02646240900394897
MEAN,hdf_reconstructed,all,reconstructed_velocity_area,mean,cell_order,native_bc_only,none,True,True,12715,48,1799.9999712,30.0,29.999999999999893,True,59.99999904,False,3863.649841127896,177406.298159439,3065480.8924495797,,1414.7704046751048,54060.18978958644,54033.156911671846,7124.399911620649,-203.45118584324408,38.19217360860775,0.031690399875122316
MEAN,hdf_reconstructed,zone_3,reconstructed_velocity_area,mean,cell_order,native_bc_only,none,True,True,1274,48,1799.9999712,30.0,29.999999999999893,True,59.99999904,False,3863.649841127896,177406.298159439,416438.66039494507,,613.6677145197725,31442.79884427222,31437.92382440458,3628.330840962049,-177.15993917296782,51.22955482350317,0.01733566028254503
MEAN,hgn_target,all,reconstructed_velocity_area,mean,cell_order,native_bc_only,hdf_precipitation,True,True,12715,48,1799.9999712,30.0,29.999999999999893,True,59.99999904,False,3863.649841127896,177406.298159439,4074185.8836480943,,1149.7584853730057,54061.042751855464,54049.146499335824,7177.574290005913,-271.83809839881195,47.009130340796005,0.020220790995035334
MEAN,hgn_target,zone_3,reconstructed_velocity_area,mean,cell_order,native_bc_only,hdf_precipitation,True,True,1274,48,1799.9999712,30.0,29.999999999999893,True,59.99999904,False,3863.649841127896,177406.298159439,401320.42467589985,,484.44057694357963,31442.978642160353,31459.197353170242,3646.290852997368,-188.60781218971528,64.93922856679724,-0.02644891410521678
MEAN,hdf_reconstructed,all,reconstructed_velocity_area,mean,cell_order,native_bc_only,hdf_precipitation,True,True,12715,48,1799.9999712,30.0,29.999999999999893,True,59.99999904,False,3863.649841127896,177406.298159439,3946735.265857171,,1414.7704046751048,54061.042751855464,54033.822959905185,7130.494255623298,-263.0866407227904,38.19264439046121,0.031708692486640606
MEAN,hdf_reconstructed,zone_3,reconstructed_velocity_area,mean,cell_order,native_bc_only,hdf_precipitation,True,True,1274,48,1799.9999712,30.0,29.999999999999893,True,59.99999904,False,3863.649841127896,177406.298159439,433110.01006405446,,613.6677145197725,31442.978642160353,31438.084191459435,3633.7539446518385,-191.49295428794989,51.22981614905617,0.0173406653259245
MEAN,hgn_target,all,reconstructed_velocity_area,mean,negated,reconstructed_all_touching_faces,none,True,True,12715,48,1799.9999712,30.0,29.999999999999893,True,59.99999904,False,3863.649841127896,177406.298159439,14500985.466379192,,1149.7584853730057,93861.44328225567,93918.67001670609,7741.8931022212755,1116.9425056954242,81.68556371752882,-0.04272480513419461
MEAN,hgn_target,zone_3,reconstructed_velocity_area,mean,negated,reconstructed_all_touching_faces,none,True,True,1274,48,1799.9999712,30.0,29.999999999999893,True,59.99999904,False,3863.649841127896,177406.298159439,511570.94348322984,,484.44057694357963,31414.32960305864,31405.5829980007,3641.5260665951105,269.78665087149517,64.82855584919005,0.026437283048645933
MEAN,hdf_reconstructed,all,reconstructed_velocity_area,mean,negated,reconstructed_all_touching_faces,none,True,True,12715,48,1799.9999712,30.0,29.999999999999893,True,59.99999904,False,3863.649841127896,177406.298159439,14626296.197378125,,1414.7704046751048,93861.44328225567,93934.77234411427,7762.468122090488,1125.6939633714464,66.39577138008194,-0.04347189032470665
MEAN,hdf_reconstructed,zone_3,reconstructed_velocity_area,mean,negated,reconstructed_all_touching_faces,none,True,True,1274,48,1799.9999712,30.0,29.999999999999893,True,59.99999904,False,3863.649841127896,177406.298159439,487368.387491072,,613.6677145197725,31414.32960305864,31431.19190880454,3644.6129365349584,266.9015087732606,51.218584854836486,-0.017317947067999686
MEAN,hgn_target,all,reconstructed_velocity_area,mean,negated,reconstructed_all_touching_faces,hdf_precipitation,True,True,12715,48,1799.9999712,30.0,29.999999999999893,True,59.99999904,False,3863.649841127896,177406.298159439,13678949.623298896,,1149.7584853730057,93859.87471921301,93917.00467927122,7753.709786577663,1057.3070508158783,81.68411529383285,-0.04271601698263915
MEAN,hgn_target,zone_3,reconstructed_velocity_area,mean,negated,reconstructed_all_touching_faces,hdf_precipitation,True,True,1274,48,1799.9999712,30.0,29.999999999999893,True,59.99999904,False,3863.649841127896,177406.298159439,492902.55067547475,,484.44057694357963,31414.143953765295,31405.37310608654,3648.250559796942,255.45363575651308,64.82812258260556,0.026450793697456464
MEAN,hdf_reconstructed,all,reconstructed_velocity_area,mean,negated,reconstructed_all_touching_faces,hdf_precipitation,True,True,12715,48,1799.9999712,30.0,29.999999999999893,True,59.99999904,False,3863.649841127896,177406.298159439,13803851.135293204,,1414.7704046751048,93859.87471921301,93933.09724004648,7775.834507960738,1066.0585084918998,66.39458736883725,-0.043461654342447475
MEAN,hdf_reconstructed,zone_3,reconstructed_velocity_area,mean,negated,reconstructed_all_touching_faces,hdf_precipitation,True,True,1274,48,1799.9999712,30.0,29.999999999999893,True,59.99999904,False,3863.649841127896,177406.298159439,468168.73892648827,,613.6677145197725,31414.143953765295,31430.986896001577,3651.7560281368396,252.56849365827847,51.21825077696647,-0.01731293966325484
MEAN,hgn_target,all,reconstructed_velocity_area,mean,negated,native_bc_only,none,True,True,12715,48,1799.9999712,30.0,29.999999999999893,True,59.99999904,False,3863.649841127896,177406.298159439,3194076.8414393757,,1149.7584853730057,72989.64178069495,72995.55405357914,7665.055473742051,-212.2026435192655,63.487728059600144,0.002177391200963144
MEAN,hgn_target,zone_3,reconstructed_velocity_area,mean,negated,native_bc_only,none,True,True,1274,48,1799.9999712,30.0,29.999999999999893,True,59.99999904,False,3863.649841127896,177406.298159439,586531.8443920244,,484.44057694357963,31622.198411250447,31613.589368979243,3671.180392996847,299.62544097544406,65.25793022631363,0.026173728090826784
MEAN,hdf_reconstructed,all,reconstructed_velocity_area,mean,negated,native_bc_only,none,True,True,12715,48,1799.9999712,30.0,29.999999999999893,True,59.99999904,False,3863.649841127896,177406.298159439,3065480.892449576,,1414.7704046751048,72989.64178069495,73019.48599625326,7685.609384676081,-203.4511858432441,51.61225153916182,-0.01196604726252248
MEAN,hdf_reconstructed,zone_3,reconstructed_velocity_area,mean,negated,native_bc_only,none,True,True,1274,48,1799.9999712,30.0,29.999999999999893,True,59.99999904,False,3863.649841127896,177406.298159439,565022.1389233378,,613.6677145197725,31622.198411250447,31638.95472633485,3674.279710151301,296.7402988772095,51.55714400112121,-0.01715676755287106
MEAN,hgn_target,all,reconstructed_velocity_area,mean,negated,native_bc_only,hdf_precipitation,True,True,12715,48,1799.9999712,30.0,29.999999999999893,True,59.99999904,False,3863.649841127896,177406.298159439,4074185.8836480957,,1149.7584853730057,72990.40546025851,72996.19193155783,7676.910630222571,-271.83809839881195,63.48828285261695,0.002189243124460226
MEAN,hgn_target,zone_3,reconstructed_velocity_area,mean,negated,native_bc_only,hdf_precipitation,True,True,1274,48,1799.9999712,30.0,29.999999999999893,True,59.99999904,False,3863.649841127896,177406.298159439,567848.2175400855,,484.44057694357963,31621.989638652558,31613.356507762783,3677.883167225956,285.292425860462,65.25744954565322,0.026187157830451883
MEAN,hdf_reconstructed,all,reconstructed_velocity_area,mean,negated,native_bc_only,hdf_precipitation,True,True,12715,48,1799.9999712,30.0,29.999999999999893,True,59.99999904,False,3863.649841127896,177406.298159439,3946735.2658571685,,1414.7704046751048,72990.40546025851,73020.11073413256,7699.013741266159,-263.08664072279043,51.61269312168095,-0.011952235801613649
MEAN,hdf_reconstructed,zone_3,reconstructed_velocity_area,mean,negated,native_bc_only,hdf_precipitation,True,True,1274,48,1799.9999712,30.0,29.999999999999893,True,59.99999904,False,3863.649841127896,177406.298159439,545974.3033214562,,613.6677145197725,31621.989638652558,31638.72672899253,3681.4011103203347,282.40728376222745,51.556772468878385,-0.01715179817501121
MEAN,hgn_target,all,reconstructed_velocity_area,minimum,cell_order,reconstructed_all_touching_faces,none,True,True,12715,48,1799.9999712,30.0,29.999999999999893,True,59.99999904,False,3863.649841127896,177406.298159439,11147344.864956247,,1149.7584853730057,93352.14125670993,93311.56932086525,7492.609520802912,-842.2767501019779,81.15753917710208,0.040476436975251565
MEAN,hgn_target,zone_3,reconstructed_velocity_area,minimum,cell_order,reconstructed_all_touching_faces,none,True,True,1274,48,1799.9999712,30.0,29.999999999999893,True,59.99999904,False,3863.649841127896,177406.298159439,326263.6928065757,,484.44057694357963,30883.02294741325,30900.391900186973,3531.9263411753095,-123.99537409148515,63.78572186323233,-0.028534469082685327
MEAN,hdf_reconstructed,all,reconstructed_velocity_area,minimum,cell_order,reconstructed_all_touching_faces,none,True,True,12715,48,1799.9999712,30.0,29.999999999999893,True,59.99999904,False,3863.649841127896,177406.298159439,11028090.988812285,,1414.7704046751048,93352.14125670993,93309.87717090582,7455.031863289399,-833.5252924259563,65.95407768113016,0.036558167625327716
MEAN,hdf_reconstructed,zone_3,reconstructed_velocity_area,minimum,cell_order,reconstructed_all_touching_faces,none,True,True,1274,48,1799.9999712,30.0,29.999999999999893,True,59.99999904,False,3863.649841127896,177406.298159439,361464.0599662738,,613.6677145197725,30883.02294741325,30889.891517758526,3519.7456528949115,-126.88051618971976,50.336510764512845,-0.001569556159203211
MEAN,hgn_target,all,reconstructed_velocity_area,minimum,cell_order,reconstructed_all_touching_faces,hdf_precipitation,True,True,12715,48,1799.9999712,30.0,29.999999999999893,True,59.99999904,False,3863.649841127896,177406.298159439,11999783.61322503,,1149.7584853730057,93353.75405603541,93313.08445874958,7504.808127573817,-901.9122049815243,81.15885696505808,0.04048529489926238
MEAN,hgn_target,zone_3,reconstructed_velocity_area,minimum,cell_order,reconstructed_all_touching_faces,hdf_precipitation,True,True,1274,48,1799.9999712,30.0,29.999999999999893,True,59.99999904,False,3863.649841127896,177406.298159439,342677.6218013225,,484.44057694357963,30883.18097140216,30900.525249208535,3538.752283877401,-138.32838920646716,63.785997127171626,-0.028520724616175695
MEAN,hdf_reconstructed,all,reconstructed_velocity_area,minimum,cell_order,reconstructed_all_touching_faces,hdf_precipitation,True,True,12715,48,1799.9999712,30.0,29.999999999999893,True,59.99999904,False,3863.649841127896,177406.298159439,11879940.340539142,,1414.7704046751048,93353.75405603541,93311.38221718046,7467.24169473196,-893.1607473055027,65.95514149068518,0.03656852960648672
MEAN,hdf_reconstructed,zone_3,reconstructed_velocity_area,minimum,cell_order,reconstructed_all_touching_faces,hdf_precipitation,True,True,1274,48,1799.9999712,30.0,29.999999999999893,True,59.99999904,False,3863.649841127896,177406.298159439,376884.7975485769,,613.6677145197725,30883.18097140216,30890.029702657353,3526.553423212533,-141.21353130470177,50.33673594321389,-0.0015644118418186856
MEAN,hgn_target,all,reconstructed_velocity_area,minimum,cell_order,native_bc_only,none,True,True,12715,48,1799.9999712,30.0,29.999999999999893,True,59.99999904,False,3863.649841127896,177406.298159439,3194076.8414393757,,1149.7584853730057,53151.3910874418,53144.43969896773,6958.688519205314,-212.2026435192655,46.22226352321859,0.016192216795965338
MEAN,hgn_target,zone_3,reconstructed_velocity_area,minimum,cell_order,native_bc_only,none,True,True,1274,48,1799.9999712,30.0,29.999999999999893,True,59.99999904,False,3863.649841127896,177406.298159439,291185.7844227414,,484.44057694357963,30911.9842330332,30929.38356631048,3538.727313925792,-106.04530951784284,63.84556752336762,-0.02855766675502444
MEAN,hdf_reconstructed,all,reconstructed_velocity_area,minimum,cell_order,native_bc_only,none,True,True,12715,48,1799.9999712,30.0,29.999999999999893,True,59.99999904,False,3863.649841127896,177406.298159439,3065480.8924495764,,1414.7704046751048,53151.3910874418,53141.57478320372,6921.039606607647,-203.45118584324408,37.5619779772022,0.01967322012223975
MEAN,hdf_reconstructed,zone_3,reconstructed_velocity_area,minimum,cell_order,native_bc_only,none,True,True,1274,48,1799.9999712,30.0,29.999999999999893,True,59.99999904,False,3863.649841127896,177406.298159439,329625.9096966267,,613.6677145197725,30911.9842330332,30918.846361567805,3526.5212094979743,-108.93045161607748,50.38369402529745,-0.0015340428529359725
MEAN,hgn_target,all,reconstructed_velocity_area,minimum,cell_order,native_bc_only,hdf_precipitation,True,True,12715,48,1799.9999712,30.0,29.999999999999893,True,59.99999904,False,3863.649841127896,177406.298159439,4074185.8836480947,,1149.7584853730057,53152.212302086424,53145.088314294546,6970.8838634698,-271.8380983988119,46.222827655021106,0.016208390552970048
MEAN,hgn_target,zone_3,reconstructed_velocity_area,minimum,cell_order,native_bc_only,hdf_precipitation,True,True,1274,48,1799.9999712,30.0,29.999999999999893,True,59.99999904,False,3863.649841127896,177406.298159439,306652.1347268841,,484.44057694357963,30912.126789336035,30929.50147930873,3545.5481507836726,-120.3783246328249,63.845810923701656,-0.028543941675811667
MEAN,hdf_reconstructed,all,reconstructed_velocity_area,minimum,cell_order,native_bc_only,hdf_precipitation,True,True,12715,48,1799.9999712,30.0,29.999999999999893,True,59.99999904,False,3863.649841127896,177406.298159439,3946735.265857172,,1414.7704046751048,53152.212302086424,53142.20566559034,6933.241657630671,-263.08664072279055,37.56242390283404,0.019691938169668553
MEAN,hdf_reconstructed,zone_3,reconstructed_velocity_area,minimum,cell_order,native_bc_only,hdf_precipitation,True,True,1274,48,1799.9999712,30.0,29.999999999999893,True,59.99999904,False,3863.649841127896,177406.298159439,343955.72354926704,,613.6677145197725,30912.126789336035,30918.969100815255,3533.323873971385,-123.26346673105948,50.383894034593276,-0.0015289038108891803
MEAN,hgn_target,all,reconstructed_velocity_area,minimum,negated,reconstructed_all_touching_faces,none,True,True,12715,48,1799.9999712,30.0,29.999999999999893,True,59.99999904,False,3863.649841127896,177406.298159439,14500985.466379186,,1149.7584853730057,93352.14125670993,93406.84918383755,7520.989251908651,1116.9425056954244,81.24040863550088,-0.040476436975251565
MEAN,hgn_target,zone_3,reconstructed_velocity_area,minimum,negated,reconstructed_all_touching_faces,none,True,True,1274,48,1799.9999712,30.0,29.999999999999893,True,59.99999904,False,3863.649841127896,177406.298159439,416785.4362000975,,484.44057694357963,30883.02294741325,30873.24664658618,3536.886217084149,201.55716331460476,63.729687635521564,0.028534469082685327
MEAN,hdf_reconstructed,all,reconstructed_velocity_area,minimum,negated,reconstructed_all_touching_faces,none,True,True,12715,48,1799.9999712,30.0,29.999999999999893,True,59.99999904,False,3863.649841127896,177406.298159439,14626296.197378118,,1414.7704046751048,93352.14125670993,93415.81518871308,7536.40901266278,1125.693963371445,66.02895768813143,-0.036558167625327716
MEAN,hdf_reconstructed,zone_3,reconstructed_velocity_area,minimum,negated,reconstructed_all_touching_faces,none,True,True,1274,48,1799.9999712,30.0,29.999999999999893,True,59.99999904,False,3863.649841127896,177406.298159439,389601.59684442665,,613.6677145197725,30883.02294741325,30888.34716992323,3539.8140063299843,198.6720212163701,50.33399417809522,0.001569556159203211
MEAN,hgn_target,all,reconstructed_velocity_area,minimum,negated,reconstructed_all_touching_faces,hdf_precipitation,True,True,12715,48,1799.9999712,30.0,29.999999999999893,True,59.99999904,False,3863.649841127896,177406.298159439,13678949.623298896,,1149.7584853730057,93350.59051632688,93405.20108606084,7534.301195102416,1057.307050815878,81.23897520596097,-0.040467568471313664
MEAN,hgn_target,zone_3,reconstructed_velocity_area,minimum,negated,reconstructed_all_touching_faces,hdf_precipitation,True,True,1274,48,1799.9999712,30.0,29.999999999999893,True,59.99999904,False,3863.649841127896,177406.298159439,399335.72041798383,,484.44057694357963,30882.874471493553,30873.073515645163,3544.387633628563,187.22414819962273,63.72933025228561,0.028548210941969045
MEAN,hdf_reconstructed,all,reconstructed_velocity_area,minimum,negated,reconstructed_all_touching_faces,hdf_precipitation,True,True,12715,48,1799.9999712,30.0,29.999999999999893,True,59.99999904,False,3863.649841127896,177406.298159439,13803851.13529321,,1414.7704046751048,93350.59051632688,93414.15714117003,7551.748021559131,1066.0585084918994,66.02778573292402,-0.0365477960400452
MEAN,hdf_reconstructed,zone_3,reconstructed_velocity_area,minimum,negated,reconstructed_all_touching_faces,hdf_precipitation,True,True,1274,48,1799.9999712,30.0,29.999999999999893,True,59.99999904,False,3863.649841127896,177406.298159439,371421.9309266424,,613.6677145197725,30882.874471493553,30888.178914457225,3547.8566135982783,184.33900610138812,50.33371999801042,0.0015747003552590553
MEAN,hgn_target,all,reconstructed_velocity_area,minimum,negated,native_bc_only,none,True,True,12715,48,1799.9999712,30.0,29.999999999999893,True,59.99999904,False,3863.649841127896,177406.298159439,3194076.841439373,,1149.7584853730057,72308.67091313851,72310.98220948194,7443.922666756268,-212.2026435192656,62.892323152564295,0.005401415715920464
MEAN,hgn_target,zone_3,reconstructed_velocity_area,minimum,negated,native_bc_only,none,True,True,1274,48,1799.9999712,30.0,29.999999999999893,True,59.99999904,False,3863.649841127896,177406.298159439,503778.2067567049,,484.44057694357963,31094.43473551104,31084.80633760953,3566.5251223790756,231.3959534185537,64.16639690615723,0.02824913456925689
MEAN,hdf_reconstructed,all,reconstructed_velocity_area,minimum,negated,native_bc_only,none,True,True,12715,48,1799.9999712,30.0,29.999999999999893,True,59.99999904,False,3863.649841127896,177406.298159439,3065480.892449576,,1414.7704046751048,72308.67091313851,72325.80968751071,7459.321405548024,-203.45118584324408,51.12194137544175,-0.0028471423321297087
MEAN,hdf_reconstructed,zone_3,reconstructed_velocity_area,minimum,negated,native_bc_only,none,True,True,1274,48,1799.9999712,30.0,29.999999999999893,True,59.99999904,False,3863.649841127896,177406.298159439,480914.84081538895,,613.6677145197725,31094.43473551104,31099.7276427992,3569.4665194589584,228.51081132031908,50.678448461536526,0.0016071577807397722
MEAN,hgn_target,all,reconstructed_velocity_area,minimum,negated,native_bc_only,hdf_precipitation,True,True,12715,48,1799.9999712,30.0,29.999999999999893,True,59.99999904,False,3863.649841127896,177406.298159439,4074185.8836480947,,1149.7584853730057,72309.47584140883,72311.66018199142,7457.272673048302,-271.8380983988118,62.89291281771407,0.005413356156810899
MEAN,hgn_target,zone_3,reconstructed_velocity_area,minimum,negated,native_bc_only,hdf_precipitation,True,True,1274,48,1799.9999712,30.0,29.999999999999893,True,59.99999904,False,3863.649841127896,177406.298159439,486554.51781657635,,484.44057694357963,31094.262512251473,31084.609620460935,3574.0029104741134,217.06293830357166,64.16599083540684,0.02826279189965106
MEAN,hdf_reconstructed,all,reconstructed_velocity_area,minimum,negated,native_bc_only,hdf_precipitation,True,True,12715,48,1799.9999712,30.0,29.999999999999893,True,59.99999904,False,3863.649841127896,177406.298159439,3946735.265857169,,1414.7704046751048,72309.47584140883,72326.47446597912,7474.69809559644,-263.08664072279055,51.12241125978921,-0.002833256518817787
MEAN,hdf_reconstructed,zone_3,reconstructed_velocity_area,minimum,negated,native_bc_only,hdf_precipitation,True,True,1274,48,1799.9999712,30.0,29.999999999999893,True,59.99999904,False,3863.649841127896,177406.298159439,463279.4297802511,,613.6677145197725,31094.262512251473,31099.53577830996,3577.485531201518,214.1777962053371,50.67813580945349,0.0016122676641242416
MEAN,hgn_target,all,reconstructed_velocity_area,maximum,cell_order,reconstructed_all_touching_faces,none,True,True,12715,48,1799.9999712,30.0,29.999999999999893,True,59.99999904,False,3863.649841127896,177406.298159439,11147344.864956247,,1149.7584853730057,104814.21692293842,104754.91388714216,13215.59534247025,-842.2767501019779,91.11036380232278,0.05633827070413045
MEAN,hgn_target,zone_3,reconstructed_velocity_area,maximum,cell_order,reconstructed_all_touching_faces,none,True,True,1274,48,1799.9999712,30.0,29.999999999999893,True,59.99999904,False,3863.649841127896,177406.298159439,1166103.641225185,,484.44057694357963,36472.212564809175,36482.865838764286,7365.087030796059,783.1725119968828,75.30926923781048,-0.013766034044017656
MEAN,hdf_reconstructed,all,reconstructed_velocity_area,maximum,cell_order,reconstructed_all_touching_faces,none,True,True,12715,48,1799.9999712,30.0,29.999999999999893,True,59.99999904,False,3863.649841127896,177406.298159439,11028090.988812286,,1414.7704046751048,104814.21692293842,104716.09367713731,13185.794546376774,-833.5252924259564,74.01631623838276,0.07551465581619346
MEAN,hdf_reconstructed,zone_3,reconstructed_velocity_area,maximum,cell_order,reconstructed_all_touching_faces,none,True,True,1274,48,1799.9999712,30.0,29.999999999999893,True,59.99999904,False,3863.649841127896,177406.298159439,1164502.2596697959,,613.6677145197725,36472.212564809175,36449.35325695615,7363.945120449059,780.2873698986481,59.39591149174223,0.04693541293168898
MEAN,hgn_target,all,reconstructed_velocity_area,maximum,cell_order,reconstructed_all_touching_faces,hdf_precipitation,True,True,12715,48,1799.9999712,30.0,29.999999999999893,True,59.99999904,False,3863.649841127896,177406.298159439,11999783.613225037,,1149.7584853730057,104815.88231849774,104756.4926077616,13210.685630131882,-901.9122049815245,91.11173689122755,0.05634594719932829
MEAN,hgn_target,zone_3,reconstructed_velocity_area,maximum,cell_order,reconstructed_all_touching_faces,hdf_precipitation,True,True,1274,48,1799.9999712,30.0,29.999999999999893,True,59.99999904,False,3863.649841127896,177406.298159439,1145543.703908744,,484.44057694357963,36471.8836567278,36482.51620237356,7361.6118570274975,768.8394968819006,75.30854750555402,-0.013754470282267046
MEAN,hdf_reconstructed,all,reconstructed_velocity_area,maximum,cell_order,reconstructed_all_touching_faces,hdf_precipitation,True,True,12715,48,1799.9999712,30.0,29.999999999999893,True,59.99999904,False,3863.649841127896,177406.298159439,11879940.34053914,,1414.7704046751048,104815.88231849774,104717.6639661359,13180.528987010903,-893.1607473055027,74.0174261633525,0.07552343605263633
MEAN,hdf_reconstructed,zone_3,reconstructed_velocity_area,maximum,cell_order,reconstructed_all_touching_faces,hdf_precipitation,True,True,1274,48,1799.9999712,30.0,29.999999999999893,True,59.99999904,False,3863.649841127896,177406.298159439,1144090.9566108345,,613.6677145197725,36471.8836567278,36449.007359019866,7360.344308256513,765.9543547836661,59.395347835013844,0.04693981681533134
MEAN,hgn_target,all,reconstructed_velocity_area,maximum,cell_order,native_bc_only,none,True,True,12715,48,1799.9999712,30.0,29.999999999999893,True,59.99999904,False,3863.649841127896,177406.298159439,3194076.841439376,,1149.7584853730057,71418.2712750494,71379.09911681034,12681.613906189214,-212.2026435192656,62.08181981249172,0.041825372735705676
MEAN,hgn_target,zone_3,reconstructed_velocity_area,maximum,cell_order,native_bc_only,none,True,True,1274,48,1799.9999712,30.0,29.999999999999893,True,59.99999904,False,3863.649841127896,177406.298159439,1206840.2135083182,,484.44057694357963,36496.73548435599,36507.42111962546,7371.884744070357,801.1225765705251,75.35995714883582,-0.013799290332494309
MEAN,hdf_reconstructed,all,reconstructed_velocity_area,maximum,cell_order,native_bc_only,none,True,True,12715,48,1799.9999712,30.0,29.999999999999893,True,59.99999904,False,3863.649841127896,177406.298159439,3065480.892449577,,1414.7704046751048,71418.2712750494,71322.1941138843,12651.740924857782,-203.45118584324405,50.412557315448716,0.0776800005011187
MEAN,hdf_reconstructed,zone_3,reconstructed_velocity_area,maximum,cell_order,native_bc_only,none,True,True,1274,48,1799.9999712,30.0,29.999999999999893,True,59.99999904,False,3863.649841127896,177406.298159439,1205150.1655512278,,613.6677145197725,36496.73548435599,36473.8915388982,7370.7178233919485,798.2374344722904,59.43589776014362,0.046933174956404526
MEAN,hgn_target,all,reconstructed_velocity_area,maximum,cell_order,native_bc_only,hdf_precipitation,True,True,12715,48,1799.9999712,30.0,29.999999999999893,True,59.99999904,False,3863.649841127896,177406.298159439,4074185.883648094,,1149.7584853730057,71419.21847714922,71379.91825183558,12676.700857395737,-271.8380983988119,62.08253225343968,0.041837130021839995
MEAN,hgn_target,zone_3,reconstructed_velocity_area,maximum,cell_order,native_bc_only,hdf_precipitation,True,True,1274,48,1799.9999712,30.0,29.999999999999893,True,59.99999904,False,3863.649841127896,177406.298159439,1186255.6182670635,,484.44057694357963,36496.39382167893,36507.05874659887,7368.404464736143,786.7895614555429,75.35920912514862,-0.013787736492220386
MEAN,hdf_reconstructed,all,reconstructed_velocity_area,maximum,cell_order,native_bc_only,hdf_precipitation,True,True,12715,48,1799.9999712,30.0,29.999999999999893,True,59.99999904,False,3863.649841127896,177406.298159439,3946735.265857171,,1414.7704046751048,71419.21847714922,71323.00066372706,12646.46805604003,-263.08664072279055,50.413127407839745,0.07769335406859272
MEAN,hdf_reconstructed,zone_3,reconstructed_velocity_area,maximum,cell_order,native_bc_only,hdf_precipitation,True,True,1274,48,1799.9999712,30.0,29.999999999999893,True,59.99999904,False,3863.649841127896,177406.298159439,1184707.5340326938,,613.6677145197725,36496.39382167893,36473.53288994068,7367.111893353125,783.9044193573085,59.43531332503479,0.04693758351345072
MEAN,hgn_target,all,reconstructed_velocity_area,maximum,negated,reconstructed_all_touching_faces,none,True,True,12715,48,1799.9999712,30.0,29.999999999999893,True,59.99999904,False,3863.649841127896,177406.298159439,14500985.466379177,,1149.7584853730057,104814.21692293842,104886.09080323466,13301.197403573025,1116.9425056954244,91.22445464640987,-0.05633827070413045
MEAN,hgn_target,zone_3,reconstructed_velocity_area,maximum,negated,reconstructed_all_touching_faces,none,True,True,1274,48,1799.9999712,30.0,29.999999999999893,True,59.99999904,False,3863.649841127896,177406.298159439,1070783.2768218417,,484.44057694357963,36472.212564809175,36467.99205167668,7394.134881265772,-705.6107227737631,75.27856622118573,0.013766034044017656
MEAN,hdf_reconstructed,all,reconstructed_velocity_area,maximum,negated,reconstructed_all_touching_faces,none,True,True,12715,48,1799.9999712,30.0,29.999999999999893,True,59.99999904,False,3863.649841127896,177406.298159439,14626296.197378114,,1414.7704046751048,104814.21692293842,104931.32522719068,13325.055264412142,1125.693963371446,74.1684480255209,-0.07551465581619346
MEAN,hdf_reconstructed,zone_3,reconstructed_velocity_area,maximum,negated,reconstructed_all_touching_faces,none,True,True,1274,48,1799.9999712,30.0,29.999999999999893,True,59.99999904,False,3863.649841127896,177406.298159439,1073590.512748056,,613.6677145197725,36472.212564809175,36505.37497441379,7397.802348236776,-708.4958648719978,59.48720147837854,-0.04693541293168898
MEAN,hgn_target,all,reconstructed_velocity_area,maximum,negated,reconstructed_all_touching_faces,hdf_precipitation,True,True,12715,48,1799.9999712,30.0,29.999999999999893,True,59.99999904,False,3863.649841127896,177406.298159439,13678949.62329891,,1149.7584853730057,104812.60679807875,104884.39427086055,13306.398502699942,1057.3070508158778,91.22297909098175,-0.056330582571227104
MEAN,hgn_target,zone_3,reconstructed_velocity_area,maximum,negated,reconstructed_all_touching_faces,hdf_precipitation,True,True,1274,48,1799.9999712,30.0,29.999999999999893,True,59.99999904,False,3863.649841127896,177406.298159439,1091257.542218088,,484.44057694357963,36472.54955536914,36468.30824876989,7397.509883201791,-719.9437378887453,75.27921892681829,0.013777596853955167
MEAN,hdf_reconstructed,all,reconstructed_velocity_area,maximum,negated,reconstructed_all_touching_faces,hdf_precipitation,True,True,12715,48,1799.9999712,30.0,29.999999999999893,True,59.99999904,False,3863.649841127896,177406.298159439,13803851.135293214,,1414.7704046751048,104812.60679807875,104929.6204275205,13330.494734913416,1066.0585084918998,74.16724302457901,-0.07550586001192573
MEAN,hdf_reconstructed,zone_3,reconstructed_velocity_area,maximum,negated,reconstructed_all_touching_faces,hdf_precipitation,True,True,1274,48,1799.9999712,30.0,29.999999999999893,True,59.99999904,False,3863.649841127896,177406.298159439,1094197.7496437654,,613.6677145197725,36472.54955536914,36505.69490133055,7401.188514422607,-722.8288799869797,59.48772281412619,-0.046931005900009565
MEAN,hgn_target,all,reconstructed_velocity_area,maximum,negated,native_bc_only,none,True,True,12715,48,1799.9999712,30.0,29.999999999999893,True,59.99999904,False,3863.649841127896,177406.298159439,3194076.8414393803,,1149.7584853730057,86643.29299608192,86673.23264801245,13224.596675806153,-212.20264351926548,75.3838599589842,-0.020034895266097575
MEAN,hgn_target,zone_3,reconstructed_velocity_area,maximum,negated,native_bc_only,none,True,True,1274,48,1799.9999712,30.0,29.999999999999893,True,59.99999904,False,3863.649841127896,177406.298159439,1017873.6503570209,,484.44057694357963,36651.41212401439,36647.28130418572,7423.7550061001875,-675.7719326698141,75.64866166950719,0.013620856237824636
MEAN,hdf_reconstructed,all,reconstructed_velocity_area,maximum,negated,native_bc_only,none,True,True,12715,48,1799.9999712,30.0,29.999999999999893,True,59.99999904,False,3863.649841127896,177406.298159439,3065480.8924495797,,1414.7704046751048,86643.29299608192,86730.67377543516,13248.433476490507,-203.4511858432441,61.303709413791736,-0.054337471709436376
MEAN,hdf_reconstructed,zone_3,reconstructed_velocity_area,maximum,negated,native_bc_only,none,True,True,1274,48,1799.9999712,30.0,29.999999999999893,True,59.99999904,False,3863.649841127896,177406.298159439,1020536.0499809439,,613.6677145197725,36651.41212401439,36684.41667452767,7427.434680938974,-678.6570747680488,59.77895823187499,-0.04666412579068668
MEAN,hgn_target,all,reconstructed_velocity_area,maximum,negated,native_bc_only,hdf_precipitation,True,True,12715,48,1799.9999712,30.0,29.999999999999893,True,59.99999904,False,3863.649841127896,177406.298159439,4074185.883648091,,1149.7584853730057,86643.68777092345,86673.52138881823,13229.837230674293,-271.83809839881195,75.3841110906866,-0.020024868697402897
MEAN,hgn_target,zone_3,reconstructed_velocity_area,maximum,negated,native_bc_only,hdf_precipitation,True,True,1274,48,1799.9999712,30.0,29.999999999999893,True,59.99999904,False,3863.649841127896,177406.298159439,1038035.0981778714,,484.44057694357963,36651.72646395882,36647.57494899959,7427.117972100533,-690.1049477847963,75.6492678218979,0.013632366018167304
MEAN,hdf_reconstructed,all,reconstructed_velocity_area,maximum,negated,native_bc_only,hdf_precipitation,True,True,12715,48,1799.9999712,30.0,29.999999999999893,True,59.99999904,False,3863.649841127896,177406.298159439,3946735.265857178,,1414.7704046751048,86643.68777092345,86730.95143817182,13253.911907944099,-263.08664072279043,61.30390567371895,-0.05432581553989592
MEAN,hdf_reconstructed,zone_3,reconstructed_velocity_area,maximum,negated,native_bc_only,hdf_precipitation,True,True,1274,48,1799.9999712,30.0,29.999999999999893,True,59.99999904,False,3863.649841127896,177406.298159439,1040840.9364571653,,613.6677145197725,36651.72646395882,36684.714055926815,7430.808811189136,-692.9900898830307,59.77944282865614,-0.046659752842585
MEAN,hgn_target,all,native_face_flow,native,cell_order,reconstructed_all_touching_faces,none,True,True,12715,48,1799.9999712,30.0,29.999999999999893,True,59.99999904,False,3863.649841127896,177406.298159439,3194072.016140047,,1149.7584853730057,1927.2718783251578,1797.8639837089409,410.72972008929463,-212.1854394306255,1.5636883802824697,0.39472262372294287
MEAN,hgn_target,zone_3,native_face_flow,native,cell_order,reconstructed_all_touching_faces,none,True,True,1274,48,1799.9999712,30.0,29.999999999999893,True,59.99999904,False,3863.649841127896,177406.298159439,151260.8087625318,,484.44057694357963,1051.9517483338864,1126.9190232695362,107.62507734059413,-22.96127013650565,2.326227564130704,0.06561846302753202
MEAN,hdf_reconstructed,all,native_face_flow,native,cell_order,reconstructed_all_touching_faces,none,True,True,12715,48,1799.9999712,30.0,29.999999999999893,True,59.99999904,False,3863.649841127896,177406.298159439,3065463.7608156814,,1414.7704046751048,1927.2718783251578,1184.7103725637965,296.59180533793864,-203.433981754604,0.8373870195820639,0.7893018729493636
MEAN,hdf_reconstructed,zone_3,native_face_flow,native,cell_order,reconstructed_all_touching_faces,none,True,True,1274,48,1799.9999712,30.0,29.999999999999893,True,59.99999904,False,3863.649841127896,177406.298159439,97762.23666974732,,613.6677145197725,1051.9517483338864,781.3619484707677,55.7292419572598,-25.84641223474026,1.2732655311388263,0.6747921530109671
MEAN,hgn_target,all,native_face_flow,native,cell_order,reconstructed_all_touching_faces,hdf_precipitation,True,True,12715,48,1799.9999712,30.0,29.999999999999893,True,59.99999904,False,3863.649841127896,177406.298159439,4074179.126927028,,1149.7584853730057,1946.3873729812817,1813.2856249647523,389.64767415733655,-271.8208943101719,1.577101320001552,0.39360471329659963
MEAN,hgn_target,zone_3,native_face_flow,native,cell_order,reconstructed_all_touching_faces,hdf_precipitation,True,True,1274,48,1799.9999712,30.0,29.999999999999893,True,59.99999904,False,3863.649841127896,177406.298159439,154469.90594737986,,484.44057694357963,1053.0048890647731,1127.228393223482,96.35032154958627,-37.294285251487686,2.326866176932088,0.06601328517689872
MEAN,hdf_reconstructed,all,native_face_flow,native,cell_order,reconstructed_all_touching_faces,hdf_precipitation,True,True,12715,48,1799.9999712,30.0,29.999999999999893,True,59.99999904,False,3863.649841127896,177406.298159439,3946718.889680682,,1414.7704046751048,1946.3873729812817,1207.203408198349,266.46906462391127,-263.06943663415046,0.8532857375367401,0.7866832903972789
MEAN,hdf_reconstructed,zone_3,native_face_flow,native,cell_order,reconstructed_all_touching_faces,hdf_precipitation,True,True,1274,48,1799.9999712,30.0,29.999999999999893,True,59.99999904,False,3863.649841127896,177406.298159439,104615.9798064914,,613.6677145197725,1053.0048890647731,781.9973275722937,43.16019001704119,-40.179427349722296,1.2743009108508307,0.6748694359293659
MEAN,hgn_target,all,native_face_flow,native,cell_order,native_bc_only,none,True,True,12715,48,1799.9999712,30.0,29.999999999999893,True,59.99999904,False,3863.649841127896,177406.298159439,3194076.8414394455,,1149.7584853730057,1927.7314834037538,1797.8781778184323,410.7370932706569,-212.20264351926556,1.5637007255790445,0.39502245247503065
MEAN,hgn_target,zone_3,native_face_flow,native,cell_order,native_bc_only,none,True,True,1274,48,1799.9999712,30.0,29.999999999999893,True,59.99999904,False,3863.649841127896,177406.298159439,151260.8087625318,,484.44057694357963,1051.9517483338864,1126.9190232695362,107.62507734059413,-22.96127013650565,2.326227564130704,0.06561846302753202
MEAN,hdf_reconstructed,all,native_face_flow,native,cell_order,native_bc_only,none,True,True,12715,48,1799.9999712,30.0,29.999999999999893,True,59.99999904,False,3863.649841127896,177406.298159439,3065480.8924496504,,1414.7704046751048,1927.7314834037538,1184.74503253174,296.60687874548233,-203.45118584324408,0.8374115182341625,0.7894243513787352
MEAN,hdf_reconstructed,zone_3,native_face_flow,native,cell_order,native_bc_only,none,True,True,1274,48,1799.9999712,30.0,29.999999999999893,True,59.99999904,False,3863.649841127896,177406.298159439,97762.23666974732,,613.6677145197725,1051.9517483338864,781.3619484707677,55.7292419572598,-25.84641223474026,1.2732655311388263,0.6747921530109671
MEAN,hgn_target,all,native_face_flow,native,cell_order,native_bc_only,hdf_precipitation,True,True,12715,48,1799.9999712,30.0,29.999999999999893,True,59.99999904,False,3863.649841127896,177406.298159439,4074185.8836480915,,1149.7584853730057,1946.8425209873908,1813.2997581101326,389.65504733869886,-271.83809839881195,1.5771136122747207,0.39390410261087977
MEAN,hgn_target,zone_3,native_face_flow,native,cell_order,native_bc_only,hdf_precipitation,True,True,1274,48,1799.9999712,30.0,29.999999999999893,True,59.99999904,False,3863.649841127896,177406.298159439,154469.90594737986,,484.44057694357963,1053.0048890647731,1127.228393223482,96.35032154958627,-37.294285251487686,2.326866176932088,0.06601328517689872
MEAN,hdf_reconstructed,all,native_face_flow,native,cell_order,native_bc_only,hdf_precipitation,True,True,12715,48,1799.9999712,30.0,29.999999999999893,True,59.99999904,False,3863.649841127896,177406.298159439,3946735.2658571694,,1414.7704046751048,1946.8425209873908,1207.237512138603,266.48420460744904,-263.0866407227905,0.8533098431726378,0.7868068832414861
MEAN,hdf_reconstructed,zone_3,native_face_flow,native,cell_order,native_bc_only,hdf_precipitation,True,True,1274,48,1799.9999712,30.0,29.999999999999893,True,59.99999904,False,3863.649841127896,177406.298159439,104615.9798064914,,613.6677145197725,1053.0048890647731,781.9973275722937,43.160190017041195,-40.179427349722296,1.2743009108508307,0.6748694359293659
MEAN,hgn_target,all,native_face_flow,native,negated,reconstructed_all_touching_faces,none,True,True,12715,48,1799.9999712,30.0,29.999999999999893,True,59.99999904,False,3863.649841127896,177406.298159439,6364074.01139985,,1149.7584853730057,1927.2718783251578,2615.4020783471587,548.1048747701668,486.8511950240719,2.2747404012405856,-0.39472262372294287
MEAN,hgn_target,zone_3,native_face_flow,native,negated,reconstructed_all_touching_faces,none,True,True,1274,48,1799.9999712,30.0,29.999999999999893,True,59.99999904,False,3863.649841127896,177406.298159439,211899.39237059752,,484.44057694357963,1051.9517483338864,1188.5385234890502,124.11597558959947,100.52305935962526,2.4534247956431474,-0.06561846302753202
MEAN,hdf_reconstructed,all,native_face_flow,native,negated,reconstructed_all_touching_faces,none,True,True,12715,48,1799.9999712,30.0,29.999999999999893,True,59.99999904,False,3863.649841127896,177406.298159439,6504761.354157712,,1414.7704046751048,1927.2718783251578,3166.759497498166,563.2795120676507,495.60265270009353,2.238355769270843,-0.7893018729493636
MEAN,hdf_reconstructed,zone_3,native_face_flow,native,negated,reconstructed_all_touching_faces,none,True,True,1274,48,1799.9999712,30.0,29.999999999999893,True,59.99999904,False,3863.649841127896,177406.298159439,245990.45443795607,,613.6677145197725,1051.9517483338864,1534.8793421032312,121.72964697969302,97.63791726139067,2.5011570688615348,-0.6747921530109671
MEAN,hgn_target,all,native_face_flow,native,negated,reconstructed_all_touching_faces,hdf_precipitation,True,True,12715,48,1799.9999712,30.0,29.999999999999893,True,59.99999904,False,3863.649841127896,177406.298159439,5538157.729348343,,1149.7584853730057,1911.00017177115,2599.9068706430726,564.4201555434329,427.21574014452557,2.2612634772594076,-0.3956073599360567
MEAN,hgn_target,zone_3,native_face_flow,native,negated,reconstructed_all_touching_faces,hdf_precipitation,True,True,1274,48,1799.9999712,30.0,29.999999999999893,True,59.99999904,False,3863.649841127896,177406.298159439,201641.0323421369,,484.44057694357963,1051.1781289339394,1187.2141128097753,133.16109974189482,86.19004424464325,2.4506908985620424,-0.06521826357011652
MEAN,hdf_reconstructed,all,native_face_flow,native,negated,reconstructed_all_touching_faces,hdf_precipitation,True,True,12715,48,1799.9999712,30.0,29.999999999999893,True,59.99999904,False,3863.649841127896,177406.298159439,5680172.153940271,,1414.7704046751048,1911.00017177115,3153.674835443358,581.1306069601645,435.9671978205472,2.2291071576151498,-0.7914570339956348
MEAN,hdf_reconstructed,zone_3,native_face_flow,native,negated,reconstructed_all_touching_faces,hdf_precipitation,True,True,1274,48,1799.9999712,30.0,29.999999999999893,True,59.99999904,False,3863.649841127896,177406.298159439,238065.0874191128,,613.6677145197725,1051.1781289339394,1533.9504825717695,131.25086706764492,83.30490214640864,2.4996434491786275,-0.6746601211839746
MEAN,hgn_target,all,native_face_flow,native,negated,native_bc_only,none,True,True,12715,48,1799.9999712,30.0,29.999999999999893,True,59.99999904,False,3863.649841127896,177406.298159439,3194076.84143929,,1149.7584853730057,69305.24186223408,69305.81279788207,1465.052118650101,-212.2026435192655,60.2785834412849,0.00724788532260495
MEAN,hgn_target,zone_3,native_face_flow,native,negated,native_bc_only,none,True,True,1274,48,1799.9999712,30.0,29.999999999999893,True,59.99999904,False,3863.649841127896,177406.298159439,341587.06175873696,,484.44057694357963,5223.968073316587,5253.93286227039,171.89275783337447,148.31191403721652,10.845360839544803,-0.014034353354586474
MEAN,hdf_reconstructed,all,native_face_flow,native,negated,native_bc_only,none,True,True,12715,48,1799.9999712,30.0,29.999999999999893,True,59.99999904,False,3863.649841127896,177406.298159439,3065480.892449481,,1414.7704046751048,69305.24186223408,69332.2762578935,1480.165079659353,-203.45118584324405,49.00602672262948,-0.00947714471111281
MEAN,hdf_reconstructed,zone_3,native_face_flow,native,negated,native_bc_only,none,True,True,1274,48,1799.9999712,30.0,29.999999999999893,True,59.99999904,False,3863.649841127896,177406.298159439,362428.99982854846,,613.6677145197725,5223.968073316587,5342.227761862125,169.50689802835967,145.4267719389819,8.705407886811678,-0.13518983839815277
MEAN,hgn_target,all,native_face_flow,native,negated,native_bc_only,hdf_precipitation,True,True,12715,48,1799.9999712,30.0,29.999999999999893,True,59.99999904,False,3863.649841127896,177406.298159439,4074185.8836480994,,1149.7584853730057,69306.17726987941,69306.61576427842,1481.4076824068975,-271.83809839881195,60.27928181960223,0.007260317867653104
MEAN,hgn_target,zone_3,native_face_flow,native,negated,native_bc_only,hdf_precipitation,True,True,1274,48,1799.9999712,30.0,29.999999999999893,True,59.99999904,False,3863.649841127896,177406.298159439,328465.8111165579,,484.44057694357963,5223.574321478011,5253.396742311495,180.91421217007442,133.97889892223444,10.844254161069856,-0.013953816054648195
MEAN,hdf_reconstructed,all,native_face_flow,native,negated,native_bc_only,hdf_precipitation,True,True,12715,48,1799.9999712,30.0,29.999999999999893,True,59.99999904,False,3863.649841127896,177406.298159439,3946735.2658571876,,1414.7704046751048,69306.17726987941,69333.06529911423,1498.0526148163096,-263.08664072279055,49.00658443942799,-0.00946259409011809
MEAN,hdf_reconstructed,zone_3,native_face_flow,native,negated,native_bc_only,hdf_precipitation,True,True,1274,48,1799.9999712,30.0,29.999999999999893,True,59.99999904,False,3863.649841127896,177406.298159439,350669.04192488454,,613.6677145197725,5223.574321478011,5341.728206378947,179.00538994678018,131.09375682399985,8.70459383798467,-0.13516236559547984
MEAN,hgn_target,all,native_cell_flow_balance,native,cell_order,reconstructed_all_touching_faces,none,True,True,12715,48,1799.9999712,30.0,29.999999999999893,True,59.99999904,False,3863.649841127896,177406.298159439,3194072.0306956354,,1149.7584853730057,1927.2718781836218,1797.8639852535323,410.7297205529011,-212.18543989682752,1.5636883816258749,0.39472262233162864
MEAN,hgn_target,zone_3,native_cell_flow_balance,native,cell_order,reconstructed_all_touching_faces,none,True,True,1274,48,1799.9999712,30.0,29.999999999999893,True,59.99999904,False,3863.649841127896,177406.298159439,151260.80873762717,,484.44057694357963,1051.9517391363354,1126.9190221655927,107.62507524405645,-22.96126659285571,2.3262275618519035,0.06561844723456911
MEAN,hdf_reconstructed,all,native_cell_flow_balance,native,cell_order,reconstructed_all_touching_faces,none,True,True,12715,48,1799.9999712,30.0,29.999999999999893,True,59.99999904,False,3863.649841127896,177406.298159439,3065463.7761812657,,1414.7704046751048,1927.2718781836218,1184.7103741951048,296.59180519460466,-203.4339822208061,0.8373870207351191,0.7893018721926752
MEAN,hdf_reconstructed,zone_3,native_cell_flow_balance,native,cell_order,reconstructed_all_touching_faces,none,True,True,1274,48,1799.9999712,30.0,29.999999999999893,True,59.99999904,False,3863.649841127896,177406.298159439,97762.23662254174,,613.6677145197725,1051.9517391363354,781.361936543497,55.72923903406582,-25.846408691090325,1.2732655117027853,0.6747921584419735
MEAN,hgn_target,all,native_cell_flow_balance,native,cell_order,reconstructed_all_touching_faces,hdf_precipitation,True,True,12715,48,1799.9999712,30.0,29.999999999999893,True,59.99999904,False,3863.649841127896,177406.298159439,4074179.141747396,,1149.7584853730057,1946.3873729116922,1813.2856265719427,389.6476749039936,-271.8208947763739,1.5771013213994023,0.39360471189859997
MEAN,hgn_target,zone_3,native_cell_flow_balance,native,cell_order,reconstructed_all_touching_faces,hdf_precipitation,True,True,1274,48,1799.9999712,30.0,29.999999999999893,True,59.99999904,False,3863.649841127896,177406.298159439,154469.9049655204,,484.44057694357963,1053.0048797929871,1127.228392041902,96.35031941743425,-37.294281707837754,2.326866174493027,0.06601326939120623
MEAN,hdf_reconstructed,all,native_cell_flow_balance,native,cell_order,reconstructed_all_touching_faces,hdf_precipitation,True,True,12715,48,1799.9999712,30.0,29.999999999999893,True,59.99999904,False,3863.649841127896,177406.298159439,3946718.9051344967,,1414.7704046751048,1946.3873729116922,1207.2034099130221,266.4690647250363,-263.0694371003524,0.8532857387487198,0.7866832896191177
MEAN,hdf_reconstructed,zone_3,native_cell_flow_balance,native,cell_order,reconstructed_all_touching_faces,hdf_precipitation,True,True,1274,48,1799.9999712,30.0,29.999999999999893,True,59.99999904,False,3863.649841127896,177406.298159439,104615.97834863052,,613.6677145197725,1053.0048797929871,781.9973155423659,43.16018667041995,-40.179423806072364,1.2743008912475056,0.6748694413824844
MEAN,hgn_target,all,native_cell_flow_balance,native,negated,reconstructed_all_touching_faces,none,True,True,12715,48,1799.9999712,30.0,29.999999999999893,True,59.99999904,False,3863.649841127896,177406.298159439,6364074.0205587465,,1149.7584853730057,1927.2718781836218,2615.402077076791,548.1048749197931,486.85119549027405,2.274740400135686,-0.39472262233162864
MEAN,hgn_target,zone_3,native_cell_flow_balance,native,negated,reconstructed_all_touching_faces,none,True,True,1274,48,1799.9999712,30.0,29.999999999999893,True,59.99999904,False,3863.649841127896,177406.298159439,211899.39112494624,,484.44057694357963,1051.9517391363354,1188.5385082546218,124.11597249505283,100.52305581597535,2.4534247641956815,-0.06561844723456911
MEAN,hdf_reconstructed,all,native_cell_flow_balance,native,negated,reconstructed_all_touching_faces,none,True,True,12715,48,1799.9999712,30.0,29.999999999999893,True,59.99999904,False,3863.649841127896,177406.298159439,6504761.363024584,,1414.7704046751048,1927.2718781836218,3166.759496715604,563.2795122330978,495.6026531662953,2.238355768717706,-0.7893018721926752
MEAN,hdf_reconstructed,zone_3,native_cell_flow_balance,native,negated,reconstructed_all_touching_faces,none,True,True,1274,48,1799.9999712,30.0,29.999999999999893,True,59.99999904,False,3863.649841127896,177406.298159439,245990.4533683823,,613.6677145197725,1051.9517391363354,1534.8793355677046,121.72964390042692,97.63791371774073,2.5011570582115907,-0.6747921584419735
MEAN,hgn_target,all,native_cell_flow_balance,native,negated,reconstructed_all_touching_faces,hdf_precipitation,True,True,12715,48,1799.9999712,30.0,29.999999999999893,True,59.99999904,False,3863.649841127896,177406.298159439,5538157.737365206,,1149.7584853730057,1911.0001715565447,2599.906869312312,564.4201551414349,427.2157406107276,2.2612634761019814,-0.39560735855242457
MEAN,hgn_target,zone_3,native_cell_flow_balance,native,negated,reconstructed_all_touching_faces,hdf_precipitation,True,True,1274,48,1799.9999712,30.0,29.999999999999893,True,59.99999904,False,3863.649841127896,177406.298159439,201641.03176659864,,484.44057694357963,1051.1781198131978,1187.2140976323535,133.1611009092393,86.19004070099331,2.4506908672322516,-0.0652182477710976
MEAN,hdf_reconstructed,all,native_cell_flow_balance,native,negated,reconstructed_all_touching_faces,hdf_precipitation,True,True,12715,48,1799.9999712,30.0,29.999999999999893,True,59.99999904,False,3863.649841127896,177406.298159439,5680172.161649125,,1414.7704046751048,1911.0001715565447,3153.6748346140016,581.1306068899784,435.9671982867489,2.229107157028937,-0.7914570332612597
MEAN,hdf_reconstructed,zone_3,native_cell_flow_balance,native,negated,reconstructed_all_touching_faces,hdf_precipitation,True,True,1274,48,1799.9999712,30.0,29.999999999999893,True,59.99999904,False,3863.649841127896,177406.298159439,238065.0869351934,,613.6677145197725,1051.1781198131978,1533.95047608956,131.25086908806225,83.30489860275868,2.4996434386155664,-0.6746601265914903
