event_id,target_volume_source,scope,flux_source,face_stage_rule,sign_mode,boundary_mode,source_mode,has_native_face_flow,has_native_cell_flow_balance,num_nodes,num_transitions,delta_t_seconds,hecras_computation_delta_t_seconds,hdf_output_delta_t_seconds,hdf_output_matches_computation,computation_steps_per_budget_interval,storage_aligned,storage_alignment_rmse_ft3,storage_alignment_max_abs_ft3,domain_residual_rmse_ft3,hdf_path,target_rms_ft3,budget_rms_ft3,residual_rmse_ft3,residual_mae_ft3,residual_bias_ft3,relative_rmse,correlation
H1,hgn_target,all,reconstructed_velocity_area,mean,cell_order,reconstructed_all_touching_faces,none,True,True,12715,48,1799.9999712,30.0,29.999999999999893,True,59.99999904,True,2.8320070027923997e-10,5.020410753786564e-10,11028090.988812288,/mnt/8tb_hdd2/joyce/Minxiong/Minxiong_new/hgn_extract_workspace/outputs_native/planH1/Minxiong.p01.hdf,1414.770404675106,93861.44328225567,93809.39593298481,7658.4199220138,-833.5252924259563,66.30715176327682,0.04347189032470665
H1,hgn_target,zone_3,reconstructed_velocity_area,mean,cell_order,reconstructed_all_touching_faces,none,True,True,1274,48,1799.9999712,30.0,29.999999999999893,True,59.99999904,True,2.8320070027923997e-10,5.020410753786564e-10,442650.28120896936,/mnt/8tb_hdd2/joyce/Minxiong/Minxiong_new/hgn_extract_workspace/outputs_native/planH1/Minxiong.p01.hdf,613.6677145197721,31414.32960305864,31409.45017250064,3621.5575711999077,-195.11000374661032,51.183155687243904,0.017317947067999686
H1,hdf_reconstructed,all,reconstructed_velocity_area,mean,cell_order,reconstructed_all_touching_faces,none,True,True,12715,48,1799.9999712,30.0,29.999999999999893,True,59.99999904,True,2.8320070027923997e-10,5.020410753786564e-10,11028090.988812286,/mnt/8tb_hdd2/joyce/Minxiong/Minxiong_new/hgn_extract_workspace/outputs_native/planH1/Minxiong.p01.hdf,1414.7704046751048,93861.44328225567,93809.39593298481,7658.4199220138,-833.5252924259566,66.30715176327688,0.04347189032470665
H1,hdf_reconstructed,zone_3,reconstructed_velocity_area,mean,cell_order,reconstructed_all_touching_faces,none,True,True,1274,48,1799.9999712,30.0,29.999999999999893,True,59.99999904,True,2.8320070027923997e-10,5.020410753786564e-10,442650.28120896907,/mnt/8tb_hdd2/joyce/Minxiong/Minxiong_new/hgn_extract_workspace/outputs_native/planH1/Minxiong.p01.hdf,613.6677145197725,31414.32960305864,31409.45017250064,3621.5575711999077,-195.1100037466101,51.18315568724387,0.017317947067999686
H1,hgn_target,all,reconstructed_velocity_area,mean,cell_order,reconstructed_all_touching_faces,hdf_precipitation,True,True,12715,48,1799.9999712,30.0,29.999999999999893,True,59.99999904,True,2.8320070027923997e-10,5.020410753786564e-10,11879940.34053914,/mnt/8tb_hdd2/joyce/Minxiong/Minxiong_new/hgn_extract_workspace/outputs_native/planH1/Minxiong.p01.hdf,1414.770404675106,93863.07356690426,93810.91921625476,7664.521796014959,-893.1607473055029,66.30822846325931,0.043482115047134354
H1,hgn_target,zone_3,reconstructed_velocity_area,mean,cell_order,reconstructed_all_touching_faces,hdf_precipitation,True,True,1274,48,1799.9999712,30.0,29.999999999999893,True,59.99999904,True,2.8320070027923997e-10,5.020410753786564e-10,460256.42739399866,/mnt/8tb_hdd2/joyce/Minxiong/Minxiong_new/hgn_extract_workspace/outputs_native/planH1/Minxiong.p01.hdf,613.6677145197721,31414.524638530213,31409.625761926178,3626.9851220645965,-209.4430188615924,51.18344181835588,0.017322952875792382
H1,hdf_reconstructed,all,reconstructed_velocity_area,mean,cell_order,reconstructed_all_touching_faces,hdf_precipitation,True,True,12715,48,1799.9999712,30.0,29.999999999999893,True,59.99999904,True,2.8320070027923997e-10,5.020410753786564e-10,11879940.34053914,/mnt/8tb_hdd2/joyce/Minxiong/Minxiong_new/hgn_extract_workspace/outputs_native/planH1/Minxiong.p01.hdf,1414.7704046751048,93863.07356690426,93810.91921625476,7664.521796014959,-893.1607473055029,66.30822846325937,0.0434821150471344
H1,hdf_reconstructed,zone_3,reconstructed_velocity_area,mean,cell_order,reconstructed_all_touching_faces,hdf_precipitation,True,True,1274,48,1799.9999712,30.0,29.999999999999893,True,59.99999904,True,2.8320070027923997e-10,5.020410753786564e-10,460256.4273939984,/mnt/8tb_hdd2/joyce/Minxiong/Minxiong_new/hgn_extract_workspace/outputs_native/planH1/Minxiong.p01.hdf,613.6677145197725,31414.524638530213,31409.625761926178,3626.985122064596,-209.44301886159218,51.18344181835584,0.017322952875792417
H1,hgn_target,all,reconstructed_velocity_area,mean,cell_order,native_bc_only,none,True,True,12715,48,1799.9999712,30.0,29.999999999999893,True,59.99999904,True,2.8320070027923997e-10,5.020410753786564e-10,3065480.892449578,/mnt/8tb_hdd2/joyce/Minxiong/Minxiong_new/hgn_extract_workspace/outputs_native/planH1/Minxiong.p01.hdf,1414.770404675106,54060.18978958644,54033.15691167184,7124.399911620649,-203.45118584324408,38.19217360860772,0.03169039987512225
H1,hgn_target,zone_3,reconstructed_velocity_area,mean,cell_order,native_bc_only,none,True,True,1274,48,1799.9999712,30.0,29.999999999999893,True,59.99999904,True,2.8320070027923997e-10,5.020410753786564e-10,416438.66039494495,/mnt/8tb_hdd2/joyce/Minxiong/Minxiong_new/hgn_extract_workspace/outputs_native/planH1/Minxiong.p01.hdf,613.6677145197721,31442.79884427222,31437.923824404577,3628.3308409620495,-177.159939172968,51.22955482350321,0.017335660282545018
H1,hdf_reconstructed,all,reconstructed_velocity_area,mean,cell_order,native_bc_only,none,True,True,12715,48,1799.9999712,30.0,29.999999999999893,True,59.99999904,True,2.8320070027923997e-10,5.020410753786564e-10,3065480.8924495797,/mnt/8tb_hdd2/joyce/Minxiong/Minxiong_new/hgn_extract_workspace/outputs_native/planH1/Minxiong.p01.hdf,1414.7704046751048,54060.18978958644,54033.156911671846,7124.399911620649,-203.45118584324408,38.19217360860775,0.031690399875122316
H1,hdf_reconstructed,zone_3,reconstructed_velocity_area,mean,cell_order,native_bc_only,none,True,True,1274,48,1799.9999712,30.0,29.999999999999893,True,59.99999904,True,2.8320070027923997e-10,5.020410753786564e-10,416438.66039494507,/mnt/8tb_hdd2/joyce/Minxiong/Minxiong_new/hgn_extract_workspace/outputs_native/planH1/Minxiong.p01.hdf,613.6677145197725,31442.79884427222,31437.92382440458,3628.330840962049,-177.15993917296782,51.22955482350317,0.01733566028254503
H1,hgn_target,all,reconstructed_velocity_area,mean,cell_order,native_bc_only,hdf_precipitation,True,True,12715,48,1799.9999712,30.0,29.999999999999893,True,59.99999904,True,2.8320070027923997e-10,5.020410753786564e-10,3946735.265857174,/mnt/8tb_hdd2/joyce/Minxiong/Minxiong_new/hgn_extract_workspace/outputs_native/planH1/Minxiong.p01.hdf,1414.770404675106,54061.042751855464,54033.822959905185,7130.494255623298,-263.08664072279043,38.19264439046118,0.031708692486640544
H1,hgn_target,zone_3,reconstructed_velocity_area,mean,cell_order,native_bc_only,hdf_precipitation,True,True,1274,48,1799.9999712,30.0,29.999999999999893,True,59.99999904,True,2.8320070027923997e-10,5.020410753786564e-10,433110.0100640543,/mnt/8tb_hdd2/joyce/Minxiong/Minxiong_new/hgn_extract_workspace/outputs_native/planH1/Minxiong.p01.hdf,613.6677145197721,31442.978642160353,31438.08419145943,3633.7539446518385,-191.49295428795008,51.229816149056205,0.01734066532592449
H1,hdf_reconstructed,all,reconstructed_velocity_area,mean,cell_order,native_bc_only,hdf_precipitation,True,True,12715,48,1799.9999712,30.0,29.999999999999893,True,59.99999904,True,2.8320070027923997e-10,5.020410753786564e-10,3946735.265857171,/mnt/8tb_hdd2/joyce/Minxiong/Minxiong_new/hgn_extract_workspace/outputs_native/planH1/Minxiong.p01.hdf,1414.7704046751048,54061.042751855464,54033.822959905185,7130.494255623298,-263.0866407227904,38.19264439046121,0.031708692486640606
H1,hdf_reconstructed,zone_3,reconstructed_velocity_area,mean,cell_order,native_bc_only,hdf_precipitation,True,True,1274,48,1799.9999712,30.0,29.999999999999893,True,59.99999904,True,2.8320070027923997e-10,5.020410753786564e-10,433110.01006405446,/mnt/8tb_hdd2/joyce/Minxiong/Minxiong_new/hgn_extract_workspace/outputs_native/planH1/Minxiong.p01.hdf,613.6677145197725,31442.978642160353,31438.084191459435,3633.7539446518385,-191.49295428794989,51.22981614905617,0.0173406653259245
H1,hgn_target,all,reconstructed_velocity_area,mean,negated,reconstructed_all_touching_faces,none,True,True,12715,48,1799.9999712,30.0,29.999999999999893,True,59.99999904,True,2.8320070027923997e-10,5.020410753786564e-10,14626296.197378121,/mnt/8tb_hdd2/joyce/Minxiong/Minxiong_new/hgn_extract_workspace/outputs_native/planH1/Minxiong.p01.hdf,1414.770404675106,93861.44328225567,93934.77234411427,7762.468122090486,1125.6939633714462,66.39577138008188,-0.04347189032470665
H1,hgn_target,zone_3,reconstructed_velocity_area,mean,negated,reconstructed_all_touching_faces,none,True,True,1274,48,1799.9999712,30.0,29.999999999999893,True,59.99999904,True,2.8320070027923997e-10,5.020410753786564e-10,487368.3874910716,/mnt/8tb_hdd2/joyce/Minxiong/Minxiong_new/hgn_extract_workspace/outputs_native/planH1/Minxiong.p01.hdf,613.6677145197721,31414.32960305864,31431.19190880454,3644.6129365349584,266.90150877326033,51.21858485483652,-0.017317947067999686
H1,hdf_reconstructed,all,reconstructed_velocity_area,mean,negated,reconstructed_all_touching_faces,none,True,True,12715,48,1799.9999712,30.0,29.999999999999893,True,59.99999904,True,2.8320070027923997e-10,5.020410753786564e-10,14626296.197378125,/mnt/8tb_hdd2/joyce/Minxiong/Minxiong_new/hgn_extract_workspace/outputs_native/planH1/Minxiong.p01.hdf,1414.7704046751048,93861.44328225567,93934.77234411427,7762.468122090488,1125.6939633714464,66.39577138008194,-0.04347189032470665
H1,hdf_reconstructed,zone_3,reconstructed_velocity_area,mean,negated,reconstructed_all_touching_faces,none,True,True,1274,48,1799.9999712,30.0,29.999999999999893,True,59.99999904,True,2.8320070027923997e-10,5.020410753786564e-10,487368.387491072,/mnt/8tb_hdd2/joyce/Minxiong/Minxiong_new/hgn_extract_workspace/outputs_native/planH1/Minxiong.p01.hdf,613.6677145197725,31414.32960305864,31431.19190880454,3644.6129365349584,266.9015087732606,51.218584854836486,-0.017317947067999686
H1,hgn_target,all,reconstructed_velocity_area,mean,negated,reconstructed_all_touching_faces,hdf_precipitation,True,True,12715,48,1799.9999712,30.0,29.999999999999893,True,59.99999904,True,2.8320070027923997e-10,5.020410753786564e-10,13803851.135293214,/mnt/8tb_hdd2/joyce/Minxiong/Minxiong_new/hgn_extract_workspace/outputs_native/planH1/Minxiong.p01.hdf,1414.770404675106,93859.87471921301,93933.09724004647,7775.83450796074,1066.0585084918998,66.3945873688372,-0.04346165434244749
H1,hgn_target,zone_3,reconstructed_velocity_area,mean,negated,reconstructed_all_touching_faces,hdf_precipitation,True,True,1274,48,1799.9999712,30.0,29.999999999999893,True,59.99999904,True,2.8320070027923997e-10,5.020410753786564e-10,468168.73892648803,/mnt/8tb_hdd2/joyce/Minxiong/Minxiong_new/hgn_extract_workspace/outputs_native/planH1/Minxiong.p01.hdf,613.6677145197721,31414.143953765295,31430.986896001577,3651.7560281368396,252.56849365827833,51.21825077696651,-0.017312939663254825
H1,hdf_reconstructed,all,reconstructed_velocity_area,mean,negated,reconstructed_all_touching_faces,hdf_precipitation,True,True,12715,48,1799.9999712,30.0,29.999999999999893,True,59.99999904,True,2.8320070027923997e-10,5.020410753786564e-10,13803851.135293204,/mnt/8tb_hdd2/joyce/Minxiong/Minxiong_new/hgn_extract_workspace/outputs_native/planH1/Minxiong.p01.hdf,1414.7704046751048,93859.87471921301,93933.09724004648,7775.834507960738,1066.0585084918998,66.39458736883725,-0.043461654342447475
H1,hdf_reconstructed,zone_3,reconstructed_velocity_area,mean,negated,reconstructed_all_touching_faces,hdf_precipitation,True,True,1274,48,1799.9999712,30.0,29.999999999999893,True,59.99999904,True,2.8320070027923997e-10,5.020410753786564e-10,468168.73892648827,/mnt/8tb_hdd2/joyce/Minxiong/Minxiong_new/hgn_extract_workspace/outputs_native/planH1/Minxiong.p01.hdf,613.6677145197725,31414.143953765295,31430.986896001577,3651.7560281368396,252.56849365827847,51.21825077696647,-0.01731293966325484
H1,hgn_target,all,reconstructed_velocity_area,mean,negated,native_bc_only,none,True,True,12715,48,1799.9999712,30.0,29.999999999999893,True,59.99999904,True,2.8320070027923997e-10,5.020410753786564e-10,3065480.8924495783,/mnt/8tb_hdd2/joyce/Minxiong/Minxiong_new/hgn_extract_workspace/outputs_native/planH1/Minxiong.p01.hdf,1414.770404675106,72989.64178069495,73019.48599625325,7685.609384676081,-203.45118584324408,51.61225153916176,-0.01196604726252246
H1,hgn_target,zone_3,reconstructed_velocity_area,mean,negated,native_bc_only,none,True,True,1274,48,1799.9999712,30.0,29.999999999999893,True,59.99999904,True,2.8320070027923997e-10,5.020410753786564e-10,565022.138923337,/mnt/8tb_hdd2/joyce/Minxiong/Minxiong_new/hgn_extract_workspace/outputs_native/planH1/Minxiong.p01.hdf,613.6677145197721,31622.198411250447,31638.95472633485,3674.2797101513006,296.7402988772093,51.557144001121245,-0.01715676755287107
H1,hdf_reconstructed,all,reconstructed_velocity_area,mean,negated,native_bc_only,none,True,True,12715,48,1799.9999712,30.0,29.999999999999893,True,59.99999904,True,2.8320070027923997e-10,5.020410753786564e-10,3065480.892449576,/mnt/8tb_hdd2/joyce/Minxiong/Minxiong_new/hgn_extract_workspace/outputs_native/planH1/Minxiong.p01.hdf,1414.7704046751048,72989.64178069495,73019.48599625326,7685.609384676081,-203.4511858432441,51.61225153916182,-0.01196604726252248
H1,hdf_reconstructed,zone_3,reconstructed_velocity_area,mean,negated,native_bc_only,none,True,True,1274,48,1799.9999712,30.0,29.999999999999893,True,59.99999904,True,2.8320070027923997e-10,5.020410753786564e-10,565022.1389233378,/mnt/8tb_hdd2/joyce/Minxiong/Minxiong_new/hgn_extract_workspace/outputs_native/planH1/Minxiong.p01.hdf,613.6677145197725,31622.198411250447,31638.95472633485,3674.279710151301,296.7402988772095,51.55714400112121,-0.01715676755287106
H1,hgn_target,all,reconstructed_velocity_area,mean,negated,native_bc_only,hdf_precipitation,True,True,12715,48,1799.9999712,30.0,29.999999999999893,True,59.99999904,True,2.8320070027923997e-10,5.020410753786564e-10,3946735.265857171,/mnt/8tb_hdd2/joyce/Minxiong/Minxiong_new/hgn_extract_workspace/outputs_native/planH1/Minxiong.p01.hdf,1414.770404675106,72990.40546025851,73020.11073413256,7699.013741266157,-263.08664072279043,51.612693121680906,-0.011952235801613597
H1,hgn_target,zone_3,reconstructed_velocity_area,mean,negated,native_bc_only,hdf_precipitation,True,True,1274,48,1799.9999712,30.0,29.999999999999893,True,59.99999904,True,2.8320070027923997e-10,5.020410753786564e-10,545974.3033214557,/mnt/8tb_hdd2/joyce/Minxiong/Minxiong_new/hgn_extract_workspace/outputs_native/planH1/Minxiong.p01.hdf,613.6677145197721,31621.989638652558,31638.726728992526,3681.401110320336,282.4072837622272,51.55677246887842,-0.017151798175011224
H1,hdf_reconstructed,all,reconstructed_velocity_area,mean,negated,native_bc_only,hdf_precipitation,True,True,12715,48,1799.9999712,30.0,29.999999999999893,True,59.99999904,True,2.8320070027923997e-10,5.020410753786564e-10,3946735.2658571685,/mnt/8tb_hdd2/joyce/Minxiong/Minxiong_new/hgn_extract_workspace/outputs_native/planH1/Minxiong.p01.hdf,1414.7704046751048,72990.40546025851,73020.11073413256,7699.013741266159,-263.08664072279043,51.61269312168095,-0.011952235801613649
H1,hdf_reconstructed,zone_3,reconstructed_velocity_area,mean,negated,native_bc_only,hdf_precipitation,True,True,1274,48,1799.9999712,30.0,29.999999999999893,True,59.99999904,True,2.8320070027923997e-10,5.020410753786564e-10,545974.3033214562,/mnt/8tb_hdd2/joyce/Minxiong/Minxiong_new/hgn_extract_workspace/outputs_native/planH1/Minxiong.p01.hdf,613.6677145197725,31621.989638652558,31638.72672899253,3681.4011103203347,282.40728376222745,51.556772468878385,-0.01715179817501121
H1,hgn_target,all,reconstructed_velocity_area,minimum,cell_order,reconstructed_all_touching_faces,none,True,True,12715,48,1799.9999712,30.0,29.999999999999893,True,59.99999904,True,2.8320070027923997e-10,5.020410753786564e-10,11028090.98881229,/mnt/8tb_hdd2/joyce/Minxiong/Minxiong_new/hgn_extract_workspace/outputs_native/planH1/Minxiong.p01.hdf,1414.770404675106,93352.14125670993,93309.87717090582,7455.031863289399,-833.5252924259564,65.95407768113012,0.03655816762532763
H1,hgn_target,zone_3,reconstructed_velocity_area,minimum,cell_order,reconstructed_all_touching_faces,none,True,True,1274,48,1799.9999712,30.0,29.999999999999893,True,59.99999904,True,2.8320070027923997e-10,5.020410753786564e-10,361464.05996627396,/mnt/8tb_hdd2/joyce/Minxiong/Minxiong_new/hgn_extract_workspace/outputs_native/planH1/Minxiong.p01.hdf,613.6677145197721,30883.02294741325,30889.891517758526,3519.7456528949115,-126.88051618971994,50.33651076451289,-0.0015695561592033154
H1,hdf_reconstructed,all,reconstructed_velocity_area,minimum,cell_order,reconstructed_all_touching_faces,none,True,True,12715,48,1799.9999712,30.0,29.999999999999893,True,59.99999904,True,2.8320070027923997e-10,5.020410753786564e-10,11028090.988812285,/mnt/8tb_hdd2/joyce/Minxiong/Minxiong_new/hgn_extract_workspace/outputs_native/planH1/Minxiong.p01.hdf,1414.7704046751048,93352.14125670993,93309.87717090582,7455.031863289399,-833.5252924259563,65.95407768113016,0.036558167625327716
H1,hdf_reconstructed,zone_3,reconstructed_velocity_area,minimum,cell_order,reconstructed_all_touching_faces,none,True,True,1274,48,1799.9999712,30.0,29.999999999999893,True,59.99999904,True,2.8320070027923997e-10,5.020410753786564e-10,361464.0599662738,/mnt/8tb_hdd2/joyce/Minxiong/Minxiong_new/hgn_extract_workspace/outputs_native/planH1/Minxiong.p01.hdf,613.6677145197725,30883.02294741325,30889.891517758526,3519.7456528949115,-126.88051618971976,50.336510764512845,-0.001569556159203211
H1,hgn_target,all,reconstructed_velocity_area,minimum,cell_order,reconstructed_all_touching_faces,hdf_precipitation,True,True,12715,48,1799.9999712,30.0,29.999999999999893,True,59.99999904,True,2.8320070027923997e-10,5.020410753786564e-10,11879940.340539146,/mnt/8tb_hdd2/joyce/Minxiong/Minxiong_new/hgn_extract_workspace/outputs_native/planH1/Minxiong.p01.hdf,1414.770404675106,93353.75405603541,93311.38221718048,7467.241694731962,-893.1607473055032,65.95514149068514,0.03656852960648671
H1,hgn_target,zone_3,reconstructed_velocity_area,minimum,cell_order,reconstructed_all_touching_faces,hdf_precipitation,True,True,1274,48,1799.9999712,30.0,29.999999999999893,True,59.99999904,True,2.8320070027923997e-10,5.020410753786564e-10,376884.7975485768,/mnt/8tb_hdd2/joyce/Minxiong/Minxiong_new/hgn_extract_workspace/outputs_native/planH1/Minxiong.p01.hdf,613.6677145197721,30883.18097140216,30890.029702657353,3526.5534232125333,-141.213531304702,50.336735943213924,-0.00156441184181877
H1,hdf_reconstructed,all,reconstructed_velocity_area,minimum,cell_order,reconstructed_all_touching_faces,hdf_precipitation,True,True,12715,48,1799.9999712,30.0,29.999999999999893,True,59.99999904,True,2.8320070027923997e-10,5.020410753786564e-10,11879940.340539142,/mnt/8tb_hdd2/joyce/Minxiong/Minxiong_new/hgn_extract_workspace/outputs_native/planH1/Minxiong.p01.hdf,1414.7704046751048,93353.75405603541,93311.38221718046,7467.24169473196,-893.1607473055027,65.95514149068518,0.03656852960648672
H1,hdf_reconstructed,zone_3,reconstructed_velocity_area,minimum,cell_order,reconstructed_all_touching_faces,hdf_precipitation,True,True,1274,48,1799.9999712,30.0,29.999999999999893,True,59.99999904,True,2.8320070027923997e-10,5.020410753786564e-10,376884.7975485769,/mnt/8tb_hdd2/joyce/Minxiong/Minxiong_new/hgn_extract_workspace/outputs_native/planH1/Minxiong.p01.hdf,613.6677145197725,30883.18097140216,30890.029702657353,3526.553423212533,-141.21353130470177,50.33673594321389,-0.0015644118418186856
H1,hgn_target,all,reconstructed_velocity_area,minimum,cell_order,native_bc_only,none,True,True,12715,48,1799.9999712,30.0,29.999999999999893,True,59.99999904,True,2.8320070027923997e-10,5.020410753786564e-10,3065480.892449575,/mnt/8tb_hdd2/joyce/Minxiong/Minxiong_new/hgn_extract_workspace/outputs_native/planH1/Minxiong.p01.hdf,1414.770404675106,53151.3910874418,53141.57478320372,6921.039606607646,-203.45118584324402,37.56197797720216,0.019673220122239665
H1,hgn_target,zone_3,reconstructed_velocity_area,minimum,cell_order,native_bc_only,none,True,True,1274,48,1799.9999712,30.0,29.999999999999893,True,59.99999904,True,2.8320070027923997e-10,5.020410753786564e-10,329625.9096966265,/mnt/8tb_hdd2/joyce/Minxiong/Minxiong_new/hgn_extract_workspace/outputs_native/planH1/Minxiong.p01.hdf,613.6677145197721,30911.9842330332,30918.846361567805,3526.5212094979743,-108.93045161607766,50.38369402529749,-0.0015340428529360718
H1,hdf_reconstructed,all,reconstructed_velocity_area,minimum,cell_order,native_bc_only,none,True,True,12715,48,1799.9999712,30.0,29.999999999999893,True,59.99999904,True,2.8320070027923997e-10,5.020410753786564e-10,3065480.8924495764,/mnt/8tb_hdd2/joyce/Minxiong/Minxiong_new/hgn_extract_workspace/outputs_native/planH1/Minxiong.p01.hdf,1414.7704046751048,53151.3910874418,53141.57478320372,6921.039606607647,-203.45118584324408,37.5619779772022,0.01967322012223975
H1,hdf_reconstructed,zone_3,reconstructed_velocity_area,minimum,cell_order,native_bc_only,none,True,True,1274,48,1799.9999712,30.0,29.999999999999893,True,59.99999904,True,2.8320070027923997e-10,5.020410753786564e-10,329625.9096966267,/mnt/8tb_hdd2/joyce/Minxiong/Minxiong_new/hgn_extract_workspace/outputs_native/planH1/Minxiong.p01.hdf,613.6677145197725,30911.9842330332,30918.846361567805,3526.5212094979743,-108.93045161607748,50.38369402529745,-0.0015340428529359725
H1,hgn_target,all,reconstructed_velocity_area,minimum,cell_order,native_bc_only,hdf_precipitation,True,True,12715,48,1799.9999712,30.0,29.999999999999893,True,59.99999904,True,2.8320070027923997e-10,5.020410753786564e-10,3946735.2658571755,/mnt/8tb_hdd2/joyce/Minxiong/Minxiong_new/hgn_extract_workspace/outputs_native/planH1/Minxiong.p01.hdf,1414.770404675106,53152.212302086424,53142.20566559034,6933.241657630672,-263.08664072279055,37.562423902834006,0.019691938169668494
H1,hgn_target,zone_3,reconstructed_velocity_area,minimum,cell_order,native_bc_only,hdf_precipitation,True,True,1274,48,1799.9999712,30.0,29.999999999999893,True,59.99999904,True,2.8320070027923997e-10,5.020410753786564e-10,343955.7235492666,/mnt/8tb_hdd2/joyce/Minxiong/Minxiong_new/hgn_extract_workspace/outputs_native/planH1/Minxiong.p01.hdf,613.6677145197721,30912.126789336035,30918.969100815255,3533.323873971385,-123.26346673105968,50.38389403459331,-0.0015289038108892716
H1,hdf_reconstructed,all,reconstructed_velocity_area,minimum,cell_order,native_bc_only,hdf_precipitation,True,True,12715,48,1799.9999712,30.0,29.999999999999893,True,59.99999904,True,2.8320070027923997e-10,5.020410753786564e-10,3946735.265857172,/mnt/8tb_hdd2/joyce/Minxiong/Minxiong_new/hgn_extract_workspace/outputs_native/planH1/Minxiong.p01.hdf,1414.7704046751048,53152.212302086424,53142.20566559034,6933.241657630671,-263.08664072279055,37.56242390283404,0.019691938169668553
H1,hdf_reconstructed,zone_3,reconstructed_velocity_area,minimum,cell_order,native_bc_only,hdf_precipitation,True,True,1274,48,1799.9999712,30.0,29.999999999999893,True,59.99999904,True,2.8320070027923997e-10,5.020410753786564e-10,343955.72354926704,/mnt/8tb_hdd2/joyce/Minxiong/Minxiong_new/hgn_extract_workspace/outputs_native/planH1/Minxiong.p01.hdf,613.6677145197725,30912.126789336035,30918.969100815255,3533.323873971385,-123.26346673105948,50.383894034593276,-0.0015289038108891803
H1,hgn_target,all,reconstructed_velocity_area,minimum,negated,reconstructed_all_touching_faces,none,True,True,12715,48,1799.9999712,30.0,29.999999999999893,True,59.99999904,True,2.8320070027923997e-10,5.020410753786564e-10,14626296.197378121,/mnt/8tb_hdd2/joyce/Minxiong/Minxiong_new/hgn_extract_workspace/outputs_native/planH1/Minxiong.p01.hdf,1414.770404675106,93352.14125670993,93415.81518871308,7536.409012662783,1125.6939633714458,66.02895768813138,-0.03655816762532763
H1,hgn_target,zone_3,reconstructed_velocity_area,minimum,negated,reconstructed_all_touching_faces,none,True,True,1274,48,1799.9999712,30.0,29.999999999999893,True,59.99999904,True,2.8320070027923997e-10,5.020410753786564e-10,389601.5968444262,/mnt/8tb_hdd2/joyce/Minxiong/Minxiong_new/hgn_extract_workspace/outputs_native/planH1/Minxiong.p01.hdf,613.6677145197721,30883.02294741325,30888.34716992323,3539.8140063299843,198.67202121636996,50.33399417809525,0.0015695561592033154
H1,hdf_reconstructed,all,reconstructed_velocity_area,minimum,negated,reconstructed_all_touching_faces,none,True,True,12715,48,1799.9999712,30.0,29.999999999999893,True,59.99999904,True,2.8320070027923997e-10,5.020410753786564e-10,14626296.197378118,/mnt/8tb_hdd2/joyce/Minxiong/Minxiong_new/hgn_extract_workspace/outputs_native/planH1/Minxiong.p01.hdf,1414.7704046751048,93352.14125670993,93415.81518871308,7536.40901266278,1125.693963371445,66.02895768813143,-0.036558167625327716
H1,hdf_reconstructed,zone_3,reconstructed_velocity_area,minimum,negated,reconstructed_all_touching_faces,none,True,True,1274,48,1799.9999712,30.0,29.999999999999893,True,59.99999904,True,2.8320070027923997e-10,5.020410753786564e-10,389601.59684442665,/mnt/8tb_hdd2/joyce/Minxiong/Minxiong_new/hgn_extract_workspace/outputs_native/planH1/Minxiong.p01.hdf,613.6677145197725,30883.02294741325,30888.34716992323,3539.8140063299843,198.6720212163701,50.33399417809522,0.001569556159203211
H1,hgn_target,all,reconstructed_velocity_area,minimum,negated,reconstructed_all_touching_faces,hdf_precipitation,True,True,12715,48,1799.9999712,30.0,29.999999999999893,True,59.99999904,True,2.8320070027923997e-10,5.020410753786564e-10,13803851.135293214,/mnt/8tb_hdd2/joyce/Minxiong/Minxiong_new/hgn_extract_workspace/outputs_native/planH1/Minxiong.p01.hdf,1414.770404675106,93350.59051632688,93414.15714117003,7551.748021559131,1066.0585084918998,66.02778573292396,-0.036547796040045245
H1,hgn_target,zone_3,reconstructed_velocity_area,minimum,negated,reconstructed_all_touching_faces,hdf_precipitation,True,True,1274,48,1799.9999712,30.0,29.999999999999893,True,59.99999904,True,2.8320070027923997e-10,5.020410753786564e-10,371421.9309266421,/mnt/8tb_hdd2/joyce/Minxiong/Minxiong_new/hgn_extract_workspace/outputs_native/planH1/Minxiong.p01.hdf,613.6677145197721,30882.874471493553,30888.17891445723,3547.8566135982787,184.33900610138792,50.333719998010466,0.0015747003552591188
H1,hdf_reconstructed,all,reconstructed_velocity_area,minimum,negated,reconstructed_all_touching_faces,hdf_precipitation,True,True,12715,48,1799.9999712,30.0,29.999999999999893,True,59.99999904,True,2.8320070027923997e-10,5.020410753786564e-10,13803851.13529321,/mnt/8tb_hdd2/joyce/Minxiong/Minxiong_new/hgn_extract_workspace/outputs_native/planH1/Minxiong.p01.hdf,1414.7704046751048,93350.59051632688,93414.15714117003,7551.748021559131,1066.0585084918994,66.02778573292402,-0.0365477960400452
H1,hdf_reconstructed,zone_3,reconstructed_velocity_area,minimum,negated,reconstructed_all_touching_faces,hdf_precipitation,True,True,1274,48,1799.9999712,30.0,29.999999999999893,True,59.99999904,True,2.8320070027923997e-10,5.020410753786564e-10,371421.9309266424,/mnt/8tb_hdd2/joyce/Minxiong/Minxiong_new/hgn_extract_workspace/outputs_native/planH1/Minxiong.p01.hdf,613.6677145197725,30882.874471493553,30888.178914457225,3547.8566135982783,184.33900610138812,50.33371999801042,0.0015747003552590553
H1,hgn_target,all,reconstructed_velocity_area,minimum,negated,native_bc_only,none,True,True,12715,48,1799.9999712,30.0,29.999999999999893,True,59.99999904,True,2.8320070027923997e-10,5.020410753786564e-10,3065480.892449577,/mnt/8tb_hdd2/joyce/Minxiong/Minxiong_new/hgn_extract_workspace/outputs_native/planH1/Minxiong.p01.hdf,1414.770404675106,72308.67091313851,72325.80968751071,7459.321405548024,-203.45118584324405,51.121941375441715,-0.002847142332129706
H1,hgn_target,zone_3,reconstructed_velocity_area,minimum,negated,native_bc_only,none,True,True,1274,48,1799.9999712,30.0,29.999999999999893,True,59.99999904,True,2.8320070027923997e-10,5.020410753786564e-10,480914.84081538813,/mnt/8tb_hdd2/joyce/Minxiong/Minxiong_new/hgn_extract_workspace/outputs_native/planH1/Minxiong.p01.hdf,613.6677145197721,31094.43473551104,31099.7276427992,3569.466519458958,228.5108113203189,50.67844846153656,0.0016071577807398553
H1,hdf_reconstructed,all,reconstructed_velocity_area,minimum,negated,native_bc_only,none,True,True,12715,48,1799.9999712,30.0,29.999999999999893,True,59.99999904,True,2.8320070027923997e-10,5.020410753786564e-10,3065480.892449576,/mnt/8tb_hdd2/joyce/Minxiong/Minxiong_new/hgn_extract_workspace/outputs_native/planH1/Minxiong.p01.hdf,1414.7704046751048,72308.67091313851,72325.80968751071,7459.321405548024,-203.45118584324408,51.12194137544175,-0.0028471423321297087
H1,hdf_reconstructed,zone_3,reconstructed_velocity_area,minimum,negated,native_bc_only,none,True,True,1274,48,1799.9999712,30.0,29.999999999999893,True,59.99999904,True,2.8320070027923997e-10,5.020410753786564e-10,480914.84081538895,/mnt/8tb_hdd2/joyce/Minxiong/Minxiong_new/hgn_extract_workspace/outputs_native/planH1/Minxiong.p01.hdf,613.6677145197725,31094.43473551104,31099.7276427992,3569.4665194589584,228.51081132031908,50.678448461536526,0.0016071577807397722
H1,hgn_target,all,reconstructed_velocity_area,minimum,negated,native_bc_only,hdf_precipitation,True,True,12715,48,1799.9999712,30.0,29.999999999999893,True,59.99999904,True,2.8320070027923997e-10,5.020410753786564e-10,3946735.2658571736,/mnt/8tb_hdd2/joyce/Minxiong/Minxiong_new/hgn_extract_workspace/outputs_native/planH1/Minxiong.p01.hdf,1414.770404675106,72309.47584140883,72326.47446597912,7474.698095596438,-263.0866407227905,51.12241125978917,-0.002833256518817768
H1,hgn_target,zone_3,reconstructed_velocity_area,minimum,negated,native_bc_only,hdf_precipitation,True,True,1274,48,1799.9999712,30.0,29.999999999999893,True,59.99999904,True,2.8320070027923997e-10,5.020410753786564e-10,463279.42978025053,/mnt/8tb_hdd2/joyce/Minxiong/Minxiong_new/hgn_extract_workspace/outputs_native/planH1/Minxiong.p01.hdf,613.6677145197721,31094.262512251473,31099.53577830996,3577.4855312015175,214.17779620533688,50.67813580945352,0.0016122676641243184
H1,hdf_reconstructed,all,reconstructed_velocity_area,minimum,negated,native_bc_only,hdf_precipitation,True,True,12715,48,1799.9999712,30.0,29.999999999999893,True,59.99999904,True,2.8320070027923997e-10,5.020410753786564e-10,3946735.265857169,/mnt/8tb_hdd2/joyce/Minxiong/Minxiong_new/hgn_extract_workspace/outputs_native/planH1/Minxiong.p01.hdf,1414.7704046751048,72309.47584140883,72326.47446597912,7474.69809559644,-263.08664072279055,51.12241125978921,-0.002833256518817787
H1,hdf_reconstructed,zone_3,reconstructed_velocity_area,minimum,negated,native_bc_only,hdf_precipitation,True,True,1274,48,1799.9999712,30.0,29.999999999999893,True,59.99999904,True,2.8320070027923997e-10,5.020410753786564e-10,463279.4297802511,/mnt/8tb_hdd2/joyce/Minxiong/Minxiong_new/hgn_extract_workspace/outputs_native/planH1/Minxiong.p01.hdf,613.6677145197725,31094.262512251473,31099.53577830996,3577.485531201518,214.1777962053371,50.67813580945349,0.0016122676641242416
H1,hgn_target,all,reconstructed_velocity_area,maximum,cell_order,reconstructed_all_touching_faces,none,True,True,12715,48,1799.9999712,30.0,29.999999999999893,True,59.99999904,True,2.8320070027923997e-10,5.020410753786564e-10,11028090.98881229,/mnt/8tb_hdd2/joyce/Minxiong/Minxiong_new/hgn_extract_workspace/outputs_native/planH1/Minxiong.p01.hdf,1414.770404675106,104814.21692293842,104716.09367713731,13185.794546376774,-833.5252924259566,74.0163162383827,0.07551465581619342
H1,hgn_target,zone_3,reconstructed_velocity_area,maximum,cell_order,reconstructed_all_touching_faces,none,True,True,1274,48,1799.9999712,30.0,29.999999999999893,True,59.99999904,True,2.8320070027923997e-10,5.020410753786564e-10,1164502.2596697954,/mnt/8tb_hdd2/joyce/Minxiong/Minxiong_new/hgn_extract_workspace/outputs_native/planH1/Minxiong.p01.hdf,613.6677145197721,36472.212564809175,36449.35325695615,7363.945120449059,780.2873698986479,59.39591149174228,0.046935412931689305
H1,hdf_reconstructed,all,reconstructed_velocity_area,maximum,cell_order,reconstructed_all_touching_faces,none,True,True,12715,48,1799.9999712,30.0,29.999999999999893,True,59.99999904,True,2.8320070027923997e-10,5.020410753786564e-10,11028090.988812286,/mnt/8tb_hdd2/joyce/Minxiong/Minxiong_new/hgn_extract_workspace/outputs_native/planH1/Minxiong.p01.hdf,1414.7704046751048,104814.21692293842,104716.09367713731,13185.794546376774,-833.5252924259564,74.01631623838276,0.07551465581619346
H1,hdf_reconstructed,zone_3,reconstructed_velocity_area,maximum,cell_order,reconstructed_all_touching_faces,none,True,True,1274,48,1799.9999712,30.0,29.999999999999893,True,59.99999904,True,2.8320070027923997e-10,5.020410753786564e-10,1164502.2596697959,/mnt/8tb_hdd2/joyce/Minxiong/Minxiong_new/hgn_extract_workspace/outputs_native/planH1/Minxiong.p01.hdf,613.6677145197725,36472.212564809175,36449.35325695615,7363.945120449059,780.2873698986481,59.39591149174223,0.04693541293168898
H1,hgn_target,all,reconstructed_velocity_area,maximum,cell_order,reconstructed_all_touching_faces,hdf_precipitation,True,True,12715,48,1799.9999712,30.0,29.999999999999893,True,59.99999904,True,2.8320070027923997e-10,5.020410753786564e-10,11879940.34053914,/mnt/8tb_hdd2/joyce/Minxiong/Minxiong_new/hgn_extract_workspace/outputs_native/planH1/Minxiong.p01.hdf,1414.770404675106,104815.88231849774,104717.6639661359,13180.5289870109,-893.1607473055027,74.01742616335243,0.07552343605263624
H1,hgn_target,zone_3,reconstructed_velocity_area,maximum,cell_order,reconstructed_all_touching_faces,hdf_precipitation,True,True,1274,48,1799.9999712,30.0,29.999999999999893,True,59.99999904,True,2.8320070027923997e-10,5.020410753786564e-10,1144090.9566108338,/mnt/8tb_hdd2/joyce/Minxiong/Minxiong_new/hgn_extract_workspace/outputs_native/planH1/Minxiong.p01.hdf,613.6677145197721,36471.8836567278,36449.007359019866,7360.344308256514,765.9543547836658,59.395347835013894,0.04693981681533174
H1,hdf_reconstructed,all,reconstructed_velocity_area,maximum,cell_order,reconstructed_all_touching_faces,hdf_precipitation,True,True,12715,48,1799.9999712,30.0,29.999999999999893,True,59.99999904,True,2.8320070027923997e-10,5.020410753786564e-10,11879940.34053914,/mnt/8tb_hdd2/joyce/Minxiong/Minxiong_new/hgn_extract_workspace/outputs_native/planH1/Minxiong.p01.hdf,1414.7704046751048,104815.88231849774,104717.6639661359,13180.528987010903,-893.1607473055027,74.0174261633525,0.07552343605263633
H1,hdf_reconstructed,zone_3,reconstructed_velocity_area,maximum,cell_order,reconstructed_all_touching_faces,hdf_precipitation,True,True,1274,48,1799.9999712,30.0,29.999999999999893,True,59.99999904,True,2.8320070027923997e-10,5.020410753786564e-10,1144090.9566108345,/mnt/8tb_hdd2/joyce/Minxiong/Minxiong_new/hgn_extract_workspace/outputs_native/planH1/Minxiong.p01.hdf,613.6677145197725,36471.8836567278,36449.007359019866,7360.344308256513,765.9543547836661,59.395347835013844,0.04693981681533134
H1,hgn_target,all,reconstructed_velocity_area,maximum,cell_order,native_bc_only,none,True,True,12715,48,1799.9999712,30.0,29.999999999999893,True,59.99999904,True,2.8320070027923997e-10,5.020410753786564e-10,3065480.892449577,/mnt/8tb_hdd2/joyce/Minxiong/Minxiong_new/hgn_extract_workspace/outputs_native/planH1/Minxiong.p01.hdf,1414.770404675106,71418.2712750494,71322.1941138843,12651.74092485778,-203.45118584324405,50.41255731544867,0.07768000050111866
H1,hgn_target,zone_3,reconstructed_velocity_area,maximum,cell_order,native_bc_only,none,True,True,1274,48,1799.9999712,30.0,29.999999999999893,True,59.99999904,True,2.8320070027923997e-10,5.020410753786564e-10,1205150.1655512273,/mnt/8tb_hdd2/joyce/Minxiong/Minxiong_new/hgn_extract_workspace/outputs_native/planH1/Minxiong.p01.hdf,613.6677145197721,36496.73548435599,36473.8915388982,7370.7178233919485,798.2374344722901,59.43589776014366,0.04693317495640488
H1,hdf_reconstructed,all,reconstructed_velocity_area,maximum,cell_order,native_bc_only,none,True,True,12715,48,1799.9999712,30.0,29.999999999999893,True,59.99999904,True,2.8320070027923997e-10,5.020410753786564e-10,3065480.892449577,/mnt/8tb_hdd2/joyce/Minxiong/Minxiong_new/hgn_extract_workspace/outputs_native/planH1/Minxiong.p01.hdf,1414.7704046751048,71418.2712750494,71322.1941138843,12651.740924857782,-203.45118584324405,50.412557315448716,0.0776800005011187
H1,hdf_reconstructed,zone_3,reconstructed_velocity_area,maximum,cell_order,native_bc_only,none,True,True,1274,48,1799.9999712,30.0,29.999999999999893,True,59.99999904,True,2.8320070027923997e-10,5.020410753786564e-10,1205150.1655512278,/mnt/8tb_hdd2/joyce/Minxiong/Minxiong_new/hgn_extract_workspace/outputs_native/planH1/Minxiong.p01.hdf,613.6677145197725,36496.73548435599,36473.8915388982,7370.7178233919485,798.2374344722904,59.43589776014362,0.046933174956404526
H1,hgn_target,all,reconstructed_velocity_area,maximum,cell_order,native_bc_only,hdf_precipitation,True,True,12715,48,1799.9999712,30.0,29.999999999999893,True,59.99999904,True,2.8320070027923997e-10,5.020410753786564e-10,3946735.2658571736,/mnt/8tb_hdd2/joyce/Minxiong/Minxiong_new/hgn_extract_workspace/outputs_native/planH1/Minxiong.p01.hdf,1414.770404675106,71419.21847714922,71323.00066372706,12646.468056040027,-263.0866407227905,50.4131274078397,0.07769335406859282
H1,hgn_target,zone_3,reconstructed_velocity_area,maximum,cell_order,native_bc_only,hdf_precipitation,True,True,1274,48,1799.9999712,30.0,29.999999999999893,True,59.99999904,True,2.8320070027923997e-10,5.020410753786564e-10,1184707.5340326931,/mnt/8tb_hdd2/joyce/Minxiong/Minxiong_new/hgn_extract_workspace/outputs_native/planH1/Minxiong.p01.hdf,613.6677145197721,36496.39382167893,36473.53288994068,7367.111893353125,783.9044193573081,59.435313325034834,0.046937583513451016
H1,hdf_reconstructed,all,reconstructed_velocity_area,maximum,cell_order,native_bc_only,hdf_precipitation,True,True,12715,48,1799.9999712,30.0,29.999999999999893,True,59.99999904,True,2.8320070027923997e-10,5.020410753786564e-10,3946735.265857171,/mnt/8tb_hdd2/joyce/Minxiong/Minxiong_new/hgn_extract_workspace/outputs_native/planH1/Minxiong.p01.hdf,1414.7704046751048,71419.21847714922,71323.00066372706,12646.46805604003,-263.08664072279055,50.413127407839745,0.07769335406859272
H1,hdf_reconstructed,zone_3,reconstructed_velocity_area,maximum,cell_order,native_bc_only,hdf_precipitation,True,True,1274,48,1799.9999712,30.0,29.999999999999893,True,59.99999904,True,2.8320070027923997e-10,5.020410753786564e-10,1184707.5340326938,/mnt/8tb_hdd2/joyce/Minxiong/Minxiong_new/hgn_extract_workspace/outputs_native/planH1/Minxiong.p01.hdf,613.6677145197725,36496.39382167893,36473.53288994068,7367.111893353125,783.9044193573085,59.43531332503479,0.04693758351345072
H1,hgn_target,all,reconstructed_velocity_area,maximum,negated,reconstructed_all_touching_faces,none,True,True,12715,48,1799.9999712,30.0,29.999999999999893,True,59.99999904,True,2.8320070027923997e-10,5.020410753786564e-10,14626296.19737812,/mnt/8tb_hdd2/joyce/Minxiong/Minxiong_new/hgn_extract_workspace/outputs_native/planH1/Minxiong.p01.hdf,1414.770404675106,104814.21692293842,104931.32522719068,13325.055264412142,1125.6939633714458,74.16844802552085,-0.07551465581619342
H1,hgn_target,zone_3,reconstructed_velocity_area,maximum,negated,reconstructed_all_touching_faces,none,True,True,1274,48,1799.9999712,30.0,29.999999999999893,True,59.99999904,True,2.8320070027923997e-10,5.020410753786564e-10,1073590.5127480566,/mnt/8tb_hdd2/joyce/Minxiong/Minxiong_new/hgn_extract_workspace/outputs_native/planH1/Minxiong.p01.hdf,613.6677145197721,36472.212564809175,36505.37497441379,7397.802348236775,-708.495864871998,59.48720147837858,-0.046935412931689305
H1,hdf_reconstructed,all,reconstructed_velocity_area,maximum,negated,reconstructed_all_touching_faces,none,True,True,12715,48,1799.9999712,30.0,29.999999999999893,True,59.99999904,True,2.8320070027923997e-10,5.020410753786564e-10,14626296.197378114,/mnt/8tb_hdd2/joyce/Minxiong/Minxiong_new/hgn_extract_workspace/outputs_native/planH1/Minxiong.p01.hdf,1414.7704046751048,104814.21692293842,104931.32522719068,13325.055264412142,1125.693963371446,74.1684480255209,-0.07551465581619346
H1,hdf_reconstructed,zone_3,reconstructed_velocity_area,maximum,negated,reconstructed_all_touching_faces,none,True,True,1274,48,1799.9999712,30.0,29.999999999999893,True,59.99999904,True,2.8320070027923997e-10,5.020410753786564e-10,1073590.512748056,/mnt/8tb_hdd2/joyce/Minxiong/Minxiong_new/hgn_extract_workspace/outputs_native/planH1/Minxiong.p01.hdf,613.6677145197725,36472.212564809175,36505.37497441379,7397.802348236776,-708.4958648719978,59.48720147837854,-0.04693541293168898
H1,hgn_target,all,reconstructed_velocity_area,maximum,negated,reconstructed_all_touching_faces,hdf_precipitation,True,True,12715,48,1799.9999712,30.0,29.999999999999893,True,59.99999904,True,2.8320070027923997e-10,5.020410753786564e-10,13803851.135293214,/mnt/8tb_hdd2/joyce/Minxiong/Minxiong_new/hgn_extract_workspace/outputs_native/planH1/Minxiong.p01.hdf,1414.770404675106,104812.60679807875,104929.6204275205,13330.494734913416,1066.0585084918994,74.16724302457895,-0.07550586001192566
H1,hgn_target,zone_3,reconstructed_velocity_area,maximum,negated,reconstructed_all_touching_faces,hdf_precipitation,True,True,1274,48,1799.9999712,30.0,29.999999999999893,True,59.99999904,True,2.8320070027923997e-10,5.020410753786564e-10,1094197.749643766,/mnt/8tb_hdd2/joyce/Minxiong/Minxiong_new/hgn_extract_workspace/outputs_native/planH1/Minxiong.p01.hdf,613.6677145197721,36472.54955536914,36505.69490133054,7401.188514422604,-722.8288799869799,59.48772281412622,-0.04693100590000993
H1,hdf_reconstructed,all,reconstructed_velocity_area,maximum,negated,reconstructed_all_touching_faces,hdf_precipitation,True,True,12715,48,1799.9999712,30.0,29.999999999999893,True,59.99999904,True,2.8320070027923997e-10,5.020410753786564e-10,13803851.135293214,/mnt/8tb_hdd2/joyce/Minxiong/Minxiong_new/hgn_extract_workspace/outputs_native/planH1/Minxiong.p01.hdf,1414.7704046751048,104812.60679807875,104929.6204275205,13330.494734913416,1066.0585084918998,74.16724302457901,-0.07550586001192573
H1,hdf_reconstructed,zone_3,reconstructed_velocity_area,maximum,negated,reconstructed_all_touching_faces,hdf_precipitation,True,True,1274,48,1799.9999712,30.0,29.999999999999893,True,59.99999904,True,2.8320070027923997e-10,5.020410753786564e-10,1094197.7496437654,/mnt/8tb_hdd2/joyce/Minxiong/Minxiong_new/hgn_extract_workspace/outputs_native/planH1/Minxiong.p01.hdf,613.6677145197725,36472.54955536914,36505.69490133055,7401.188514422607,-722.8288799869797,59.48772281412619,-0.046931005900009565
H1,hgn_target,all,reconstructed_velocity_area,maximum,negated,native_bc_only,none,True,True,12715,48,1799.9999712,30.0,29.999999999999893,True,59.99999904,True,2.8320070027923997e-10,5.020410753786564e-10,3065480.8924495745,/mnt/8tb_hdd2/joyce/Minxiong/Minxiong_new/hgn_extract_workspace/outputs_native/planH1/Minxiong.p01.hdf,1414.770404675106,86643.29299608192,86730.67377543515,13248.433476490507,-203.45118584324413,61.30370941379167,-0.05433747170943625
H1,hgn_target,zone_3,reconstructed_velocity_area,maximum,negated,native_bc_only,none,True,True,1274,48,1799.9999712,30.0,29.999999999999893,True,59.99999904,True,2.8320070027923997e-10,5.020410753786564e-10,1020536.0499809443,/mnt/8tb_hdd2/joyce/Minxiong/Minxiong_new/hgn_extract_workspace/outputs_native/planH1/Minxiong.p01.hdf,613.6677145197721,36651.41212401439,36684.41667452767,7427.434680938974,-678.6570747680489,59.77895823187504,-0.04666412579068693
H1,hdf_reconstructed,all,reconstructed_velocity_area,maximum,negated,native_bc_only,none,True,True,12715,48,1799.9999712,30.0,29.999999999999893,True,59.99999904,True,2.8320070027923997e-10,5.020410753786564e-10,3065480.8924495797,/mnt/8tb_hdd2/joyce/Minxiong/Minxiong_new/hgn_extract_workspace/outputs_native/planH1/Minxiong.p01.hdf,1414.7704046751048,86643.29299608192,86730.67377543516,13248.433476490507,-203.4511858432441,61.303709413791736,-0.054337471709436376
H1,hdf_reconstructed,zone_3,reconstructed_velocity_area,maximum,negated,native_bc_only,none,True,True,1274,48,1799.9999712,30.0,29.999999999999893,True,59.99999904,True,2.8320070027923997e-10,5.020410753786564e-10,1020536.0499809439,/mnt/8tb_hdd2/joyce/Minxiong/Minxiong_new/hgn_extract_workspace/outputs_native/planH1/Minxiong.p01.hdf,613.6677145197725,36651.41212401439,36684.41667452767,7427.434680938974,-678.6570747680488,59.77895823187499,-0.04666412579068668
H1,hgn_target,all,reconstructed_velocity_area,maximum,negated,native_bc_only,hdf_precipitation,True,True,12715,48,1799.9999712,30.0,29.999999999999893,True,59.99999904,True,2.8320070027923997e-10,5.020410753786564e-10,3946735.2658571736,/mnt/8tb_hdd2/joyce/Minxiong/Minxiong_new/hgn_extract_workspace/outputs_native/planH1/Minxiong.p01.hdf,1414.770404675106,86643.68777092345,86730.95143817182,13253.911907944097,-263.0866407227905,61.3039056737189,-0.05432581553989589
H1,hgn_target,zone_3,reconstructed_velocity_area,maximum,negated,native_bc_only,hdf_precipitation,True,True,1274,48,1799.9999712,30.0,29.999999999999893,True,59.99999904,True,2.8320070027923997e-10,5.020410753786564e-10,1040840.936457166,/mnt/8tb_hdd2/joyce/Minxiong/Minxiong_new/hgn_extract_workspace/outputs_native/planH1/Minxiong.p01.hdf,613.6677145197721,36651.72646395882,36684.714055926815,7430.808811189134,-692.9900898830311,59.77944282865618,-0.04665975284258535
H1,hdf_reconstructed,all,reconstructed_velocity_area,maximum,negated,native_bc_only,hdf_precipitation,True,True,12715,48,1799.9999712,30.0,29.999999999999893,True,59.99999904,True,2.8320070027923997e-10,5.020410753786564e-10,3946735.265857178,/mnt/8tb_hdd2/joyce/Minxiong/Minxiong_new/hgn_extract_workspace/outputs_native/planH1/Minxiong.p01.hdf,1414.7704046751048,86643.68777092345,86730.95143817182,13253.911907944099,-263.08664072279043,61.30390567371895,-0.05432581553989592
H1,hdf_reconstructed,zone_3,reconstructed_velocity_area,maximum,negated,native_bc_only,hdf_precipitation,True,True,1274,48,1799.9999712,30.0,29.999999999999893,True,59.99999904,True,2.8320070027923997e-10,5.020410753786564e-10,1040840.9364571653,/mnt/8tb_hdd2/joyce/Minxiong/Minxiong_new/hgn_extract_workspace/outputs_native/planH1/Minxiong.p01.hdf,613.6677145197725,36651.72646395882,36684.714055926815,7430.808811189136,-692.9900898830307,59.77944282865614,-0.046659752842585
H1,hgn_target,all,native_face_flow,native,cell_order,reconstructed_all_touching_faces,none,True,True,12715,48,1799.9999712,30.0,29.999999999999893,True,59.99999904,True,2.8320070027923997e-10,5.020410753786564e-10,3065463.7608156856,/mnt/8tb_hdd2/joyce/Minxiong/Minxiong_new/hgn_extract_workspace/outputs_native/planH1/Minxiong.p01.hdf,1414.770404675106,1927.2718783251578,1184.7103725637965,296.5918053379387,-203.4339817546041,0.8373870195820632,0.7893018729493642
H1,hgn_target,zone_3,native_face_flow,native,cell_order,reconstructed_all_touching_faces,none,True,True,1274,48,1799.9999712,30.0,29.999999999999893,True,59.99999904,True,2.8320070027923997e-10,5.020410753786564e-10,97762.23666974921,/mnt/8tb_hdd2/joyce/Minxiong/Minxiong_new/hgn_extract_workspace/outputs_native/planH1/Minxiong.p01.hdf,613.6677145197721,1051.9517483338864,781.3619484707704,55.72924195725988,-25.84641223474049,1.2732655311388315,0.6747921530109636
H1,hdf_reconstructed,all,native_face_flow,native,cell_order,reconstructed_all_touching_faces,none,True,True,12715,48,1799.9999712,30.0,29.999999999999893,True,59.99999904,True,2.8320070027923997e-10,5.020410753786564e-10,3065463.7608156814,/mnt/8tb_hdd2/joyce/Minxiong/Minxiong_new/hgn_extract_workspace/outputs_native/planH1/Minxiong.p01.hdf,1414.7704046751048,1927.2718783251578,1184.7103725637965,296.59180533793864,-203.433981754604,0.8373870195820639,0.7893018729493636
H1,hdf_reconstructed,zone_3,native_face_flow,native,cell_order,reconstructed_all_touching_faces,none,True,True,1274,48,1799.9999712,30.0,29.999999999999893,True,59.99999904,True,2.8320070027923997e-10,5.020410753786564e-10,97762.23666974732,/mnt/8tb_hdd2/joyce/Minxiong/Minxiong_new/hgn_extract_workspace/outputs_native/planH1/Minxiong.p01.hdf,613.6677145197725,1051.9517483338864,781.3619484707677,55.7292419572598,-25.84641223474026,1.2732655311388263,0.6747921530109671
H1,hgn_target,all,native_face_flow,native,cell_order,reconstructed_all_touching_faces,hdf_precipitation,True,True,12715,48,1799.9999712,30.0,29.999999999999893,True,59.99999904,True,2.8320070027923997e-10,5.020410753786564e-10,3946718.889680686,/mnt/8tb_hdd2/joyce/Minxiong/Minxiong_new/hgn_extract_workspace/outputs_native/planH1/Minxiong.p01.hdf,1414.770404675106,1946.3873729812817,1207.2034081983493,266.4690646239115,-263.06943663415035,0.8532857375367395,0.7866832903972785
H1,hgn_target,zone_3,native_face_flow,native,cell_order,reconstructed_all_touching_faces,hdf_precipitation,True,True,1274,48,1799.9999712,30.0,29.999999999999893,True,59.99999904,True,2.8320070027923997e-10,5.020410753786564e-10,104615.97980649321,/mnt/8tb_hdd2/joyce/Minxiong/Minxiong_new/hgn_extract_workspace/outputs_native/planH1/Minxiong.p01.hdf,613.6677145197721,1053.0048890647731,781.9973275722963,43.16019001704122,-40.17942734972253,1.2743009108508359,0.6748694359293622
H1,hdf_reconstructed,all,native_face_flow,native,cell_order,reconstructed_all_touching_faces,hdf_precipitation,True,True,12715,48,1799.9999712,30.0,29.999999999999893,True,59.99999904,True,2.8320070027923997e-10,5.020410753786564e-10,3946718.889680682,/mnt/8tb_hdd2/joyce/Minxiong/Minxiong_new/hgn_extract_workspace/outputs_native/planH1/Minxiong.p01.hdf,1414.7704046751048,1946.3873729812817,1207.203408198349,266.46906462391127,-263.06943663415046,0.8532857375367401,0.7866832903972789
H1,hdf_reconstructed,zone_3,native_face_flow,native,cell_order,reconstructed_all_touching_faces,hdf_precipitation,True,True,1274,48,1799.9999712,30.0,29.999999999999893,True,59.99999904,True,2.8320070027923997e-10,5.020410753786564e-10,104615.9798064914,/mnt/8tb_hdd2/joyce/Minxiong/Minxiong_new/hgn_extract_workspace/outputs_native/planH1/Minxiong.p01.hdf,613.6677145197725,1053.0048890647731,781.9973275722937,43.16019001704119,-40.179427349722296,1.2743009108508307,0.6748694359293659
H1,hgn_target,all,native_face_flow,native,cell_order,native_bc_only,none,True,True,12715,48,1799.9999712,30.0,29.999999999999893,True,59.99999904,True,2.8320070027923997e-10,5.020410753786564e-10,3065480.8924496546,/mnt/8tb_hdd2/joyce/Minxiong/Minxiong_new/hgn_extract_workspace/outputs_native/planH1/Minxiong.p01.hdf,1414.770404675106,1927.7314834037538,1184.7450325317402,296.6068787454824,-203.4511858432441,0.8374115182341619,0.7894243513787358
H1,hgn_target,zone_3,native_face_flow,native,cell_order,native_bc_only,none,True,True,1274,48,1799.9999712,30.0,29.999999999999893,True,59.99999904,True,2.8320070027923997e-10,5.020410753786564e-10,97762.23666974921,/mnt/8tb_hdd2/joyce/Minxiong/Minxiong_new/hgn_extract_workspace/outputs_native/planH1/Minxiong.p01.hdf,613.6677145197721,1051.9517483338864,781.3619484707704,55.72924195725988,-25.84641223474049,1.2732655311388315,0.6747921530109636
H1,hdf_reconstructed,all,native_face_flow,native,cell_order,native_bc_only,none,True,True,12715,48,1799.9999712,30.0,29.999999999999893,True,59.99999904,True,2.8320070027923997e-10,5.020410753786564e-10,3065480.8924496504,/mnt/8tb_hdd2/joyce/Minxiong/Minxiong_new/hgn_extract_workspace/outputs_native/planH1/Minxiong.p01.hdf,1414.7704046751048,1927.7314834037538,1184.74503253174,296.60687874548233,-203.45118584324408,0.8374115182341625,0.7894243513787352
H1,hdf_reconstructed,zone_3,native_face_flow,native,cell_order,native_bc_only,none,True,True,1274,48,1799.9999712,30.0,29.999999999999893,True,59.99999904,True,2.8320070027923997e-10,5.020410753786564e-10,97762.23666974732,/mnt/8tb_hdd2/joyce/Minxiong/Minxiong_new/hgn_extract_workspace/outputs_native/planH1/Minxiong.p01.hdf,613.6677145197725,1051.9517483338864,781.3619484707677,55.7292419572598,-25.84641223474026,1.2732655311388263,0.6747921530109671
H1,hgn_target,all,native_face_flow,native,cell_order,native_bc_only,hdf_precipitation,True,True,12715,48,1799.9999712,30.0,29.999999999999893,True,59.99999904,True,2.8320070027923997e-10,5.020410753786564e-10,3946735.2658571736,/mnt/8tb_hdd2/joyce/Minxiong/Minxiong_new/hgn_extract_workspace/outputs_native/planH1/Minxiong.p01.hdf,1414.770404675106,1946.8425209873908,1207.2375121386033,266.48420460744927,-263.0866407227904,0.8533098431726373,0.7868068832414846
H1,hgn_target,zone_3,native_face_flow,native,cell_order,native_bc_only,hdf_precipitation,True,True,1274,48,1799.9999712,30.0,29.999999999999893,True,59.99999904,True,2.8320070027923997e-10,5.020410753786564e-10,104615.97980649321,/mnt/8tb_hdd2/joyce/Minxiong/Minxiong_new/hgn_extract_workspace/outputs_native/planH1/Minxiong.p01.hdf,613.6677145197721,1053.0048890647731,781.9973275722963,43.16019001704122,-40.17942734972253,1.2743009108508359,0.6748694359293622
H1,hdf_reconstructed,all,native_face_flow,native,cell_order,native_bc_only,hdf_precipitation,True,True,12715,48,1799.9999712,30.0,29.999999999999893,True,59.99999904,True,2.8320070027923997e-10,5.020410753786564e-10,3946735.2658571694,/mnt/8tb_hdd2/joyce/Minxiong/Minxiong_new/hgn_extract_workspace/outputs_native/planH1/Minxiong.p01.hdf,1414.7704046751048,1946.8425209873908,1207.237512138603,266.48420460744904,-263.0866407227905,0.8533098431726378,0.7868068832414861
H1,hdf_reconstructed,zone_3,native_face_flow,native,cell_order,native_bc_only,hdf_precipitation,True,True,1274,48,1799.9999712,30.0,29.999999999999893,True,59.99999904,True,2.8320070027923997e-10,5.020410753786564e-10,104615.9798064914,/mnt/8tb_hdd2/joyce/Minxiong/Minxiong_new/hgn_extract_workspace/outputs_native/planH1/Minxiong.p01.hdf,613.6677145197725,1053.0048890647731,781.9973275722937,43.160190017041195,-40.179427349722296,1.2743009108508307,0.6748694359293659
H1,hgn_target,all,native_face_flow,native,negated,reconstructed_all_touching_faces,none,True,True,12715,48,1799.9999712,30.0,29.999999999999893,True,59.99999904,True,2.8320070027923997e-10,5.020410753786564e-10,6504761.354157711,/mnt/8tb_hdd2/joyce/Minxiong/Minxiong_new/hgn_extract_workspace/outputs_native/planH1/Minxiong.p01.hdf,1414.770404675106,1927.2718783251578,3166.7594974981666,563.2795120676511,495.6026527000934,2.2383557692708416,-0.7893018729493642
H1,hgn_target,zone_3,native_face_flow,native,negated,reconstructed_all_touching_faces,none,True,True,1274,48,1799.9999712,30.0,29.999999999999893,True,59.99999904,True,2.8320070027923997e-10,5.020410753786564e-10,245990.45443795485,/mnt/8tb_hdd2/joyce/Minxiong/Minxiong_new/hgn_extract_workspace/outputs_native/planH1/Minxiong.p01.hdf,613.6677145197721,1051.9517483338864,1534.8793421032292,121.72964697969353,97.63791726139043,2.501157068861533,-0.6747921530109636
H1,hdf_reconstructed,all,native_face_flow,native,negated,reconstructed_all_touching_faces,none,True,True,12715,48,1799.9999712,30.0,29.999999999999893,True,59.99999904,True,2.8320070027923997e-10,5.020410753786564e-10,6504761.354157712,/mnt/8tb_hdd2/joyce/Minxiong/Minxiong_new/hgn_extract_workspace/outputs_native/planH1/Minxiong.p01.hdf,1414.7704046751048,1927.2718783251578,3166.759497498166,563.2795120676507,495.60265270009353,2.238355769270843,-0.7893018729493636
H1,hdf_reconstructed,zone_3,native_face_flow,native,negated,reconstructed_all_touching_faces,none,True,True,1274,48,1799.9999712,30.0,29.999999999999893,True,59.99999904,True,2.8320070027923997e-10,5.020410753786564e-10,245990.45443795607,/mnt/8tb_hdd2/joyce/Minxiong/Minxiong_new/hgn_extract_workspace/outputs_native/planH1/Minxiong.p01.hdf,613.6677145197725,1051.9517483338864,1534.8793421032312,121.72964697969302,97.63791726139067,2.5011570688615348,-0.6747921530109671
H1,hgn_target,all,native_face_flow,native,negated,reconstructed_all_touching_faces,hdf_precipitation,True,True,12715,48,1799.9999712,30.0,29.999999999999893,True,59.99999904,True,2.8320070027923997e-10,5.020410753786564e-10,5680172.153940272,/mnt/8tb_hdd2/joyce/Minxiong/Minxiong_new/hgn_extract_workspace/outputs_native/planH1/Minxiong.p01.hdf,1414.770404675106,1911.00017177115,3153.6748354433585,581.1306069601646,435.9671978205469,2.2291071576151484,-0.7914570339956345
H1,hgn_target,zone_3,native_face_flow,native,negated,reconstructed_all_touching_faces,hdf_precipitation,True,True,1274,48,1799.9999712,30.0,29.999999999999893,True,59.99999904,True,2.8320070027923997e-10,5.020410753786564e-10,238065.08741911154,/mnt/8tb_hdd2/joyce/Minxiong/Minxiong_new/hgn_extract_workspace/outputs_native/planH1/Minxiong.p01.hdf,613.6677145197721,1051.1781289339394,1533.950482571768,131.25086706764492,83.30490214640842,2.4996434491786266,-0.6746601211839709
H1,hdf_reconstructed,all,native_face_flow,native,negated,reconstructed_all_touching_faces,hdf_precipitation,True,True,12715,48,1799.9999712,30.0,29.999999999999893,True,59.99999904,True,2.8320070027923997e-10,5.020410753786564e-10,5680172.153940271,/mnt/8tb_hdd2/joyce/Minxiong/Minxiong_new/hgn_extract_workspace/outputs_native/planH1/Minxiong.p01.hdf,1414.7704046751048,1911.00017177115,3153.674835443358,581.1306069601645,435.9671978205472,2.2291071576151498,-0.7914570339956348
H1,hdf_reconstructed,zone_3,native_face_flow,native,negated,reconstructed_all_touching_faces,hdf_precipitation,True,True,1274,48,1799.9999712,30.0,29.999999999999893,True,59.99999904,True,2.8320070027923997e-10,5.020410753786564e-10,238065.0874191128,/mnt/8tb_hdd2/joyce/Minxiong/Minxiong_new/hgn_extract_workspace/outputs_native/planH1/Minxiong.p01.hdf,613.6677145197725,1051.1781289339394,1533.9504825717695,131.25086706764492,83.30490214640864,2.4996434491786275,-0.6746601211839746
H1,hgn_target,all,native_face_flow,native,negated,native_bc_only,none,True,True,12715,48,1799.9999712,30.0,29.999999999999893,True,59.99999904,True,2.8320070027923997e-10,5.020410753786564e-10,3065480.89244948,/mnt/8tb_hdd2/joyce/Minxiong/Minxiong_new/hgn_extract_workspace/outputs_native/planH1/Minxiong.p01.hdf,1414.770404675106,69305.24186223408,69332.2762578935,1480.1650796593538,-203.45118584324402,49.006026722629436,-0.009477144711112813
H1,hgn_target,zone_3,native_face_flow,native,negated,native_bc_only,none,True,True,1274,48,1799.9999712,30.0,29.999999999999893,True,59.99999904,True,2.8320070027923997e-10,5.020410753786564e-10,362428.99982854654,/mnt/8tb_hdd2/joyce/Minxiong/Minxiong_new/hgn_extract_workspace/outputs_native/planH1/Minxiong.p01.hdf,613.6677145197721,5223.968073316587,5342.227761862124,169.50689802836015,145.4267719389817,8.705407886811683,-0.13518983839815216
H1,hdf_reconstructed,all,native_face_flow,native,negated,native_bc_only,none,True,True,12715,48,1799.9999712,30.0,29.999999999999893,True,59.99999904,True,2.8320070027923997e-10,5.020410753786564e-10,3065480.892449481,/mnt/8tb_hdd2/joyce/Minxiong/Minxiong_new/hgn_extract_workspace/outputs_native/planH1/Minxiong.p01.hdf,1414.7704046751048,69305.24186223408,69332.2762578935,1480.165079659353,-203.45118584324405,49.00602672262948,-0.00947714471111281
H1,hdf_reconstructed,zone_3,native_face_flow,native,negated,native_bc_only,none,True,True,1274,48,1799.9999712,30.0,29.999999999999893,True,59.99999904,True,2.8320070027923997e-10,5.020410753786564e-10,362428.99982854846,/mnt/8tb_hdd2/joyce/Minxiong/Minxiong_new/hgn_extract_workspace/outputs_native/planH1/Minxiong.p01.hdf,613.6677145197725,5223.968073316587,5342.227761862125,169.50689802835967,145.4267719389819,8.705407886811678,-0.13518983839815277
H1,hgn_target,all,native_face_flow,native,negated,native_bc_only,hdf_precipitation,True,True,12715,48,1799.9999712,30.0,29.999999999999893,True,59.99999904,True,2.8320070027923997e-10,5.020410753786564e-10,3946735.265857184,/mnt/8tb_hdd2/joyce/Minxiong/Minxiong_new/hgn_extract_workspace/outputs_native/planH1/Minxiong.p01.hdf,1414.770404675106,69306.17726987941,69333.06529911423,1498.0526148163099,-263.0866407227905,49.00658443942795,-0.0094625940901181
H1,hgn_target,zone_3,native_face_flow,native,negated,native_bc_only,hdf_precipitation,True,True,1274,48,1799.9999712,30.0,29.999999999999893,True,59.99999904,True,2.8320070027923997e-10,5.020410753786564e-10,350669.04192488256,/mnt/8tb_hdd2/joyce/Minxiong/Minxiong_new/hgn_extract_workspace/outputs_native/planH1/Minxiong.p01.hdf,613.6677145197721,5223.574321478011,5341.728206378946,179.00538994678013,131.09375682399963,8.704593837984675,-0.13516236559547926
H1,hdf_reconstructed,all,native_face_flow,native,negated,native_bc_only,hdf_precipitation,True,True,12715,48,1799.9999712,30.0,29.999999999999893,True,59.99999904,True,2.8320070027923997e-10,5.020410753786564e-10,3946735.2658571876,/mnt/8tb_hdd2/joyce/Minxiong/Minxiong_new/hgn_extract_workspace/outputs_native/planH1/Minxiong.p01.hdf,1414.7704046751048,69306.17726987941,69333.06529911423,1498.0526148163096,-263.08664072279055,49.00658443942799,-0.00946259409011809
H1,hdf_reconstructed,zone_3,native_face_flow,native,negated,native_bc_only,hdf_precipitation,True,True,1274,48,1799.9999712,30.0,29.999999999999893,True,59.99999904,True,2.8320070027923997e-10,5.020410753786564e-10,350669.04192488454,/mnt/8tb_hdd2/joyce/Minxiong/Minxiong_new/hgn_extract_workspace/outputs_native/planH1/Minxiong.p01.hdf,613.6677145197725,5223.574321478011,5341.728206378947,179.00538994678018,131.09375682399985,8.70459383798467,-0.13516236559547984
H1,hgn_target,all,native_cell_flow_balance,native,cell_order,reconstructed_all_touching_faces,none,True,True,12715,48,1799.9999712,30.0,29.999999999999893,True,59.99999904,True,2.8320070027923997e-10,5.020410753786564e-10,3065463.7761812666,/mnt/8tb_hdd2/joyce/Minxiong/Minxiong_new/hgn_extract_workspace/outputs_native/planH1/Minxiong.p01.hdf,1414.770404675106,1927.2718781836218,1184.7103741951048,296.59180519460466,-203.43398222080606,0.8373870207351184,0.7893018721926752
H1,hgn_target,zone_3,native_cell_flow_balance,native,cell_order,reconstructed_all_touching_faces,none,True,True,1274,48,1799.9999712,30.0,29.999999999999893,True,59.99999904,True,2.8320070027923997e-10,5.020410753786564e-10,97762.23662254366,/mnt/8tb_hdd2/joyce/Minxiong/Minxiong_new/hgn_extract_workspace/outputs_native/planH1/Minxiong.p01.hdf,613.6677145197721,1051.9517391363354,781.3619365434995,55.729239034065905,-25.846408691090552,1.2732655117027905,0.6747921584419698
H1,hdf_reconstructed,all,native_cell_flow_balance,native,cell_order,reconstructed_all_touching_faces,none,True,True,12715,48,1799.9999712,30.0,29.999999999999893,True,59.99999904,True,2.8320070027923997e-10,5.020410753786564e-10,3065463.7761812657,/mnt/8tb_hdd2/joyce/Minxiong/Minxiong_new/hgn_extract_workspace/outputs_native/planH1/Minxiong.p01.hdf,1414.7704046751048,1927.2718781836218,1184.7103741951048,296.59180519460466,-203.4339822208061,0.8373870207351191,0.7893018721926752
H1,hdf_reconstructed,zone_3,native_cell_flow_balance,native,cell_order,reconstructed_all_touching_faces,none,True,True,1274,48,1799.9999712,30.0,29.999999999999893,True,59.99999904,True,2.8320070027923997e-10,5.020410753786564e-10,97762.23662254174,/mnt/8tb_hdd2/joyce/Minxiong/Minxiong_new/hgn_extract_workspace/outputs_native/planH1/Minxiong.p01.hdf,613.6677145197725,1051.9517391363354,781.361936543497,55.72923903406582,-25.846408691090325,1.2732655117027853,0.6747921584419735
H1,hgn_target,all,native_cell_flow_balance,native,cell_order,reconstructed_all_touching_faces,hdf_precipitation,True,True,12715,48,1799.9999712,30.0,29.999999999999893,True,59.99999904,True,2.8320070027923997e-10,5.020410753786564e-10,3946718.9051345014,/mnt/8tb_hdd2/joyce/Minxiong/Minxiong_new/hgn_extract_workspace/outputs_native/planH1/Minxiong.p01.hdf,1414.770404675106,1946.3873729116922,1207.2034099130224,266.46906472503656,-263.0694371003524,0.8532857387487193,0.7866832896191179
H1,hgn_target,zone_3,native_cell_flow_balance,native,cell_order,reconstructed_all_touching_faces,hdf_precipitation,True,True,1274,48,1799.9999712,30.0,29.999999999999893,True,59.99999904,True,2.8320070027923997e-10,5.020410753786564e-10,104615.97834863227,/mnt/8tb_hdd2/joyce/Minxiong/Minxiong_new/hgn_extract_workspace/outputs_native/planH1/Minxiong.p01.hdf,613.6677145197721,1053.0048797929871,781.9973155423685,43.16018667041993,-40.17942380607259,1.2743008912475107,0.6748694413824806
H1,hdf_reconstructed,all,native_cell_flow_balance,native,cell_order,reconstructed_all_touching_faces,hdf_precipitation,True,True,12715,48,1799.9999712,30.0,29.999999999999893,True,59.99999904,True,2.8320070027923997e-10,5.020410753786564e-10,3946718.9051344967,/mnt/8tb_hdd2/joyce/Minxiong/Minxiong_new/hgn_extract_workspace/outputs_native/planH1/Minxiong.p01.hdf,1414.7704046751048,1946.3873729116922,1207.2034099130221,266.4690647250363,-263.0694371003524,0.8532857387487198,0.7866832896191177
H1,hdf_reconstructed,zone_3,native_cell_flow_balance,native,cell_order,reconstructed_all_touching_faces,hdf_precipitation,True,True,1274,48,1799.9999712,30.0,29.999999999999893,True,59.99999904,True,2.8320070027923997e-10,5.020410753786564e-10,104615.97834863052,/mnt/8tb_hdd2/joyce/Minxiong/Minxiong_new/hgn_extract_workspace/outputs_native/planH1/Minxiong.p01.hdf,613.6677145197725,1053.0048797929871,781.9973155423659,43.16018667041995,-40.179423806072364,1.2743008912475056,0.6748694413824844
H1,hgn_target,all,native_cell_flow_balance,native,negated,reconstructed_all_touching_faces,none,True,True,12715,48,1799.9999712,30.0,29.999999999999893,True,59.99999904,True,2.8320070027923997e-10,5.020410753786564e-10,6504761.363024587,/mnt/8tb_hdd2/joyce/Minxiong/Minxiong_new/hgn_extract_workspace/outputs_native/planH1/Minxiong.p01.hdf,1414.770404675106,1927.2718781836218,3166.759496715604,563.2795122330981,495.6026531662956,2.238355768717704,-0.7893018721926752
H1,hgn_target,zone_3,native_cell_flow_balance,native,negated,reconstructed_all_touching_faces,none,True,True,1274,48,1799.9999712,30.0,29.999999999999893,True,59.99999904,True,2.8320070027923997e-10,5.020410753786564e-10,245990.45336838125,/mnt/8tb_hdd2/joyce/Minxiong/Minxiong_new/hgn_extract_workspace/outputs_native/planH1/Minxiong.p01.hdf,613.6677145197721,1051.9517391363354,1534.879335567703,121.72964390042748,97.6379137177405,2.5011570582115903,-0.6747921584419698
H1,hdf_reconstructed,all,native_cell_flow_balance,native,negated,reconstructed_all_touching_faces,none,True,True,12715,48,1799.9999712,30.0,29.999999999999893,True,59.99999904,True,2.8320070027923997e-10,5.020410753786564e-10,6504761.363024584,/mnt/8tb_hdd2/joyce/Minxiong/Minxiong_new/hgn_extract_workspace/outputs_native/planH1/Minxiong.p01.hdf,1414.7704046751048,1927.2718781836218,3166.759496715604,563.2795122330978,495.6026531662953,2.238355768717706,-0.7893018721926752
H1,hdf_reconstructed,zone_3,native_cell_flow_balance,native,negated,reconstructed_all_touching_faces,none,True,True,1274,48,1799.9999712,30.0,29.999999999999893,True,59.99999904,True,2.8320070027923997e-10,5.020410753786564e-10,245990.4533683823,/mnt/8tb_hdd2/joyce/Minxiong/Minxiong_new/hgn_extract_workspace/outputs_native/planH1/Minxiong.p01.hdf,613.6677145197725,1051.9517391363354,1534.8793355677046,121.72964390042692,97.63791371774073,2.5011570582115907,-0.6747921584419735
H1,hgn_target,all,native_cell_flow_balance,native,negated,reconstructed_all_touching_faces,hdf_precipitation,True,True,12715,48,1799.9999712,30.0,29.999999999999893,True,59.99999904,True,2.8320070027923997e-10,5.020410753786564e-10,5680172.161649123,/mnt/8tb_hdd2/joyce/Minxiong/Minxiong_new/hgn_extract_workspace/outputs_native/planH1/Minxiong.p01.hdf,1414.770404675106,1911.0001715565447,3153.674834614002,581.1306068899785,435.967198286749,2.2291071570289356,-0.7914570332612585
H1,hgn_target,zone_3,native_cell_flow_balance,native,negated,reconstructed_all_touching_faces,hdf_precipitation,True,True,1274,48,1799.9999712,30.0,29.999999999999893,True,59.99999904,True,2.8320070027923997e-10,5.020410753786564e-10,238065.08693519223,/mnt/8tb_hdd2/joyce/Minxiong/Minxiong_new/hgn_extract_workspace/outputs_native/planH1/Minxiong.p01.hdf,613.6677145197721,1051.1781198131978,1533.9504760895584,131.25086908806227,83.30489860275847,2.499643438615566,-0.6746601265914866
H1,hdf_reconstructed,all,native_cell_flow_balance,native,negated,reconstructed_all_touching_faces,hdf_precipitation,True,True,12715,48,1799.9999712,30.0,29.999999999999893,True,59.99999904,True,2.8320070027923997e-10,5.020410753786564e-10,5680172.161649125,/mnt/8tb_hdd2/joyce/Minxiong/Minxiong_new/hgn_extract_workspace/outputs_native/planH1/Minxiong.p01.hdf,1414.7704046751048,1911.0001715565447,3153.6748346140016,581.1306068899784,435.9671982867489,2.229107157028937,-0.7914570332612597
H1,hdf_reconstructed,zone_3,native_cell_flow_balance,native,negated,reconstructed_all_touching_faces,hdf_precipitation,True,True,1274,48,1799.9999712,30.0,29.999999999999893,True,59.99999904,True,2.8320070027923997e-10,5.020410753786564e-10,238065.0869351934,/mnt/8tb_hdd2/joyce/Minxiong/Minxiong_new/hgn_extract_workspace/outputs_native/planH1/Minxiong.p01.hdf,613.6677145197725,1051.1781198131978,1533.95047608956,131.25086908806225,83.30489860275868,2.4996434386155664,-0.6746601265914903
MEAN,hgn_target,all,reconstructed_velocity_area,mean,cell_order,reconstructed_all_touching_faces,none,True,True,12715,48,1799.9999712,30.0,29.999999999999893,True,59.99999904,True,2.8320070027923997e-10,5.020410753786564e-10,11028090.988812288,,1414.770404675106,93861.44328225567,93809.39593298481,7658.4199220138,-833.5252924259563,66.30715176327682,0.04347189032470665
MEAN,hgn_target,zone_3,reconstructed_velocity_area,mean,cell_order,reconstructed_all_touching_faces,none,True,True,1274,48,1799.9999712,30.0,29.999999999999893,True,59.99999904,True,2.8320070027923997e-10,5.020410753786564e-10,442650.28120896936,,613.6677145197721,31414.32960305864,31409.45017250064,3621.5575711999077,-195.11000374661032,51.183155687243904,0.017317947067999686
MEAN,hdf_reconstructed,all,reconstructed_velocity_area,mean,cell_order,reconstructed_all_touching_faces,none,True,True,12715,48,1799.9999712,30.0,29.999999999999893,True,59.99999904,True,2.8320070027923997e-10,5.020410753786564e-10,11028090.988812286,,1414.7704046751048,93861.44328225567,93809.39593298481,7658.4199220138,-833.5252924259566,66.30715176327688,0.04347189032470665
MEAN,hdf_reconstructed,zone_3,reconstructed_velocity_area,mean,cell_order,reconstructed_all_touching_faces,none,True,True,1274,48,1799.9999712,30.0,29.999999999999893,True,59.99999904,True,2.8320070027923997e-10,5.020410753786564e-10,442650.28120896907,,613.6677145197725,31414.32960305864,31409.45017250064,3621.5575711999077,-195.1100037466101,51.18315568724387,0.017317947067999686
MEAN,hgn_target,all,reconstructed_velocity_area,mean,cell_order,reconstructed_all_touching_faces,hdf_precipitation,True,True,12715,48,1799.9999712,30.0,29.999999999999893,True,59.99999904,True,2.8320070027923997e-10,5.020410753786564e-10,11879940.34053914,,1414.770404675106,93863.07356690426,93810.91921625476,7664.521796014959,-893.1607473055029,66.30822846325931,0.043482115047134354
MEAN,hgn_target,zone_3,reconstructed_velocity_area,mean,cell_order,reconstructed_all_touching_faces,hdf_precipitation,True,True,1274,48,1799.9999712,30.0,29.999999999999893,True,59.99999904,True,2.8320070027923997e-10,5.020410753786564e-10,460256.42739399866,,613.6677145197721,31414.524638530213,31409.625761926178,3626.9851220645965,-209.4430188615924,51.18344181835588,0.017322952875792382
MEAN,hdf_reconstructed,all,reconstructed_velocity_area,mean,cell_order,reconstructed_all_touching_faces,hdf_precipitation,True,True,12715,48,1799.9999712,30.0,29.999999999999893,True,59.99999904,True,2.8320070027923997e-10,5.020410753786564e-10,11879940.34053914,,1414.7704046751048,93863.07356690426,93810.91921625476,7664.521796014959,-893.1607473055029,66.30822846325937,0.0434821150471344
MEAN,hdf_reconstructed,zone_3,reconstructed_velocity_area,mean,cell_order,reconstructed_all_touching_faces,hdf_precipitation,True,True,1274,48,1799.9999712,30.0,29.999999999999893,True,59.99999904,True,2.8320070027923997e-10,5.020410753786564e-10,460256.4273939984,,613.6677145197725,31414.524638530213,31409.625761926178,3626.985122064596,-209.44301886159218,51.18344181835584,0.017322952875792417
MEAN,hgn_target,all,reconstructed_velocity_area,mean,cell_order,native_bc_only,none,True,True,12715,48,1799.9999712,30.0,29.999999999999893,True,59.99999904,True,2.8320070027923997e-10,5.020410753786564e-10,3065480.892449578,,1414.770404675106,54060.18978958644,54033.15691167184,7124.399911620649,-203.45118584324408,38.19217360860772,0.03169039987512225
MEAN,hgn_target,zone_3,reconstructed_velocity_area,mean,cell_order,native_bc_only,none,True,True,1274,48,1799.9999712,30.0,29.999999999999893,True,59.99999904,True,2.8320070027923997e-10,5.020410753786564e-10,416438.66039494495,,613.6677145197721,31442.79884427222,31437.923824404577,3628.3308409620495,-177.159939172968,51.22955482350321,0.017335660282545018
MEAN,hdf_reconstructed,all,reconstructed_velocity_area,mean,cell_order,native_bc_only,none,True,True,12715,48,1799.9999712,30.0,29.999999999999893,True,59.99999904,True,2.8320070027923997e-10,5.020410753786564e-10,3065480.8924495797,,1414.7704046751048,54060.18978958644,54033.156911671846,7124.399911620649,-203.45118584324408,38.19217360860775,0.031690399875122316
MEAN,hdf_reconstructed,zone_3,reconstructed_velocity_area,mean,cell_order,native_bc_only,none,True,True,1274,48,1799.9999712,30.0,29.999999999999893,True,59.99999904,True,2.8320070027923997e-10,5.020410753786564e-10,416438.66039494507,,613.6677145197725,31442.79884427222,31437.92382440458,3628.330840962049,-177.15993917296782,51.22955482350317,0.01733566028254503
MEAN,hgn_target,all,reconstructed_velocity_area,mean,cell_order,native_bc_only,hdf_precipitation,True,True,12715,48,1799.9999712,30.0,29.999999999999893,True,59.99999904,True,2.8320070027923997e-10,5.020410753786564e-10,3946735.265857174,,1414.770404675106,54061.042751855464,54033.822959905185,7130.494255623298,-263.08664072279043,38.19264439046118,0.031708692486640544
MEAN,hgn_target,zone_3,reconstructed_velocity_area,mean,cell_order,native_bc_only,hdf_precipitation,True,True,1274,48,1799.9999712,30.0,29.999999999999893,True,59.99999904,True,2.8320070027923997e-10,5.020410753786564e-10,433110.0100640543,,613.6677145197721,31442.978642160353,31438.08419145943,3633.7539446518385,-191.49295428795008,51.229816149056205,0.01734066532592449
MEAN,hdf_reconstructed,all,reconstructed_velocity_area,mean,cell_order,native_bc_only,hdf_precipitation,True,True,12715,48,1799.9999712,30.0,29.999999999999893,True,59.99999904,True,2.8320070027923997e-10,5.020410753786564e-10,3946735.265857171,,1414.7704046751048,54061.042751855464,54033.822959905185,7130.494255623298,-263.0866407227904,38.19264439046121,0.031708692486640606
MEAN,hdf_reconstructed,zone_3,reconstructed_velocity_area,mean,cell_order,native_bc_only,hdf_precipitation,True,True,1274,48,1799.9999712,30.0,29.999999999999893,True,59.99999904,True,2.8320070027923997e-10,5.020410753786564e-10,433110.01006405446,,613.6677145197725,31442.978642160353,31438.084191459435,3633.7539446518385,-191.49295428794989,51.22981614905617,0.0173406653259245
MEAN,hgn_target,all,reconstructed_velocity_area,mean,negated,reconstructed_all_touching_faces,none,True,True,12715,48,1799.9999712,30.0,29.999999999999893,True,59.99999904,True,2.8320070027923997e-10,5.020410753786564e-10,14626296.197378121,,1414.770404675106,93861.44328225567,93934.77234411427,7762.468122090486,1125.6939633714462,66.39577138008188,-0.04347189032470665
MEAN,hgn_target,zone_3,reconstructed_velocity_area,mean,negated,reconstructed_all_touching_faces,none,True,True,1274,48,1799.9999712,30.0,29.999999999999893,True,59.99999904,True,2.8320070027923997e-10,5.020410753786564e-10,487368.3874910716,,613.6677145197721,31414.32960305864,31431.19190880454,3644.6129365349584,266.90150877326033,51.21858485483652,-0.017317947067999686
MEAN,hdf_reconstructed,all,reconstructed_velocity_area,mean,negated,reconstructed_all_touching_faces,none,True,True,12715,48,1799.9999712,30.0,29.999999999999893,True,59.99999904,True,2.8320070027923997e-10,5.020410753786564e-10,14626296.197378125,,1414.7704046751048,93861.44328225567,93934.77234411427,7762.468122090488,1125.6939633714464,66.39577138008194,-0.04347189032470665
MEAN,hdf_reconstructed,zone_3,reconstructed_velocity_area,mean,negated,reconstructed_all_touching_faces,none,True,True,1274,48,1799.9999712,30.0,29.999999999999893,True,59.99999904,True,2.8320070027923997e-10,5.020410753786564e-10,487368.387491072,,613.6677145197725,31414.32960305864,31431.19190880454,3644.6129365349584,266.9015087732606,51.218584854836486,-0.017317947067999686
MEAN,hgn_target,all,reconstructed_velocity_area,mean,negated,reconstructed_all_touching_faces,hdf_precipitation,True,True,12715,48,1799.9999712,30.0,29.999999999999893,True,59.99999904,True,2.8320070027923997e-10,5.020410753786564e-10,13803851.135293214,,1414.770404675106,93859.87471921301,93933.09724004647,7775.83450796074,1066.0585084918998,66.3945873688372,-0.04346165434244749
MEAN,hgn_target,zone_3,reconstructed_velocity_area,mean,negated,reconstructed_all_touching_faces,hdf_precipitation,True,True,1274,48,1799.9999712,30.0,29.999999999999893,True,59.99999904,True,2.8320070027923997e-10,5.020410753786564e-10,468168.73892648803,,613.6677145197721,31414.143953765295,31430.986896001577,3651.7560281368396,252.56849365827833,51.21825077696651,-0.017312939663254825
MEAN,hdf_reconstructed,all,reconstructed_velocity_area,mean,negated,reconstructed_all_touching_faces,hdf_precipitation,True,True,12715,48,1799.9999712,30.0,29.999999999999893,True,59.99999904,True,2.8320070027923997e-10,5.020410753786564e-10,13803851.135293204,,1414.7704046751048,93859.87471921301,93933.09724004648,7775.834507960738,1066.0585084918998,66.39458736883725,-0.043461654342447475
MEAN,hdf_reconstructed,zone_3,reconstructed_velocity_area,mean,negated,reconstructed_all_touching_faces,hdf_precipitation,True,True,1274,48,1799.9999712,30.0,29.999999999999893,True,59.99999904,True,2.8320070027923997e-10,5.020410753786564e-10,468168.73892648827,,613.6677145197725,31414.143953765295,31430.986896001577,3651.7560281368396,252.56849365827847,51.21825077696647,-0.01731293966325484
MEAN,hgn_target,all,reconstructed_velocity_area,mean,negated,native_bc_only,none,True,True,12715,48,1799.9999712,30.0,29.999999999999893,True,59.99999904,True,2.8320070027923997e-10,5.020410753786564e-10,3065480.8924495783,,1414.770404675106,72989.64178069495,73019.48599625325,7685.609384676081,-203.45118584324408,51.61225153916176,-0.01196604726252246
MEAN,hgn_target,zone_3,reconstructed_velocity_area,mean,negated,native_bc_only,none,True,True,1274,48,1799.9999712,30.0,29.999999999999893,True,59.99999904,True,2.8320070027923997e-10,5.020410753786564e-10,565022.138923337,,613.6677145197721,31622.198411250447,31638.95472633485,3674.2797101513006,296.7402988772093,51.557144001121245,-0.01715676755287107
MEAN,hdf_reconstructed,all,reconstructed_velocity_area,mean,negated,native_bc_only,none,True,True,12715,48,1799.9999712,30.0,29.999999999999893,True,59.99999904,True,2.8320070027923997e-10,5.020410753786564e-10,3065480.892449576,,1414.7704046751048,72989.64178069495,73019.48599625326,7685.609384676081,-203.4511858432441,51.61225153916182,-0.01196604726252248
MEAN,hdf_reconstructed,zone_3,reconstructed_velocity_area,mean,negated,native_bc_only,none,True,True,1274,48,1799.9999712,30.0,29.999999999999893,True,59.99999904,True,2.8320070027923997e-10,5.020410753786564e-10,565022.1389233378,,613.6677145197725,31622.198411250447,31638.95472633485,3674.279710151301,296.7402988772095,51.55714400112121,-0.01715676755287106
MEAN,hgn_target,all,reconstructed_velocity_area,mean,negated,native_bc_only,hdf_precipitation,True,True,12715,48,1799.9999712,30.0,29.999999999999893,True,59.99999904,True,2.8320070027923997e-10,5.020410753786564e-10,3946735.265857171,,1414.770404675106,72990.40546025851,73020.11073413256,7699.013741266157,-263.08664072279043,51.612693121680906,-0.011952235801613597
MEAN,hgn_target,zone_3,reconstructed_velocity_area,mean,negated,native_bc_only,hdf_precipitation,True,True,1274,48,1799.9999712,30.0,29.999999999999893,True,59.99999904,True,2.8320070027923997e-10,5.020410753786564e-10,545974.3033214557,,613.6677145197721,31621.989638652558,31638.726728992526,3681.401110320336,282.4072837622272,51.55677246887842,-0.017151798175011224
MEAN,hdf_reconstructed,all,reconstructed_velocity_area,mean,negated,native_bc_only,hdf_precipitation,True,True,12715,48,1799.9999712,30.0,29.999999999999893,True,59.99999904,True,2.8320070027923997e-10,5.020410753786564e-10,3946735.2658571685,,1414.7704046751048,72990.40546025851,73020.11073413256,7699.013741266159,-263.08664072279043,51.61269312168095,-0.011952235801613649
MEAN,hdf_reconstructed,zone_3,reconstructed_velocity_area,mean,negated,native_bc_only,hdf_precipitation,True,True,1274,48,1799.9999712,30.0,29.999999999999893,True,59.99999904,True,2.8320070027923997e-10,5.020410753786564e-10,545974.3033214562,,613.6677145197725,31621.989638652558,31638.72672899253,3681.4011103203347,282.40728376222745,51.556772468878385,-0.01715179817501121
MEAN,hgn_target,all,reconstructed_velocity_area,minimum,cell_order,reconstructed_all_touching_faces,none,True,True,12715,48,1799.9999712,30.0,29.999999999999893,True,59.99999904,True,2.8320070027923997e-10,5.020410753786564e-10,11028090.98881229,,1414.770404675106,93352.14125670993,93309.87717090582,7455.031863289399,-833.5252924259564,65.95407768113012,0.03655816762532763
MEAN,hgn_target,zone_3,reconstructed_velocity_area,minimum,cell_order,reconstructed_all_touching_faces,none,True,True,1274,48,1799.9999712,30.0,29.999999999999893,True,59.99999904,True,2.8320070027923997e-10,5.020410753786564e-10,361464.05996627396,,613.6677145197721,30883.02294741325,30889.891517758526,3519.7456528949115,-126.88051618971994,50.33651076451289,-0.0015695561592033154
MEAN,hdf_reconstructed,all,reconstructed_velocity_area,minimum,cell_order,reconstructed_all_touching_faces,none,True,True,12715,48,1799.9999712,30.0,29.999999999999893,True,59.99999904,True,2.8320070027923997e-10,5.020410753786564e-10,11028090.988812285,,1414.7704046751048,93352.14125670993,93309.87717090582,7455.031863289399,-833.5252924259563,65.95407768113016,0.036558167625327716
MEAN,hdf_reconstructed,zone_3,reconstructed_velocity_area,minimum,cell_order,reconstructed_all_touching_faces,none,True,True,1274,48,1799.9999712,30.0,29.999999999999893,True,59.99999904,True,2.8320070027923997e-10,5.020410753786564e-10,361464.0599662738,,613.6677145197725,30883.02294741325,30889.891517758526,3519.7456528949115,-126.88051618971976,50.336510764512845,-0.001569556159203211
MEAN,hgn_target,all,reconstructed_velocity_area,minimum,cell_order,reconstructed_all_touching_faces,hdf_precipitation,True,True,12715,48,1799.9999712,30.0,29.999999999999893,True,59.99999904,True,2.8320070027923997e-10,5.020410753786564e-10,11879940.340539146,,1414.770404675106,93353.75405603541,93311.38221718048,7467.241694731962,-893.1607473055032,65.95514149068514,0.03656852960648671
MEAN,hgn_target,zone_3,reconstructed_velocity_area,minimum,cell_order,reconstructed_all_touching_faces,hdf_precipitation,True,True,1274,48,1799.9999712,30.0,29.999999999999893,True,59.99999904,True,2.8320070027923997e-10,5.020410753786564e-10,376884.7975485768,,613.6677145197721,30883.18097140216,30890.029702657353,3526.5534232125333,-141.213531304702,50.336735943213924,-0.00156441184181877
MEAN,hdf_reconstructed,all,reconstructed_velocity_area,minimum,cell_order,reconstructed_all_touching_faces,hdf_precipitation,True,True,12715,48,1799.9999712,30.0,29.999999999999893,True,59.99999904,True,2.8320070027923997e-10,5.020410753786564e-10,11879940.340539142,,1414.7704046751048,93353.75405603541,93311.38221718046,7467.24169473196,-893.1607473055027,65.95514149068518,0.03656852960648672
MEAN,hdf_reconstructed,zone_3,reconstructed_velocity_area,minimum,cell_order,reconstructed_all_touching_faces,hdf_precipitation,True,True,1274,48,1799.9999712,30.0,29.999999999999893,True,59.99999904,True,2.8320070027923997e-10,5.020410753786564e-10,376884.7975485769,,613.6677145197725,30883.18097140216,30890.029702657353,3526.553423212533,-141.21353130470177,50.33673594321389,-0.0015644118418186856
MEAN,hgn_target,all,reconstructed_velocity_area,minimum,cell_order,native_bc_only,none,True,True,12715,48,1799.9999712,30.0,29.999999999999893,True,59.99999904,True,2.8320070027923997e-10,5.020410753786564e-10,3065480.892449575,,1414.770404675106,53151.3910874418,53141.57478320372,6921.039606607646,-203.45118584324402,37.56197797720216,0.019673220122239665
MEAN,hgn_target,zone_3,reconstructed_velocity_area,minimum,cell_order,native_bc_only,none,True,True,1274,48,1799.9999712,30.0,29.999999999999893,True,59.99999904,True,2.8320070027923997e-10,5.020410753786564e-10,329625.9096966265,,613.6677145197721,30911.9842330332,30918.846361567805,3526.5212094979743,-108.93045161607766,50.38369402529749,-0.0015340428529360718
MEAN,hdf_reconstructed,all,reconstructed_velocity_area,minimum,cell_order,native_bc_only,none,True,True,12715,48,1799.9999712,30.0,29.999999999999893,True,59.99999904,True,2.8320070027923997e-10,5.020410753786564e-10,3065480.8924495764,,1414.7704046751048,53151.3910874418,53141.57478320372,6921.039606607647,-203.45118584324408,37.5619779772022,0.01967322012223975
MEAN,hdf_reconstructed,zone_3,reconstructed_velocity_area,minimum,cell_order,native_bc_only,none,True,True,1274,48,1799.9999712,30.0,29.999999999999893,True,59.99999904,True,2.8320070027923997e-10,5.020410753786564e-10,329625.9096966267,,613.6677145197725,30911.9842330332,30918.846361567805,3526.5212094979743,-108.93045161607748,50.38369402529745,-0.0015340428529359725
MEAN,hgn_target,all,reconstructed_velocity_area,minimum,cell_order,native_bc_only,hdf_precipitation,True,True,12715,48,1799.9999712,30.0,29.999999999999893,True,59.99999904,True,2.8320070027923997e-10,5.020410753786564e-10,3946735.2658571755,,1414.770404675106,53152.212302086424,53142.20566559034,6933.241657630672,-263.08664072279055,37.562423902834006,0.019691938169668494
MEAN,hgn_target,zone_3,reconstructed_velocity_area,minimum,cell_order,native_bc_only,hdf_precipitation,True,True,1274,48,1799.9999712,30.0,29.999999999999893,True,59.99999904,True,2.8320070027923997e-10,5.020410753786564e-10,343955.7235492666,,613.6677145197721,30912.126789336035,30918.969100815255,3533.323873971385,-123.26346673105968,50.38389403459331,-0.0015289038108892716
MEAN,hdf_reconstructed,all,reconstructed_velocity_area,minimum,cell_order,native_bc_only,hdf_precipitation,True,True,12715,48,1799.9999712,30.0,29.999999999999893,True,59.99999904,True,2.8320070027923997e-10,5.020410753786564e-10,3946735.265857172,,1414.7704046751048,53152.212302086424,53142.20566559034,6933.241657630671,-263.08664072279055,37.56242390283404,0.019691938169668553
MEAN,hdf_reconstructed,zone_3,reconstructed_velocity_area,minimum,cell_order,native_bc_only,hdf_precipitation,True,True,1274,48,1799.9999712,30.0,29.999999999999893,True,59.99999904,True,2.8320070027923997e-10,5.020410753786564e-10,343955.72354926704,,613.6677145197725,30912.126789336035,30918.969100815255,3533.323873971385,-123.26346673105948,50.383894034593276,-0.0015289038108891803
MEAN,hgn_target,all,reconstructed_velocity_area,minimum,negated,reconstructed_all_touching_faces,none,True,True,12715,48,1799.9999712,30.0,29.999999999999893,True,59.99999904,True,2.8320070027923997e-10,5.020410753786564e-10,14626296.197378121,,1414.770404675106,93352.14125670993,93415.81518871308,7536.409012662783,1125.6939633714458,66.02895768813138,-0.03655816762532763
MEAN,hgn_target,zone_3,reconstructed_velocity_area,minimum,negated,reconstructed_all_touching_faces,none,True,True,1274,48,1799.9999712,30.0,29.999999999999893,True,59.99999904,True,2.8320070027923997e-10,5.020410753786564e-10,389601.5968444262,,613.6677145197721,30883.02294741325,30888.34716992323,3539.8140063299843,198.67202121636996,50.33399417809525,0.0015695561592033154
MEAN,hdf_reconstructed,all,reconstructed_velocity_area,minimum,negated,reconstructed_all_touching_faces,none,True,True,12715,48,1799.9999712,30.0,29.999999999999893,True,59.99999904,True,2.8320070027923997e-10,5.020410753786564e-10,14626296.197378118,,1414.7704046751048,93352.14125670993,93415.81518871308,7536.40901266278,1125.693963371445,66.02895768813143,-0.036558167625327716
MEAN,hdf_reconstructed,zone_3,reconstructed_velocity_area,minimum,negated,reconstructed_all_touching_faces,none,True,True,1274,48,1799.9999712,30.0,29.999999999999893,True,59.99999904,True,2.8320070027923997e-10,5.020410753786564e-10,389601.59684442665,,613.6677145197725,30883.02294741325,30888.34716992323,3539.8140063299843,198.6720212163701,50.33399417809522,0.001569556159203211
MEAN,hgn_target,all,reconstructed_velocity_area,minimum,negated,reconstructed_all_touching_faces,hdf_precipitation,True,True,12715,48,1799.9999712,30.0,29.999999999999893,True,59.99999904,True,2.8320070027923997e-10,5.020410753786564e-10,13803851.135293214,,1414.770404675106,93350.59051632688,93414.15714117003,7551.748021559131,1066.0585084918998,66.02778573292396,-0.036547796040045245
MEAN,hgn_target,zone_3,reconstructed_velocity_area,minimum,negated,reconstructed_all_touching_faces,hdf_precipitation,True,True,1274,48,1799.9999712,30.0,29.999999999999893,True,59.99999904,True,2.8320070027923997e-10,5.020410753786564e-10,371421.9309266421,,613.6677145197721,30882.874471493553,30888.17891445723,3547.8566135982787,184.33900610138792,50.333719998010466,0.0015747003552591188
MEAN,hdf_reconstructed,all,reconstructed_velocity_area,minimum,negated,reconstructed_all_touching_faces,hdf_precipitation,True,True,12715,48,1799.9999712,30.0,29.999999999999893,True,59.99999904,True,2.8320070027923997e-10,5.020410753786564e-10,13803851.13529321,,1414.7704046751048,93350.59051632688,93414.15714117003,7551.748021559131,1066.0585084918994,66.02778573292402,-0.0365477960400452
MEAN,hdf_reconstructed,zone_3,reconstructed_velocity_area,minimum,negated,reconstructed_all_touching_faces,hdf_precipitation,True,True,1274,48,1799.9999712,30.0,29.999999999999893,True,59.99999904,True,2.8320070027923997e-10,5.020410753786564e-10,371421.9309266424,,613.6677145197725,30882.874471493553,30888.178914457225,3547.8566135982783,184.33900610138812,50.33371999801042,0.0015747003552590553
MEAN,hgn_target,all,reconstructed_velocity_area,minimum,negated,native_bc_only,none,True,True,12715,48,1799.9999712,30.0,29.999999999999893,True,59.99999904,True,2.8320070027923997e-10,5.020410753786564e-10,3065480.892449577,,1414.770404675106,72308.67091313851,72325.80968751071,7459.321405548024,-203.45118584324405,51.121941375441715,-0.002847142332129706
MEAN,hgn_target,zone_3,reconstructed_velocity_area,minimum,negated,native_bc_only,none,True,True,1274,48,1799.9999712,30.0,29.999999999999893,True,59.99999904,True,2.8320070027923997e-10,5.020410753786564e-10,480914.84081538813,,613.6677145197721,31094.43473551104,31099.7276427992,3569.466519458958,228.5108113203189,50.67844846153656,0.0016071577807398553
MEAN,hdf_reconstructed,all,reconstructed_velocity_area,minimum,negated,native_bc_only,none,True,True,12715,48,1799.9999712,30.0,29.999999999999893,True,59.99999904,True,2.8320070027923997e-10,5.020410753786564e-10,3065480.892449576,,1414.7704046751048,72308.67091313851,72325.80968751071,7459.321405548024,-203.45118584324408,51.12194137544175,-0.0028471423321297087
MEAN,hdf_reconstructed,zone_3,reconstructed_velocity_area,minimum,negated,native_bc_only,none,True,True,1274,48,1799.9999712,30.0,29.999999999999893,True,59.99999904,True,2.8320070027923997e-10,5.020410753786564e-10,480914.84081538895,,613.6677145197725,31094.43473551104,31099.7276427992,3569.4665194589584,228.51081132031908,50.678448461536526,0.0016071577807397722
MEAN,hgn_target,all,reconstructed_velocity_area,minimum,negated,native_bc_only,hdf_precipitation,True,True,12715,48,1799.9999712,30.0,29.999999999999893,True,59.99999904,True,2.8320070027923997e-10,5.020410753786564e-10,3946735.2658571736,,1414.770404675106,72309.47584140883,72326.47446597912,7474.698095596438,-263.0866407227905,51.12241125978917,-0.002833256518817768
MEAN,hgn_target,zone_3,reconstructed_velocity_area,minimum,negated,native_bc_only,hdf_precipitation,True,True,1274,48,1799.9999712,30.0,29.999999999999893,True,59.99999904,True,2.8320070027923997e-10,5.020410753786564e-10,463279.42978025053,,613.6677145197721,31094.262512251473,31099.53577830996,3577.4855312015175,214.17779620533688,50.67813580945352,0.0016122676641243184
MEAN,hdf_reconstructed,all,reconstructed_velocity_area,minimum,negated,native_bc_only,hdf_precipitation,True,True,12715,48,1799.9999712,30.0,29.999999999999893,True,59.99999904,True,2.8320070027923997e-10,5.020410753786564e-10,3946735.265857169,,1414.7704046751048,72309.47584140883,72326.47446597912,7474.69809559644,-263.08664072279055,51.12241125978921,-0.002833256518817787
MEAN,hdf_reconstructed,zone_3,reconstructed_velocity_area,minimum,negated,native_bc_only,hdf_precipitation,True,True,1274,48,1799.9999712,30.0,29.999999999999893,True,59.99999904,True,2.8320070027923997e-10,5.020410753786564e-10,463279.4297802511,,613.6677145197725,31094.262512251473,31099.53577830996,3577.485531201518,214.1777962053371,50.67813580945349,0.0016122676641242416
MEAN,hgn_target,all,reconstructed_velocity_area,maximum,cell_order,reconstructed_all_touching_faces,none,True,True,12715,48,1799.9999712,30.0,29.999999999999893,True,59.99999904,True,2.8320070027923997e-10,5.020410753786564e-10,11028090.98881229,,1414.770404675106,104814.21692293842,104716.09367713731,13185.794546376774,-833.5252924259566,74.0163162383827,0.07551465581619342
MEAN,hgn_target,zone_3,reconstructed_velocity_area,maximum,cell_order,reconstructed_all_touching_faces,none,True,True,1274,48,1799.9999712,30.0,29.999999999999893,True,59.99999904,True,2.8320070027923997e-10,5.020410753786564e-10,1164502.2596697954,,613.6677145197721,36472.212564809175,36449.35325695615,7363.945120449059,780.2873698986479,59.39591149174228,0.046935412931689305
MEAN,hdf_reconstructed,all,reconstructed_velocity_area,maximum,cell_order,reconstructed_all_touching_faces,none,True,True,12715,48,1799.9999712,30.0,29.999999999999893,True,59.99999904,True,2.8320070027923997e-10,5.020410753786564e-10,11028090.988812286,,1414.7704046751048,104814.21692293842,104716.09367713731,13185.794546376774,-833.5252924259564,74.01631623838276,0.07551465581619346
MEAN,hdf_reconstructed,zone_3,reconstructed_velocity_area,maximum,cell_order,reconstructed_all_touching_faces,none,True,True,1274,48,1799.9999712,30.0,29.999999999999893,True,59.99999904,True,2.8320070027923997e-10,5.020410753786564e-10,1164502.2596697959,,613.6677145197725,36472.212564809175,36449.35325695615,7363.945120449059,780.2873698986481,59.39591149174223,0.04693541293168898
MEAN,hgn_target,all,reconstructed_velocity_area,maximum,cell_order,reconstructed_all_touching_faces,hdf_precipitation,True,True,12715,48,1799.9999712,30.0,29.999999999999893,True,59.99999904,True,2.8320070027923997e-10,5.020410753786564e-10,11879940.34053914,,1414.770404675106,104815.88231849774,104717.6639661359,13180.5289870109,-893.1607473055027,74.01742616335243,0.07552343605263624
MEAN,hgn_target,zone_3,reconstructed_velocity_area,maximum,cell_order,reconstructed_all_touching_faces,hdf_precipitation,True,True,1274,48,1799.9999712,30.0,29.999999999999893,True,59.99999904,True,2.8320070027923997e-10,5.020410753786564e-10,1144090.9566108338,,613.6677145197721,36471.8836567278,36449.007359019866,7360.344308256514,765.9543547836658,59.395347835013894,0.04693981681533174
MEAN,hdf_reconstructed,all,reconstructed_velocity_area,maximum,cell_order,reconstructed_all_touching_faces,hdf_precipitation,True,True,12715,48,1799.9999712,30.0,29.999999999999893,True,59.99999904,True,2.8320070027923997e-10,5.020410753786564e-10,11879940.34053914,,1414.7704046751048,104815.88231849774,104717.6639661359,13180.528987010903,-893.1607473055027,74.0174261633525,0.07552343605263633
MEAN,hdf_reconstructed,zone_3,reconstructed_velocity_area,maximum,cell_order,reconstructed_all_touching_faces,hdf_precipitation,True,True,1274,48,1799.9999712,30.0,29.999999999999893,True,59.99999904,True,2.8320070027923997e-10,5.020410753786564e-10,1144090.9566108345,,613.6677145197725,36471.8836567278,36449.007359019866,7360.344308256513,765.9543547836661,59.395347835013844,0.04693981681533134
MEAN,hgn_target,all,reconstructed_velocity_area,maximum,cell_order,native_bc_only,none,True,True,12715,48,1799.9999712,30.0,29.999999999999893,True,59.99999904,True,2.8320070027923997e-10,5.020410753786564e-10,3065480.892449577,,1414.770404675106,71418.2712750494,71322.1941138843,12651.74092485778,-203.45118584324405,50.41255731544867,0.07768000050111866
MEAN,hgn_target,zone_3,reconstructed_velocity_area,maximum,cell_order,native_bc_only,none,True,True,1274,48,1799.9999712,30.0,29.999999999999893,True,59.99999904,True,2.8320070027923997e-10,5.020410753786564e-10,1205150.1655512273,,613.6677145197721,36496.73548435599,36473.8915388982,7370.7178233919485,798.2374344722901,59.43589776014366,0.04693317495640488
MEAN,hdf_reconstructed,all,reconstructed_velocity_area,maximum,cell_order,native_bc_only,none,True,True,12715,48,1799.9999712,30.0,29.999999999999893,True,59.99999904,True,2.8320070027923997e-10,5.020410753786564e-10,3065480.892449577,,1414.7704046751048,71418.2712750494,71322.1941138843,12651.740924857782,-203.45118584324405,50.412557315448716,0.0776800005011187
MEAN,hdf_reconstructed,zone_3,reconstructed_velocity_area,maximum,cell_order,native_bc_only,none,True,True,1274,48,1799.9999712,30.0,29.999999999999893,True,59.99999904,True,2.8320070027923997e-10,5.020410753786564e-10,1205150.1655512278,,613.6677145197725,36496.73548435599,36473.8915388982,7370.7178233919485,798.2374344722904,59.43589776014362,0.046933174956404526
MEAN,hgn_target,all,reconstructed_velocity_area,maximum,cell_order,native_bc_only,hdf_precipitation,True,True,12715,48,1799.9999712,30.0,29.999999999999893,True,59.99999904,True,2.8320070027923997e-10,5.020410753786564e-10,3946735.2658571736,,1414.770404675106,71419.21847714922,71323.00066372706,12646.468056040027,-263.0866407227905,50.4131274078397,0.07769335406859282
MEAN,hgn_target,zone_3,reconstructed_velocity_area,maximum,cell_order,native_bc_only,hdf_precipitation,True,True,1274,48,1799.9999712,30.0,29.999999999999893,True,59.99999904,True,2.8320070027923997e-10,5.020410753786564e-10,1184707.5340326931,,613.6677145197721,36496.39382167893,36473.53288994068,7367.111893353125,783.9044193573081,59.435313325034834,0.046937583513451016
MEAN,hdf_reconstructed,all,reconstructed_velocity_area,maximum,cell_order,native_bc_only,hdf_precipitation,True,True,12715,48,1799.9999712,30.0,29.999999999999893,True,59.99999904,True,2.8320070027923997e-10,5.020410753786564e-10,3946735.265857171,,1414.7704046751048,71419.21847714922,71323.00066372706,12646.46805604003,-263.08664072279055,50.413127407839745,0.07769335406859272
MEAN,hdf_reconstructed,zone_3,reconstructed_velocity_area,maximum,cell_order,native_bc_only,hdf_precipitation,True,True,1274,48,1799.9999712,30.0,29.999999999999893,True,59.99999904,True,2.8320070027923997e-10,5.020410753786564e-10,1184707.5340326938,,613.6677145197725,36496.39382167893,36473.53288994068,7367.111893353125,783.9044193573085,59.43531332503479,0.04693758351345072
MEAN,hgn_target,all,reconstructed_velocity_area,maximum,negated,reconstructed_all_touching_faces,none,True,True,12715,48,1799.9999712,30.0,29.999999999999893,True,59.99999904,True,2.8320070027923997e-10,5.020410753786564e-10,14626296.19737812,,1414.770404675106,104814.21692293842,104931.32522719068,13325.055264412142,1125.6939633714458,74.16844802552085,-0.07551465581619342
MEAN,hgn_target,zone_3,reconstructed_velocity_area,maximum,negated,reconstructed_all_touching_faces,none,True,True,1274,48,1799.9999712,30.0,29.999999999999893,True,59.99999904,True,2.8320070027923997e-10,5.020410753786564e-10,1073590.5127480566,,613.6677145197721,36472.212564809175,36505.37497441379,7397.802348236775,-708.495864871998,59.48720147837858,-0.046935412931689305
MEAN,hdf_reconstructed,all,reconstructed_velocity_area,maximum,negated,reconstructed_all_touching_faces,none,True,True,12715,48,1799.9999712,30.0,29.999999999999893,True,59.99999904,True,2.8320070027923997e-10,5.020410753786564e-10,14626296.197378114,,1414.7704046751048,104814.21692293842,104931.32522719068,13325.055264412142,1125.693963371446,74.1684480255209,-0.07551465581619346
MEAN,hdf_reconstructed,zone_3,reconstructed_velocity_area,maximum,negated,reconstructed_all_touching_faces,none,True,True,1274,48,1799.9999712,30.0,29.999999999999893,True,59.99999904,True,2.8320070027923997e-10,5.020410753786564e-10,1073590.512748056,,613.6677145197725,36472.212564809175,36505.37497441379,7397.802348236776,-708.4958648719978,59.48720147837854,-0.04693541293168898
MEAN,hgn_target,all,reconstructed_velocity_area,maximum,negated,reconstructed_all_touching_faces,hdf_precipitation,True,True,12715,48,1799.9999712,30.0,29.999999999999893,True,59.99999904,True,2.8320070027923997e-10,5.020410753786564e-10,13803851.135293214,,1414.770404675106,104812.60679807875,104929.6204275205,13330.494734913416,1066.0585084918994,74.16724302457895,-0.07550586001192566
MEAN,hgn_target,zone_3,reconstructed_velocity_area,maximum,negated,reconstructed_all_touching_faces,hdf_precipitation,True,True,1274,48,1799.9999712,30.0,29.999999999999893,True,59.99999904,True,2.8320070027923997e-10,5.020410753786564e-10,1094197.749643766,,613.6677145197721,36472.54955536914,36505.69490133054,7401.188514422604,-722.8288799869799,59.48772281412622,-0.04693100590000993
MEAN,hdf_reconstructed,all,reconstructed_velocity_area,maximum,negated,reconstructed_all_touching_faces,hdf_precipitation,True,True,12715,48,1799.9999712,30.0,29.999999999999893,True,59.99999904,True,2.8320070027923997e-10,5.020410753786564e-10,13803851.135293214,,1414.7704046751048,104812.60679807875,104929.6204275205,13330.494734913416,1066.0585084918998,74.16724302457901,-0.07550586001192573
MEAN,hdf_reconstructed,zone_3,reconstructed_velocity_area,maximum,negated,reconstructed_all_touching_faces,hdf_precipitation,True,True,1274,48,1799.9999712,30.0,29.999999999999893,True,59.99999904,True,2.8320070027923997e-10,5.020410753786564e-10,1094197.7496437654,,613.6677145197725,36472.54955536914,36505.69490133055,7401.188514422607,-722.8288799869797,59.48772281412619,-0.046931005900009565
MEAN,hgn_target,all,reconstructed_velocity_area,maximum,negated,native_bc_only,none,True,True,12715,48,1799.9999712,30.0,29.999999999999893,True,59.99999904,True,2.8320070027923997e-10,5.020410753786564e-10,3065480.8924495745,,1414.770404675106,86643.29299608192,86730.67377543515,13248.433476490507,-203.45118584324413,61.30370941379167,-0.05433747170943625
MEAN,hgn_target,zone_3,reconstructed_velocity_area,maximum,negated,native_bc_only,none,True,True,1274,48,1799.9999712,30.0,29.999999999999893,True,59.99999904,True,2.8320070027923997e-10,5.020410753786564e-10,1020536.0499809443,,613.6677145197721,36651.41212401439,36684.41667452767,7427.434680938974,-678.6570747680489,59.77895823187504,-0.04666412579068693
MEAN,hdf_reconstructed,all,reconstructed_velocity_area,maximum,negated,native_bc_only,none,True,True,12715,48,1799.9999712,30.0,29.999999999999893,True,59.99999904,True,2.8320070027923997e-10,5.020410753786564e-10,3065480.8924495797,,1414.7704046751048,86643.29299608192,86730.67377543516,13248.433476490507,-203.4511858432441,61.303709413791736,-0.054337471709436376
MEAN,hdf_reconstructed,zone_3,reconstructed_velocity_area,maximum,negated,native_bc_only,none,True,True,1274,48,1799.9999712,30.0,29.999999999999893,True,59.99999904,True,2.8320070027923997e-10,5.020410753786564e-10,1020536.0499809439,,613.6677145197725,36651.41212401439,36684.41667452767,7427.434680938974,-678.6570747680488,59.77895823187499,-0.04666412579068668
MEAN,hgn_target,all,reconstructed_velocity_area,maximum,negated,native_bc_only,hdf_precipitation,True,True,12715,48,1799.9999712,30.0,29.999999999999893,True,59.99999904,True,2.8320070027923997e-10,5.020410753786564e-10,3946735.2658571736,,1414.770404675106,86643.68777092345,86730.95143817182,13253.911907944097,-263.0866407227905,61.3039056737189,-0.05432581553989589
MEAN,hgn_target,zone_3,reconstructed_velocity_area,maximum,negated,native_bc_only,hdf_precipitation,True,True,1274,48,1799.9999712,30.0,29.999999999999893,True,59.99999904,True,2.8320070027923997e-10,5.020410753786564e-10,1040840.936457166,,613.6677145197721,36651.72646395882,36684.714055926815,7430.808811189134,-692.9900898830311,59.77944282865618,-0.04665975284258535
MEAN,hdf_reconstructed,all,reconstructed_velocity_area,maximum,negated,native_bc_only,hdf_precipitation,True,True,12715,48,1799.9999712,30.0,29.999999999999893,True,59.99999904,True,2.8320070027923997e-10,5.020410753786564e-10,3946735.265857178,,1414.7704046751048,86643.68777092345,86730.95143817182,13253.911907944099,-263.08664072279043,61.30390567371895,-0.05432581553989592
MEAN,hdf_reconstructed,zone_3,reconstructed_velocity_area,maximum,negated,native_bc_only,hdf_precipitation,True,True,1274,48,1799.9999712,30.0,29.999999999999893,True,59.99999904,True,2.8320070027923997e-10,5.020410753786564e-10,1040840.9364571653,,613.6677145197725,36651.72646395882,36684.714055926815,7430.808811189136,-692.9900898830307,59.77944282865614,-0.046659752842585
MEAN,hgn_target,all,native_face_flow,native,cell_order,reconstructed_all_touching_faces,none,True,True,12715,48,1799.9999712,30.0,29.999999999999893,True,59.99999904,True,2.8320070027923997e-10,5.020410753786564e-10,3065463.7608156856,,1414.770404675106,1927.2718783251578,1184.7103725637965,296.5918053379387,-203.4339817546041,0.8373870195820632,0.7893018729493642
MEAN,hgn_target,zone_3,native_face_flow,native,cell_order,reconstructed_all_touching_faces,none,True,True,1274,48,1799.9999712,30.0,29.999999999999893,True,59.99999904,True,2.8320070027923997e-10,5.020410753786564e-10,97762.23666974921,,613.6677145197721,1051.9517483338864,781.3619484707704,55.72924195725988,-25.84641223474049,1.2732655311388315,0.6747921530109636
MEAN,hdf_reconstructed,all,native_face_flow,native,cell_order,reconstructed_all_touching_faces,none,True,True,12715,48,1799.9999712,30.0,29.999999999999893,True,59.99999904,True,2.8320070027923997e-10,5.020410753786564e-10,3065463.7608156814,,1414.7704046751048,1927.2718783251578,1184.7103725637965,296.59180533793864,-203.433981754604,0.8373870195820639,0.7893018729493636
MEAN,hdf_reconstructed,zone_3,native_face_flow,native,cell_order,reconstructed_all_touching_faces,none,True,True,1274,48,1799.9999712,30.0,29.999999999999893,True,59.99999904,True,2.8320070027923997e-10,5.020410753786564e-10,97762.23666974732,,613.6677145197725,1051.9517483338864,781.3619484707677,55.7292419572598,-25.84641223474026,1.2732655311388263,0.6747921530109671
MEAN,hgn_target,all,native_face_flow,native,cell_order,reconstructed_all_touching_faces,hdf_precipitation,True,True,12715,48,1799.9999712,30.0,29.999999999999893,True,59.99999904,True,2.8320070027923997e-10,5.020410753786564e-10,3946718.889680686,,1414.770404675106,1946.3873729812817,1207.2034081983493,266.4690646239115,-263.06943663415035,0.8532857375367395,0.7866832903972785
MEAN,hgn_target,zone_3,native_face_flow,native,cell_order,reconstructed_all_touching_faces,hdf_precipitation,True,True,1274,48,1799.9999712,30.0,29.999999999999893,True,59.99999904,True,2.8320070027923997e-10,5.020410753786564e-10,104615.97980649321,,613.6677145197721,1053.0048890647731,781.9973275722963,43.16019001704122,-40.17942734972253,1.2743009108508359,0.6748694359293622
MEAN,hdf_reconstructed,all,native_face_flow,native,cell_order,reconstructed_all_touching_faces,hdf_precipitation,True,True,12715,48,1799.9999712,30.0,29.999999999999893,True,59.99999904,True,2.8320070027923997e-10,5.020410753786564e-10,3946718.889680682,,1414.7704046751048,1946.3873729812817,1207.203408198349,266.46906462391127,-263.06943663415046,0.8532857375367401,0.7866832903972789
MEAN,hdf_reconstructed,zone_3,native_face_flow,native,cell_order,reconstructed_all_touching_faces,hdf_precipitation,True,True,1274,48,1799.9999712,30.0,29.999999999999893,True,59.99999904,True,2.8320070027923997e-10,5.020410753786564e-10,104615.9798064914,,613.6677145197725,1053.0048890647731,781.9973275722937,43.16019001704119,-40.179427349722296,1.2743009108508307,0.6748694359293659
MEAN,hgn_target,all,native_face_flow,native,cell_order,native_bc_only,none,True,True,12715,48,1799.9999712,30.0,29.999999999999893,True,59.99999904,True,2.8320070027923997e-10,5.020410753786564e-10,3065480.8924496546,,1414.770404675106,1927.7314834037538,1184.7450325317402,296.6068787454824,-203.4511858432441,0.8374115182341619,0.7894243513787358
MEAN,hgn_target,zone_3,native_face_flow,native,cell_order,native_bc_only,none,True,True,1274,48,1799.9999712,30.0,29.999999999999893,True,59.99999904,True,2.8320070027923997e-10,5.020410753786564e-10,97762.23666974921,,613.6677145197721,1051.9517483338864,781.3619484707704,55.72924195725988,-25.84641223474049,1.2732655311388315,0.6747921530109636
MEAN,hdf_reconstructed,all,native_face_flow,native,cell_order,native_bc_only,none,True,True,12715,48,1799.9999712,30.0,29.999999999999893,True,59.99999904,True,2.8320070027923997e-10,5.020410753786564e-10,3065480.8924496504,,1414.7704046751048,1927.7314834037538,1184.74503253174,296.60687874548233,-203.45118584324408,0.8374115182341625,0.7894243513787352
MEAN,hdf_reconstructed,zone_3,native_face_flow,native,cell_order,native_bc_only,none,True,True,1274,48,1799.9999712,30.0,29.999999999999893,True,59.99999904,True,2.8320070027923997e-10,5.020410753786564e-10,97762.23666974732,,613.6677145197725,1051.9517483338864,781.3619484707677,55.7292419572598,-25.84641223474026,1.2732655311388263,0.6747921530109671
MEAN,hgn_target,all,native_face_flow,native,cell_order,native_bc_only,hdf_precipitation,True,True,12715,48,1799.9999712,30.0,29.999999999999893,True,59.99999904,True,2.8320070027923997e-10,5.020410753786564e-10,3946735.2658571736,,1414.770404675106,1946.8425209873908,1207.2375121386033,266.48420460744927,-263.0866407227904,0.8533098431726373,0.7868068832414846
MEAN,hgn_target,zone_3,native_face_flow,native,cell_order,native_bc_only,hdf_precipitation,True,True,1274,48,1799.9999712,30.0,29.999999999999893,True,59.99999904,True,2.8320070027923997e-10,5.020410753786564e-10,104615.97980649321,,613.6677145197721,1053.0048890647731,781.9973275722963,43.16019001704122,-40.17942734972253,1.2743009108508359,0.6748694359293622
MEAN,hdf_reconstructed,all,native_face_flow,native,cell_order,native_bc_only,hdf_precipitation,True,True,12715,48,1799.9999712,30.0,29.999999999999893,True,59.99999904,True,2.8320070027923997e-10,5.020410753786564e-10,3946735.2658571694,,1414.7704046751048,1946.8425209873908,1207.237512138603,266.48420460744904,-263.0866407227905,0.8533098431726378,0.7868068832414861
MEAN,hdf_reconstructed,zone_3,native_face_flow,native,cell_order,native_bc_only,hdf_precipitation,True,True,1274,48,1799.9999712,30.0,29.999999999999893,True,59.99999904,True,2.8320070027923997e-10,5.020410753786564e-10,104615.9798064914,,613.6677145197725,1053.0048890647731,781.9973275722937,43.160190017041195,-40.179427349722296,1.2743009108508307,0.6748694359293659
MEAN,hgn_target,all,native_face_flow,native,negated,reconstructed_all_touching_faces,none,True,True,12715,48,1799.9999712,30.0,29.999999999999893,True,59.99999904,True,2.8320070027923997e-10,5.020410753786564e-10,6504761.354157711,,1414.770404675106,1927.2718783251578,3166.7594974981666,563.2795120676511,495.6026527000934,2.2383557692708416,-0.7893018729493642
MEAN,hgn_target,zone_3,native_face_flow,native,negated,reconstructed_all_touching_faces,none,True,True,1274,48,1799.9999712,30.0,29.999999999999893,True,59.99999904,True,2.8320070027923997e-10,5.020410753786564e-10,245990.45443795485,,613.6677145197721,1051.9517483338864,1534.8793421032292,121.72964697969353,97.63791726139043,2.501157068861533,-0.6747921530109636
MEAN,hdf_reconstructed,all,native_face_flow,native,negated,reconstructed_all_touching_faces,none,True,True,12715,48,1799.9999712,30.0,29.999999999999893,True,59.99999904,True,2.8320070027923997e-10,5.020410753786564e-10,6504761.354157712,,1414.7704046751048,1927.2718783251578,3166.759497498166,563.2795120676507,495.60265270009353,2.238355769270843,-0.7893018729493636
MEAN,hdf_reconstructed,zone_3,native_face_flow,native,negated,reconstructed_all_touching_faces,none,True,True,1274,48,1799.9999712,30.0,29.999999999999893,True,59.99999904,True,2.8320070027923997e-10,5.020410753786564e-10,245990.45443795607,,613.6677145197725,1051.9517483338864,1534.8793421032312,121.72964697969302,97.63791726139067,2.5011570688615348,-0.6747921530109671
MEAN,hgn_target,all,native_face_flow,native,negated,reconstructed_all_touching_faces,hdf_precipitation,True,True,12715,48,1799.9999712,30.0,29.999999999999893,True,59.99999904,True,2.8320070027923997e-10,5.020410753786564e-10,5680172.153940272,,1414.770404675106,1911.00017177115,3153.6748354433585,581.1306069601646,435.9671978205469,2.2291071576151484,-0.7914570339956345
MEAN,hgn_target,zone_3,native_face_flow,native,negated,reconstructed_all_touching_faces,hdf_precipitation,True,True,1274,48,1799.9999712,30.0,29.999999999999893,True,59.99999904,True,2.8320070027923997e-10,5.020410753786564e-10,238065.08741911154,,613.6677145197721,1051.1781289339394,1533.950482571768,131.25086706764492,83.30490214640842,2.4996434491786266,-0.6746601211839709
MEAN,hdf_reconstructed,all,native_face_flow,native,negated,reconstructed_all_touching_faces,hdf_precipitation,True,True,12715,48,1799.9999712,30.0,29.999999999999893,True,59.99999904,True,2.8320070027923997e-10,5.020410753786564e-10,5680172.153940271,,1414.7704046751048,1911.00017177115,3153.674835443358,581.1306069601645,435.9671978205472,2.2291071576151498,-0.7914570339956348
MEAN,hdf_reconstructed,zone_3,native_face_flow,native,negated,reconstructed_all_touching_faces,hdf_precipitation,True,True,1274,48,1799.9999712,30.0,29.999999999999893,True,59.99999904,True,2.8320070027923997e-10,5.020410753786564e-10,238065.0874191128,,613.6677145197725,1051.1781289339394,1533.9504825717695,131.25086706764492,83.30490214640864,2.4996434491786275,-0.6746601211839746
MEAN,hgn_target,all,native_face_flow,native,negated,native_bc_only,none,True,True,12715,48,1799.9999712,30.0,29.999999999999893,True,59.99999904,True,2.8320070027923997e-10,5.020410753786564e-10,3065480.89244948,,1414.770404675106,69305.24186223408,69332.2762578935,1480.1650796593538,-203.45118584324402,49.006026722629436,-0.009477144711112813
MEAN,hgn_target,zone_3,native_face_flow,native,negated,native_bc_only,none,True,True,1274,48,1799.9999712,30.0,29.999999999999893,True,59.99999904,True,2.8320070027923997e-10,5.020410753786564e-10,362428.99982854654,,613.6677145197721,5223.968073316587,5342.227761862124,169.50689802836015,145.4267719389817,8.705407886811683,-0.13518983839815216
MEAN,hdf_reconstructed,all,native_face_flow,native,negated,native_bc_only,none,True,True,12715,48,1799.9999712,30.0,29.999999999999893,True,59.99999904,True,2.8320070027923997e-10,5.020410753786564e-10,3065480.892449481,,1414.7704046751048,69305.24186223408,69332.2762578935,1480.165079659353,-203.45118584324405,49.00602672262948,-0.00947714471111281
MEAN,hdf_reconstructed,zone_3,native_face_flow,native,negated,native_bc_only,none,True,True,1274,48,1799.9999712,30.0,29.999999999999893,True,59.99999904,True,2.8320070027923997e-10,5.020410753786564e-10,362428.99982854846,,613.6677145197725,5223.968073316587,5342.227761862125,169.50689802835967,145.4267719389819,8.705407886811678,-0.13518983839815277
MEAN,hgn_target,all,native_face_flow,native,negated,native_bc_only,hdf_precipitation,True,True,12715,48,1799.9999712,30.0,29.999999999999893,True,59.99999904,True,2.8320070027923997e-10,5.020410753786564e-10,3946735.265857184,,1414.770404675106,69306.17726987941,69333.06529911423,1498.0526148163099,-263.0866407227905,49.00658443942795,-0.0094625940901181
MEAN,hgn_target,zone_3,native_face_flow,native,negated,native_bc_only,hdf_precipitation,True,True,1274,48,1799.9999712,30.0,29.999999999999893,True,59.99999904,True,2.8320070027923997e-10,5.020410753786564e-10,350669.04192488256,,613.6677145197721,5223.574321478011,5341.728206378946,179.00538994678013,131.09375682399963,8.704593837984675,-0.13516236559547926
MEAN,hdf_reconstructed,all,native_face_flow,native,negated,native_bc_only,hdf_precipitation,True,True,12715,48,1799.9999712,30.0,29.999999999999893,True,59.99999904,True,2.8320070027923997e-10,5.020410753786564e-10,3946735.2658571876,,1414.7704046751048,69306.17726987941,69333.06529911423,1498.0526148163096,-263.08664072279055,49.00658443942799,-0.00946259409011809
MEAN,hdf_reconstructed,zone_3,native_face_flow,native,negated,native_bc_only,hdf_precipitation,True,True,1274,48,1799.9999712,30.0,29.999999999999893,True,59.99999904,True,2.8320070027923997e-10,5.020410753786564e-10,350669.04192488454,,613.6677145197725,5223.574321478011,5341.728206378947,179.00538994678018,131.09375682399985,8.70459383798467,-0.13516236559547984
MEAN,hgn_target,all,native_cell_flow_balance,native,cell_order,reconstructed_all_touching_faces,none,True,True,12715,48,1799.9999712,30.0,29.999999999999893,True,59.99999904,True,2.8320070027923997e-10,5.020410753786564e-10,3065463.7761812666,,1414.770404675106,1927.2718781836218,1184.7103741951048,296.59180519460466,-203.43398222080606,0.8373870207351184,0.7893018721926752
MEAN,hgn_target,zone_3,native_cell_flow_balance,native,cell_order,reconstructed_all_touching_faces,none,True,True,1274,48,1799.9999712,30.0,29.999999999999893,True,59.99999904,True,2.8320070027923997e-10,5.020410753786564e-10,97762.23662254366,,613.6677145197721,1051.9517391363354,781.3619365434995,55.729239034065905,-25.846408691090552,1.2732655117027905,0.6747921584419698
MEAN,hdf_reconstructed,all,native_cell_flow_balance,native,cell_order,reconstructed_all_touching_faces,none,True,True,12715,48,1799.9999712,30.0,29.999999999999893,True,59.99999904,True,2.8320070027923997e-10,5.020410753786564e-10,3065463.7761812657,,1414.7704046751048,1927.2718781836218,1184.7103741951048,296.59180519460466,-203.4339822208061,0.8373870207351191,0.7893018721926752
MEAN,hdf_reconstructed,zone_3,native_cell_flow_balance,native,cell_order,reconstructed_all_touching_faces,none,True,True,1274,48,1799.9999712,30.0,29.999999999999893,True,59.99999904,True,2.8320070027923997e-10,5.020410753786564e-10,97762.23662254174,,613.6677145197725,1051.9517391363354,781.361936543497,55.72923903406582,-25.846408691090325,1.2732655117027853,0.6747921584419735
MEAN,hgn_target,all,native_cell_flow_balance,native,cell_order,reconstructed_all_touching_faces,hdf_precipitation,True,True,12715,48,1799.9999712,30.0,29.999999999999893,True,59.99999904,True,2.8320070027923997e-10,5.020410753786564e-10,3946718.9051345014,,1414.770404675106,1946.3873729116922,1207.2034099130224,266.46906472503656,-263.0694371003524,0.8532857387487193,0.7866832896191179
MEAN,hgn_target,zone_3,native_cell_flow_balance,native,cell_order,reconstructed_all_touching_faces,hdf_precipitation,True,True,1274,48,1799.9999712,30.0,29.999999999999893,True,59.99999904,True,2.8320070027923997e-10,5.020410753786564e-10,104615.97834863227,,613.6677145197721,1053.0048797929871,781.9973155423685,43.16018667041993,-40.17942380607259,1.2743008912475107,0.6748694413824806
MEAN,hdf_reconstructed,all,native_cell_flow_balance,native,cell_order,reconstructed_all_touching_faces,hdf_precipitation,True,True,12715,48,1799.9999712,30.0,29.999999999999893,True,59.99999904,True,2.8320070027923997e-10,5.020410753786564e-10,3946718.9051344967,,1414.7704046751048,1946.3873729116922,1207.2034099130221,266.4690647250363,-263.0694371003524,0.8532857387487198,0.7866832896191177
MEAN,hdf_reconstructed,zone_3,native_cell_flow_balance,native,cell_order,reconstructed_all_touching_faces,hdf_precipitation,True,True,1274,48,1799.9999712,30.0,29.999999999999893,True,59.99999904,True,2.8320070027923997e-10,5.020410753786564e-10,104615.97834863052,,613.6677145197725,1053.0048797929871,781.9973155423659,43.16018667041995,-40.179423806072364,1.2743008912475056,0.6748694413824844
MEAN,hgn_target,all,native_cell_flow_balance,native,negated,reconstructed_all_touching_faces,none,True,True,12715,48,1799.9999712,30.0,29.999999999999893,True,59.99999904,True,2.8320070027923997e-10,5.020410753786564e-10,6504761.363024587,,1414.770404675106,1927.2718781836218,3166.759496715604,563.2795122330981,495.6026531662956,2.238355768717704,-0.7893018721926752
MEAN,hgn_target,zone_3,native_cell_flow_balance,native,negated,reconstructed_all_touching_faces,none,True,True,1274,48,1799.9999712,30.0,29.999999999999893,True,59.99999904,True,2.8320070027923997e-10,5.020410753786564e-10,245990.45336838125,,613.6677145197721,1051.9517391363354,1534.879335567703,121.72964390042748,97.6379137177405,2.5011570582115903,-0.6747921584419698
MEAN,hdf_reconstructed,all,native_cell_flow_balance,native,negated,reconstructed_all_touching_faces,none,True,True,12715,48,1799.9999712,30.0,29.999999999999893,True,59.99999904,True,2.8320070027923997e-10,5.020410753786564e-10,6504761.363024584,,1414.7704046751048,1927.2718781836218,3166.759496715604,563.2795122330978,495.6026531662953,2.238355768717706,-0.7893018721926752
MEAN,hdf_reconstructed,zone_3,native_cell_flow_balance,native,negated,reconstructed_all_touching_faces,none,True,True,1274,48,1799.9999712,30.0,29.999999999999893,True,59.99999904,True,2.8320070027923997e-10,5.020410753786564e-10,245990.4533683823,,613.6677145197725,1051.9517391363354,1534.8793355677046,121.72964390042692,97.63791371774073,2.5011570582115907,-0.6747921584419735
MEAN,hgn_target,all,native_cell_flow_balance,native,negated,reconstructed_all_touching_faces,hdf_precipitation,True,True,12715,48,1799.9999712,30.0,29.999999999999893,True,59.99999904,True,2.8320070027923997e-10,5.020410753786564e-10,5680172.161649123,,1414.770404675106,1911.0001715565447,3153.674834614002,581.1306068899785,435.967198286749,2.2291071570289356,-0.7914570332612585
MEAN,hgn_target,zone_3,native_cell_flow_balance,native,negated,reconstructed_all_touching_faces,hdf_precipitation,True,True,1274,48,1799.9999712,30.0,29.999999999999893,True,59.99999904,True,2.8320070027923997e-10,5.020410753786564e-10,238065.08693519223,,613.6677145197721,1051.1781198131978,1533.9504760895584,131.25086908806227,83.30489860275847,2.499643438615566,-0.6746601265914866
MEAN,hdf_reconstructed,all,native_cell_flow_balance,native,negated,reconstructed_all_touching_faces,hdf_precipitation,True,True,12715,48,1799.9999712,30.0,29.999999999999893,True,59.99999904,True,2.8320070027923997e-10,5.020410753786564e-10,5680172.161649125,,1414.7704046751048,1911.0001715565447,3153.6748346140016,581.1306068899784,435.9671982867489,2.229107157028937,-0.7914570332612597
MEAN,hdf_reconstructed,zone_3,native_cell_flow_balance,native,negated,reconstructed_all_touching_faces,hdf_precipitation,True,True,1274,48,1799.9999712,30.0,29.999999999999893,True,59.99999904,True,2.8320070027923997e-10,5.020410753786564e-10,238065.0869351934,,613.6677145197725,1051.1781198131978,1533.95047608956,131.25086908806225,83.30489860275868,2.4996434386155664,-0.6746601265914903
