event_id,target_volume_source,scope,flux_source,face_stage_rule,sign_mode,boundary_mode,source_mode,has_native_face_flow,has_native_cell_flow_balance,num_nodes,num_transitions,delta_t_seconds,hecras_computation_delta_t_seconds,hdf_output_delta_t_seconds,hdf_output_matches_computation,computation_steps_per_budget_interval,storage_aligned,storage_alignment_rmse_ft3,storage_alignment_max_abs_ft3,domain_residual_rmse_ft3,hdf_path,target_rms_ft3,budget_rms_ft3,residual_rmse_ft3,residual_mae_ft3,residual_bias_ft3,relative_rmse,correlation
H1,hgn_target,all,reconstructed_velocity_area,mean,cell_order,reconstructed_all_touching_faces,none,False,False,12715,167,1799.9999712,30.0,1799.9999999999984,False,59.99999904,False,15960.352739884533,433524.970717264,11294784.736757206,/mnt/8tb_hdd2/joyce/hecras-dataset/origin/Linux_RAS_v66/Minxiong_hgn_h1h6/outputs_seed/planH1/Minxiong.p01.hdf,66.43763902801768,853135.268531496,853135.4371551003,117199.02935775407,-875.2008613925315,12841.146218265238,-0.0025311543551362415
H1,hgn_target,zone_3,reconstructed_velocity_area,mean,cell_order,reconstructed_all_touching_faces,none,False,False,1274,167,1799.9999712,30.0,1799.9999999999984,False,59.99999904,False,15960.352739884533,433524.970717264,14140231.962026455,/mnt/8tb_hdd2/joyce/hecras-dataset/origin/Linux_RAS_v66/Minxiong_hgn_h1h6/outputs_seed/planH1/Minxiong.p01.hdf,62.745658064982216,666394.3368471978,666394.248197502,154357.98876974764,-5102.450824032321,10620.563537756736,0.0005715599718311925
H1,hdf_reconstructed,all,reconstructed_velocity_area,mean,cell_order,reconstructed_all_touching_faces,none,False,False,12715,167,1799.9999712,30.0,1799.9999999999984,False,59.99999904,False,15960.352739884533,433524.970717264,11893981.851314437,/mnt/8tb_hdd2/joyce/hecras-dataset/origin/Linux_RAS_v66/Minxiong_hgn_h1h6/outputs_seed/planH1/Minxiong.p01.hdf,643.9539426494816,853135.268531496,853141.6496878942,117207.43587453497,-917.5725263256854,1324.8488644665042,-0.009486170351696119
H1,hdf_reconstructed,zone_3,reconstructed_velocity_area,mean,cell_order,reconstructed_all_touching_faces,none,False,False,1274,167,1799.9999712,30.0,1799.9999999999984,False,59.99999904,False,15960.352739884533,433524.970717264,14149623.630307745,/mnt/8tb_hdd2/joyce/hecras-dataset/origin/Linux_RAS_v66/Minxiong_hgn_h1h6/outputs_seed/planH1/Minxiong.p01.hdf,295.77228499873456,666394.3368471978,666396.7566056037,154363.37034931022,-5132.282076584188,2253.0737002909345,-0.007396879936807412
H1,hgn_target,all,reconstructed_velocity_area,mean,cell_order,reconstructed_all_touching_faces,hdf_precipitation,False,False,12715,167,1799.9999712,30.0,1799.9999999999984,False,59.99999904,False,15960.352739884533,433524.970717264,271207848.46898705,/mnt/8tb_hdd2/joyce/hecras-dataset/origin/Linux_RAS_v66/Minxiong_hgn_h1h6/outputs_seed/planH1/Minxiong.p01.hdf,66.43763902801768,853402.063337282,853402.048681248,125181.74560065928,-15798.143688305252,12845.159177335552,-0.0002966156775772353
H1,hgn_target,zone_3,reconstructed_velocity_area,mean,cell_order,reconstructed_all_touching_faces,hdf_precipitation,False,False,1274,167,1799.9999712,30.0,1799.9999999999984,False,59.99999904,False,15960.352739884533,433524.970717264,19634050.969668377,/mnt/8tb_hdd2/joyce/hecras-dataset/origin/Linux_RAS_v66/Minxiong_hgn_h1h6/outputs_seed/planH1/Minxiong.p01.hdf,62.745658064982216,666476.5144991557,666476.3248740038,154895.21767179127,-8689.088429634163,10621.871623113284,0.0015615688829239804
H1,hdf_reconstructed,all,reconstructed_velocity_area,mean,cell_order,reconstructed_all_touching_faces,hdf_precipitation,False,False,12715,167,1799.9999712,30.0,1799.9999999999984,False,59.99999904,False,15960.352739884533,433524.970717264,271401135.02678806,/mnt/8tb_hdd2/joyce/hecras-dataset/origin/Linux_RAS_v66/Minxiong_hgn_h1h6/outputs_seed/planH1/Minxiong.p01.hdf,643.9539426494816,853402.063337282,853408.5872353791,125194.68872122336,-15840.515353238408,1325.2633934099667,-0.008611303033783551
H1,hdf_reconstructed,zone_3,reconstructed_velocity_area,mean,cell_order,reconstructed_all_touching_faces,hdf_precipitation,False,False,1274,167,1799.9999712,30.0,1799.9999999999984,False,59.99999904,False,15960.352739884533,433524.970717264,19647249.978712987,/mnt/8tb_hdd2/joyce/hecras-dataset/origin/Linux_RAS_v66/Minxiong_hgn_h1h6/outputs_seed/planH1/Minxiong.p01.hdf,295.77228499873456,666476.5144991557,666478.9676903446,154903.1080666559,-8718.919682186026,2253.351654274152,-0.007099613389950779
H1,hgn_target,all,reconstructed_velocity_area,mean,cell_order,native_bc_only,none,False,False,12715,167,1799.9999712,30.0,1799.9999999999984,False,59.99999904,False,15960.352739884533,433524.970717264,270709251.8405375,/mnt/8tb_hdd2/joyce/hecras-dataset/origin/Linux_RAS_v66/Minxiong_hgn_h1h6/outputs_seed/planH1/Minxiong.p01.hdf,66.43763902801768,1674005.5015091393,1674005.5874459867,133769.00741376236,16404.376908924038,25196.64473236376,-0.000979914670130015
H1,hgn_target,zone_3,reconstructed_velocity_area,mean,cell_order,native_bc_only,none,False,False,1274,167,1799.9999712,30.0,1799.9999999999984,False,59.99999904,False,15960.352739884533,433524.970717264,162885990.9679755,/mnt/8tb_hdd2/joyce/hecras-dataset/origin/Linux_RAS_v66/Minxiong_hgn_h1h6/outputs_seed/planH1/Minxiong.p01.hdf,62.745658064982216,3573941.308537477,3573941.292007924,261715.39681476398,104064.0428844916,56959.18095729573,0.003686831944472094
H1,hdf_reconstructed,all,reconstructed_velocity_area,mean,cell_order,native_bc_only,none,False,False,12715,167,1799.9999712,30.0,1799.9999999999984,False,59.99999904,False,15960.352739884533,433524.970717264,270403434.4427648,/mnt/8tb_hdd2/joyce/hecras-dataset/origin/Linux_RAS_v66/Minxiong_hgn_h1h6/outputs_seed/planH1/Minxiong.p01.hdf,643.9539426494816,1674005.5015091393,1674008.7535920287,133777.41393054338,16362.005243990876,2599.578390194326,-0.005483260474918187
H1,hdf_reconstructed,zone_3,reconstructed_velocity_area,mean,cell_order,native_bc_only,none,False,False,1274,167,1799.9999712,30.0,1799.9999999999984,False,59.99999904,False,15960.352739884533,433524.970717264,162853676.77558747,/mnt/8tb_hdd2/joyce/hecras-dataset/origin/Linux_RAS_v66/Minxiong_hgn_h1h6/outputs_seed/planH1/Minxiong.p01.hdf,295.77228499873456,3573941.308537477,3573941.759724552,261720.77839432665,104034.21163193979,12083.423434145774,-0.003714242649007526
H1,hgn_target,all,reconstructed_velocity_area,mean,cell_order,native_bc_only,hdf_precipitation,False,False,12715,167,1799.9999712,30.0,1799.9999999999984,False,59.99999904,False,15960.352739884533,433524.970717264,48968819.20361741,/mnt/8tb_hdd2/joyce/hecras-dataset/origin/Linux_RAS_v66/Minxiong_hgn_h1h6/outputs_seed/planH1/Minxiong.p01.hdf,66.43763902801768,1674051.1019131518,1674051.094441761,141751.08660441943,1481.4340820113255,25197.329690415252,0.00015890982417884845
H1,hgn_target,zone_3,reconstructed_velocity_area,mean,cell_order,native_bc_only,hdf_precipitation,False,False,1274,167,1799.9999712,30.0,1799.9999999999984,False,59.99999904,False,15960.352739884533,433524.970717264,156719391.41093946,/mnt/8tb_hdd2/joyce/hecras-dataset/origin/Linux_RAS_v66/Minxiong_hgn_h1h6/outputs_seed/planH1/Minxiong.p01.hdf,62.745658064982216,3573792.205025961,3573792.1696627713,262246.2676953509,100477.40527888977,56956.80434113213,0.003871571174109932
H1,hdf_reconstructed,all,reconstructed_velocity_area,mean,cell_order,native_bc_only,hdf_precipitation,False,False,12715,167,1799.9999712,30.0,1799.9999999999984,False,59.99999904,False,15960.352739884533,433524.970717264,48202157.22556148,/mnt/8tb_hdd2/joyce/hecras-dataset/origin/Linux_RAS_v66/Minxiong_hgn_h1h6/outputs_seed/planH1/Minxiong.p01.hdf,643.9539426494816,1674051.1019131518,1674054.427692059,141764.02972498347,1439.0624170781723,2599.6493177824736,-0.005037619690182823
H1,hdf_reconstructed,zone_3,reconstructed_velocity_area,mean,cell_order,native_bc_only,hdf_precipitation,False,False,1274,167,1799.9999712,30.0,1799.9999999999984,False,59.99999904,False,15960.352739884533,433524.970717264,156686612.1123002,/mnt/8tb_hdd2/joyce/hecras-dataset/origin/Linux_RAS_v66/Minxiong_hgn_h1h6/outputs_seed/planH1/Minxiong.p01.hdf,295.77228499873456,3573792.205025961,3573792.6625224026,262254.1580902156,100447.5740263379,12082.919339578057,-0.0036589297875706138
H1,hgn_target,all,reconstructed_velocity_area,mean,negated,reconstructed_all_touching_faces,none,False,False,12715,167,1799.9999712,30.0,1799.9999999999984,False,59.99999904,False,15960.352739884533,433524.970717264,11311001.851920273,/mnt/8tb_hdd2/joyce/hecras-dataset/origin/Linux_RAS_v66/Minxiong_hgn_h1h6/outputs_seed/planH1/Minxiong.p01.hdf,66.43763902801768,853135.268531496,853135.105081669,117198.58190520942,879.1908929067725,12841.14121999263,0.0025311543551362415
H1,hgn_target,zone_3,reconstructed_velocity_area,mean,negated,reconstructed_all_touching_faces,none,False,False,1274,167,1799.9999712,30.0,1799.9999999999984,False,59.99999904,False,15960.352739884533,433524.970717264,14164516.333738163,/mnt/8tb_hdd2/joyce/hecras-dataset/origin/Linux_RAS_v66/Minxiong_hgn_h1h6/outputs_seed/planH1/Minxiong.p01.hdf,62.745658064982216,666394.3368471978,666394.431404821,154356.6466881736,5117.053636520927,10620.566457597322,-0.0005715599718311925
H1,hdf_reconstructed,all,reconstructed_velocity_area,mean,negated,reconstructed_all_touching_faces,none,False,False,12715,167,1799.9999712,30.0,1799.9999999999984,False,59.99999904,False,15960.352739884533,433524.970717264,10765357.102950368,/mnt/8tb_hdd2/joyce/hecras-dataset/origin/Linux_RAS_v66/Minxiong_hgn_h1h6/outputs_seed/planH1/Minxiong.p01.hdf,643.9539426494816,853135.268531496,853129.3733929184,117198.08736093322,836.8192279736196,1324.8298005332588,0.009486170351696119
H1,hdf_reconstructed,zone_3,reconstructed_velocity_area,mean,negated,reconstructed_all_touching_faces,none,False,False,1274,167,1799.9999712,30.0,1799.9999999999984,False,59.99999904,False,15960.352739884533,433524.970717264,14155407.479159508,/mnt/8tb_hdd2/joyce/hecras-dataset/origin/Linux_RAS_v66/Minxiong_hgn_h1h6/outputs_seed/planH1/Minxiong.p01.hdf,295.77228499873456,666394.3368471978,666392.0483559617,154358.07546098228,5087.222383969057,2253.057781795927,0.007396879936807412
H1,hgn_target,all,reconstructed_velocity_area,mean,negated,reconstructed_all_touching_faces,hdf_precipitation,False,False,12715,167,1799.9999712,30.0,1799.9999999999984,False,59.99999904,False,15960.352739884533,433524.970717264,257713228.11970004,/mnt/8tb_hdd2/joyce/hecras-dataset/origin/Linux_RAS_v66/Minxiong_hgn_h1h6/outputs_seed/planH1/Minxiong.p01.hdf,66.43763902801768,853474.6652823873,853474.3186861519,126043.99562640955,-14043.751934005955,12846.246964408681,0.004764398557211551
H1,hgn_target,zone_3,reconstructed_velocity_area,mean,negated,reconstructed_all_touching_faces,hdf_precipitation,False,False,1274,167,1799.9999712,30.0,1799.9999999999984,False,59.99999904,False,15960.352739884533,433524.970717264,9787162.875074642,/mnt/8tb_hdd2/joyce/hecras-dataset/origin/Linux_RAS_v66/Minxiong_hgn_h1h6/outputs_seed/planH1/Minxiong.p01.hdf,62.745658064982216,666351.6465192882,666351.6400776864,155416.86167672538,1530.4160309190838,10619.884476908072,0.00041857006270951233
H1,hdf_reconstructed,all,reconstructed_velocity_area,mean,negated,reconstructed_all_touching_faces,hdf_precipitation,False,False,12715,167,1799.9999712,30.0,1799.9999999999984,False,59.99999904,False,15960.352739884533,433524.970717264,257866334.52073312,/mnt/8tb_hdd2/joyce/hecras-dataset/origin/Linux_RAS_v66/Minxiong_hgn_h1h6/outputs_seed/planH1/Minxiong.p01.hdf,643.9539426494816,853474.6652823873,853468.9172144764,126047.08765684368,-14086.123598939106,1325.3570802019894,0.01035709407342119
H1,hdf_reconstructed,zone_3,reconstructed_velocity_area,mean,negated,reconstructed_all_touching_faces,hdf_precipitation,False,False,1274,167,1799.9999712,30.0,1799.9999999999984,False,59.99999904,False,15960.352739884533,433524.970717264,9786898.4046327,/mnt/8tb_hdd2/joyce/hecras-dataset/origin/Linux_RAS_v66/Minxiong_hgn_h1h6/outputs_seed/planH1/Minxiong.p01.hdf,295.77228499873456,666351.6465192882,666349.3916191389,155419.8239857483,1500.5847783672143,2252.913560247843,0.007693953548709854
H1,hgn_target,all,reconstructed_velocity_area,mean,negated,native_bc_only,none,False,False,12715,167,1799.9999712,30.0,1799.9999999999984,False,59.99999904,False,15960.352739884533,433524.970717264,270709251.8405374,/mnt/8tb_hdd2/joyce/hecras-dataset/origin/Linux_RAS_v66/Minxiong_hgn_h1h6/outputs_seed/planH1/Minxiong.p01.hdf,66.43763902801768,1691395.1554341672,1691395.0729905097,134585.37633713183,16404.37690892405,25458.38620600628,0.0015525326211521106
H1,hgn_target,zone_3,reconstructed_velocity_area,mean,negated,native_bc_only,none,False,False,1274,167,1799.9999712,30.0,1799.9999999999984,False,59.99999904,False,15960.352739884533,433524.970717264,185528898.81729203,/mnt/8tb_hdd2/joyce/hecras-dataset/origin/Linux_RAS_v66/Minxiong_hgn_h1h6/outputs_seed/planH1/Minxiong.p01.hdf,62.745658064982216,3628765.639707623,3628765.65707239,264561.11834379286,115355.02680735425,57832.93647688383,0.003456013141165775
H1,hdf_reconstructed,all,reconstructed_velocity_area,mean,negated,native_bc_only,none,False,False,12715,167,1799.9999712,30.0,1799.9999999999984,False,59.99999904,False,15960.352739884533,433524.970717264,270403434.44276476,/mnt/8tb_hdd2/joyce/hecras-dataset/origin/Linux_RAS_v66/Minxiong_hgn_h1h6/outputs_seed/planH1/Minxiong.p01.hdf,643.9539426494816,1691395.1554341672,1691392.1819494308,134584.8817928557,16362.005243990887,2626.5732219766733,0.004208331080593838
H1,hdf_reconstructed,zone_3,reconstructed_velocity_area,mean,negated,native_bc_only,none,False,False,1274,167,1799.9999712,30.0,1799.9999999999984,False,59.99999904,False,15960.352739884533,433524.970717264,185498822.97936141,/mnt/8tb_hdd2/joyce/hecras-dataset/origin/Linux_RAS_v66/Minxiong_hgn_h1h6/outputs_seed/planH1/Minxiong.p01.hdf,295.77228499873456,3628765.639707623,3628765.219444861,264562.5471166015,115325.19555480241,12268.780421601661,-0.0009629420379320589
H1,hgn_target,all,reconstructed_velocity_area,mean,negated,native_bc_only,hdf_precipitation,False,False,12715,167,1799.9999712,30.0,1799.9999999999984,False,59.99999904,False,15960.352739884533,433524.970717264,48968819.203617394,/mnt/8tb_hdd2/joyce/hecras-dataset/origin/Linux_RAS_v66/Minxiong_hgn_h1h6/outputs_seed/planH1/Minxiong.p01.hdf,66.43763902801768,1691512.9526486383,1691512.777769066,143440.2927819502,1481.4340820113246,25460.157864064546,0.002679347662179965
H1,hgn_target,zone_3,reconstructed_velocity_area,mean,negated,native_bc_only,hdf_precipitation,False,False,1274,167,1799.9999712,30.0,1799.9999999999984,False,59.99999904,False,15960.352739884533,433524.970717264,179284332.39335197,/mnt/8tb_hdd2/joyce/hecras-dataset/origin/Linux_RAS_v66/Minxiong_hgn_h1h6/outputs_seed/planH1/Minxiong.p01.hdf,62.745658064982216,3628594.5894659623,3628594.5882830326,265617.611592522,111768.38920175239,57830.21009238755,0.003637985489277781
H1,hdf_reconstructed,all,reconstructed_velocity_area,mean,negated,native_bc_only,hdf_precipitation,False,False,12715,167,1799.9999712,30.0,1799.9999999999984,False,59.99999904,False,15960.352739884533,433524.970717264,48202157.225561395,/mnt/8tb_hdd2/joyce/hecras-dataset/origin/Linux_RAS_v66/Minxiong_hgn_h1h6/outputs_seed/planH1/Minxiong.p01.hdf,643.9539426494816,1691512.9526486383,1691510.0523941568,143443.38481238432,1439.0624170781723,2626.756263708262,0.004648475888836714
H1,hdf_reconstructed,zone_3,reconstructed_velocity_area,mean,negated,native_bc_only,hdf_precipitation,False,False,1274,167,1799.9999712,30.0,1799.9999999999984,False,59.99999904,False,15960.352739884533,433524.970717264,179253913.92493615,/mnt/8tb_hdd2/joyce/hecras-dataset/origin/Linux_RAS_v66/Minxiong_hgn_h1h6/outputs_seed/planH1/Minxiong.p01.hdf,295.77228499873456,3628594.5894659623,3628594.1753789284,265620.57390154485,111738.55794920058,12268.202125139795,-0.0009084282549541419
H1,hgn_target,all,reconstructed_velocity_area,minimum,cell_order,reconstructed_all_touching_faces,none,False,False,12715,167,1799.9999712,30.0,1799.9999999999984,False,59.99999904,False,15960.352739884533,433524.970717264,11294784.73675721,/mnt/8tb_hdd2/joyce/hecras-dataset/origin/Linux_RAS_v66/Minxiong_hgn_h1h6/outputs_seed/planH1/Minxiong.p01.hdf,66.43763902801768,851620.6693382856,851620.8477081227,114964.53721248939,-875.200861392532,12818.349058866801,-0.0026779037620964733
H1,hgn_target,zone_3,reconstructed_velocity_area,minimum,cell_order,reconstructed_all_touching_faces,none,False,False,1274,167,1799.9999712,30.0,1799.9999999999984,False,59.99999904,False,15960.352739884533,433524.970717264,14407360.322624007,/mnt/8tb_hdd2/joyce/hecras-dataset/origin/Linux_RAS_v66/Minxiong_hgn_h1h6/outputs_seed/planH1/Minxiong.p01.hdf,62.745658064982216,674001.0086952304,674000.9468570437,150757.673311718,-5611.328284271797,10741.794215609598,6.246409238410253e-05
H1,hdf_reconstructed,all,reconstructed_velocity_area,minimum,cell_order,reconstructed_all_touching_faces,none,False,False,12715,167,1799.9999712,30.0,1799.9999999999984,False,59.99999904,False,15960.352739884533,433524.970717264,11893981.851314433,/mnt/8tb_hdd2/joyce/hecras-dataset/origin/Linux_RAS_v66/Minxiong_hgn_h1h6/outputs_seed/planH1/Minxiong.p01.hdf,643.9539426494816,851620.6693382856,851625.9823045195,114967.32653499987,-917.5725263256847,1322.4951753546113,-0.00782330133628545
H1,hdf_reconstructed,zone_3,reconstructed_velocity_area,minimum,cell_order,reconstructed_all_touching_faces,none,False,False,1274,167,1799.9999712,30.0,1799.9999999999984,False,59.99999904,False,15960.352739884533,433524.970717264,14418876.690343276,/mnt/8tb_hdd2/joyce/hecras-dataset/origin/Linux_RAS_v66/Minxiong_hgn_h1h6/outputs_seed/planH1/Minxiong.p01.hdf,295.77228499873456,674001.0086952304,674003.2951451893,150763.21743120058,-5641.159536823664,2278.7912503298708,-0.006896317885393151
H1,hgn_target,all,reconstructed_velocity_area,minimum,cell_order,reconstructed_all_touching_faces,hdf_precipitation,False,False,12715,167,1799.9999712,30.0,1799.9999999999984,False,59.99999904,False,15960.352739884533,433524.970717264,271207848.4689872,/mnt/8tb_hdd2/joyce/hecras-dataset/origin/Linux_RAS_v66/Minxiong_hgn_h1h6/outputs_seed/planH1/Minxiong.p01.hdf,66.43763902801768,851886.2392253478,851886.2339866292,123267.99698584888,-15798.143688305265,12822.343575866336,-0.0004393714627270619
H1,hgn_target,zone_3,reconstructed_velocity_area,minimum,cell_order,reconstructed_all_touching_faces,hdf_precipitation,False,False,1274,167,1799.9999712,30.0,1799.9999999999984,False,59.99999904,False,15960.352739884533,433524.970717264,20020126.974862006,/mnt/8tb_hdd2/joyce/hecras-dataset/origin/Linux_RAS_v66/Minxiong_hgn_h1h6/outputs_seed/planH1/Minxiong.p01.hdf,62.745658064982216,674086.8622645029,674086.7005879321,151593.342423134,-9197.96588987364,10743.160903497383,0.0010413377640303835
H1,hdf_reconstructed,all,reconstructed_velocity_area,minimum,cell_order,reconstructed_all_touching_faces,hdf_precipitation,False,False,12715,167,1799.9999712,30.0,1799.9999999999984,False,59.99999904,False,15960.352739884533,433524.970717264,271401135.02678806,/mnt/8tb_hdd2/joyce/hecras-dataset/origin/Linux_RAS_v66/Minxiong_hgn_h1h6/outputs_seed/planH1/Minxiong.p01.hdf,643.9539426494816,851886.2392253478,851891.6955296225,123274.71042071842,-15840.51535323842,1322.9078030403891,-0.006947126572142206
H1,hdf_reconstructed,zone_3,reconstructed_velocity_area,minimum,cell_order,reconstructed_all_touching_faces,hdf_precipitation,False,False,1274,167,1799.9999712,30.0,1799.9999999999984,False,59.99999904,False,15960.352739884533,433524.970717264,20034725.926302426,/mnt/8tb_hdd2/joyce/hecras-dataset/origin/Linux_RAS_v66/Minxiong_hgn_h1h6/outputs_seed/planH1/Minxiong.p01.hdf,295.77228499873456,674086.8622645029,674089.1817735846,151598.98907566833,-9227.797142425507,2279.0816312504353,-0.00660242429248484
H1,hgn_target,all,reconstructed_velocity_area,minimum,cell_order,native_bc_only,none,False,False,12715,167,1799.9999712,30.0,1799.9999999999984,False,59.99999904,False,15960.352739884533,433524.970717264,270709251.8405374,/mnt/8tb_hdd2/joyce/hecras-dataset/origin/Linux_RAS_v66/Minxiong_hgn_h1h6/outputs_seed/planH1/Minxiong.p01.hdf,66.43763902801768,1673233.6434786578,1673233.7342630215,131534.51526849775,16404.376908924067,25185.02702297105,-0.0010527696026180627
H1,hgn_target,zone_3,reconstructed_velocity_area,minimum,cell_order,native_bc_only,none,False,False,1274,167,1799.9999712,30.0,1799.9999999999984,False,59.99999904,False,15960.352739884533,433524.970717264,162191854.1446744,/mnt/8tb_hdd2/joyce/hecras-dataset/origin/Linux_RAS_v66/Minxiong_hgn_h1h6/outputs_seed/planH1/Minxiong.p01.hdf,62.745658064982216,3575367.4530613986,3575367.441404135,258115.08135673465,103555.16542425218,56981.910010431704,0.0035905529438312795
H1,hdf_reconstructed,all,reconstructed_velocity_area,minimum,cell_order,native_bc_only,none,False,False,12715,167,1799.9999712,30.0,1799.9999999999984,False,59.99999904,False,15960.352739884533,433524.970717264,270403434.4427648,/mnt/8tb_hdd2/joyce/hecras-dataset/origin/Linux_RAS_v66/Minxiong_hgn_h1h6/outputs_seed/planH1/Minxiong.p01.hdf,643.9539426494816,1673233.6434786578,1673236.3476092697,131537.30459100835,16362.005243990894,2598.378916238811,-0.004630817265056535
H1,hdf_reconstructed,zone_3,reconstructed_velocity_area,minimum,cell_order,native_bc_only,none,False,False,1274,167,1799.9999712,30.0,1799.9999999999984,False,59.99999904,False,15960.352739884533,433524.970717264,162159606.00963917,/mnt/8tb_hdd2/joyce/hecras-dataset/origin/Linux_RAS_v66/Minxiong_hgn_h1h6/outputs_seed/planH1/Minxiong.p01.hdf,295.77228499873456,3575367.4530613986,3575367.8840862135,258120.62547621704,103525.33417170028,12088.245131221509,-0.003634081740944017
H1,hgn_target,all,reconstructed_velocity_area,minimum,cell_order,native_bc_only,hdf_precipitation,False,False,12715,167,1799.9999712,30.0,1799.9999999999984,False,59.99999904,False,15960.352739884533,433524.970717264,48968819.20361754,/mnt/8tb_hdd2/joyce/hecras-dataset/origin/Linux_RAS_v66/Minxiong_hgn_h1h6/outputs_seed/planH1/Minxiong.p01.hdf,66.43763902801768,1673278.399801996,1673278.3971349015,139837.33798960893,1481.4340820113248,25185.699275515442,8.658573703296046e-05
H1,hgn_target,zone_3,reconstructed_velocity_area,minimum,cell_order,native_bc_only,hdf_precipitation,False,False,1274,167,1799.9999712,30.0,1799.9999999999984,False,59.99999904,False,15960.352739884533,433524.970717264,156022443.24637154,/mnt/8tb_hdd2/joyce/hecras-dataset/origin/Linux_RAS_v66/Minxiong_hgn_h1h6/outputs_seed/planH1/Minxiong.p01.hdf,62.745658064982216,3575219.2769399453,3575219.2464567684,258944.39244669385,99968.52781865036,56979.5481745384,0.0037752160073670125
H1,hdf_reconstructed,all,reconstructed_velocity_area,minimum,cell_order,native_bc_only,hdf_precipitation,False,False,12715,167,1799.9999712,30.0,1799.9999999999984,False,59.99999904,False,15960.352739884533,433524.970717264,48202157.22556157,/mnt/8tb_hdd2/joyce/hecras-dataset/origin/Linux_RAS_v66/Minxiong_hgn_h1h6/outputs_seed/planH1/Minxiong.p01.hdf,643.9539426494816,1673278.399801996,1673281.1776789804,139844.0514244786,1439.0624170781716,2598.4485331271344,-0.004185036758882924
H1,hdf_reconstructed,zone_3,reconstructed_velocity_area,minimum,cell_order,native_bc_only,hdf_precipitation,False,False,1274,167,1799.9999712,30.0,1799.9999999999984,False,59.99999904,False,15960.352739884533,433524.970717264,155989729.95741853,/mnt/8tb_hdd2/joyce/hecras-dataset/origin/Linux_RAS_v66/Minxiong_hgn_h1h6/outputs_seed/planH1/Minxiong.p01.hdf,295.77228499873456,3575219.2769399453,3575219.7142706565,258950.03909922804,99938.69656609844,12087.744172128747,-0.0035787897707111227
H1,hgn_target,all,reconstructed_velocity_area,minimum,negated,reconstructed_all_touching_faces,none,False,False,12715,167,1799.9999712,30.0,1799.9999999999984,False,59.99999904,False,15960.352739884533,433524.970717264,11311001.851920273,/mnt/8tb_hdd2/joyce/hecras-dataset/origin/Linux_RAS_v66/Minxiong_hgn_h1h6/outputs_seed/planH1/Minxiong.p01.hdf,66.43763902801768,851620.6693382856,851620.496151424,114963.97480639923,879.1908929067724,12818.343767337725,0.0026779037620964733
H1,hgn_target,zone_3,reconstructed_velocity_area,minimum,negated,reconstructed_all_touching_faces,none,False,False,1274,167,1799.9999712,30.0,1799.9999999999984,False,59.99999904,False,15960.352739884533,433524.970717264,14432287.594273983,/mnt/8tb_hdd2/joyce/hecras-dataset/origin/Linux_RAS_v66/Minxiong_hgn_h1h6/outputs_seed/planH1/Minxiong.p01.hdf,62.745658064982216,674001.0086952304,674001.0763746741,150756.1765531783,5625.931096760403,10741.79627977841,-6.246409238410253e-05
H1,hdf_reconstructed,all,reconstructed_velocity_area,minimum,negated,reconstructed_all_touching_faces,none,False,False,12715,167,1799.9999712,30.0,1799.9999999999984,False,59.99999904,False,15960.352739884533,433524.970717264,10765357.102950368,/mnt/8tb_hdd2/joyce/hecras-dataset/origin/Linux_RAS_v66/Minxiong_hgn_h1h6/outputs_seed/planH1/Minxiong.p01.hdf,643.9539426494816,851620.6693382856,851615.8432683144,114972.8276230753,836.8192279736201,1322.4794303835292,0.00782330133628545
H1,hdf_reconstructed,zone_3,reconstructed_velocity_area,minimum,negated,reconstructed_all_touching_faces,none,False,False,1274,167,1799.9999712,30.0,1799.9999999999984,False,59.99999904,False,15960.352739884533,433524.970717264,14421049.841470934,/mnt/8tb_hdd2/joyce/hecras-dataset/origin/Linux_RAS_v66/Minxiong_hgn_h1h6/outputs_seed/planH1/Minxiong.p01.hdf,295.77228499873456,674001.0086952304,673998.8520318797,150764.08907618216,5596.099844208534,2278.7762282553394,0.006896317885393151
H1,hgn_target,all,reconstructed_velocity_area,minimum,negated,reconstructed_all_touching_faces,hdf_precipitation,False,False,12715,167,1799.9999712,30.0,1799.9999999999984,False,59.99999904,False,15960.352739884533,433524.970717264,257713228.1197002,/mnt/8tb_hdd2/joyce/hecras-dataset/origin/Linux_RAS_v66/Minxiong_hgn_h1h6/outputs_seed/planH1/Minxiong.p01.hdf,66.43763902801768,851962.3685759078,851962.0119218837,123980.5865222532,-14043.751934005955,12823.484163285804,0.004915067985885224
H1,hgn_target,zone_3,reconstructed_velocity_area,minimum,negated,reconstructed_all_touching_faces,hdf_precipitation,False,False,1274,167,1799.9999712,30.0,1799.9999999999984,False,59.99999904,False,15960.352739884533,433524.970717264,9785821.595261335,/mnt/8tb_hdd2/joyce/hecras-dataset/origin/Linux_RAS_v66/Minxiong_hgn_h1h6/outputs_seed/planH1/Minxiong.p01.hdf,62.745658064982216,673954.1960702146,673954.1638884641,152031.4458624488,2039.2934911585612,10741.04861870262,0.0009165172735232192
H1,hdf_reconstructed,all,reconstructed_velocity_area,minimum,negated,reconstructed_all_touching_faces,hdf_precipitation,False,False,12715,167,1799.9999712,30.0,1799.9999999999984,False,59.99999904,False,15960.352739884533,433524.970717264,257866334.5207331,/mnt/8tb_hdd2/joyce/hecras-dataset/origin/Linux_RAS_v66/Minxiong_hgn_h1h6/outputs_seed/planH1/Minxiong.p01.hdf,643.9539426494816,851962.3685759078,851957.6894246362,123991.8258075992,-14086.123598939099,1323.0102853619387,0.008696189943117622
H1,hdf_reconstructed,zone_3,reconstructed_velocity_area,minimum,negated,reconstructed_all_touching_faces,hdf_precipitation,False,False,1274,167,1799.9999712,30.0,1799.9999999999984,False,59.99999904,False,15960.352739884533,433524.970717264,9782169.64316661,/mnt/8tb_hdd2/joyce/hecras-dataset/origin/Linux_RAS_v66/Minxiong_hgn_h1h6/outputs_seed/planH1/Minxiong.p01.hdf,295.77228499873456,673954.1960702146,673952.0726141775,152038.2492331279,2009.4622386066935,2278.618068008167,0.0071900390060668125
H1,hgn_target,all,reconstructed_velocity_area,minimum,negated,native_bc_only,none,False,False,12715,167,1799.9999712,30.0,1799.9999999999984,False,59.99999904,False,15960.352739884533,433524.970717264,270709251.8405374,/mnt/8tb_hdd2/joyce/hecras-dataset/origin/Linux_RAS_v66/Minxiong_hgn_h1h6/outputs_seed/planH1/Minxiong.p01.hdf,66.43763902801768,1690630.5648082301,1690630.4775688865,132350.55101660648,16404.376908924045,25446.877738324263,0.0016248925698115488
H1,hgn_target,zone_3,reconstructed_velocity_area,minimum,negated,native_bc_only,none,False,False,1274,167,1799.9999712,30.0,1799.9999999999984,False,59.99999904,False,15960.352739884533,433524.970717264,186182868.65864864,/mnt/8tb_hdd2/joyce/hecras-dataset/origin/Linux_RAS_v66/Minxiong_hgn_h1h6/outputs_seed/planH1/Minxiong.p01.hdf,62.745658064982216,3630170.246071504,3630170.2586373105,260960.64820879756,115863.90426759374,57855.32211452374,0.003548059290110206
H1,hdf_reconstructed,all,reconstructed_velocity_area,minimum,negated,native_bc_only,none,False,False,12715,167,1799.9999712,30.0,1799.9999999999984,False,59.99999904,False,15960.352739884533,433524.970717264,270403434.44276476,/mnt/8tb_hdd2/joyce/hecras-dataset/origin/Linux_RAS_v66/Minxiong_hgn_h1h6/outputs_seed/planH1/Minxiong.p01.hdf,643.9539426494816,1690630.5648082301,1690628.1337790436,132359.40383328267,16362.005243990898,2625.3867269189,0.003364060290684137
H1,hdf_reconstructed,zone_3,reconstructed_velocity_area,minimum,negated,native_bc_only,none,False,False,1274,167,1799.9999712,30.0,1799.9999999999984,False,59.99999904,False,15960.352739884533,433524.970717264,186152720.44138685,/mnt/8tb_hdd2/joyce/hecras-dataset/origin/Linux_RAS_v66/Minxiong_hgn_h1h6/outputs_seed/planH1/Minxiong.p01.hdf,295.77228499873456,3630170.246071504,3630169.845651984,260968.5607318014,115834.07301504185,12273.529433859956,-0.0010400555744252047
H1,hgn_target,all,reconstructed_velocity_area,minimum,negated,native_bc_only,hdf_precipitation,False,False,12715,167,1799.9999712,30.0,1799.9999999999984,False,59.99999904,False,15960.352739884533,433524.970717264,48968819.203617446,/mnt/8tb_hdd2/joyce/hecras-dataset/origin/Linux_RAS_v66/Minxiong_hgn_h1h6/outputs_seed/planH1/Minxiong.p01.hdf,66.43763902801768,1690749.2714694403,1690749.0917528113,141376.66545607877,1481.434082011325,25448.663084487376,0.002752207247520506
H1,hgn_target,zone_3,reconstructed_velocity_area,minimum,negated,native_bc_only,hdf_precipitation,False,False,1274,167,1799.9999712,30.0,1799.9999999999984,False,59.99999904,False,15960.352739884533,433524.970717264,179939646.74927112,/mnt/8tb_hdd2/joyce/hecras-dataset/origin/Linux_RAS_v66/Minxiong_hgn_h1h6/outputs_seed/planH1/Minxiong.p01.hdf,62.745658064982216,3629998.407201212,3629998.4012262723,262232.19577824534,112277.26666199192,57852.5831614816,0.003729963800599145
H1,hdf_reconstructed,all,reconstructed_velocity_area,minimum,negated,native_bc_only,hdf_precipitation,False,False,12715,167,1799.9999712,30.0,1799.9999999999984,False,59.99999904,False,15960.352739884533,433524.970717264,48202157.22556147,/mnt/8tb_hdd2/joyce/hecras-dataset/origin/Linux_RAS_v66/Minxiong_hgn_h1h6/outputs_seed/planH1/Minxiong.p01.hdf,643.9539426494816,1690749.2714694403,1690746.9136670749,141387.90474142478,1439.0624170781723,2625.571180930537,0.0038045002375004747
H1,hdf_reconstructed,zone_3,reconstructed_velocity_area,minimum,negated,native_bc_only,hdf_precipitation,False,False,1274,167,1799.9999712,30.0,1799.9999999999984,False,59.99999904,False,15960.352739884533,433524.970717264,179909154.86246115,/mnt/8tb_hdd2/joyce/hecras-dataset/origin/Linux_RAS_v66/Minxiong_hgn_h1h6/outputs_seed/planH1/Minxiong.p01.hdf,295.77228499873456,3629998.407201212,3629998.01295588,262238.9991489244,112247.43540944,12272.948471055734,-0.0009855640025045113
H1,hgn_target,all,reconstructed_velocity_area,maximum,cell_order,reconstructed_all_touching_faces,none,False,False,12715,167,1799.9999712,30.0,1799.9999999999984,False,59.99999904,False,15960.352739884533,433524.970717264,11294784.736757206,/mnt/8tb_hdd2/joyce/hecras-dataset/origin/Linux_RAS_v66/Minxiong_hgn_h1h6/outputs_seed/planH1/Minxiong.p01.hdf,66.43763902801768,873341.7145007161,873341.8332060241,148409.97029358926,-875.2008613925315,13145.287008734967,-0.0017796457617091782
H1,hgn_target,zone_3,reconstructed_velocity_area,maximum,cell_order,reconstructed_all_touching_faces,none,False,False,1274,167,1799.9999712,30.0,1799.9999999999984,False,59.99999904,False,15960.352739884533,433524.970717264,17072861.532883037,/mnt/8tb_hdd2/joyce/hecras-dataset/origin/Linux_RAS_v66/Minxiong_hgn_h1h6/outputs_seed/planH1/Minxiong.p01.hdf,62.745658064982216,698748.117198679,698747.9054958408,217066.30896852218,5121.109354794763,11136.195348723351,0.00429982868921573
H1,hdf_reconstructed,all,reconstructed_velocity_area,maximum,cell_order,reconstructed_all_touching_faces,none,False,False,12715,167,1799.9999712,30.0,1799.9999999999984,False,59.99999904,False,15960.352739884533,433524.970717264,11893981.851314433,/mnt/8tb_hdd2/joyce/hecras-dataset/origin/Linux_RAS_v66/Minxiong_hgn_h1h6/outputs_seed/planH1/Minxiong.p01.hdf,643.9539426494816,873341.7145007161,873351.2168888245,148424.36123907167,-917.572526325685,1356.2324244735757,-0.014352995351153783
H1,hdf_reconstructed,zone_3,reconstructed_velocity_area,maximum,cell_order,reconstructed_all_touching_faces,none,False,False,1274,167,1799.9999712,30.0,1799.9999999999984,False,59.99999904,False,15960.352739884533,433524.970717264,17045534.855948336,/mnt/8tb_hdd2/joyce/hecras-dataset/origin/Linux_RAS_v66/Minxiong_hgn_h1h6/outputs_seed/planH1/Minxiong.p01.hdf,295.77228499873456,698748.117198679,698752.4002715015,217075.03070322945,5091.278102242894,2362.4674647068136,-0.014870456174100937
H1,hgn_target,all,reconstructed_velocity_area,maximum,cell_order,reconstructed_all_touching_faces,hdf_precipitation,False,False,12715,167,1799.9999712,30.0,1799.9999999999984,False,59.99999904,False,15960.352739884533,433524.970717264,271207848.4689871,/mnt/8tb_hdd2/joyce/hecras-dataset/origin/Linux_RAS_v66/Minxiong_hgn_h1h6/outputs_seed/planH1/Minxiong.p01.hdf,66.43763902801768,873625.3585558751,873625.2982371754,156204.30462372192,-15798.143688305263,13149.553641855868,0.0004030862457808804
H1,hgn_target,zone_3,reconstructed_velocity_area,maximum,cell_order,reconstructed_all_touching_faces,hdf_precipitation,False,False,1274,167,1799.9999712,30.0,1799.9999999999984,False,59.99999904,False,15960.352739884533,433524.970717264,18455397.531401206,/mnt/8tb_hdd2/joyce/hecras-dataset/origin/Linux_RAS_v66/Minxiong_hgn_h1h6/outputs_seed/planH1/Minxiong.p01.hdf,62.745658064982216,698762.9364023561,698762.6283836927,217154.7175857252,1534.4717491929205,11136.429992654197,0.005243856752375225
H1,hdf_reconstructed,all,reconstructed_velocity_area,maximum,cell_order,reconstructed_all_touching_faces,hdf_precipitation,False,False,12715,167,1799.9999712,30.0,1799.9999999999984,False,59.99999904,False,15960.352739884533,433524.970717264,271401135.026788,/mnt/8tb_hdd2/joyce/hecras-dataset/origin/Linux_RAS_v66/Minxiong_hgn_h1h6/outputs_seed/planH1/Minxiong.p01.hdf,643.9539426494816,873625.3585558751,873634.9992444799,156220.9885976617,-15840.515353238414,1356.6731118222515,-0.013497380430540207
H1,hdf_reconstructed,zone_3,reconstructed_velocity_area,maximum,cell_order,reconstructed_all_touching_faces,hdf_precipitation,False,False,1274,167,1799.9999712,30.0,1799.9999999999984,False,59.99999904,False,15960.352739884533,433524.970717264,18436977.54387783,/mnt/8tb_hdd2/joyce/hecras-dataset/origin/Linux_RAS_v66/Minxiong_hgn_h1h6/outputs_seed/planH1/Minxiong.p01.hdf,295.77228499873456,698762.9364023561,698767.2515568553,217165.04131765343,1504.6404966410512,2362.517676596524,-0.014586746897873079
H1,hgn_target,all,reconstructed_velocity_area,maximum,cell_order,native_bc_only,none,False,False,12715,167,1799.9999712,30.0,1799.9999999999984,False,59.99999904,False,15960.352739884533,433524.970717264,270709251.8405374,/mnt/8tb_hdd2/joyce/hecras-dataset/origin/Linux_RAS_v66/Minxiong_hgn_h1h6/outputs_seed/planH1/Minxiong.p01.hdf,66.43763902801768,1684393.6459163842,1684393.7074639355,164979.9483495976,16404.376908924045,25353.003690477366,-0.0006145683791980153
H1,hgn_target,zone_3,reconstructed_velocity_area,maximum,cell_order,native_bc_only,none,False,False,1274,167,1799.9999712,30.0,1799.9999999999984,False,59.99999904,False,15960.352739884533,433524.970717264,175506021.27134445,/mnt/8tb_hdd2/joyce/hecras-dataset/origin/Linux_RAS_v66/Minxiong_hgn_h1h6/outputs_seed/planH1/Minxiong.p01.hdf,62.745658064982216,3580115.081387365,3580115.040068319,324423.71701353864,114287.60306331869,57057.57418880828,0.004413973044358196
H1,hdf_reconstructed,all,reconstructed_velocity_area,maximum,cell_order,native_bc_only,none,False,False,12715,167,1799.9999712,30.0,1799.9999999999984,False,59.99999904,False,15960.352739884533,433524.970717264,270403434.4427648,/mnt/8tb_hdd2/joyce/hecras-dataset/origin/Linux_RAS_v66/Minxiong_hgn_h1h6/outputs_seed/planH1/Minxiong.p01.hdf,643.9539426494816,1684393.6459163842,1684398.5728317474,164994.33929508005,16362.005243990912,2615.712803778271,-0.00808676432343448
H1,hdf_reconstructed,zone_3,reconstructed_velocity_area,maximum,cell_order,native_bc_only,none,False,False,1274,167,1799.9999712,30.0,1799.9999999999984,False,59.99999904,False,15960.352739884533,433524.970717264,175472617.39904216,/mnt/8tb_hdd2/joyce/hecras-dataset/origin/Linux_RAS_v66/Minxiong_hgn_h1h6/outputs_seed/planH1/Minxiong.p01.hdf,295.77228499873456,3580115.081387365,3580115.9173375573,324432.43874824594,114257.77181076685,12104.298133791928,-0.005234395526760283
H1,hgn_target,all,reconstructed_velocity_area,maximum,cell_order,native_bc_only,hdf_precipitation,False,False,12715,167,1799.9999712,30.0,1799.9999999999984,False,59.99999904,False,15960.352739884533,433524.970717264,48968819.20361753,/mnt/8tb_hdd2/joyce/hecras-dataset/origin/Linux_RAS_v66/Minxiong_hgn_h1h6/outputs_seed/planH1/Minxiong.p01.hdf,66.43763902801768,1684450.9042017427,1684450.872917992,172773.64562748207,1481.4340820113255,25353.86412824868,0.0005172019015154615
H1,hgn_target,zone_3,reconstructed_velocity_area,maximum,cell_order,native_bc_only,hdf_precipitation,False,False,1274,167,1799.9999712,30.0,1799.9999999999984,False,59.99999904,False,15960.352739884533,433524.970717264,169396146.33360142,/mnt/8tb_hdd2/joyce/hecras-dataset/origin/Linux_RAS_v66/Minxiong_hgn_h1h6/outputs_seed/planH1/Minxiong.p01.hdf,62.745658064982216,3579953.8295367737,3579953.769415335,324505.7676092849,110700.96545771684,57055.00396071668,0.004598421630157736
H1,hdf_reconstructed,all,reconstructed_velocity_area,maximum,cell_order,native_bc_only,hdf_precipitation,False,False,12715,167,1799.9999712,30.0,1799.9999999999984,False,59.99999904,False,15960.352739884533,433524.970717264,48202157.22556155,/mnt/8tb_hdd2/joyce/hecras-dataset/origin/Linux_RAS_v66/Minxiong_hgn_h1h6/outputs_seed/planH1/Minxiong.p01.hdf,643.9539426494816,1684450.9042017427,1684455.904278616,172790.32960142178,1439.0624170781703,2615.801834131331,-0.007643627645580817
H1,hdf_reconstructed,zone_3,reconstructed_velocity_area,maximum,cell_order,native_bc_only,hdf_precipitation,False,False,1274,167,1799.9999712,30.0,1799.9999999999984,False,59.99999904,False,15960.352739884533,433524.970717264,169362283.67719585,/mnt/8tb_hdd2/joyce/hecras-dataset/origin/Linux_RAS_v66/Minxiong_hgn_h1h6/outputs_seed/planH1/Minxiong.p01.hdf,295.77228499873456,3579953.8295367737,3579954.671804337,324516.09134121303,110671.13420516504,12103.752965967225,-0.005179196093022767
H1,hgn_target,all,reconstructed_velocity_area,maximum,negated,reconstructed_all_touching_faces,none,False,False,12715,167,1799.9999712,30.0,1799.9999999999984,False,59.99999904,False,15960.352739884533,433524.970717264,11311001.851920268,/mnt/8tb_hdd2/joyce/hecras-dataset/origin/Linux_RAS_v66/Minxiong_hgn_h1h6/outputs_seed/planH1/Minxiong.p01.hdf,66.43763902801768,873341.7145007161,873341.600849496,148409.76428606457,879.1908929067725,13145.283511372154,0.0017796457617091782
H1,hgn_target,zone_3,reconstructed_velocity_area,maximum,negated,reconstructed_all_touching_faces,none,False,False,1274,167,1799.9999712,30.0,1799.9999999999984,False,59.99999904,False,15960.352739884533,433524.970717264,17076908.824257124,/mnt/8tb_hdd2/joyce/hecras-dataset/origin/Linux_RAS_v66/Minxiong_hgn_h1h6/outputs_seed/planH1/Minxiong.p01.hdf,62.745658064982216,698748.117198679,698748.3345358389,217065.56536605203,-5106.506542306157,11136.202186487291,-0.00429982868921573
H1,hdf_reconstructed,all,reconstructed_velocity_area,maximum,negated,reconstructed_all_touching_faces,none,False,False,12715,167,1799.9999712,30.0,1799.9999999999984,False,59.99999904,False,15960.352739884533,433524.970717264,10765357.102950362,/mnt/8tb_hdd2/joyce/hecras-dataset/origin/Linux_RAS_v66/Minxiong_hgn_h1h6/outputs_seed/planH1/Minxiong.p01.hdf,643.9539426494816,873341.7145007161,873332.6868303226,148400.00297375798,836.8192279736198,1356.2036490328578,0.014352995351153783
H1,hdf_reconstructed,zone_3,reconstructed_velocity_area,maximum,negated,reconstructed_all_touching_faces,none,False,False,1274,167,1799.9999712,30.0,1799.9999999999984,False,59.99999904,False,15960.352739884533,433524.970717264,17104411.25146951,/mnt/8tb_hdd2/joyce/hecras-dataset/origin/Linux_RAS_v66/Minxiong_hgn_h1h6/outputs_seed/planH1/Minxiong.p01.hdf,295.77228499873456,698748.117198679,698743.9592974684,217059.00671176004,-5136.337794858026,2362.438925947568,0.014870456174100937
H1,hgn_target,all,reconstructed_velocity_area,maximum,negated,reconstructed_all_touching_faces,hdf_precipitation,False,False,12715,167,1799.9999712,30.0,1799.9999999999984,False,59.99999904,False,15960.352739884533,433524.970717264,257713228.1197002,/mnt/8tb_hdd2/joyce/hecras-dataset/origin/Linux_RAS_v66/Minxiong_hgn_h1h6/outputs_seed/planH1/Minxiong.p01.hdf,66.43763902801768,873650.2427315054,873649.950140004,156678.980148041,-14043.751934005953,13149.92469512009,0.0039615536177552094
H1,hgn_target,zone_3,reconstructed_velocity_area,maximum,negated,reconstructed_all_touching_faces,hdf_precipitation,False,False,1274,167,1799.9999712,30.0,1799.9999999999984,False,59.99999904,False,15960.352739884533,433524.970717264,17977946.200416315,/mnt/8tb_hdd2/joyce/hecras-dataset/origin/Linux_RAS_v66/Minxiong_hgn_h1h6/outputs_seed/planH1/Minxiong.p01.hdf,62.745658064982216,698770.962563293,698771.0835741978,217410.12683396466,-8693.144147907999,11136.564746050144,-0.003355622048748906
H1,hdf_reconstructed,all,reconstructed_velocity_area,maximum,negated,reconstructed_all_touching_faces,hdf_precipitation,False,False,12715,167,1799.9999712,30.0,1799.9999999999984,False,59.99999904,False,15960.352739884533,433524.970717264,257866334.52073315,/mnt/8tb_hdd2/joyce/hecras-dataset/origin/Linux_RAS_v66/Minxiong_hgn_h1h6/outputs_seed/planH1/Minxiong.p01.hdf,643.9539426494816,873650.2427315054,873641.3596338705,156671.7109691139,-14086.123598939103,1356.6829889096787,0.015203015242239375
H1,hdf_reconstructed,zone_3,reconstructed_velocity_area,maximum,negated,reconstructed_all_touching_faces,hdf_precipitation,False,False,1274,167,1799.9999712,30.0,1799.9999999999984,False,59.99999904,False,15960.352739884533,433524.970717264,18011091.142946407,/mnt/8tb_hdd2/joyce/hecras-dataset/origin/Linux_RAS_v66/Minxiong_hgn_h1h6/outputs_seed/planH1/Minxiong.p01.hdf,295.77228499873456,698770.962563293,698766.8369705498,217405.3467584492,-8722.975400459869,2362.516274888769,0.015153773718222165
H1,hgn_target,all,reconstructed_velocity_area,maximum,negated,native_bc_only,none,False,False,12715,167,1799.9999712,30.0,1799.9999999999984,False,59.99999904,False,15960.352739884533,433524.970717264,270709251.8405374,/mnt/8tb_hdd2/joyce/hecras-dataset/origin/Linux_RAS_v66/Minxiong_hgn_h1h6/outputs_seed/planH1/Minxiong.p01.hdf,66.43763902801768,1701677.8128938412,1701677.754565323,165796.77693970216,16404.376908924067,25613.15813537115,0.0011874978467472442
H1,hgn_target,zone_3,reconstructed_velocity_area,maximum,negated,native_bc_only,none,False,False,1274,167,1799.9999712,30.0,1799.9999999999984,False,59.99999904,False,15960.352739884533,433524.970717264,174049631.8450926,/mnt/8tb_hdd2/joyce/hecras-dataset/origin/Linux_RAS_v66/Minxiong_hgn_h1h6/outputs_seed/planH1/Minxiong.p01.hdf,62.745658064982216,3634846.294828621,3634846.3366086422,327270.0370216712,105131.4666285272,57929.846442031616,0.0027278535373894543
H1,hdf_reconstructed,all,reconstructed_velocity_area,maximum,negated,native_bc_only,none,False,False,12715,167,1799.9999712,30.0,1799.9999999999984,False,59.99999904,False,15960.352739884533,433524.970717264,270403434.4427648,/mnt/8tb_hdd2/joyce/hecras-dataset/origin/Linux_RAS_v66/Minxiong_hgn_h1h6/outputs_seed/planH1/Minxiong.p01.hdf,643.9539426494816,1701677.8128938412,1701673.1796953224,165787.0156273956,16362.005243990887,2642.5386459999995,0.006793432977780536
H1,hdf_reconstructed,zone_3,reconstructed_velocity_area,maximum,negated,native_bc_only,none,False,False,1274,167,1799.9999712,30.0,1799.9999999999984,False,59.99999904,False,15960.352739884533,433524.970717264,174021014.2687338,/mnt/8tb_hdd2/joyce/hecras-dataset/origin/Linux_RAS_v66/Minxiong_hgn_h1h6/outputs_seed/planH1/Minxiong.p01.hdf,295.77228499873456,3634846.294828621,3634845.4955328377,327263.47836737934,105101.63537597531,12289.3377097465,0.0005418742768877864
H1,hgn_target,all,reconstructed_velocity_area,maximum,negated,native_bc_only,hdf_precipitation,False,False,12715,167,1799.9999712,30.0,1799.9999999999984,False,59.99999904,False,15960.352739884533,433524.970717264,48968819.203617536,/mnt/8tb_hdd2/joyce/hecras-dataset/origin/Linux_RAS_v66/Minxiong_hgn_h1h6/outputs_seed/planH1/Minxiong.p01.hdf,66.43763902801768,1701783.0809237426,1701782.930715054,174075.4955252968,1481.434082011325,25614.741216155926,0.002307563906026913
H1,hgn_target,zone_3,reconstructed_velocity_area,maximum,negated,native_bc_only,hdf_precipitation,False,False,1274,167,1799.9999712,30.0,1799.9999999999984,False,59.99999904,False,15960.352739884533,433524.970717264,167784399.1293701,/mnt/8tb_hdd2/joyce/hecras-dataset/origin/Linux_RAS_v66/Minxiong_hgn_h1h6/outputs_seed/planH1/Minxiong.p01.hdf,62.745658064982216,3634687.7494503334,3634687.7727147555,327610.8767497612,101544.82902292533,57927.3193525281,0.0029094920636258854
H1,hdf_reconstructed,all,reconstructed_velocity_area,maximum,negated,native_bc_only,hdf_precipitation,False,False,12715,167,1799.9999712,30.0,1799.9999999999984,False,59.99999904,False,15960.352739884533,433524.970717264,48202157.22556136,/mnt/8tb_hdd2/joyce/hecras-dataset/origin/Linux_RAS_v66/Minxiong_hgn_h1h6/outputs_seed/planH1/Minxiong.p01.hdf,643.9539426494816,1701783.0809237426,1701778.5205943824,174068.2263463696,1439.0624170781723,2642.7022305238033,0.0072306746901026
H1,hdf_reconstructed,zone_3,reconstructed_velocity_area,maximum,negated,native_bc_only,hdf_precipitation,False,False,1274,167,1799.9999712,30.0,1799.9999999999984,False,59.99999904,False,15960.352739884533,433524.970717264,167755466.19474843,/mnt/8tb_hdd2/joyce/hecras-dataset/origin/Linux_RAS_v66/Minxiong_hgn_h1h6/outputs_seed/planH1/Minxiong.p01.hdf,295.77228499873456,3634687.7494503334,3634686.9563048366,327606.0966742457,101514.99777037343,12288.801691883968,0.0005963161285693824
H2,hgn_target,all,reconstructed_velocity_area,mean,cell_order,reconstructed_all_touching_faces,none,False,False,12715,167,1799.9999712,30.0,1799.9999999999984,False,59.99999904,False,16172.620909067411,433688.706208105,11223398.794424687,/mnt/8tb_hdd2/joyce/hecras-dataset/origin/Linux_RAS_v66/Minxiong_hgn_h1h6/outputs_seed/planH2/Minxiong.p01.hdf,66.87133458509653,855984.7960193632,855984.9466608965,117379.55254706043,-869.6192023364865,12800.476496721032,-0.002240694731957728
H2,hgn_target,zone_3,reconstructed_velocity_area,mean,cell_order,reconstructed_all_touching_faces,none,False,False,1274,167,1799.9999712,30.0,1799.9999999999984,False,59.99999904,False,16172.620909067411,433688.706208105,14292542.207809133,/mnt/8tb_hdd2/joyce/hecras-dataset/origin/Linux_RAS_v66/Minxiong_hgn_h1h6/outputs_seed/planH2/Minxiong.p01.hdf,64.33329916314642,667808.501620071,667808.3517423576,155579.94652216157,-5521.683086148305,10380.446214157693,0.0014267056761843278
H2,hdf_reconstructed,all,reconstructed_velocity_area,mean,cell_order,reconstructed_all_touching_faces,none,False,False,12715,167,1799.9999712,30.0,1799.9999999999984,False,59.99999904,False,16172.620909067411,433688.706208105,11850495.986301824,/mnt/8tb_hdd2/joyce/hecras-dataset/origin/Linux_RAS_v66/Minxiong_hgn_h1h6/outputs_seed/planH2/Minxiong.p01.hdf,643.5755634549474,855984.7960193632,855990.8787337438,117388.7989714969,-913.5769141601761,1330.0549730920077,-0.00902821091217084
H2,hdf_reconstructed,zone_3,reconstructed_velocity_area,mean,cell_order,reconstructed_all_touching_faces,none,False,False,1274,167,1799.9999712,30.0,1799.9999999999984,False,59.99999904,False,16172.620909067411,433688.706208105,14304370.20426637,/mnt/8tb_hdd2/joyce/hecras-dataset/origin/Linux_RAS_v66/Minxiong_hgn_h1h6/outputs_seed/planH2/Minxiong.p01.hdf,295.33204150732126,667808.501620071,667810.9338013917,155585.48357549764,-5552.950771353796,2261.2207276697973,-0.007371264642779861
H2,hgn_target,all,reconstructed_velocity_area,mean,cell_order,reconstructed_all_touching_faces,hdf_precipitation,False,False,12715,167,1799.9999712,30.0,1799.9999999999984,False,59.99999904,False,16172.620909067411,433688.706208105,285132272.1165602,/mnt/8tb_hdd2/joyce/hecras-dataset/origin/Linux_RAS_v66/Minxiong_hgn_h1h6/outputs_seed/planH2/Minxiong.p01.hdf,66.87133458509653,856280.2485000212,856280.2132275562,125902.18064310189,-16581.159691612505,12804.89193972799,6.621103979319225e-05
H2,hgn_target,zone_3,reconstructed_velocity_area,mean,cell_order,reconstructed_all_touching_faces,hdf_precipitation,False,False,1274,167,1799.9999712,30.0,1799.9999999999984,False,59.99999904,False,16172.620909067411,433688.706208105,20111079.9626501,/mnt/8tb_hdd2/joyce/hecras-dataset/origin/Linux_RAS_v66/Minxiong_hgn_h1h6/outputs_seed/planH2/Minxiong.p01.hdf,64.33329916314642,667899.869957385,667899.6120331681,156205.43951973305,-9297.855293894503,10381.864768654317,0.0024573280372543814
H2,hdf_reconstructed,all,reconstructed_velocity_area,mean,cell_order,reconstructed_all_touching_faces,hdf_precipitation,False,False,12715,167,1799.9999712,30.0,1799.9999999999984,False,59.99999904,False,16172.620909067411,433688.706208105,285328551.5265919,/mnt/8tb_hdd2/joyce/hecras-dataset/origin/Linux_RAS_v66/Minxiong_hgn_h1h6/outputs_seed/planH2/Minxiong.p01.hdf,643.5755634549474,856280.2485000212,856286.4922403666,125915.59072705668,-16625.11740343619,1330.514303003535,-0.008074025078029873
H2,hdf_reconstructed,zone_3,reconstructed_velocity_area,mean,cell_order,reconstructed_all_touching_faces,hdf_precipitation,False,False,1274,167,1799.9999712,30.0,1799.9999999999984,False,59.99999904,False,16172.620909067411,433688.706208105,20126288.132657196,/mnt/8tb_hdd2/joyce/hecras-dataset/origin/Linux_RAS_v66/Minxiong_hgn_h1h6/outputs_seed/planH2/Minxiong.p01.hdf,295.33204150732126,667899.869957385,667902.3388668483,156213.7409995882,-9329.122979099995,2261.5302269878866,-0.007039442160527421
H2,hgn_target,all,reconstructed_velocity_area,mean,cell_order,native_bc_only,none,False,False,12715,167,1799.9999712,30.0,1799.9999999999984,False,59.99999904,False,16172.620909067411,433688.706208105,285104019.00944215,/mnt/8tb_hdd2/joyce/hecras-dataset/origin/Linux_RAS_v66/Minxiong_hgn_h1h6/outputs_seed/planH2/Minxiong.p01.hdf,66.87133458509653,1740009.1506507534,1740009.22475776,134776.49422162704,17287.005111822342,26020.25569780616,-0.000832654125389902
H2,hgn_target,zone_3,reconstructed_velocity_area,mean,cell_order,native_bc_only,none,False,False,1274,167,1799.9999712,30.0,1799.9999999999984,False,59.99999904,False,16172.620909067411,433688.706208105,171194218.9472997,/mnt/8tb_hdd2/joyce/hecras-dataset/origin/Linux_RAS_v66/Minxiong_hgn_h1h6/outputs_seed/planH2/Minxiong.p01.hdf,64.33329916314642,3747347.0166298854,3747346.9899204294,268036.916989228,108741.25548092452,58248.94788027771,0.003818541303072615
H2,hdf_reconstructed,all,reconstructed_velocity_area,mean,cell_order,native_bc_only,none,False,False,12715,167,1799.9999712,30.0,1799.9999999999984,False,59.99999904,False,16172.620909067411,433688.706208105,284790297.1603216,/mnt/8tb_hdd2/joyce/hecras-dataset/origin/Linux_RAS_v66/Minxiong_hgn_h1h6/outputs_seed/planH2/Minxiong.p01.hdf,643.5755634549474,1740009.1506507534,1740012.143005735,134785.7406460634,17243.04739999866,2703.664094492211,-0.005127800289319421
H2,hdf_reconstructed,zone_3,reconstructed_velocity_area,mean,cell_order,native_bc_only,none,False,False,1274,167,1799.9999712,30.0,1799.9999999999984,False,59.99999904,False,16172.620909067411,433688.706208105,171160884.65288538,/mnt/8tb_hdd2/joyce/hecras-dataset/origin/Linux_RAS_v66/Minxiong_hgn_h1h6/outputs_seed/planH2/Minxiong.p01.hdf,295.33204150732126,3747347.0166298854,3747347.4500656514,268042.4540425641,108709.98779571908,12688.590885499143,-0.003780602896184313
H2,hgn_target,all,reconstructed_velocity_area,mean,cell_order,native_bc_only,hdf_precipitation,False,False,12715,167,1799.9999712,30.0,1799.9999999999984,False,59.99999904,False,16172.620909067411,433688.706208105,51541602.64750775,/mnt/8tb_hdd2/joyce/hecras-dataset/origin/Linux_RAS_v66/Minxiong_hgn_h1h6/outputs_seed/planH2/Minxiong.p01.hdf,66.87133458509653,1740058.60281511,1740058.5854575834,143298.47701316213,1575.4646225463262,26020.993842186403,0.0003022485042455408
H2,hgn_target,zone_3,reconstructed_velocity_area,mean,cell_order,native_bc_only,hdf_precipitation,False,False,1274,167,1799.9999712,30.0,1799.9999999999984,False,59.99999904,False,16172.620909067411,433688.706208105,164689173.2035778,/mnt/8tb_hdd2/joyce/hecras-dataset/origin/Linux_RAS_v66/Minxiong_hgn_h1h6/outputs_seed/planH2/Minxiong.p01.hdf,64.33329916314642,3747189.8514103796,3747189.805437924,268655.9696046963,104965.08327317833,58246.50459686849,0.004002363211593819
H2,hdf_reconstructed,all,reconstructed_velocity_area,mean,cell_order,native_bc_only,hdf_precipitation,False,False,12715,167,1799.9999712,30.0,1799.9999999999984,False,59.99999904,False,16172.620909067411,433688.706208105,50746907.72933581,/mnt/8tb_hdd2/joyce/hecras-dataset/origin/Linux_RAS_v66/Minxiong_hgn_h1h6/outputs_seed/planH2/Minxiong.p01.hdf,643.5755634549474,1740058.60281511,1740061.6753589304,143311.8870971168,1531.5069107226375,2703.7410588084595,-0.004658640114225069
H2,hdf_reconstructed,zone_3,reconstructed_velocity_area,mean,cell_order,native_bc_only,hdf_precipitation,False,False,1274,167,1799.9999712,30.0,1799.9999999999984,False,59.99999904,False,16172.620909067411,433688.706208105,164655353.07792556,/mnt/8tb_hdd2/joyce/hecras-dataset/origin/Linux_RAS_v66/Minxiong_hgn_h1h6/outputs_seed/planH2/Minxiong.p01.hdf,295.33204150732126,3747189.8514103796,3747190.2914700853,268664.27108455147,104933.81558797289,12688.058743457379,-0.0037215885759033485
H2,hgn_target,all,reconstructed_velocity_area,mean,negated,reconstructed_all_touching_faces,none,False,False,12715,167,1799.9999712,30.0,1799.9999999999984,False,59.99999904,False,16172.620909067411,433688.706208105,11232631.541187761,/mnt/8tb_hdd2/joyce/hecras-dataset/origin/Linux_RAS_v66/Minxiong_hgn_h1h6/outputs_seed/planH2/Minxiong.p01.hdf,66.87133458509653,855984.7960193632,855984.6506019341,117379.15485936357,873.0745347990852,12800.472069428468,0.002240694731957728
H2,hgn_target,zone_3,reconstructed_velocity_area,mean,negated,reconstructed_all_touching_faces,none,False,False,1274,167,1799.9999712,30.0,1799.9999999999984,False,59.99999904,False,16172.620909067411,433688.706208105,14317220.74715518,/mnt/8tb_hdd2/joyce/hecras-dataset/origin/Linux_RAS_v66/Minxiong_hgn_h1h6/outputs_seed/planH2/Minxiong.p01.hdf,64.33329916314642,667808.501620071,667808.6576952946,155578.8391567375,5536.615090853061,10380.450969905354,-0.0014267056761843278
H2,hdf_reconstructed,all,reconstructed_velocity_area,mean,negated,reconstructed_all_touching_faces,none,False,False,12715,167,1799.9999712,30.0,1799.9999999999984,False,59.99999904,False,16172.620909067411,433688.706208105,10670679.12870615,/mnt/8tb_hdd2/joyce/hecras-dataset/origin/Linux_RAS_v66/Minxiong_hgn_h1h6/outputs_seed/planH2/Minxiong.p01.hdf,643.5755634549474,855984.7960193632,855979.1971399001,117378.68693338608,829.1168229753958,1330.0368220084256,0.00902821091217084
H2,hdf_reconstructed,zone_3,reconstructed_velocity_area,mean,negated,reconstructed_all_touching_faces,none,False,False,1274,167,1799.9999712,30.0,1799.9999999999984,False,59.99999904,False,16172.620909067411,433688.706208105,14305718.587317633,/mnt/8tb_hdd2/joyce/hecras-dataset/origin/Linux_RAS_v66/Minxiong_hgn_h1h6/outputs_seed/planH2/Minxiong.p01.hdf,295.33204150732126,667808.501620071,667806.2000381782,155580.93793837988,5505.3474056475625,2261.204699056074,0.007371264642779861
H2,hgn_target,all,reconstructed_velocity_area,mean,negated,reconstructed_all_touching_faces,hdf_precipitation,False,False,12715,167,1799.9999712,30.0,1799.9999999999984,False,59.99999904,False,16172.620909067411,433688.706208105,271732403.74390984,/mnt/8tb_hdd2/joyce/hecras-dataset/origin/Linux_RAS_v66/Minxiong_hgn_h1h6/outputs_seed/planH2/Minxiong.p01.hdf,66.87133458509653,856359.081031709,856358.749832861,126775.1385338809,-14838.465954476933,12806.066383243917,0.004546303708429989
H2,hgn_target,zone_3,reconstructed_velocity_area,mean,negated,reconstructed_all_touching_faces,hdf_precipitation,False,False,1274,167,1799.9999712,30.0,1799.9999999999984,False,59.99999904,False,16172.620909067411,433688.706208105,9709877.585899208,/mnt/8tb_hdd2/joyce/hecras-dataset/origin/Linux_RAS_v66/Minxiong_hgn_h1h6/outputs_seed/planH2/Minxiong.p01.hdf,64.33329916314642,667760.8129686408,667760.8609655492,156674.8946121957,1760.442883106861,10379.708015162367,-0.00039591747716444166
H2,hdf_reconstructed,all,reconstructed_velocity_area,mean,negated,reconstructed_all_touching_faces,hdf_precipitation,False,False,12715,167,1799.9999712,30.0,1799.9999999999984,False,59.99999904,False,16172.620909067411,433688.706208105,271889114.8344472,/mnt/8tb_hdd2/joyce/hecras-dataset/origin/Linux_RAS_v66/Minxiong_hgn_h1h6/outputs_seed/planH2/Minxiong.p01.hdf,643.5755634549474,856359.081031709,856353.6477112874,126778.14234939437,-14882.423666300636,1330.61865045663,0.009978251284184307
H2,hdf_reconstructed,zone_3,reconstructed_velocity_area,mean,negated,reconstructed_all_touching_faces,hdf_precipitation,False,False,1274,167,1799.9999712,30.0,1799.9999999999984,False,59.99999904,False,16172.620909067411,433688.706208105,9707017.547415689,/mnt/8tb_hdd2/joyce/hecras-dataset/origin/Linux_RAS_v66/Minxiong_hgn_h1h6/outputs_seed/planH2/Minxiong.p01.hdf,295.33204150732126,667760.8129686408,667758.5482912209,156678.4848532763,1729.175197901367,2261.04334931998,0.007702878621623799
H2,hgn_target,all,reconstructed_velocity_area,mean,negated,native_bc_only,none,False,False,12715,167,1799.9999712,30.0,1799.9999999999984,False,59.99999904,False,16172.620909067411,433688.706208105,285104019.00944215,/mnt/8tb_hdd2/joyce/hecras-dataset/origin/Linux_RAS_v66/Minxiong_hgn_h1h6/outputs_seed/planH2/Minxiong.p01.hdf,66.87133458509653,1757622.7758507412,1757622.7050305963,135581.5442835409,17287.005111822342,26283.649278659886,0.0013326633848391523
H2,hgn_target,zone_3,reconstructed_velocity_area,mean,negated,native_bc_only,none,False,False,1274,167,1799.9999712,30.0,1799.9999999999984,False,59.99999904,False,16172.620909067411,433688.706208105,194495448.11287066,/mnt/8tb_hdd2/joyce/hecras-dataset/origin/Linux_RAS_v66/Minxiong_hgn_h1h6/outputs_seed/planH2/Minxiong.p01.hdf,64.33329916314642,3802342.9656199994,3802342.9930316173,270890.5298541821,120887.403718965,59103.80848631814,0.0032956909261521593
H2,hdf_reconstructed,all,reconstructed_velocity_area,mean,negated,native_bc_only,none,False,False,12715,167,1799.9999712,30.0,1799.9999999999984,False,59.99999904,False,16172.620909067411,433688.706208105,284790297.16032153,/mnt/8tb_hdd2/joyce/hecras-dataset/origin/Linux_RAS_v66/Minxiong_hgn_h1h6/outputs_seed/planH2/Minxiong.p01.hdf,643.5755634549474,1757622.7758507412,1757620.049131558,135581.0763575637,17243.047399998617,2731.023595265201,0.0037829253308873313
H2,hdf_reconstructed,zone_3,reconstructed_velocity_area,mean,negated,native_bc_only,none,False,False,1274,167,1799.9999712,30.0,1799.9999999999984,False,59.99999904,False,16172.620909067411,433688.706208105,194464092.90996975,/mnt/8tb_hdd2/joyce/hecras-dataset/origin/Linux_RAS_v66/Minxiong_hgn_h1h6/outputs_seed/planH2/Minxiong.p01.hdf,295.33204150732126,3802342.9656199994,3802342.561392027,270892.62863582437,120856.13603375954,12874.805395261412,-0.0011589179045869873
H2,hgn_target,all,reconstructed_velocity_area,mean,negated,native_bc_only,hdf_precipitation,False,False,12715,167,1799.9999712,30.0,1799.9999999999984,False,59.99999904,False,16172.620909067411,433688.706208105,51541602.6475078,/mnt/8tb_hdd2/joyce/hecras-dataset/origin/Linux_RAS_v66/Minxiong_hgn_h1h6/outputs_seed/planH2/Minxiong.p01.hdf,66.87133458509653,1757746.5935014081,1757746.4321441916,144987.50827826603,1575.4646225463277,26285.499505133797,0.0024559240749883107
H2,hgn_target,zone_3,reconstructed_velocity_area,mean,negated,native_bc_only,hdf_precipitation,False,False,1274,167,1799.9999712,30.0,1799.9999999999984,False,59.99999904,False,16172.620909067411,433688.706208105,187921785.08118695,/mnt/8tb_hdd2/joyce/hecras-dataset/origin/Linux_RAS_v66/Minxiong_hgn_h1h6/outputs_seed/planH2/Minxiong.p01.hdf,64.33329916314642,3802162.351191544,3802162.3596210773,271982.4216629975,117111.2315112188,59101.000711605986,0.0034768743920411955
H2,hdf_reconstructed,all,reconstructed_velocity_area,mean,negated,native_bc_only,hdf_precipitation,False,False,12715,167,1799.9999712,30.0,1799.9999999999984,False,59.99999904,False,16172.620909067411,433688.706208105,50746907.72933598,/mnt/8tb_hdd2/joyce/hecras-dataset/origin/Linux_RAS_v66/Minxiong_hgn_h1h6/outputs_seed/planH2/Minxiong.p01.hdf,643.5755634549474,1757746.5935014081,1757743.9464406513,144990.5120937796,1531.5069107226361,2731.2161092699716,0.004246523855836778
H2,hdf_reconstructed,zone_3,reconstructed_velocity_area,mean,negated,native_bc_only,hdf_precipitation,False,False,1274,167,1799.9999712,30.0,1799.9999999999984,False,59.99999904,False,16172.620909067411,433688.706208105,187890061.1935787,/mnt/8tb_hdd2/joyce/hecras-dataset/origin/Linux_RAS_v66/Minxiong_hgn_h1h6/outputs_seed/planH2/Minxiong.p01.hdf,295.33204150732126,3802162.351191544,3802161.953454622,271986.0119040781,117079.96382601334,12874.19385329501,-0.001100721843182742
H2,hgn_target,all,reconstructed_velocity_area,minimum,cell_order,reconstructed_all_touching_faces,none,False,False,12715,167,1799.9999712,30.0,1799.9999999999984,False,59.99999904,False,16172.620909067411,433688.706208105,11223398.794424688,/mnt/8tb_hdd2/joyce/hecras-dataset/origin/Linux_RAS_v66/Minxiong_hgn_h1h6/outputs_seed/planH2/Minxiong.p01.hdf,66.87133458509653,852609.4565793542,852609.6210482758,114915.54705573645,-869.6192023364869,12750.001571499892,-0.002447489412901251
H2,hgn_target,zone_3,reconstructed_velocity_area,minimum,cell_order,reconstructed_all_touching_faces,none,False,False,1274,167,1799.9999712,30.0,1799.9999999999984,False,59.99999904,False,16172.620909067411,433688.706208105,14781908.36783574,/mnt/8tb_hdd2/joyce/hecras-dataset/origin/Linux_RAS_v66/Minxiong_hgn_h1h6/outputs_seed/planH2/Minxiong.p01.hdf,64.33329916314642,674941.0115874413,674940.892764769,152130.33037151772,-6183.451684854315,10491.31478634647,0.0008358365557052159
H2,hdf_reconstructed,all,reconstructed_velocity_area,minimum,cell_order,reconstructed_all_touching_faces,none,False,False,12715,167,1799.9999712,30.0,1799.9999999999984,False,59.99999904,False,16172.620909067411,433688.706208105,11850495.986301826,/mnt/8tb_hdd2/joyce/hecras-dataset/origin/Linux_RAS_v66/Minxiong_hgn_h1h6/outputs_seed/planH2/Minxiong.p01.hdf,643.5755634549474,852609.4565793542,852614.2802739955,114918.89388083403,-913.5769141601761,1324.808349926856,-0.007065926907366752
H2,hdf_reconstructed,zone_3,reconstructed_velocity_area,minimum,cell_order,reconstructed_all_touching_faces,none,False,False,1274,167,1799.9999712,30.0,1799.9999999999984,False,59.99999904,False,16172.620909067411,433688.706208105,14796057.089585664,/mnt/8tb_hdd2/joyce/hecras-dataset/origin/Linux_RAS_v66/Minxiong_hgn_h1h6/outputs_seed/planH2/Minxiong.p01.hdf,295.33204150732126,674941.0115874413,674943.3071566666,152136.4183116139,-6214.719370059807,2285.371081687846,-0.006837357902401744
H2,hgn_target,all,reconstructed_velocity_area,minimum,cell_order,reconstructed_all_touching_faces,hdf_precipitation,False,False,12715,167,1799.9999712,30.0,1799.9999999999984,False,59.99999904,False,16172.620909067411,433688.706208105,285132272.1165602,/mnt/8tb_hdd2/joyce/hecras-dataset/origin/Linux_RAS_v66/Minxiong_hgn_h1h6/outputs_seed/planH2/Minxiong.p01.hdf,66.87133458509653,852904.5574208426,852904.5352352224,123760.52077398208,-16581.159691612484,12754.411744988673,-0.000131419762594426
H2,hgn_target,zone_3,reconstructed_velocity_area,minimum,cell_order,reconstructed_all_touching_faces,hdf_precipitation,False,False,1274,167,1799.9999712,30.0,1799.9999999999984,False,59.99999904,False,16172.620909067411,433688.706208105,20739872.10787678,/mnt/8tb_hdd2/joyce/hecras-dataset/origin/Linux_RAS_v66/Minxiong_hgn_h1h6/outputs_seed/planH2/Minxiong.p01.hdf,64.33329916314642,675037.4046783396,675037.1789482841,153042.70604198365,-9959.623892600512,10492.811463569114,0.0018556148684292706
H2,hdf_reconstructed,all,reconstructed_velocity_area,minimum,cell_order,reconstructed_all_touching_faces,hdf_precipitation,False,False,12715,167,1799.9999712,30.0,1799.9999999999984,False,59.99999904,False,16172.620909067411,433688.706208105,285328551.5265919,/mnt/8tb_hdd2/joyce/hecras-dataset/origin/Linux_RAS_v66/Minxiong_hgn_h1h6/outputs_seed/planH2/Minxiong.p01.hdf,643.5755634549474,852904.5574208426,852909.5432171233,123767.42578081093,-16625.117403436172,1325.2671351261304,-0.006108282625956156
H2,hdf_reconstructed,zone_3,reconstructed_velocity_area,minimum,cell_order,reconstructed_all_touching_faces,hdf_precipitation,False,False,1274,167,1799.9999712,30.0,1799.9999999999984,False,59.99999904,False,16172.620909067411,433688.706208105,20756552.65236028,/mnt/8tb_hdd2/joyce/hecras-dataset/origin/Linux_RAS_v66/Minxiong_hgn_h1h6/outputs_seed/planH2/Minxiong.p01.hdf,295.33204150732126,675037.4046783396,675039.7365887731,153049.14283398286,-9990.891577806005,2285.697593608511,-0.006509061241183907
H2,hgn_target,all,reconstructed_velocity_area,minimum,cell_order,native_bc_only,none,False,False,12715,167,1799.9999712,30.0,1799.9999999999984,False,59.99999904,False,16172.620909067411,433688.706208105,285104019.00944215,/mnt/8tb_hdd2/joyce/hecras-dataset/origin/Linux_RAS_v66/Minxiong_hgn_h1h6/outputs_seed/planH2/Minxiong.p01.hdf,66.87133458509653,1738350.7090802467,1738350.7897473793,132312.48873030287,17287.00511182234,25995.455310305733,-0.0009305292470022805
H2,hgn_target,zone_3,reconstructed_velocity_area,minimum,cell_order,native_bc_only,none,False,False,1274,167,1799.9999712,30.0,1799.9999999999984,False,59.99999904,False,16172.620909067411,433688.706208105,170256003.91895658,/mnt/8tb_hdd2/joyce/hecras-dataset/origin/Linux_RAS_v66/Minxiong_hgn_h1h6/outputs_seed/planH2/Minxiong.p01.hdf,64.33329916314642,3748624.6594359833,3748624.638041927,264587.3008385842,108079.48688221852,58268.80770618618,0.0037135069305730692
H2,hdf_reconstructed,all,reconstructed_velocity_area,minimum,cell_order,native_bc_only,none,False,False,12715,167,1799.9999712,30.0,1799.9999999999984,False,59.99999904,False,16172.620909067411,433688.706208105,284790297.1603216,/mnt/8tb_hdd2/joyce/hecras-dataset/origin/Linux_RAS_v66/Minxiong_hgn_h1h6/outputs_seed/planH2/Minxiong.p01.hdf,643.5755634549474,1738350.7090802467,1738353.0749644611,132315.83555540052,17243.04739999865,2701.0862028886713,-0.004152672811286766
H2,hdf_reconstructed,zone_3,reconstructed_velocity_area,minimum,cell_order,native_bc_only,none,False,False,1274,167,1799.9999712,30.0,1799.9999999999984,False,59.99999904,False,16172.620909067411,433688.706208105,170222721.60572043,/mnt/8tb_hdd2/joyce/hecras-dataset/origin/Linux_RAS_v66/Minxiong_hgn_h1h6/outputs_seed/planH2/Minxiong.p01.hdf,295.33204150732126,3748624.6594359833,3748625.0727546006,264593.3887786803,108048.21919701301,12692.916940614696,-0.003697148272827692
H2,hgn_target,all,reconstructed_velocity_area,minimum,cell_order,native_bc_only,hdf_precipitation,False,False,12715,167,1799.9999712,30.0,1799.9999999999984,False,59.99999904,False,16172.620909067411,433688.706208105,51541602.647507764,/mnt/8tb_hdd2/joyce/hecras-dataset/origin/Linux_RAS_v66/Minxiong_hgn_h1h6/outputs_seed/planH2/Minxiong.p01.hdf,66.87133458509653,1738399.462237627,1738399.4513527767,141156.8171440421,1575.4646225463266,25996.183000364552,0.00020546378999151778
H2,hgn_target,zone_3,reconstructed_velocity_area,minimum,cell_order,native_bc_only,hdf_precipitation,False,False,1274,167,1799.9999712,30.0,1799.9999999999984,False,59.99999904,False,16172.620909067411,433688.706208105,163748675.55344594,/mnt/8tb_hdd2/joyce/hecras-dataset/origin/Linux_RAS_v66/Minxiong_hgn_h1h6/outputs_seed/planH2/Minxiong.p01.hdf,64.33329916314642,3748468.626511195,3748468.585860939,265493.2361269469,104303.31467447232,58266.382023328035,0.0038972633600430732
H2,hdf_reconstructed,all,reconstructed_velocity_area,minimum,cell_order,native_bc_only,hdf_precipitation,False,False,12715,167,1799.9999712,30.0,1799.9999999999984,False,59.99999904,False,16172.620909067411,433688.706208105,50746907.72933581,/mnt/8tb_hdd2/joyce/hecras-dataset/origin/Linux_RAS_v66/Minxiong_hgn_h1h6/outputs_seed/planH2/Minxiong.p01.hdf,643.5755634549474,1738399.462237627,1738401.9084060134,141163.72215087106,1531.5069107226375,2701.1620812226624,-0.0036831418428504782
H2,hdf_reconstructed,zone_3,reconstructed_velocity_area,minimum,cell_order,native_bc_only,hdf_precipitation,False,False,1274,167,1799.9999712,30.0,1799.9999999999984,False,59.99999904,False,16172.620909067411,433688.706208105,163714906.219533,/mnt/8tb_hdd2/joyce/hecras-dataset/origin/Linux_RAS_v66/Minxiong_hgn_h1h6/outputs_seed/planH2/Minxiong.p01.hdf,295.33204150732126,3748468.626511195,3748469.0464505227,265499.67291894613,104272.0469892668,12692.388632533793,-0.003638152865296182
H2,hgn_target,all,reconstructed_velocity_area,minimum,negated,reconstructed_all_touching_faces,none,False,False,12715,167,1799.9999712,30.0,1799.9999999999984,False,59.99999904,False,16172.620909067411,433688.706208105,11232631.54118776,/mnt/8tb_hdd2/joyce/hecras-dataset/origin/Linux_RAS_v66/Minxiong_hgn_h1h6/outputs_seed/planH2/Minxiong.p01.hdf,66.87133458509653,852609.4565793542,852609.297355213,114915.02101448881,873.0745347990847,12749.996730964484,0.002447489412901251
H2,hgn_target,zone_3,reconstructed_velocity_area,minimum,negated,reconstructed_all_touching_faces,none,False,False,1274,167,1799.9999712,30.0,1799.9999999999984,False,59.99999904,False,16172.620909067411,433688.706208105,14807339.617932227,/mnt/8tb_hdd2/joyce/hecras-dataset/origin/Linux_RAS_v66/Minxiong_hgn_h1h6/outputs_seed/planH2/Minxiong.p01.hdf,64.33329916314642,674941.0115874413,674941.1365421436,152129.0561009318,6198.383689559068,10491.318575634099,-0.0008358365557052159
H2,hdf_reconstructed,all,reconstructed_velocity_area,minimum,negated,reconstructed_all_touching_faces,none,False,False,12715,167,1799.9999712,30.0,1799.9999999999984,False,59.99999904,False,16172.620909067411,433688.706208105,10670679.128706146,/mnt/8tb_hdd2/joyce/hecras-dataset/origin/Linux_RAS_v66/Minxiong_hgn_h1h6/outputs_seed/planH2/Minxiong.p01.hdf,643.5755634549474,852609.4565793542,852605.1186504522,114924.64544272325,829.1168229753956,1324.794114421247,0.007065926907366752
H2,hdf_reconstructed,zone_3,reconstructed_velocity_area,minimum,negated,reconstructed_all_touching_faces,none,False,False,1274,167,1799.9999712,30.0,1799.9999999999984,False,59.99999904,False,16172.620909067411,433688.706208105,14793506.504985614,/mnt/8tb_hdd2/joyce/hecras-dataset/origin/Linux_RAS_v66/Minxiong_hgn_h1h6/outputs_seed/planH2/Minxiong.p01.hdf,295.33204150732126,674941.0115874413,674938.8452384467,152137.69360680037,6167.116004353572,2285.355973546524,0.006837357902401744
H2,hgn_target,all,reconstructed_velocity_area,minimum,negated,reconstructed_all_touching_faces,hdf_precipitation,False,False,12715,167,1799.9999712,30.0,1799.9999999999984,False,59.99999904,False,16172.620909067411,433688.706208105,271732403.7439099,/mnt/8tb_hdd2/joyce/hecras-dataset/origin/Linux_RAS_v66/Minxiong_hgn_h1h6/outputs_seed/planH2/Minxiong.p01.hdf,66.87133458509653,852986.7434092675,852986.3976758246,124483.2568581164,-14838.465954476927,12755.635923347158,0.004762149675569874
H2,hgn_target,zone_3,reconstructed_velocity_area,minimum,negated,reconstructed_all_touching_faces,hdf_precipitation,False,False,1274,167,1799.9999712,30.0,1799.9999999999984,False,59.99999904,False,16172.620909067411,433688.706208105,9853807.072257427,/mnt/8tb_hdd2/joyce/hecras-dataset/origin/Linux_RAS_v66/Minxiong_hgn_h1h6/outputs_seed/planH2/Minxiong.p01.hdf,64.33329916314642,674887.8354838172,674887.8535003563,153452.68942974074,2422.2114818128703,10490.490341384022,0.0001840904640464545
H2,hdf_reconstructed,all,reconstructed_velocity_area,minimum,negated,reconstructed_all_touching_faces,hdf_precipitation,False,False,12715,167,1799.9999712,30.0,1799.9999999999984,False,59.99999904,False,16172.620909067411,433688.706208105,271889114.8344471,/mnt/8tb_hdd2/joyce/hecras-dataset/origin/Linux_RAS_v66/Minxiong_hgn_h1h6/outputs_seed/planH2/Minxiong.p01.hdf,643.5755634549474,852986.7434092675,852982.5711556808,124495.06214869031,-14882.423666300621,1325.3806073315782,0.008020270099132618
H2,hdf_reconstructed,zone_3,reconstructed_velocity_area,minimum,negated,reconstructed_all_touching_faces,hdf_precipitation,False,False,1274,167,1799.9999712,30.0,1799.9999999999984,False,59.99999904,False,16172.620909067411,433688.706208105,9846914.975030027,/mnt/8tb_hdd2/joyce/hecras-dataset/origin/Linux_RAS_v66/Minxiong_hgn_h1h6/outputs_seed/planH2/Minxiong.p01.hdf,295.33204150732126,674887.8354838172,674885.7056415058,153459.99004061567,2390.9437966073756,2285.17604184433,0.007165469754704064
H2,hgn_target,all,reconstructed_velocity_area,minimum,negated,native_bc_only,none,False,False,12715,167,1799.9999712,30.0,1799.9999999999984,False,59.99999904,False,16172.620909067411,433688.706208105,285104019.00944215,/mnt/8tb_hdd2/joyce/hecras-dataset/origin/Linux_RAS_v66/Minxiong_hgn_h1h6/outputs_seed/planH2/Minxiong.p01.hdf,66.87133458509653,1755980.3232495002,1755980.24593884,133117.19230981162,17287.005111822345,26259.087796494965,0.0014300159131419824
H2,hgn_target,zone_3,reconstructed_velocity_area,minimum,negated,native_bc_only,none,False,False,1274,167,1799.9999712,30.0,1799.9999999999984,False,59.99999904,False,16172.620909067411,433688.706208105,195397553.08822685,/mnt/8tb_hdd2/joyce/hecras-dataset/origin/Linux_RAS_v66/Minxiong_hgn_h1h6/outputs_seed/planH2/Minxiong.p01.hdf,64.33329916314642,3803602.13514591,3803602.1573188556,267440.7467983763,121549.17231767104,59123.380998588116,0.0033968400338723692
H2,hdf_reconstructed,all,reconstructed_velocity_area,minimum,negated,native_bc_only,none,False,False,12715,167,1799.9999712,30.0,1799.9999999999984,False,59.99999904,False,16172.620909067411,433688.706208105,284790297.16032153,/mnt/8tb_hdd2/joyce/hecras-dataset/origin/Linux_RAS_v66/Minxiong_hgn_h1h6/outputs_seed/planH2/Minxiong.p01.hdf,643.5755634549474,1755980.3232495002,1755978.2169889894,133126.81673804615,17243.04739999865,2728.4724851302003,0.0028162841003921114
H2,hdf_reconstructed,zone_3,reconstructed_velocity_area,minimum,negated,native_bc_only,none,False,False,1274,167,1799.9999712,30.0,1799.9999999999984,False,59.99999904,False,16172.620909067411,433688.706208105,195366137.2943452,/mnt/8tb_hdd2/joyce/hecras-dataset/origin/Linux_RAS_v66/Minxiong_hgn_h1h6/outputs_seed/planH2/Minxiong.p01.hdf,295.33204150732126,3803602.13514591,3803601.7507325425,267449.3843042449,121517.90463246558,12879.069034702932,-0.0012395063343681831
H2,hgn_target,all,reconstructed_velocity_area,minimum,negated,native_bc_only,hdf_precipitation,False,False,12715,167,1799.9999712,30.0,1799.9999999999984,False,59.99999904,False,16172.620909067411,433688.706208105,51541602.64750781,/mnt/8tb_hdd2/joyce/hecras-dataset/origin/Linux_RAS_v66/Minxiong_hgn_h1h6/outputs_seed/planH2/Minxiong.p01.hdf,66.87133458509653,1756104.9953662248,1756104.8274343526,142695.40847364702,1575.4646225463257,26260.95079947353,0.0025543143256095404
H2,hgn_target,zone_3,reconstructed_velocity_area,minimum,negated,native_bc_only,hdf_precipitation,False,False,1274,167,1799.9999712,30.0,1799.9999999999984,False,59.99999904,False,16172.620909067411,433688.706208105,188824953.37954146,/mnt/8tb_hdd2/joyce/hecras-dataset/origin/Linux_RAS_v66/Minxiong_hgn_h1h6/outputs_seed/planH2/Minxiong.p01.hdf,64.33329916314642,3803420.5173719483,3803420.5205688463,268760.21648054256,117773.00010992485,59120.55762791737,0.0035779664885938747
H2,hdf_reconstructed,all,reconstructed_velocity_area,minimum,negated,native_bc_only,hdf_precipitation,False,False,12715,167,1799.9999712,30.0,1799.9999999999984,False,59.99999904,False,16172.620909067411,433688.706208105,50746907.7293359,/mnt/8tb_hdd2/joyce/hecras-dataset/origin/Linux_RAS_v66/Minxiong_hgn_h1h6/outputs_seed/planH2/Minxiong.p01.hdf,643.5755634549474,1756104.9953662248,1756102.9687958544,142707.21376422106,1531.5069107226386,2728.666326869926,0.0032804290524022202
H2,hdf_reconstructed,zone_3,reconstructed_velocity_area,minimum,negated,native_bc_only,hdf_precipitation,False,False,1274,167,1799.9999712,30.0,1799.9999999999984,False,59.99999904,False,16172.620909067411,433688.706208105,188793168.7317855,/mnt/8tb_hdd2/joyce/hecras-dataset/origin/Linux_RAS_v66/Minxiong_hgn_h1h6/outputs_seed/planH2/Minxiong.p01.hdf,295.33204150732126,3803420.5173719483,3803420.1394483238,268767.51709141745,117741.73242471939,12878.454095384828,-0.0011813306796727699
H2,hgn_target,all,reconstructed_velocity_area,maximum,cell_order,reconstructed_all_touching_faces,none,False,False,12715,167,1799.9999712,30.0,1799.9999999999984,False,59.99999904,False,16172.620909067411,433688.706208105,11223398.79442469,/mnt/8tb_hdd2/joyce/hecras-dataset/origin/Linux_RAS_v66/Minxiong_hgn_h1h6/outputs_seed/planH2/Minxiong.p01.hdf,66.87133458509653,893415.3150129948,893415.4032719398,148253.52622417177,-869.6192023364869,13360.214938360949,-0.001308042523243217
H2,hgn_target,zone_3,reconstructed_velocity_area,maximum,cell_order,reconstructed_all_touching_faces,none,False,False,1274,167,1799.9999712,30.0,1799.9999999999984,False,59.99999904,False,16172.620909067411,433688.706208105,17026154.38584265,/mnt/8tb_hdd2/joyce/hecras-dataset/origin/Linux_RAS_v66/Minxiong_hgn_h1h6/outputs_seed/planH2/Minxiong.p01.hdf,64.33329916314642,698565.8241658293,698565.5492203488,215722.14971910484,4548.097269057436,10858.537620600138,0.005108768137052244
H2,hdf_reconstructed,all,reconstructed_velocity_area,maximum,cell_order,reconstructed_all_touching_faces,none,False,False,12715,167,1799.9999712,30.0,1799.9999999999984,False,59.99999904,False,16172.620909067411,433688.706208105,11850495.986301828,/mnt/8tb_hdd2/joyce/hecras-dataset/origin/Linux_RAS_v66/Minxiong_hgn_h1h6/outputs_seed/planH2/Minxiong.p01.hdf,643.5755634549474,893415.3150129948,893424.5635896559,148269.17736350046,-913.576914160176,1388.2201474422495,-0.013976643972449425
H2,hdf_reconstructed,zone_3,reconstructed_velocity_area,maximum,cell_order,reconstructed_all_touching_faces,none,False,False,1274,167,1799.9999712,30.0,1799.9999999999984,False,59.99999904,False,16172.620909067411,433688.706208105,16998582.325733375,/mnt/8tb_hdd2/joyce/hecras-dataset/origin/Linux_RAS_v66/Minxiong_hgn_h1h6/outputs_seed/planH2/Minxiong.p01.hdf,295.33204150732126,698565.8241658293,698570.2604754189,215732.39010127948,4516.8295838519425,2365.372402229175,-0.015384309608834431
H2,hgn_target,all,reconstructed_velocity_area,maximum,cell_order,reconstructed_all_touching_faces,hdf_precipitation,False,False,12715,167,1799.9999712,30.0,1799.9999999999984,False,59.99999904,False,16172.620909067411,433688.706208105,285132272.1165601,/mnt/8tb_hdd2/joyce/hecras-dataset/origin/Linux_RAS_v66/Minxiong_hgn_h1h6/outputs_seed/planH2/Minxiong.p01.hdf,66.87133458509653,893719.7465363856,893719.6566893219,156605.36908954158,-16581.159691612498,13364.764771548364,0.0009020706222047296
H2,hgn_target,zone_3,reconstructed_velocity_area,maximum,cell_order,reconstructed_all_touching_faces,hdf_precipitation,False,False,1274,167,1799.9999712,30.0,1799.9999999999984,False,59.99999904,False,16172.620909067411,433688.706208105,18764690.066448737,/mnt/8tb_hdd2/joyce/hecras-dataset/origin/Linux_RAS_v66/Minxiong_hgn_h1h6/outputs_seed/planH2/Minxiong.p01.hdf,64.33329916314642,698588.4333702931,698588.0551140049,215856.6764926429,771.9250613112388,10858.887453329826,0.0060938515965691924
H2,hdf_reconstructed,all,reconstructed_velocity_area,maximum,cell_order,reconstructed_all_touching_faces,hdf_precipitation,False,False,12715,167,1799.9999712,30.0,1799.9999999999984,False,59.99999904,False,16172.620909067411,433688.706208105,285328551.52659184,/mnt/8tb_hdd2/joyce/hecras-dataset/origin/Linux_RAS_v66/Minxiong_hgn_h1h6/outputs_seed/planH2/Minxiong.p01.hdf,643.5755634549474,893719.7465363856,893729.1482533488,156623.1695571853,-16625.117403436194,1388.6934169089423,-0.01306145002603853
H2,hdf_reconstructed,zone_3,reconstructed_velocity_area,maximum,cell_order,reconstructed_all_touching_faces,hdf_precipitation,False,False,1274,167,1799.9999712,30.0,1799.9999999999984,False,59.99999904,False,16172.620909067411,433688.706208105,18746977.1899365,/mnt/8tb_hdd2/joyce/hecras-dataset/origin/Linux_RAS_v66/Minxiong_hgn_h1h6/outputs_seed/planH2/Minxiong.p01.hdf,295.33204150732126,698588.4333702931,698592.9049690114,215868.66863051205,740.6573761057447,2365.4490769220965,-0.01506680241999325
H2,hgn_target,all,reconstructed_velocity_area,maximum,cell_order,native_bc_only,none,False,False,12715,167,1799.9999712,30.0,1799.9999999999984,False,59.99999904,False,16172.620909067411,433688.706208105,285104019.00944215,/mnt/8tb_hdd2/joyce/hecras-dataset/origin/Linux_RAS_v66/Minxiong_hgn_h1h6/outputs_seed/planH2/Minxiong.p01.hdf,66.87133458509653,1758725.2114678423,1758725.2563025295,165650.46789873845,17287.00511182235,26300.13693033865,-0.00039768186720141223
H2,hgn_target,zone_3,reconstructed_velocity_area,maximum,cell_order,native_bc_only,none,False,False,1274,167,1799.9999712,30.0,1799.9999999999984,False,59.99999904,False,16172.620909067411,433688.706208105,183412372.99611554,/mnt/8tb_hdd2/joyce/hecras-dataset/origin/Linux_RAS_v66/Minxiong_hgn_h1h6/outputs_seed/planH2/Minxiong.p01.hdf,64.33329916314642,3752950.263313031,3752950.2121352986,328179.1201861713,118811.03583613028,58336.044644904374,0.004510547398960226
H2,hdf_reconstructed,all,reconstructed_velocity_area,maximum,cell_order,native_bc_only,none,False,False,12715,167,1799.9999712,30.0,1799.9999999999984,False,59.99999904,False,16172.620909067411,433688.706208105,284790297.1603216,/mnt/8tb_hdd2/joyce/hecras-dataset/origin/Linux_RAS_v66/Minxiong_hgn_h1h6/outputs_seed/planH2/Minxiong.p01.hdf,643.5755634549474,1758725.2114678423,1758729.9096729436,165666.119038067,17243.04739999866,2732.7481177679315,-0.007779256500427183
H2,hdf_reconstructed,zone_3,reconstructed_velocity_area,maximum,cell_order,native_bc_only,none,False,False,1274,167,1799.9999712,30.0,1799.9999999999984,False,59.99999904,False,16172.620909067411,433688.706208105,183377779.53171986,/mnt/8tb_hdd2/joyce/hecras-dataset/origin/Linux_RAS_v66/Minxiong_hgn_h1h6/outputs_seed/planH2/Minxiong.p01.hdf,295.33204150732126,3752950.263313031,3752951.089080372,328189.36056834593,118779.76815092476,12707.564915496432,-0.005327965233643033
H2,hgn_target,all,reconstructed_velocity_area,maximum,cell_order,native_bc_only,hdf_precipitation,False,False,12715,167,1799.9999712,30.0,1799.9999999999984,False,59.99999904,False,16172.620909067411,433688.706208105,51541602.64750773,/mnt/8tb_hdd2/joyce/hecras-dataset/origin/Linux_RAS_v66/Minxiong_hgn_h1h6/outputs_seed/planH2/Minxiong.p01.hdf,66.87133458509653,1758784.9878906363,1758784.942235203,174001.66545960176,1575.464622546326,26301.02947918703,0.0007251058977705685
H2,hgn_target,zone_3,reconstructed_velocity_area,maximum,cell_order,native_bc_only,hdf_precipitation,False,False,1274,167,1799.9999712,30.0,1799.9999999999984,False,59.99999904,False,16172.620909067411,433688.706208105,176966682.2404305,/mnt/8tb_hdd2/joyce/hecras-dataset/origin/Linux_RAS_v66/Minxiong_hgn_h1h6/outputs_seed/planH2/Minxiong.p01.hdf,64.33329916314642,3752781.2813249077,3752781.210911691,328307.2065776062,115034.86362838406,58333.41768148409,0.004694121016345981
H2,hdf_reconstructed,all,reconstructed_velocity_area,maximum,cell_order,native_bc_only,hdf_precipitation,False,False,12715,167,1799.9999712,30.0,1799.9999999999984,False,59.99999904,False,16172.620909067411,433688.706208105,50746907.72933579,/mnt/8tb_hdd2/joyce/hecras-dataset/origin/Linux_RAS_v66/Minxiong_hgn_h1h6/outputs_seed/planH2/Minxiong.p01.hdf,643.5755634549474,1758784.9878906363,1758789.7653551607,174019.46592724527,1531.5069107226361,2732.8411226699445,-0.007314847066658704
H2,hdf_reconstructed,zone_3,reconstructed_velocity_area,maximum,cell_order,native_bc_only,hdf_precipitation,False,False,1274,167,1799.9999712,30.0,1799.9999999999984,False,59.99999904,False,16172.620909067411,433688.706208105,176931601.96431634,/mnt/8tb_hdd2/joyce/hecras-dataset/origin/Linux_RAS_v66/Minxiong_hgn_h1h6/outputs_seed/planH2/Minxiong.p01.hdf,295.33204150732126,3752781.2813249077,3752782.113725349,328319.1987154754,115003.59594317857,12706.99276167878,-0.005269057325285018
H2,hgn_target,all,reconstructed_velocity_area,maximum,negated,reconstructed_all_touching_faces,none,False,False,12715,167,1799.9999712,30.0,1799.9999999999984,False,59.99999904,False,16172.620909067411,433688.706208105,11232631.541187761,/mnt/8tb_hdd2/joyce/hecras-dataset/origin/Linux_RAS_v66/Minxiong_hgn_h1h6/outputs_seed/planH2/Minxiong.p01.hdf,66.87133458509653,893415.3150129948,893415.2317593015,148253.37133492218,873.0745347990844,13360.212373545404,0.001308042523243217
H2,hgn_target,zone_3,reconstructed_velocity_area,maximum,negated,reconstructed_all_touching_faces,none,False,False,1274,167,1799.9999712,30.0,1799.9999999999984,False,59.99999904,False,16172.620909067411,433688.706208105,17031337.320014838,/mnt/8tb_hdd2/joyce/hecras-dataset/origin/Linux_RAS_v66/Minxiong_hgn_h1h6/outputs_seed/planH2/Minxiong.p01.hdf,64.33329916314642,698565.8241658293,698566.1050358716,215721.68218729165,-4533.165264352682,10858.546260224253,-0.005108768137052244
H2,hdf_reconstructed,all,reconstructed_velocity_area,maximum,negated,reconstructed_all_touching_faces,none,False,False,12715,167,1799.9999712,30.0,1799.9999999999984,False,59.99999904,False,16172.620909067411,433688.706208105,10670679.128706142,/mnt/8tb_hdd2/joyce/hecras-dataset/origin/Linux_RAS_v66/Minxiong_hgn_h1h6/outputs_seed/planH2/Minxiong.p01.hdf,643.5755634549474,893415.3150129948,893406.5299476947,148242.99275646318,829.1168229753957,1388.1921264250059,0.013976643972449425
H2,hdf_reconstructed,zone_3,reconstructed_velocity_area,maximum,negated,reconstructed_all_touching_faces,none,False,False,1274,167,1799.9999712,30.0,1799.9999999999984,False,59.99999904,False,16172.620909067411,433688.706208105,17059120.773046803,/mnt/8tb_hdd2/joyce/hecras-dataset/origin/Linux_RAS_v66/Minxiong_hgn_h1h6/outputs_seed/planH2/Minxiong.p01.hdf,295.33204150732126,698565.8241658293,698561.5126861084,215713.8993243931,-4564.432949558176,2365.3427820455136,0.015384309608834431
H2,hgn_target,all,reconstructed_velocity_area,maximum,negated,reconstructed_all_touching_faces,hdf_precipitation,False,False,12715,167,1799.9999712,30.0,1799.9999999999984,False,59.99999904,False,16172.620909067411,433688.706208105,271732403.7439098,/mnt/8tb_hdd2/joyce/hecras-dataset/origin/Linux_RAS_v66/Minxiong_hgn_h1h6/outputs_seed/planH2/Minxiong.p01.hdf,66.87133458509653,893752.5733974616,893752.3121057458,157066.68850223263,-14838.465954476935,13365.253103606135,0.0035174637426708477
H2,hgn_target,zone_3,reconstructed_velocity_area,maximum,negated,reconstructed_all_touching_faces,hdf_precipitation,False,False,1274,167,1799.9999712,30.0,1799.9999999999984,False,59.99999904,False,16172.620909067411,433688.706208105,17813491.462969225,/mnt/8tb_hdd2/joyce/hecras-dataset/origin/Linux_RAS_v66/Minxiong_hgn_h1h6/outputs_seed/planH2/Minxiong.p01.hdf,64.33329916314642,698584.9784383799,698585.1559805864,216065.6340004735,-8309.33747209888,10858.842389055862,-0.004123454427095837
H2,hdf_reconstructed,all,reconstructed_velocity_area,maximum,negated,reconstructed_all_touching_faces,hdf_precipitation,False,False,12715,167,1799.9999712,30.0,1799.9999999999984,False,59.99999904,False,16172.620909067411,433688.706208105,271889114.8344471,/mnt/8tb_hdd2/joyce/hecras-dataset/origin/Linux_RAS_v66/Minxiong_hgn_h1h6/outputs_seed/planH2/Minxiong.p01.hdf,643.5755634549474,893752.5733974616,893743.947935311,157058.8630818832,-14882.423666300621,1388.716412937385,0.01488605692668454
H2,hdf_reconstructed,zone_3,reconstructed_velocity_area,maximum,negated,reconstructed_all_touching_faces,hdf_precipitation,False,False,1274,167,1799.9999712,30.0,1799.9999999999984,False,59.99999904,False,16172.620909067411,433688.706208105,17847725.94193663,/mnt/8tb_hdd2/joyce/hecras-dataset/origin/Linux_RAS_v66/Minxiong_hgn_h1h6/outputs_seed/planH2/Minxiong.p01.hdf,295.33204150732126,698584.9784383799,698580.7025101988,216059.73899596668,-8340.605157304373,2365.407759160738,0.015701370456044462
H2,hgn_target,all,reconstructed_velocity_area,maximum,negated,native_bc_only,none,False,False,12715,167,1799.9999712,30.0,1799.9999999999984,False,59.99999904,False,16172.620909067411,433688.706208105,285104019.0094422,/mnt/8tb_hdd2/joyce/hecras-dataset/origin/Linux_RAS_v66/Minxiong_hgn_h1h6/outputs_seed/planH2/Minxiong.p01.hdf,66.87133458509653,1776153.8833262164,1776153.8414491445,166455.9788879541,17287.00511182235,26560.76557271211,0.0008968292275863289
H2,hgn_target,zone_3,reconstructed_velocity_area,maximum,negated,native_bc_only,none,False,False,1274,167,1799.9999712,30.0,1799.9999999999984,False,59.99999904,False,16172.620909067411,433688.706208105,183376726.87833762,/mnt/8tb_hdd2/joyce/hecras-dataset/origin/Linux_RAS_v66/Minxiong_hgn_h1h6/outputs_seed/planH2/Minxiong.p01.hdf,64.33329916314642,3807865.2870153305,3807865.3385419026,331033.37288473616,110817.6233637593,59189.648099428625,0.002603350896590708
H2,hdf_reconstructed,all,reconstructed_velocity_area,maximum,negated,native_bc_only,none,False,False,12715,167,1799.9999712,30.0,1799.9999999999984,False,59.99999904,False,16172.620909067411,433688.706208105,284790297.16032153,/mnt/8tb_hdd2/joyce/hecras-dataset/origin/Linux_RAS_v66/Minxiong_hgn_h1h6/outputs_seed/planH2/Minxiong.p01.hdf,643.5755634549474,1776153.8833262164,1776149.464405575,166445.60030949512,17243.047399998643,2759.8149545494853,0.006422928268047103
H2,hdf_reconstructed,zone_3,reconstructed_velocity_area,maximum,negated,native_bc_only,none,False,False,1274,167,1799.9999712,30.0,1799.9999999999984,False,59.99999904,False,16172.620909067411,433688.706208105,183346950.97423336,/mnt/8tb_hdd2/joyce/hecras-dataset/origin/Linux_RAS_v66/Minxiong_hgn_h1h6/outputs_seed/planH2/Minxiong.p01.hdf,295.33204150732126,3807865.2870153305,3807864.4960620846,331025.59002183774,110786.3556785538,12893.50277276869,0.00037305075961965314
H2,hgn_target,all,reconstructed_velocity_area,maximum,negated,native_bc_only,hdf_precipitation,False,False,12715,167,1799.9999712,30.0,1799.9999999999984,False,59.99999904,False,16172.620909067411,433688.706208105,51541602.64750785,/mnt/8tb_hdd2/joyce/hecras-dataset/origin/Linux_RAS_v66/Minxiong_hgn_h1h6/outputs_seed/planH2/Minxiong.p01.hdf,66.87133458509653,1776265.665585244,1776265.5341127275,175279.2763754722,1575.4646225463243,26562.435834929485,0.0020084365495710967
H2,hgn_target,zone_3,reconstructed_velocity_area,maximum,negated,native_bc_only,hdf_precipitation,False,False,1274,167,1799.9999712,30.0,1799.9999999999984,False,59.99999904,False,16172.620909067411,433688.706208105,176779798.18539408,/mnt/8tb_hdd2/joyce/hecras-dataset/origin/Linux_RAS_v66/Minxiong_hgn_h1h6/outputs_seed/planH2/Minxiong.p01.hdf,64.33329916314642,3807696.812192592,3807696.84476565,331373.16105127527,107041.4511560131,59187.02902379525,0.002784243947694192
H2,hdf_reconstructed,all,reconstructed_velocity_area,maximum,negated,native_bc_only,hdf_precipitation,False,False,12715,167,1799.9999712,30.0,1799.9999999999984,False,59.99999904,False,16172.620909067411,433688.706208105,50746907.72933593,/mnt/8tb_hdd2/joyce/hecras-dataset/origin/Linux_RAS_v66/Minxiong_hgn_h1h6/outputs_seed/planH2/Minxiong.p01.hdf,643.5755634549474,1776265.665585244,1776261.3255806142,175271.45095512274,1531.5069107226373,2759.9887665793244,0.006881430774053329
H2,hdf_reconstructed,zone_3,reconstructed_velocity_area,maximum,negated,native_bc_only,hdf_precipitation,False,False,1274,167,1799.9999712,30.0,1799.9999999999984,False,59.99999904,False,16172.620909067411,433688.706208105,176749685.1764101,/mnt/8tb_hdd2/joyce/hecras-dataset/origin/Linux_RAS_v66/Minxiong_hgn_h1h6/outputs_seed/planH2/Minxiong.p01.hdf,295.33204150732126,3807696.812192592,3807696.0277051413,331367.26604676846,107010.1834708076,12892.932335656335,0.00043118257511868413
H3,hgn_target,all,reconstructed_velocity_area,mean,cell_order,reconstructed_all_touching_faces,none,False,False,12715,167,1799.9999712,30.0,1799.9999999999984,False,59.99999904,False,14756.358727255849,429920.918346845,11379771.782838,/mnt/8tb_hdd2/joyce/hecras-dataset/origin/Linux_RAS_v66/Minxiong_hgn_h1h6/outputs_seed/planH3/Minxiong.p01.hdf,75.3247178740183,816260.2937653867,816260.5814466375,113384.36921768494,-883.8193907300516,10836.556770273542,-0.0038301491668492906
H3,hgn_target,zone_3,reconstructed_velocity_area,mean,cell_order,reconstructed_all_touching_faces,none,False,False,1274,167,1799.9999712,30.0,1799.9999999999984,False,59.99999904,False,14756.358727255849,429920.918346845,11101842.261235101,/mnt/8tb_hdd2/joyce/hecras-dataset/origin/Linux_RAS_v66/Minxiong_hgn_h1h6/outputs_seed/planH3/Minxiong.p01.hdf,55.66504804115342,653181.8192503151,653181.7715185905,137915.1673792824,-1997.5722647525924,11734.145473757433,0.0005382423394253195
H3,hdf_reconstructed,all,reconstructed_velocity_area,mean,cell_order,reconstructed_all_touching_faces,none,False,False,12715,167,1799.9999712,30.0,1799.9999999999984,False,59.99999904,False,14756.358727255849,429920.918346845,11908633.088640545,/mnt/8tb_hdd2/joyce/hecras-dataset/origin/Linux_RAS_v66/Minxiong_hgn_h1h6/outputs_seed/planH3/Minxiong.p01.hdf,651.3333929224281,816260.2937653867,816266.6710605677,113392.34605952972,-921.3637555165874,1253.2240476695208,-0.009348290107886572
H3,hdf_reconstructed,zone_3,reconstructed_velocity_area,mean,cell_order,reconstructed_all_touching_faces,none,False,False,1274,167,1799.9999712,30.0,1799.9999999999984,False,59.99999904,False,14756.358727255849,429920.918346845,11102881.908826271,/mnt/8tb_hdd2/joyce/hecras-dataset/origin/Linux_RAS_v66/Minxiong_hgn_h1h6/outputs_seed/planH3/Minxiong.p01.hdf,291.31029211839734,653181.8192503151,653184.2020167012,137919.14422915265,-2021.7509877041764,2242.2283719080797,-0.007785873294748694
H3,hgn_target,all,reconstructed_velocity_area,mean,cell_order,reconstructed_all_touching_faces,hdf_precipitation,False,False,12715,167,1799.9999712,30.0,1799.9999999999984,False,59.99999904,False,14756.358727255849,429920.918346845,205139630.00839964,/mnt/8tb_hdd2/joyce/hecras-dataset/origin/Linux_RAS_v66/Minxiong_hgn_h1h6/outputs_seed/planH3/Minxiong.p01.hdf,75.3247178740183,816422.1462377304,816422.2563018901,118915.6872895751,-12067.056707169771,10838.703142139455,-0.002132931263329977
H3,hgn_target,zone_3,reconstructed_velocity_area,mean,cell_order,reconstructed_all_touching_faces,hdf_precipitation,False,False,1274,167,1799.9999712,30.0,1799.9999999999984,False,59.99999904,False,14756.358727255849,429920.918346845,14175854.764007352,/mnt/8tb_hdd2/joyce/hecras-dataset/origin/Linux_RAS_v66/Minxiong_hgn_h1h6/outputs_seed/planH3/Minxiong.p01.hdf,55.66504804115342,653207.533289375,653207.4155767028,138351.65891714874,-4685.394631744169,11734.606158855438,0.0013105683035670545
H3,hdf_reconstructed,all,reconstructed_velocity_area,mean,cell_order,reconstructed_all_touching_faces,hdf_precipitation,False,False,12715,167,1799.9999712,30.0,1799.9999999999984,False,59.99999904,False,14756.358727255849,429920.918346845,205329369.9085856,/mnt/8tb_hdd2/joyce/hecras-dataset/origin/Linux_RAS_v66/Minxiong_hgn_h1h6/outputs_seed/planH3/Minxiong.p01.hdf,651.3333929224281,816422.1462377304,816428.5998186314,118927.18579495046,-12104.601071956311,1253.4726588413466,-0.008752692732637542
H3,hdf_reconstructed,zone_3,reconstructed_velocity_area,mean,cell_order,reconstructed_all_touching_faces,hdf_precipitation,False,False,1274,167,1799.9999712,30.0,1799.9999999999984,False,59.99999904,False,14756.358727255849,429920.918346845,14182101.829216678,/mnt/8tb_hdd2/joyce/hecras-dataset/origin/Linux_RAS_v66/Minxiong_hgn_h1h6/outputs_seed/planH3/Minxiong.p01.hdf,291.31029211839734,653207.533289375,653209.9302407444,138357.3485412851,-4709.573354695755,2242.316690874966,-0.007586560179988562
H3,hgn_target,all,reconstructed_velocity_area,mean,cell_order,native_bc_only,none,False,False,12715,167,1799.9999712,30.0,1799.9999999999984,False,59.99999904,False,14756.358727255849,429920.918346845,202704527.2928998,/mnt/8tb_hdd2/joyce/hecras-dataset/origin/Linux_RAS_v66/Minxiong_hgn_h1h6/outputs_seed/planH3/Minxiong.p01.hdf,75.3247178740183,1357866.227944946,1357866.4008801028,125807.15940788061,12297.578401657707,18026.836863181543,-0.0018324147850725754
H3,hgn_target,zone_3,reconstructed_velocity_area,mean,cell_order,native_bc_only,none,False,False,1274,167,1799.9999712,30.0,1799.9999999999984,False,59.99999904,False,14756.358727255849,429920.918346845,127923763.50467172,/mnt/8tb_hdd2/joyce/hecras-dataset/origin/Linux_RAS_v66/Minxiong_hgn_h1h6/outputs_seed/planH3/Minxiong.p01.hdf,55.66504804115342,2757536.4975576694,2757536.486251385,220405.3471634292,82314.10156113126,49538.02400768119,0.0037992649695385325
H3,hdf_reconstructed,all,reconstructed_velocity_area,mean,cell_order,native_bc_only,none,False,False,12715,167,1799.9999712,30.0,1799.9999999999984,False,59.99999904,False,14756.358727255849,429920.918346845,202424834.99777004,/mnt/8tb_hdd2/joyce/hecras-dataset/origin/Linux_RAS_v66/Minxiong_hgn_h1h6/outputs_seed/planH3/Minxiong.p01.hdf,651.3333929224281,1357866.227944946,1357870.0615669317,125815.13624972547,12260.034036871173,2084.7542538459256,-0.006125771351563729
H3,hdf_reconstructed,zone_3,reconstructed_velocity_area,mean,cell_order,native_bc_only,none,False,False,1274,167,1799.9999712,30.0,1799.9999999999984,False,59.99999904,False,14756.358727255849,429920.918346845,127896879.8749937,/mnt/8tb_hdd2/joyce/hecras-dataset/origin/Linux_RAS_v66/Minxiong_hgn_h1h6/outputs_seed/planH3/Minxiong.p01.hdf,291.31029211839734,2757536.4975576694,2757537.0619681003,220409.3240132994,82289.92283817964,9465.978843093377,-0.003690658696302066
H3,hgn_target,all,reconstructed_velocity_area,mean,cell_order,native_bc_only,hdf_precipitation,False,False,12715,167,1799.9999712,30.0,1799.9999999999984,False,59.99999904,False,14756.358727255849,429920.918346845,36334367.02404427,/mnt/8tb_hdd2/joyce/hecras-dataset/origin/Linux_RAS_v66/Minxiong_hgn_h1h6/outputs_seed/planH3/Minxiong.p01.hdf,75.3247178740183,1357898.6884369452,1357898.754611854,131337.851383377,1114.3410852179836,18027.26638661906,-0.0008121796531682692
H3,hgn_target,zone_3,reconstructed_velocity_area,mean,cell_order,native_bc_only,hdf_precipitation,False,False,1274,167,1799.9999712,30.0,1799.9999999999984,False,59.99999904,False,14756.358727255849,429920.918346845,123330670.81071897,/mnt/8tb_hdd2/joyce/hecras-dataset/origin/Linux_RAS_v66/Minxiong_hgn_h1h6/outputs_seed/planH3/Minxiong.p01.hdf,55.66504804115342,2757420.8621869576,2757420.8343019155,220835.59002339264,79626.27919413963,49535.94636733884,0.003982346416401832
H3,hdf_reconstructed,all,reconstructed_velocity_area,mean,cell_order,native_bc_only,hdf_precipitation,False,False,12715,167,1799.9999712,30.0,1799.9999999999984,False,59.99999904,False,14756.358727255849,429920.918346845,35671286.44635354,/mnt/8tb_hdd2/joyce/hecras-dataset/origin/Linux_RAS_v66/Minxiong_hgn_h1h6/outputs_seed/planH3/Minxiong.p01.hdf,651.3333929224281,1357898.6884369452,1357902.5685936254,131349.34988875233,1076.7967204314475,2084.804162275383,-0.005767821561365752
H3,hdf_reconstructed,zone_3,reconstructed_velocity_area,mean,cell_order,native_bc_only,hdf_precipitation,False,False,1274,167,1799.9999712,30.0,1799.9999999999984,False,59.99999904,False,14756.358727255849,429920.918346845,123303410.51283765,/mnt/8tb_hdd2/joyce/hecras-dataset/origin/Linux_RAS_v66/Minxiong_hgn_h1h6/outputs_seed/planH3/Minxiong.p01.hdf,291.31029211839734,2757420.8621869576,2757421.430003581,220841.27964752898,79602.10047118805,9465.581905643352,-0.003643507688975926
H3,hgn_target,all,reconstructed_velocity_area,mean,negated,reconstructed_all_touching_faces,none,False,False,12715,167,1799.9999712,30.0,1799.9999999999984,False,59.99999904,False,14756.358727255849,429920.918346845,11438306.70881684,/mnt/8tb_hdd2/joyce/hecras-dataset/origin/Linux_RAS_v66/Minxiong_hgn_h1h6/outputs_seed/planH3/Minxiong.p01.hdf,75.3247178740183,816260.2937653867,816260.0130350223,113383.74120326275,891.1062274070998,10836.549224123602,0.0038301491668492906
H3,hgn_target,zone_3,reconstructed_velocity_area,mean,negated,reconstructed_all_touching_faces,none,False,False,1274,167,1799.9999712,30.0,1799.9999999999984,False,59.99999904,False,14756.358727255849,429920.918346845,11117059.363647083,/mnt/8tb_hdd2/joyce/hecras-dataset/origin/Linux_RAS_v66/Minxiong_hgn_h1h6/outputs_seed/planH3/Minxiong.p01.hdf,55.66504804115342,653181.8192503151,653181.8717258873,137912.91124249244,2010.8405580609203,11734.147273940858,-0.0005382423394253195
H3,hdf_reconstructed,all,reconstructed_velocity_area,mean,negated,reconstructed_all_touching_faces,none,False,False,12715,167,1799.9999712,30.0,1799.9999999999984,False,59.99999904,False,14756.358727255849,429920.918346845,10960060.185645277,/mnt/8tb_hdd2/joyce/hecras-dataset/origin/Linux_RAS_v66/Minxiong_hgn_h1h6/outputs_seed/planH3/Minxiong.p01.hdf,651.3333929224281,816260.2937653867,816254.4361545523,113383.2848845836,853.5618626205631,1253.2052632710108,0.009348290107886572
H3,hdf_reconstructed,zone_3,reconstructed_velocity_area,mean,negated,reconstructed_all_touching_faces,none,False,False,1274,167,1799.9999712,30.0,1799.9999999999984,False,59.99999904,False,14756.358727255849,429920.918346845,11116287.255232686,/mnt/8tb_hdd2/joyce/hecras-dataset/origin/Linux_RAS_v66/Minxiong_hgn_h1h6/outputs_seed/planH3/Minxiong.p01.hdf,291.31029211839734,653181.8192503151,653179.5663961638,137915.97380085386,1986.6618351093362,2242.212458908564,0.007785873294748694
H3,hgn_target,all,reconstructed_velocity_area,mean,negated,reconstructed_all_touching_faces,hdf_precipitation,False,False,12715,167,1799.9999712,30.0,1799.9999999999984,False,59.99999904,False,14756.358727255849,429920.918346845,191259544.134352,/mnt/8tb_hdd2/joyce/hecras-dataset/origin/Linux_RAS_v66/Minxiong_hgn_h1h6/outputs_seed/planH3/Minxiong.p01.hdf,75.3247178740183,816454.1519268953,816453.6937099649,119684.07689365218,-10292.131089032631,10839.120500597104,0.005526299843429413
H3,hgn_target,zone_3,reconstructed_velocity_area,mean,negated,reconstructed_all_touching_faces,hdf_precipitation,False,False,1274,167,1799.9999712,30.0,1799.9999999999984,False,59.99999904,False,14756.358727255849,429920.918346845,9547162.964088274,/mnt/8tb_hdd2/joyce/hecras-dataset/origin/Linux_RAS_v66/Minxiong_hgn_h1h6/outputs_seed/planH3/Minxiong.p01.hdf,55.66504804115342,653178.7247114975,653178.7072014161,138835.62358390234,-676.9818089306574,11734.090424542852,0.00023410771114018274
H3,hdf_reconstructed,all,reconstructed_velocity_area,mean,negated,reconstructed_all_touching_faces,hdf_precipitation,False,False,12715,167,1799.9999712,30.0,1799.9999999999984,False,59.99999904,False,14756.358727255849,429920.918346845,191402892.59112966,/mnt/8tb_hdd2/joyce/hecras-dataset/origin/Linux_RAS_v66/Minxiong_hgn_h1h6/outputs_seed/planH3/Minxiong.p01.hdf,651.3333929224281,816454.1519268953,816448.3732550023,119687.04002836712,-10329.67545381916,1253.5030172362726,0.009941527387334797
H3,hdf_reconstructed,zone_3,reconstructed_velocity_area,mean,negated,reconstructed_all_touching_faces,hdf_precipitation,False,False,1274,167,1799.9999712,30.0,1799.9999999999984,False,59.99999904,False,14756.358727255849,429920.918346845,9554330.066775966,/mnt/8tb_hdd2/joyce/hecras-dataset/origin/Linux_RAS_v66/Minxiong_hgn_h1h6/outputs_seed/planH3/Minxiong.p01.hdf,291.31029211839734,653178.7247114975,653176.4861261866,138840.2042115136,-701.1605318822419,2242.2018850632157,0.00798505237634142
H3,hgn_target,all,reconstructed_velocity_area,mean,negated,native_bc_only,none,False,False,12715,167,1799.9999712,30.0,1799.9999999999984,False,59.99999904,False,14756.358727255849,429920.918346845,202704527.29289976,/mnt/8tb_hdd2/joyce/hecras-dataset/origin/Linux_RAS_v66/Minxiong_hgn_h1h6/outputs_seed/planH3/Minxiong.p01.hdf,75.3247178740183,1374082.2582100192,1374082.0914448749,126635.70750702987,12297.578401657718,18242.114012866896,0.0026773621985246524
H3,hgn_target,zone_3,reconstructed_velocity_area,mean,negated,native_bc_only,none,False,False,1274,167,1799.9999712,30.0,1799.9999999999984,False,59.99999904,False,14756.358727255849,429920.918346845,138975732.30032423,/mnt/8tb_hdd2/joyce/hecras-dataset/origin/Linux_RAS_v66/Minxiong_hgn_h1h6/outputs_seed/planH3/Minxiong.p01.hdf,55.66504804115342,2812245.3139753398,2812245.3261634973,223193.86690537632,87296.26306310866,50520.84611665819,0.0035169253006609373
H3,hdf_reconstructed,all,reconstructed_velocity_area,mean,negated,native_bc_only,none,False,False,12715,167,1799.9999712,30.0,1799.9999999999984,False,59.99999904,False,14756.358727255849,429920.918346845,202424834.99776998,/mnt/8tb_hdd2/joyce/hecras-dataset/origin/Linux_RAS_v66/Minxiong_hgn_h1h6/outputs_seed/planH3/Minxiong.p01.hdf,651.3333929224281,1374082.2582100192,1374078.7785609583,126635.2511883508,12260.034036871177,2109.639692194635,0.005120813680454217
H3,hdf_reconstructed,zone_3,reconstructed_velocity_area,mean,negated,native_bc_only,none,False,False,1274,167,1799.9999712,30.0,1799.9999999999984,False,59.99999904,False,14756.358727255849,429920.918346845,138950551.94301373,/mnt/8tb_hdd2/joyce/hecras-dataset/origin/Linux_RAS_v66/Minxiong_hgn_h1h6/outputs_seed/planH3/Minxiong.p01.hdf,291.31029211839734,2812245.3139753398,2812244.790720499,223196.9294637378,87272.08434015703,9653.777661853146,-2.1420164926044228e-05
H3,hgn_target,all,reconstructed_velocity_area,mean,negated,native_bc_only,hdf_precipitation,False,False,12715,167,1799.9999712,30.0,1799.9999999999984,False,59.99999904,False,14756.358727255849,429920.918346845,36334367.02404424,/mnt/8tb_hdd2/joyce/hecras-dataset/origin/Linux_RAS_v66/Minxiong_hgn_h1h6/outputs_seed/planH3/Minxiong.p01.hdf,75.3247178740183,1374166.7376203998,1374166.4653731987,132943.30558694786,1114.3410852179834,18243.2341488688,0.0036851315156005413
H3,hgn_target,zone_3,reconstructed_velocity_area,mean,negated,native_bc_only,hdf_precipitation,False,False,1274,167,1799.9999712,30.0,1799.9999999999984,False,59.99999904,False,14756.358727255849,429920.918346845,134308409.127709,/mnt/8tb_hdd2/joyce/hecras-dataset/origin/Linux_RAS_v66/Minxiong_hgn_h1h6/outputs_seed/planH3/Minxiong.p01.hdf,55.66504804115342,2812124.136463025,2812124.132395917,224115.19799755202,84608.44069611706,50518.668919802265,0.003696450947360457
H3,hdf_reconstructed,all,reconstructed_velocity_area,mean,negated,native_bc_only,hdf_precipitation,False,False,12715,167,1799.9999712,30.0,1799.9999999999984,False,59.99999904,False,14756.358727255849,429920.918346845,35671286.44635348,/mnt/8tb_hdd2/joyce/hecras-dataset/origin/Linux_RAS_v66/Minxiong_hgn_h1h6/outputs_seed/planH3/Minxiong.p01.hdf,651.3333929224281,1374166.7376203998,1374163.3042598567,132946.26872166264,1076.7967204314484,2109.769465517816,0.005473617020056341
H3,hdf_reconstructed,zone_3,reconstructed_velocity_area,mean,negated,native_bc_only,hdf_precipitation,False,False,1274,167,1799.9999712,30.0,1799.9999999999984,False,59.99999904,False,14756.358727255849,429920.918346845,134282927.24017036,/mnt/8tb_hdd2/joyce/hecras-dataset/origin/Linux_RAS_v66/Minxiong_hgn_h1h6/outputs_seed/planH3/Minxiong.p01.hdf,291.31029211839734,2812124.136463025,2812123.616502363,224119.77862516328,84584.26197316548,9653.361699144603,2.4863213656865172e-05
H3,hgn_target,all,reconstructed_velocity_area,minimum,cell_order,reconstructed_all_touching_faces,none,False,False,12715,167,1799.9999712,30.0,1799.9999999999984,False,59.99999904,False,14756.358727255849,429920.918346845,11379771.782838,/mnt/8tb_hdd2/joyce/hecras-dataset/origin/Linux_RAS_v66/Minxiong_hgn_h1h6/outputs_seed/planH3/Minxiong.p01.hdf,75.3247178740183,811926.1432057441,811926.4466634879,110656.76839077809,-883.8193907300523,10779.01742720692,-0.0040398757303114294
H3,hgn_target,zone_3,reconstructed_velocity_area,minimum,cell_order,reconstructed_all_touching_faces,none,False,False,1274,167,1799.9999712,30.0,1799.9999999999984,False,59.99999904,False,14756.358727255849,429920.918346845,11490395.402998483,/mnt/8tb_hdd2/joyce/hecras-dataset/origin/Linux_RAS_v66/Minxiong_hgn_h1h6/outputs_seed/planH3/Minxiong.p01.hdf,55.66504804115342,660372.6974008724,660372.6722855577,133777.536794719,-2972.440805009792,11863.327088074033,-4.462941407170796e-05
H3,hdf_reconstructed,all,reconstructed_velocity_area,minimum,cell_order,reconstructed_all_touching_faces,none,False,False,12715,167,1799.9999712,30.0,1799.9999999999984,False,59.99999904,False,14756.358727255849,429920.918346845,11908633.088640537,/mnt/8tb_hdd2/joyce/hecras-dataset/origin/Linux_RAS_v66/Minxiong_hgn_h1h6/outputs_seed/planH3/Minxiong.p01.hdf,651.3333929224281,811926.1432057441,811931.7419381924,110660.83407717981,-921.3637555165877,1246.5685787967748,-0.008148886535023181
H3,hdf_reconstructed,zone_3,reconstructed_velocity_area,minimum,cell_order,reconstructed_all_touching_faces,none,False,False,1274,167,1799.9999712,30.0,1799.9999999999984,False,59.99999904,False,14756.358727255849,429920.918346845,11494432.81039185,/mnt/8tb_hdd2/joyce/hecras-dataset/origin/Linux_RAS_v66/Minxiong_hgn_h1h6/outputs_seed/planH3/Minxiong.p01.hdf,291.31029211839734,660372.6974008724,660375.0158994469,133783.38343038122,-2996.619527961375,2266.9127516821495,-0.007480272483965709
H3,hgn_target,all,reconstructed_velocity_area,minimum,cell_order,reconstructed_all_touching_faces,hdf_precipitation,False,False,12715,167,1799.9999712,30.0,1799.9999999999984,False,59.99999904,False,14756.358727255849,429920.918346845,205139630.0083996,/mnt/8tb_hdd2/joyce/hecras-dataset/origin/Linux_RAS_v66/Minxiong_hgn_h1h6/outputs_seed/planH3/Minxiong.p01.hdf,75.3247178740183,812086.24123216,812086.3661219914,116521.96202553678,-12067.056707169773,10781.14049468088,-0.002333586220772497
H3,hgn_target,zone_3,reconstructed_velocity_area,minimum,cell_order,reconstructed_all_touching_faces,hdf_precipitation,False,False,1274,167,1799.9999712,30.0,1799.9999999999984,False,59.99999904,False,14756.358727255849,429920.918346845,14942424.180545466,/mnt/8tb_hdd2/joyce/hecras-dataset/origin/Linux_RAS_v66/Minxiong_hgn_h1h6/outputs_seed/planH3/Minxiong.p01.hdf,55.66504804115342,660404.7504021496,660404.6560679162,134492.1041084344,-5660.263172001371,11863.901663745553,0.0007192987180652875
H3,hdf_reconstructed,all,reconstructed_velocity_area,minimum,cell_order,reconstructed_all_touching_faces,hdf_precipitation,False,False,12715,167,1799.9999712,30.0,1799.9999999999984,False,59.99999904,False,14756.358727255849,429920.918346845,205329369.90858567,/mnt/8tb_hdd2/joyce/hecras-dataset/origin/Linux_RAS_v66/Minxiong_hgn_h1h6/outputs_seed/planH3/Minxiong.p01.hdf,651.3333929224281,812086.24123216,812091.9168249702,116528.4696185417,-12104.601071956316,1246.8144972288992,-0.00755023877174394
H3,hdf_reconstructed,zone_3,reconstructed_velocity_area,minimum,cell_order,reconstructed_all_touching_faces,hdf_precipitation,False,False,1274,167,1799.9999712,30.0,1799.9999999999984,False,59.99999904,False,14756.358727255849,429920.918346845,14950682.540364468,/mnt/8tb_hdd2/joyce/hecras-dataset/origin/Linux_RAS_v66/Minxiong_hgn_h1h6/outputs_seed/planH3/Minxiong.p01.hdf,291.31029211839734,660404.7504021496,660407.0829113667,134496.9929325897,-5684.441894952954,2267.0228302230985,-0.0072831063126226935
H3,hgn_target,all,reconstructed_velocity_area,minimum,cell_order,native_bc_only,none,False,False,12715,167,1799.9999712,30.0,1799.9999999999984,False,59.99999904,False,14756.358727255849,429920.918346845,202704527.29289973,/mnt/8tb_hdd2/joyce/hecras-dataset/origin/Linux_RAS_v66/Minxiong_hgn_h1h6/outputs_seed/planH3/Minxiong.p01.hdf,75.3247178740183,1355264.6272899506,1355264.8090886197,123079.55858097378,12297.578401657722,17992.298508908058,-0.0019493335393515098
H3,hgn_target,zone_3,reconstructed_velocity_area,minimum,cell_order,native_bc_only,none,False,False,1274,167,1799.9999712,30.0,1799.9999999999984,False,59.99999904,False,14756.358727255849,429920.918346845,126442962.04713364,/mnt/8tb_hdd2/joyce/hecras-dataset/origin/Linux_RAS_v66/Minxiong_hgn_h1h6/outputs_seed/planH3/Minxiong.p01.hdf,55.66504804115342,2759248.6560359094,2759248.650025046,216267.71657886577,81339.233020874,49568.782335104086,0.0036587098808618826
H3,hdf_reconstructed,all,reconstructed_velocity_area,minimum,cell_order,native_bc_only,none,False,False,12715,167,1799.9999712,30.0,1799.9999999999984,False,59.99999904,False,14756.358727255849,429920.918346845,202424834.99777,/mnt/8tb_hdd2/joyce/hecras-dataset/origin/Linux_RAS_v66/Minxiong_hgn_h1h6/outputs_seed/planH3/Minxiong.p01.hdf,651.3333929224281,1355264.6272899506,1355267.981444704,123083.62426737564,12260.03403687119,2080.7592489060553,-0.005389053922700526
H3,hdf_reconstructed,zone_3,reconstructed_velocity_area,minimum,cell_order,native_bc_only,none,False,False,1274,167,1799.9999712,30.0,1799.9999999999984,False,59.99999904,False,14756.358727255849,429920.918346845,126416039.24280983,/mnt/8tb_hdd2/joyce/hecras-dataset/origin/Linux_RAS_v66/Minxiong_hgn_h1h6/outputs_seed/planH3/Minxiong.p01.hdf,291.31029211839734,2759248.6560359094,2759249.210924534,216273.56321452803,81315.05429792244,9471.856249428673,-0.0036354464812184467
H3,hgn_target,all,reconstructed_velocity_area,minimum,cell_order,native_bc_only,hdf_precipitation,False,False,12715,167,1799.9999712,30.0,1799.9999999999984,False,59.99999904,False,14756.358727255849,429920.918346845,36334367.02404427,/mnt/8tb_hdd2/joyce/hecras-dataset/origin/Linux_RAS_v66/Minxiong_hgn_h1h6/outputs_seed/planH3/Minxiong.p01.hdf,75.3247178740183,1355295.5812430242,1355295.6560763821,128944.12611933865,1114.3410852179832,17992.708029031506,-0.0009271332993995126
H3,hgn_target,zone_3,reconstructed_velocity_area,minimum,cell_order,native_bc_only,hdf_precipitation,False,False,1274,167,1799.9999712,30.0,1799.9999999999984,False,59.99999904,False,14756.358727255849,429920.918346845,121849623.06816073,/mnt/8tb_hdd2/joyce/hecras-dataset/origin/Linux_RAS_v66/Minxiong_hgn_h1h6/outputs_seed/planH3/Minxiong.p01.hdf,55.66504804115342,2759134.6766752074,2759134.65409611,216976.0352146782,78651.41065388243,49566.73444449862,0.0038416729128150683
H3,hdf_reconstructed,all,reconstructed_velocity_area,minimum,cell_order,native_bc_only,hdf_precipitation,False,False,12715,167,1799.9999712,30.0,1799.9999999999984,False,59.99999904,False,14756.358727255849,429920.918346845,35671286.446353555,/mnt/8tb_hdd2/joyce/hecras-dataset/origin/Linux_RAS_v66/Minxiong_hgn_h1h6/outputs_seed/planH3/Minxiong.p01.hdf,651.3333929224281,1355295.5812430242,1355298.98203708,128950.63371234342,1076.7967204314477,2080.806844488767,-0.005030469840607465
H3,hdf_reconstructed,zone_3,reconstructed_velocity_area,minimum,cell_order,native_bc_only,hdf_precipitation,False,False,1274,167,1799.9999712,30.0,1799.9999999999984,False,59.99999904,False,14756.358727255849,429920.918346845,121822317.48475172,/mnt/8tb_hdd2/joyce/hecras-dataset/origin/Linux_RAS_v66/Minxiong_hgn_h1h6/outputs_seed/planH3/Minxiong.p01.hdf,291.31029211839734,2759134.6766752074,2759135.234967177,216980.92403883353,78627.23193093087,9471.464996663353,-0.0035883236609376146
H3,hgn_target,all,reconstructed_velocity_area,minimum,negated,reconstructed_all_touching_faces,none,False,False,12715,167,1799.9999712,30.0,1799.9999999999984,False,59.99999904,False,14756.358727255849,429920.918346845,11438306.70881684,/mnt/8tb_hdd2/joyce/hecras-dataset/origin/Linux_RAS_v66/Minxiong_hgn_h1h6/outputs_seed/planH3/Minxiong.p01.hdf,75.3247178740183,811926.1432057441,811925.8467359792,110656.02040478829,891.1062274070998,10779.009462656562,0.0040398757303114294
H3,hgn_target,zone_3,reconstructed_velocity_area,minimum,negated,reconstructed_all_touching_faces,none,False,False,1274,167,1799.9999712,30.0,1799.9999999999984,False,59.99999904,False,14756.358727255849,429920.918346845,11508333.565306982,/mnt/8tb_hdd2/joyce/hecras-dataset/origin/Linux_RAS_v66/Minxiong_hgn_h1h6/outputs_seed/planH3/Minxiong.p01.hdf,55.66504804115342,660372.6974008724,660372.7272083809,133775.08233581606,2985.7090983181197,11863.328074740264,4.462941407170796e-05
H3,hdf_reconstructed,all,reconstructed_velocity_area,minimum,negated,reconstructed_all_touching_faces,none,False,False,12715,167,1799.9999712,30.0,1799.9999999999984,False,59.99999904,False,14756.358727255849,429920.918346845,10960060.18564528,/mnt/8tb_hdd2/joyce/hecras-dataset/origin/Linux_RAS_v66/Minxiong_hgn_h1h6/outputs_seed/planH3/Minxiong.p01.hdf,651.3333929224281,811926.1432057441,811921.066942777,110663.82760882177,853.5618626205624,1246.5521893477899,0.008148886535023181
H3,hdf_reconstructed,zone_3,reconstructed_velocity_area,minimum,negated,reconstructed_all_touching_faces,none,False,False,1274,167,1799.9999712,30.0,1799.9999999999984,False,59.99999904,False,14756.358727255849,429920.918346845,11504558.264835669,/mnt/8tb_hdd2/joyce/hecras-dataset/origin/Linux_RAS_v66/Minxiong_hgn_h1h6/outputs_seed/planH3/Minxiong.p01.hdf,291.31029211839734,660372.6974008724,660370.5074003426,133782.75510511102,2961.5303753665353,2266.897275060738,0.007480272483965709
H3,hgn_target,all,reconstructed_velocity_area,minimum,negated,reconstructed_all_touching_faces,hdf_precipitation,False,False,12715,167,1799.9999712,30.0,1799.9999999999984,False,59.99999904,False,14756.358727255849,429920.918346845,191259544.134352,/mnt/8tb_hdd2/joyce/hecras-dataset/origin/Linux_RAS_v66/Minxiong_hgn_h1h6/outputs_seed/planH3/Minxiong.p01.hdf,75.3247178740183,812123.6541029377,812123.1792052794,117107.13196991345,-10292.13108903263,10781.629219820874,0.005745022376415317
H3,hgn_target,zone_3,reconstructed_velocity_area,minimum,negated,reconstructed_all_touching_faces,hdf_precipitation,False,False,1274,167,1799.9999712,30.0,1799.9999999999984,False,59.99999904,False,14756.358727255849,429920.918346845,9298287.801587991,/mnt/8tb_hdd2/joyce/hecras-dataset/origin/Linux_RAS_v66/Minxiong_hgn_h1h6/outputs_seed/planH3/Minxiong.p01.hdf,55.66504804115342,660363.0172524112,660362.9778358504,134876.47353331617,297.8867313265411,11863.152931218907,0.0008085769986506526
H3,hdf_reconstructed,all,reconstructed_velocity_area,minimum,negated,reconstructed_all_touching_faces,hdf_precipitation,False,False,12715,167,1799.9999712,30.0,1799.9999999999984,False,59.99999904,False,14756.358727255849,429920.918346845,191402892.59112972,/mnt/8tb_hdd2/joyce/hecras-dataset/origin/Linux_RAS_v66/Minxiong_hgn_h1h6/outputs_seed/planH3/Minxiong.p01.hdf,651.3333929224281,812123.6541029377,812118.6570360846,117116.89922248515,-10329.675453819162,1246.8555517969667,0.008745445596499216
H3,hdf_reconstructed,zone_3,reconstructed_velocity_area,minimum,negated,reconstructed_all_touching_faces,hdf_precipitation,False,False,1274,167,1799.9999712,30.0,1799.9999999999984,False,59.99999904,False,14756.358727255849,429920.918346845,9301900.041165376,/mnt/8tb_hdd2/joyce/hecras-dataset/origin/Linux_RAS_v66/Minxiong_hgn_h1h6/outputs_seed/planH3/Minxiong.p01.hdf,291.31029211839734,660363.0172524112,660360.8413439392,134883.56755206131,273.70800837495733,2266.8640937531604,0.007677314358920299
H3,hgn_target,all,reconstructed_velocity_area,minimum,negated,native_bc_only,none,False,False,12715,167,1799.9999712,30.0,1799.9999999999984,False,59.99999904,False,14756.358727255849,429920.918346845,202704527.29289976,/mnt/8tb_hdd2/joyce/hecras-dataset/origin/Linux_RAS_v66/Minxiong_hgn_h1h6/outputs_seed/planH3/Minxiong.p01.hdf,75.3247178740183,1371510.540590798,1371510.3650824684,123907.75425961833,12297.578401657714,18207.972147686494,0.0027944404615960917
H3,hgn_target,zone_3,reconstructed_velocity_area,minimum,negated,native_bc_only,none,False,False,1274,167,1799.9999712,30.0,1799.9999999999984,False,59.99999904,False,14756.358727255849,429920.918346845,140400941.7530053,/mnt/8tb_hdd2/joyce/hecras-dataset/origin/Linux_RAS_v66/Minxiong_hgn_h1h6/outputs_seed/planH3/Minxiong.p01.hdf,55.66504804115342,2813924.1845596344,2813924.1915548714,219056.03799870002,88271.13160336584,50551.0062521553,0.00365034205457579
H3,hdf_reconstructed,all,reconstructed_velocity_area,minimum,negated,native_bc_only,none,False,False,12715,167,1799.9999712,30.0,1799.9999999999984,False,59.99999904,False,14756.358727255849,429920.918346845,202424834.99776998,/mnt/8tb_hdd2/joyce/hecras-dataset/origin/Linux_RAS_v66/Minxiong_hgn_h1h6/outputs_seed/planH3/Minxiong.p01.hdf,651.3333929224281,1371510.540590798,1371507.5354791917,123915.56146365173,12260.034036871177,2105.6920317342524,0.004390805535378965
H3,hdf_reconstructed,zone_3,reconstructed_velocity_area,minimum,negated,native_bc_only,none,False,False,1274,167,1799.9999712,30.0,1799.9999999999984,False,59.99999904,False,14756.358727255849,429920.918346845,140375768.7350641,/mnt/8tb_hdd2/joyce/hecras-dataset/origin/Linux_RAS_v66/Minxiong_hgn_h1h6/outputs_seed/planH3/Minxiong.p01.hdf,291.31029211839734,2813924.1845596344,2813923.670610361,219063.71076799498,88246.95288041429,9659.540863275428,-7.326447160204279e-05
H3,hgn_target,all,reconstructed_velocity_area,minimum,negated,native_bc_only,hdf_precipitation,False,False,12715,167,1799.9999712,30.0,1799.9999999999984,False,59.99999904,False,14756.358727255849,429920.918346845,36334367.02404428,/mnt/8tb_hdd2/joyce/hecras-dataset/origin/Linux_RAS_v66/Minxiong_hgn_h1h6/outputs_seed/planH3/Minxiong.p01.hdf,75.3247178740183,1371596.728604386,1371596.4474171097,130366.12821427191,1114.3410852179834,18209.114964242213,0.00380408251589939
H3,hgn_target,zone_3,reconstructed_velocity_area,minimum,negated,native_bc_only,hdf_precipitation,False,False,1274,167,1799.9999712,30.0,1799.9999999999984,False,59.99999904,False,14756.358727255849,429920.918346845,135732737.91520694,/mnt/8tb_hdd2/joyce/hecras-dataset/origin/Linux_RAS_v66/Minxiong_hgn_h1h6/outputs_seed/planH3/Minxiong.p01.hdf,55.66504804115342,2813801.525875072,2813801.5166245126,220156.0479469659,85583.30923637426,50548.80244681109,0.0038297650961339963
H3,hdf_reconstructed,all,reconstructed_velocity_area,minimum,negated,native_bc_only,hdf_precipitation,False,False,12715,167,1799.9999712,30.0,1799.9999999999984,False,59.99999904,False,14756.358727255849,429920.918346845,35671286.446353465,/mnt/8tb_hdd2/joyce/hecras-dataset/origin/Linux_RAS_v66/Minxiong_hgn_h1h6/outputs_seed/planH3/Minxiong.p01.hdf,651.3333929224281,1371596.728604386,1371593.769842529,130375.89546684342,1076.7967204314477,2105.8244283905183,0.004744338133906543
H3,hdf_reconstructed,zone_3,reconstructed_velocity_area,minimum,negated,native_bc_only,hdf_precipitation,False,False,1274,167,1799.9999712,30.0,1799.9999999999984,False,59.99999904,False,14756.358727255849,429920.918346845,135707266.62085456,/mnt/8tb_hdd2/joyce/hecras-dataset/origin/Linux_RAS_v66/Minxiong_hgn_h1h6/outputs_seed/planH3/Minxiong.p01.hdf,291.31029211839734,2813801.525875072,2813801.015218143,220163.14196571105,85559.13051342267,9659.119816043192,-2.7008959267769625e-05
H3,hgn_target,all,reconstructed_velocity_area,maximum,cell_order,reconstructed_all_touching_faces,none,False,False,12715,167,1799.9999712,30.0,1799.9999999999984,False,59.99999904,False,14756.358727255849,429920.918346845,11379771.782838004,/mnt/8tb_hdd2/joyce/hecras-dataset/origin/Linux_RAS_v66/Minxiong_hgn_h1h6/outputs_seed/planH3/Minxiong.p01.hdf,75.3247178740183,861107.7944091372,861108.0095664749,149732.81799866052,-883.819390730052,11431.944703818084,-0.0028658666528046323
H3,hgn_target,zone_3,reconstructed_velocity_area,maximum,cell_order,reconstructed_all_touching_faces,none,False,False,1274,167,1799.9999712,30.0,1799.9999999999984,False,59.99999904,False,14756.358727255849,429920.918346845,20323655.172437295,/mnt/8tb_hdd2/joyce/hecras-dataset/origin/Linux_RAS_v66/Minxiong_hgn_h1h6/outputs_seed/planH3/Minxiong.p01.hdf,55.66504804115342,689895.773046672,689895.6374978786,204412.04120942473,9823.137382273211,12393.695178127498,0.004201594893064964
H3,hdf_reconstructed,all,reconstructed_velocity_area,maximum,cell_order,reconstructed_all_touching_faces,none,False,False,12715,167,1799.9999712,30.0,1799.9999999999984,False,59.99999904,False,14756.358727255849,429920.918346845,11908633.088640535,/mnt/8tb_hdd2/joyce/hecras-dataset/origin/Linux_RAS_v66/Minxiong_hgn_h1h6/outputs_seed/planH3/Minxiong.p01.hdf,651.3333929224281,861107.7944091372,861116.8030779802,149744.890368251,-921.3637555165884,1322.082995337131,-0.013417547362717186
H3,hdf_reconstructed,zone_3,reconstructed_velocity_area,maximum,cell_order,reconstructed_all_touching_faces,none,False,False,1274,167,1799.9999712,30.0,1799.9999999999984,False,59.99999904,False,14756.358727255849,429920.918346845,20296166.580533,/mnt/8tb_hdd2/joyce/hecras-dataset/origin/Linux_RAS_v66/Minxiong_hgn_h1h6/outputs_seed/planH3/Minxiong.p01.hdf,291.31029211839734,689895.773046672,689899.1855421601,204418.37025620107,9798.958659321626,2368.2623106970905,-0.012383891444608377
H3,hgn_target,all,reconstructed_velocity_area,maximum,cell_order,reconstructed_all_touching_faces,hdf_precipitation,False,False,12715,167,1799.9999712,30.0,1799.9999999999984,False,59.99999904,False,14756.358727255849,429920.918346845,205139630.0083996,/mnt/8tb_hdd2/joyce/hecras-dataset/origin/Linux_RAS_v66/Minxiong_hgn_h1h6/outputs_seed/planH3/Minxiong.p01.hdf,75.3247178740183,861286.7224033289,861286.7692050287,155080.1833811701,-12067.056707169777,11434.317890782457,-0.0012570846101558845
H3,hgn_target,zone_3,reconstructed_velocity_area,maximum,cell_order,reconstructed_all_touching_faces,hdf_precipitation,False,False,1274,167,1799.9999712,30.0,1799.9999999999984,False,59.99999904,False,14756.358727255849,429920.918346845,19260593.018768225,/mnt/8tb_hdd2/joyce/hecras-dataset/origin/Linux_RAS_v66/Minxiong_hgn_h1h6/outputs_seed/planH3/Minxiong.p01.hdf,55.66504804115342,689863.4349598733,689863.23314043,204425.0412498854,7135.315015281632,12393.113046995144,0.004932908709855102
H3,hdf_reconstructed,all,reconstructed_velocity_area,maximum,cell_order,reconstructed_all_touching_faces,hdf_precipitation,False,False,12715,167,1799.9999712,30.0,1799.9999999999984,False,59.99999904,False,14756.358727255849,429920.918346845,205329369.90858582,/mnt/8tb_hdd2/joyce/hecras-dataset/origin/Linux_RAS_v66/Minxiong_hgn_h1h6/outputs_seed/planH3/Minxiong.p01.hdf,651.3333929224281,861286.7224033289,861295.802710883,155094.544923367,-12104.601071956313,1322.357815628625,-0.012852297551779789
H3,hdf_reconstructed,zone_3,reconstructed_velocity_area,maximum,cell_order,reconstructed_all_touching_faces,hdf_precipitation,False,False,1274,167,1799.9999712,30.0,1799.9999999999984,False,59.99999904,False,14756.358727255849,429920.918346845,19235590.207926452,/mnt/8tb_hdd2/joyce/hecras-dataset/origin/Linux_RAS_v66/Minxiong_hgn_h1h6/outputs_seed/planH3/Minxiong.p01.hdf,291.31029211839734,689863.4349598733,689866.8611353866,204432.8519386321,7111.1362923300485,2368.151348579898,-0.012195286296780197
H3,hgn_target,all,reconstructed_velocity_area,maximum,cell_order,native_bc_only,none,False,False,12715,167,1799.9999712,30.0,1799.9999999999984,False,59.99999904,False,14756.358727255849,429920.918346845,202704527.2928998,/mnt/8tb_hdd2/joyce/hecras-dataset/origin/Linux_RAS_v66/Minxiong_hgn_h1h6/outputs_seed/planH3/Minxiong.p01.hdf,75.3247178740183,1385289.9109069968,1385290.0446506077,162155.60818885625,12297.578401657707,18390.909169650335,-0.0013207099606688244
H3,hgn_target,zone_3,reconstructed_velocity_area,maximum,cell_order,native_bc_only,none,False,False,1274,167,1799.9999712,30.0,1799.9999999999984,False,59.99999904,False,14756.358727255849,429920.918346845,142974370.10763714,/mnt/8tb_hdd2/joyce/hecras-dataset/origin/Linux_RAS_v66/Minxiong_hgn_h1h6/outputs_seed/planH3/Minxiong.p01.hdf,55.66504804115342,2766462.9446336585,2766462.9108307376,286902.22099357157,94134.81120815703,49698.38360303721,0.004708643182274537
H3,hdf_reconstructed,all,reconstructed_velocity_area,maximum,cell_order,native_bc_only,none,False,False,12715,167,1799.9999712,30.0,1799.9999999999984,False,59.99999904,False,14756.358727255849,429920.918346845,202424834.99777004,/mnt/8tb_hdd2/joyce/hecras-dataset/origin/Linux_RAS_v66/Minxiong_hgn_h1h6/outputs_seed/planH3/Minxiong.p01.hdf,651.3333929224281,1385289.9109069968,1385295.5107888666,162167.68055844677,12260.034036871184,2126.860876230019,-0.008836730885078165
H3,hdf_reconstructed,zone_3,reconstructed_velocity_area,maximum,cell_order,native_bc_only,none,False,False,1274,167,1799.9999712,30.0,1799.9999999999984,False,59.99999904,False,14756.358727255849,429920.918346845,142946330.67499,/mnt/8tb_hdd2/joyce/hecras-dataset/origin/Linux_RAS_v66/Minxiong_hgn_h1h6/outputs_seed/planH3/Minxiong.p01.hdf,291.31029211839734,2766462.9446336585,2766463.7956378907,286908.5500403479,94110.63248520545,9496.62222889645,-0.0049296342148337615
H3,hgn_target,all,reconstructed_velocity_area,maximum,cell_order,native_bc_only,hdf_precipitation,False,False,12715,167,1799.9999712,30.0,1799.9999999999984,False,59.99999904,False,14756.358727255849,429920.918346845,36334367.02404434,/mnt/8tb_hdd2/joyce/hecras-dataset/origin/Linux_RAS_v66/Minxiong_hgn_h1h6/outputs_seed/planH3/Minxiong.p01.hdf,75.3247178740183,1385337.5845737716,1385337.6136711428,167502.34747497196,1114.341085217985,18391.540689048983,-0.0003207011996241849
H3,hgn_target,zone_3,reconstructed_velocity_area,maximum,cell_order,native_bc_only,hdf_precipitation,False,False,1274,167,1799.9999712,30.0,1799.9999999999984,False,59.99999904,False,14756.358727255849,429920.918346845,138448008.75515673,/mnt/8tb_hdd2/joyce/hecras-dataset/origin/Linux_RAS_v66/Minxiong_hgn_h1h6/outputs_seed/planH3/Minxiong.p01.hdf,55.66504804115342,2766333.5461531947,2766333.4958238215,286908.9723561293,91446.98884116545,49696.05871495267,0.004891174820459814
H3,hdf_reconstructed,all,reconstructed_velocity_area,maximum,cell_order,native_bc_only,hdf_precipitation,False,False,12715,167,1799.9999712,30.0,1799.9999999999984,False,59.99999904,False,14756.358727255849,429920.918346845,35671286.44635347,/mnt/8tb_hdd2/joyce/hecras-dataset/origin/Linux_RAS_v66/Minxiong_hgn_h1h6/outputs_seed/planH3/Minxiong.p01.hdf,651.3333929224281,1385337.5845737716,1385343.2299657026,167516.70901716905,1076.7967204314484,2126.934140056739,-0.008485609271422574
H3,hdf_reconstructed,zone_3,reconstructed_velocity_area,maximum,cell_order,native_bc_only,hdf_precipitation,False,False,1274,167,1799.9999712,30.0,1799.9999999999984,False,59.99999904,False,14756.358727255849,429920.918346845,138419608.95390508,/mnt/8tb_hdd2/joyce/hecras-dataset/origin/Linux_RAS_v66/Minxiong_hgn_h1h6/outputs_seed/planH3/Minxiong.p01.hdf,291.31029211839734,2766333.5461531947,2766334.4005688587,286916.783044876,91422.81011821392,9496.17804593233,-0.004882650018527611
H3,hgn_target,all,reconstructed_velocity_area,maximum,negated,reconstructed_all_touching_faces,none,False,False,12715,167,1799.9999712,30.0,1799.9999999999984,False,59.99999904,False,14756.358727255849,429920.918346845,11438306.708816836,/mnt/8tb_hdd2/joyce/hecras-dataset/origin/Linux_RAS_v66/Minxiong_hgn_h1h6/outputs_seed/planH3/Minxiong.p01.hdf,75.3247178740183,861107.7944091372,861107.5858407165,149732.4087158963,891.1062274070993,11431.939078496538,0.0028658666528046323
H3,hgn_target,zone_3,reconstructed_velocity_area,maximum,negated,reconstructed_all_touching_faces,none,False,False,1274,167,1799.9999712,30.0,1799.9999999999984,False,59.99999904,False,14756.358727255849,429920.918346845,20317848.926056653,/mnt/8tb_hdd2/joyce/hecras-dataset/origin/Linux_RAS_v66/Minxiong_hgn_h1h6/outputs_seed/planH3/Minxiong.p01.hdf,55.66504804115342,689895.773046672,689895.9130868372,204410.11212304689,-9809.869088964886,12393.700128971308,-0.004201594893064964
H3,hdf_reconstructed,all,reconstructed_velocity_area,maximum,negated,reconstructed_all_touching_faces,none,False,False,12715,167,1799.9999712,30.0,1799.9999999999984,False,59.99999904,False,14756.358727255849,429920.918346845,10960060.185645284,/mnt/8tb_hdd2/joyce/hecras-dataset/origin/Linux_RAS_v66/Minxiong_hgn_h1h6/outputs_seed/planH3/Minxiong.p01.hdf,651.3333929224281,861107.7944091372,861099.2783131765,149724.5967207493,853.5618626205638,1322.0560893547354,0.013417547362717186
H3,hdf_reconstructed,zone_3,reconstructed_velocity_area,maximum,negated,reconstructed_all_touching_faces,none,False,False,1274,167,1799.9999712,30.0,1799.9999999999984,False,59.99999904,False,14756.358727255849,429920.918346845,20345453.674456246,/mnt/8tb_hdd2/joyce/hecras-dataset/origin/Linux_RAS_v66/Minxiong_hgn_h1h6/outputs_seed/planH3/Minxiong.p01.hdf,291.31029211839734,689895.773046672,689892.4835414336,204405.84718057336,-9834.047811916467,2368.239304298388,0.012383891444608377
H3,hgn_target,all,reconstructed_velocity_area,maximum,negated,reconstructed_all_touching_faces,hdf_precipitation,False,False,12715,167,1799.9999712,30.0,1799.9999999999984,False,59.99999904,False,14756.358727255849,429920.918346845,191259544.13435206,/mnt/8tb_hdd2/joyce/hecras-dataset/origin/Linux_RAS_v66/Minxiong_hgn_h1h6/outputs_seed/planH3/Minxiong.p01.hdf,75.3247178740183,861266.0551224842,861265.6782773269,155482.67501381415,-10292.13108903263,11434.037890693548,0.004474005410064855
H3,hgn_target,zone_3,reconstructed_velocity_area,maximum,negated,reconstructed_all_touching_faces,hdf_precipitation,False,False,1274,167,1799.9999712,30.0,1799.9999999999984,False,59.99999904,False,14756.358727255849,429920.918346845,22364229.68895788,/mnt/8tb_hdd2/joyce/hecras-dataset/origin/Linux_RAS_v66/Minxiong_hgn_h1h6/outputs_seed/planH3/Minxiong.p01.hdf,55.66504804115342,689949.5245335855,689949.5983068395,204703.23744277956,-12497.691455956456,12394.664562163975,-0.0034702245892012443
H3,hdf_reconstructed,all,reconstructed_velocity_area,maximum,negated,reconstructed_all_touching_faces,hdf_precipitation,False,False,12715,167,1799.9999712,30.0,1799.9999999999984,False,59.99999904,False,14756.358727255849,429920.918346845,191402892.59112975,/mnt/8tb_hdd2/joyce/hecras-dataset/origin/Linux_RAS_v66/Minxiong_hgn_h1h6/outputs_seed/planH3/Minxiong.p01.hdf,651.3333929224281,861266.0551224842,861257.6141048587,155477.67709373526,-10329.675453819173,1322.2991842020174,0.013979804658995789
H3,hdf_reconstructed,zone_3,reconstructed_velocity_area,maximum,negated,reconstructed_all_touching_faces,hdf_precipitation,False,False,1274,167,1799.9999712,30.0,1799.9999999999984,False,59.99999904,False,14756.358727255849,429920.918346845,22392751.924091283,/mnt/8tb_hdd2/joyce/hecras-dataset/origin/Linux_RAS_v66/Minxiong_hgn_h1h6/outputs_seed/planH3/Minxiong.p01.hdf,291.31029211839734,689949.5245335855,689946.2488031278,204701.43129906864,-12521.87017890804,2368.423867848489,0.012572297473059052
H3,hgn_target,all,reconstructed_velocity_area,maximum,negated,native_bc_only,none,False,False,12715,167,1799.9999712,30.0,1799.9999999999984,False,59.99999904,False,14756.358727255849,429920.918346845,202704527.2928998,/mnt/8tb_hdd2/joyce/hecras-dataset/origin/Linux_RAS_v66/Minxiong_hgn_h1h6/outputs_seed/planH3/Minxiong.p01.hdf,75.3247178740183,1401189.4600519368,1401189.3318752092,162984.60746860056,12297.57840165771,18601.985794606215,0.0021555306788963464
H3,hgn_target,zone_3,reconstructed_velocity_area,maximum,negated,native_bc_only,none,False,False,1274,167,1799.9999712,30.0,1799.9999999999984,False,59.99999904,False,14756.358727255849,429920.918346845,125595179.35110453,/mnt/8tb_hdd2/joyce/hecras-dataset/origin/Linux_RAS_v66/Minxiong_hgn_h1h6/outputs_seed/planH3/Minxiong.p01.hdf,55.66504804115342,2820998.6520104487,2820998.6862582946,289691.06778593076,75475.55341608281,50678.0966787762,0.002602453622326199
H3,hdf_reconstructed,all,reconstructed_velocity_area,maximum,negated,native_bc_only,none,False,False,12715,167,1799.9999712,30.0,1799.9999999999984,False,59.99999904,False,14756.358727255849,429920.918346845,202424834.99777004,/mnt/8tb_hdd2/joyce/hecras-dataset/origin/Linux_RAS_v66/Minxiong_hgn_h1h6/outputs_seed/planH3/Minxiong.p01.hdf,651.3333929224281,1401189.4600519368,1401184.2264598692,162976.79547345368,12260.034036871179,2151.2550126947754,0.007821836180660745
H3,hdf_reconstructed,zone_3,reconstructed_velocity_area,maximum,negated,native_bc_only,none,False,False,1274,167,1799.9999712,30.0,1799.9999999999984,False,59.99999904,False,14756.358727255849,429920.918346845,125571853.77258824,/mnt/8tb_hdd2/joyce/hecras-dataset/origin/Linux_RAS_v66/Minxiong_hgn_h1h6/outputs_seed/planH3/Minxiong.p01.hdf,291.31029211839734,2820998.6520104487,2820997.8475397797,289686.8028434574,75451.37469313126,9683.824855708293,0.0012045978848647535
H3,hgn_target,all,reconstructed_velocity_area,maximum,negated,native_bc_only,hdf_precipitation,False,False,12715,167,1799.9999712,30.0,1799.9999999999984,False,59.99999904,False,14756.358727255849,429920.918346845,36334367.02404418,/mnt/8tb_hdd2/joyce/hecras-dataset/origin/Linux_RAS_v66/Minxiong_hgn_h1h6/outputs_seed/planH3/Minxiong.p01.hdf,75.3247178740183,1401256.629782266,1401256.3981588138,168742.13615604668,1114.3410852179836,18602.876156833878,0.003143897237821812
H3,hgn_target,zone_3,reconstructed_velocity_area,maximum,negated,native_bc_only,hdf_precipitation,False,False,1274,167,1799.9999712,30.0,1799.9999999999984,False,59.99999904,False,14756.358727255849,429920.918346845,120906691.8870548,/mnt/8tb_hdd2/joyce/hecras-dataset/origin/Linux_RAS_v66/Minxiong_hgn_h1h6/outputs_seed/planH3/Minxiong.p01.hdf,55.66504804115342,2820891.713424373,2820891.731468251,289982.81185642915,72787.73104909126,50676.17527937375,0.002781384668955018
H3,hdf_reconstructed,all,reconstructed_velocity_area,maximum,negated,native_bc_only,hdf_precipitation,False,False,12715,167,1799.9999712,30.0,1799.9999999999984,False,59.99999904,False,14756.358727255849,429920.918346845,35671286.44635348,/mnt/8tb_hdd2/joyce/hecras-dataset/origin/Linux_RAS_v66/Minxiong_hgn_h1h6/outputs_seed/planH3/Minxiong.p01.hdf,651.3333929224281,1401256.629782266,1401251.4416249855,168737.13823596798,1076.7967204314477,2151.358208947028,0.008167653446747553
H3,hdf_reconstructed,zone_3,reconstructed_velocity_area,maximum,negated,native_bc_only,hdf_precipitation,False,False,1274,167,1799.9999712,30.0,1799.9999999999984,False,59.99999904,False,14756.358727255849,429920.918346845,120883098.88332371,/mnt/8tb_hdd2/joyce/hecras-dataset/origin/Linux_RAS_v66/Minxiong_hgn_h1h6/outputs_seed/planH3/Minxiong.p01.hdf,291.31029211839734,2820891.713424373,2820890.9122296246,289981.00571271835,72763.55232613966,9683.457771835707,0.0012507476967631803
H4,hgn_target,all,reconstructed_velocity_area,mean,cell_order,reconstructed_all_touching_faces,none,False,False,12715,167,1799.9999712,30.0,1799.9999999999984,False,59.99999904,False,15649.128364643675,435704.665508271,11193017.521231243,/mnt/8tb_hdd2/joyce/hecras-dataset/origin/Linux_RAS_v66/Minxiong_hgn_h1h6/outputs_seed/planH4/Minxiong.p01.hdf,65.61967077594247,845682.1450657267,845682.3359552315,115496.67719342689,-867.7580079004166,12887.634545482604,-0.0029094542326948596
H4,hgn_target,zone_3,reconstructed_velocity_area,mean,cell_order,reconstructed_all_touching_faces,none,False,False,1274,167,1799.9999712,30.0,1799.9999999999984,False,59.99999904,False,15649.128364643675,435704.665508271,13618055.4147013,/mnt/8tb_hdd2/joyce/hecras-dataset/origin/Linux_RAS_v66/Minxiong_hgn_h1h6/outputs_seed/planH4/Minxiong.p01.hdf,60.75758360802475,661742.3419272546,661742.2686163917,149906.90089798663,-4659.580722133318,10891.517228295266,0.00043115621752910316
H4,hdf_reconstructed,all,reconstructed_velocity_area,mean,cell_order,reconstructed_all_touching_faces,none,False,False,12715,167,1799.9999712,30.0,1799.9999999999984,False,59.99999904,False,15649.128364643675,435704.665508271,11779579.73383611,/mnt/8tb_hdd2/joyce/hecras-dataset/origin/Linux_RAS_v66/Minxiong_hgn_h1h6/outputs_seed/planH4/Minxiong.p01.hdf,667.5774570445982,845682.1450657267,845688.54269504,115504.54943143086,-909.1679835268624,1266.8021272601823,-0.009144180056169581
H4,hdf_reconstructed,zone_3,reconstructed_velocity_area,mean,cell_order,reconstructed_all_touching_faces,none,False,False,1274,167,1799.9999712,30.0,1799.9999999999984,False,59.99999904,False,15649.128364643675,435704.665508271,13625210.768708225,/mnt/8tb_hdd2/joyce/hecras-dataset/origin/Linux_RAS_v66/Minxiong_hgn_h1h6/outputs_seed/planH4/Minxiong.p01.hdf,296.4485381952509,661742.3419272546,661744.529270915,149910.4603329236,-4687.672786062933,2232.2408243250234,-0.006672101266712571
H4,hgn_target,all,reconstructed_velocity_area,mean,cell_order,reconstructed_all_touching_faces,hdf_precipitation,False,False,12715,167,1799.9999712,30.0,1799.9999999999984,False,59.99999904,False,15649.128364643675,435704.665508271,252586719.66078717,/mnt/8tb_hdd2/joyce/hecras-dataset/origin/Linux_RAS_v66/Minxiong_hgn_h1h6/outputs_seed/planH4/Minxiong.p01.hdf,65.61967077594247,845913.8310615697,845913.8409423046,122780.78583469514,-14743.45887748801,12891.162527021304,-0.0007444512658635728
H4,hgn_target,zone_3,reconstructed_velocity_area,mean,cell_order,reconstructed_all_touching_faces,hdf_precipitation,False,False,1274,167,1799.9999712,30.0,1799.9999999999984,False,59.99999904,False,15649.128364643675,435704.665508271,18555565.081180036,/mnt/8tb_hdd2/joyce/hecras-dataset/origin/Linux_RAS_v66/Minxiong_hgn_h1h6/outputs_seed/planH4/Minxiong.p01.hdf,60.75758360802475,661810.8639479533,661810.6985564008,150455.4373136649,-7994.520158689537,10892.643506464106,0.001364236017756197
H4,hdf_reconstructed,all,reconstructed_velocity_area,mean,cell_order,reconstructed_all_touching_faces,hdf_precipitation,False,False,12715,167,1799.9999712,30.0,1799.9999999999984,False,59.99999904,False,15649.128364643675,435704.665508271,252777891.31309897,/mnt/8tb_hdd2/joyce/hecras-dataset/origin/Linux_RAS_v66/Minxiong_hgn_h1h6/outputs_seed/planH4/Minxiong.p01.hdf,667.5774570445982,845913.8310615697,845920.3507916899,122792.62114077895,-14784.868853114465,1267.1493650139498,-0.008368111953796668
H4,hdf_reconstructed,zone_3,reconstructed_velocity_area,mean,cell_order,reconstructed_all_touching_faces,hdf_precipitation,False,False,1274,167,1799.9999712,30.0,1799.9999999999984,False,59.99999904,False,15649.128364643675,435704.665508271,18566761.591362484,/mnt/8tb_hdd2/joyce/hecras-dataset/origin/Linux_RAS_v66/Minxiong_hgn_h1h6/outputs_seed/planH4/Minxiong.p01.hdf,296.4485381952509,661810.8639479533,661813.0777380979,150461.71246458037,-8022.612222619158,2232.4720565908333,-0.0064042222302218435
H4,hgn_target,all,reconstructed_velocity_area,mean,cell_order,native_bc_only,none,False,False,12715,167,1799.9999712,30.0,1799.9999999999984,False,59.99999904,False,15649.128364643675,435704.665508271,251689891.01598623,/mnt/8tb_hdd2/joyce/hecras-dataset/origin/Linux_RAS_v66/Minxiong_hgn_h1h6/outputs_seed/planH4/Minxiong.p01.hdf,65.61967077594247,1582219.8674510082,1582219.9694797222,130765.9321120823,15263.729053120926,24111.976649230568,-0.00118521132722125
H4,hgn_target,zone_3,reconstructed_velocity_area,mean,cell_order,native_bc_only,none,False,False,1274,167,1799.9999712,30.0,1799.9999999999984,False,59.99999904,False,15649.128364643675,435704.665508271,151985508.0039686,/mnt/8tb_hdd2/joyce/hecras-dataset/origin/Linux_RAS_v66/Minxiong_hgn_h1h6/outputs_seed/planH4/Minxiong.p01.hdf,60.75758360802475,3334825.8413554085,3334825.8268080526,249783.91720614998,97017.87768153027,54887.400531307416,0.0036756732634096955
H4,hdf_reconstructed,all,reconstructed_velocity_area,mean,cell_order,native_bc_only,none,False,False,12715,167,1799.9999712,30.0,1799.9999999999984,False,59.99999904,False,15649.128364643675,435704.665508271,251389686.02522212,/mnt/8tb_hdd2/joyce/hecras-dataset/origin/Linux_RAS_v66/Minxiong_hgn_h1h6/outputs_seed/planH4/Minxiong.p01.hdf,667.5774570445982,1582219.8674510082,1582223.2869349958,130773.8043500863,15222.319077494476,2370.096938173414,-0.005484845412896539
H4,hdf_reconstructed,zone_3,reconstructed_velocity_area,mean,cell_order,native_bc_only,none,False,False,1274,167,1799.9999712,30.0,1799.9999999999984,False,59.99999904,False,15649.128364643675,435704.665508271,151954857.63859066,/mnt/8tb_hdd2/joyce/hecras-dataset/origin/Linux_RAS_v66/Minxiong_hgn_h1h6/outputs_seed/planH4/Minxiong.p01.hdf,296.4485381952509,3334825.8413554085,3334826.275399129,249787.47664108698,96989.78561760066,11249.258625801356,-0.003489661732877332
H4,hgn_target,all,reconstructed_velocity_area,mean,cell_order,native_bc_only,hdf_precipitation,False,False,12715,167,1799.9999712,30.0,1799.9999999999984,False,59.99999904,False,15649.128364643675,435704.665508271,45594020.83321838,/mnt/8tb_hdd2/joyce/hecras-dataset/origin/Linux_RAS_v66/Minxiong_hgn_h1h6/outputs_seed/planH4/Minxiong.p01.hdf,65.61967077594247,1582260.0334341363,1582260.0387166126,138049.41107443627,1388.0281835333387,24112.58727766586,-2.8030431637154134e-05
H4,hgn_target,zone_3,reconstructed_velocity_area,mean,cell_order,native_bc_only,hdf_precipitation,False,False,1274,167,1799.9999712,30.0,1799.9999999999984,False,59.99999904,False,15649.128364643675,435704.665508271,146260047.15817237,/mnt/8tb_hdd2/joyce/hecras-dataset/origin/Linux_RAS_v66/Minxiong_hgn_h1h6/outputs_seed/planH4/Minxiong.p01.hdf,60.75758360802475,3334686.918108515,3334686.8852844695,250326.16918902338,93682.93824497404,54885.11371350901,0.003860967141964664
H4,hdf_reconstructed,all,reconstructed_velocity_area,mean,cell_order,native_bc_only,hdf_precipitation,False,False,12715,167,1799.9999712,30.0,1799.9999999999984,False,59.99999904,False,15649.128364643675,435704.665508271,44843330.23076304,/mnt/8tb_hdd2/joyce/hecras-dataset/origin/Linux_RAS_v66/Minxiong_hgn_h1h6/outputs_seed/planH4/Minxiong.p01.hdf,667.5774570445982,1582260.0334341363,1582263.5190464542,138061.24638052023,1346.6182079068926,2370.15720400629,-0.005070210289889079
H4,hdf_reconstructed,zone_3,reconstructed_velocity_area,mean,cell_order,native_bc_only,hdf_precipitation,False,False,1274,167,1799.9999712,30.0,1799.9999999999984,False,59.99999904,False,15649.128364643675,435704.665508271,146228951.3630782,/mnt/8tb_hdd2/joyce/hecras-dataset/origin/Linux_RAS_v66/Minxiong_hgn_h1h6/outputs_seed/planH4/Minxiong.p01.hdf,296.4485381952509,3334686.918108515,3334687.35746392,250332.44433993893,93654.84618104441,11248.790018548123,-0.0034365995456318893
H4,hgn_target,all,reconstructed_velocity_area,mean,negated,reconstructed_all_touching_faces,none,False,False,12715,167,1799.9999712,30.0,1799.9999999999984,False,59.99999904,False,15649.128364643675,435704.665508271,11219655.120993562,/mnt/8tb_hdd2/joyce/hecras-dataset/origin/Linux_RAS_v66/Minxiong_hgn_h1h6/outputs_seed/planH4/Minxiong.p01.hdf,65.61967077594247,845682.1450657267,845681.9592678584,115496.16556527346,872.5165994005956,12887.628805018372,0.0029094542326948596
H4,hgn_target,zone_3,reconstructed_velocity_area,mean,negated,reconstructed_all_touching_faces,none,False,False,1274,167,1799.9999712,30.0,1799.9999999999984,False,59.99999904,False,15649.128364643675,435704.665508271,13640728.296031501,/mnt/8tb_hdd2/joyce/hecras-dataset/origin/Linux_RAS_v66/Minxiong_hgn_h1h6/outputs_seed/planH4/Minxiong.p01.hdf,60.75758360802475,661742.3419272546,661742.4208165399,149905.33032080843,4673.784771796631,10891.51973333479,-0.00043115621752910316
H4,hdf_reconstructed,all,reconstructed_velocity_area,mean,negated,reconstructed_all_touching_faces,none,False,False,12715,167,1799.9999712,30.0,1799.9999999999984,False,59.99999904,False,15649.128364643675,435704.665508271,10690493.945508694,/mnt/8tb_hdd2/joyce/hecras-dataset/origin/Linux_RAS_v66/Minxiong_hgn_h1h6/outputs_seed/planH4/Minxiong.p01.hdf,667.5774570445982,845682.1450657267,845676.2743743019,115496.37563133168,831.10662377415,1266.7837498859785,0.009144180056169581
H4,hdf_reconstructed,zone_3,reconstructed_velocity_area,mean,negated,reconstructed_all_touching_faces,none,False,False,1274,167,1799.9999712,30.0,1799.9999999999984,False,59.99999904,False,15649.128364643675,435704.665508271,13633847.71910992,/mnt/8tb_hdd2/joyce/hecras-dataset/origin/Linux_RAS_v66/Minxiong_hgn_h1h6/outputs_seed/planH4/Minxiong.p01.hdf,296.4485381952509,661742.3419272546,661740.2873803455,149908.50158069792,4645.692707867014,2232.226515296565,0.006672101266712571
H4,hgn_target,all,reconstructed_velocity_area,mean,negated,reconstructed_all_touching_faces,hdf_precipitation,False,False,12715,167,1799.9999712,30.0,1799.9999999999984,False,59.99999904,False,15649.128364643675,435704.665508271,239148045.39361626,/mnt/8tb_hdd2/joyce/hecras-dataset/origin/Linux_RAS_v66/Minxiong_hgn_h1h6/outputs_seed/planH4/Minxiong.p01.hdf,65.61967077594247,845979.0010037475,845978.634328448,123634.47077847457,-13003.184270186997,12892.149934994817,0.005073182244967838
H4,hgn_target,zone_3,reconstructed_velocity_area,mean,negated,reconstructed_all_touching_faces,hdf_precipitation,False,False,1274,167,1799.9999712,30.0,1799.9999999999984,False,59.99999904,False,15649.128364643675,435704.665508271,9846188.620471615,/mnt/8tb_hdd2/joyce/hecras-dataset/origin/Linux_RAS_v66/Minxiong_hgn_h1h6/outputs_seed/planH4/Minxiong.p01.hdf,60.75758360802475,661708.1887046951,661708.1754955043,150924.30891405046,1338.84533524041,10890.956094707279,0.0005020134891578251
H4,hdf_reconstructed,all,reconstructed_velocity_area,mean,negated,reconstructed_all_touching_faces,hdf_precipitation,False,False,12715,167,1799.9999712,30.0,1799.9999999999984,False,59.99999904,False,15649.128364643675,435704.665508271,239297576.5560041,/mnt/8tb_hdd2/joyce/hecras-dataset/origin/Linux_RAS_v66/Minxiong_hgn_h1h6/outputs_seed/planH4/Minxiong.p01.hdf,667.5774570445982,845979.0010037475,845973.2562176601,123638.30705797921,-13044.594245813454,1267.228614882878,0.009916909051519476
H4,hdf_reconstructed,zone_3,reconstructed_velocity_area,mean,negated,reconstructed_all_touching_faces,hdf_precipitation,False,False,1274,167,1799.9999712,30.0,1799.9999999999984,False,59.99999904,False,15649.128364643675,435704.665508271,9847866.308311021,/mnt/8tb_hdd2/joyce/hecras-dataset/origin/Linux_RAS_v66/Minxiong_hgn_h1h6/outputs_seed/planH4/Minxiong.p01.hdf,296.4485381952509,661708.1887046951,661706.1607290071,150929.36857908333,1310.7532713107914,2232.1113969979688,0.006939825712786557
H4,hgn_target,all,reconstructed_velocity_area,mean,negated,native_bc_only,none,False,False,12715,167,1799.9999712,30.0,1799.9999999999984,False,59.99999904,False,15649.128364643675,435704.665508271,251689891.01598623,/mnt/8tb_hdd2/joyce/hecras-dataset/origin/Linux_RAS_v66/Minxiong_hgn_h1h6/outputs_seed/planH4/Minxiong.p01.hdf,65.61967077594247,1599152.5808084917,1599152.4825527463,131566.36414566071,15263.729053120938,24370.01685078598,0.0018652132732950985
H4,hgn_target,zone_3,reconstructed_velocity_area,mean,negated,native_bc_only,none,False,False,1274,167,1799.9999712,30.0,1799.9999999999984,False,59.99999904,False,15649.128364643675,435704.665508271,172632345.6365989,/mnt/8tb_hdd2/joyce/hecras-dataset/origin/Linux_RAS_v66/Minxiong_hgn_h1h6/outputs_seed/planH4/Minxiong.p01.hdf,60.75758360802475,3389330.2645414453,3389330.279944012,252598.3936722853,107392.30475204816,55784.48119020249,0.0034845787833547763
H4,hdf_reconstructed,all,reconstructed_velocity_area,mean,negated,native_bc_only,none,False,False,12715,167,1799.9999712,30.0,1799.9999999999984,False,59.99999904,False,15649.128364643675,435704.665508271,251389686.02522215,/mnt/8tb_hdd2/joyce/hecras-dataset/origin/Linux_RAS_v66/Minxiong_hgn_h1h6/outputs_seed/planH4/Minxiong.p01.hdf,667.5774570445982,1599152.5808084917,1599149.476210116,131566.574211719,15222.319077494496,2395.451582936365,0.004308869029559446
H4,hdf_reconstructed,zone_3,reconstructed_velocity_area,mean,negated,native_bc_only,none,False,False,1274,167,1799.9999712,30.0,1799.9999999999984,False,59.99999904,False,15649.128364643675,435704.665508271,172603963.4222,/mnt/8tb_hdd2/joyce/hecras-dataset/origin/Linux_RAS_v66/Minxiong_hgn_h1h6/outputs_seed/planH4/Minxiong.p01.hdf,296.4485381952509,3389330.2645414453,3389329.863406546,252601.5649321747,107364.2126881186,11433.113767537692,-0.0008490253550312263
H4,hgn_target,all,reconstructed_velocity_area,mean,negated,native_bc_only,hdf_precipitation,False,False,12715,167,1799.9999712,30.0,1799.9999999999984,False,59.99999904,False,15649.128364643675,435704.665508271,45594020.83321835,/mnt/8tb_hdd2/joyce/hecras-dataset/origin/Linux_RAS_v66/Minxiong_hgn_h1h6/outputs_seed/planH4/Minxiong.p01.hdf,65.61967077594247,1599262.1044777525,1599261.9105135777,139713.54062636607,1388.0281835333403,24371.684459896747,0.0030097961045989783
H4,hgn_target,zone_3,reconstructed_velocity_area,mean,negated,native_bc_only,hdf_precipitation,False,False,1274,167,1799.9999712,30.0,1799.9999999999984,False,59.99999904,False,15649.128364643675,435704.665508271,166826698.74628606,/mnt/8tb_hdd2/joyce/hecras-dataset/origin/Linux_RAS_v66/Minxiong_hgn_h1h6/outputs_seed/planH4/Minxiong.p01.hdf,60.75758360802475,3389172.3017777773,3389172.2991987895,253614.26514079265,104057.36531549194,55781.881008696895,0.0036669160285176016
H4,hdf_reconstructed,all,reconstructed_velocity_area,mean,negated,native_bc_only,hdf_precipitation,False,False,12715,167,1799.9999712,30.0,1799.9999999999984,False,59.99999904,False,15649.128364643675,435704.665508271,44843330.230762966,/mnt/8tb_hdd2/joyce/hecras-dataset/origin/Linux_RAS_v66/Minxiong_hgn_h1h6/outputs_seed/planH4/Minxiong.p01.hdf,667.5774570445982,1599262.1044777525,1599259.0656034502,139717.37690587103,1346.6182079068924,2395.615742753593,0.004718218296590494
H4,hdf_reconstructed,zone_3,reconstructed_velocity_area,mean,negated,native_bc_only,hdf_precipitation,False,False,1274,167,1799.9999712,30.0,1799.9999999999984,False,59.99999904,False,15649.128364643675,435704.665508271,166797990.24249905,/mnt/8tb_hdd2/joyce/hecras-dataset/origin/Linux_RAS_v66/Minxiong_hgn_h1h6/outputs_seed/planH4/Minxiong.p01.hdf,296.4485381952509,3389172.3017777773,3389171.905832684,253619.32480582548,104029.27325156235,11432.580934504263,-0.0007967808225711131
H4,hgn_target,all,reconstructed_velocity_area,minimum,cell_order,reconstructed_all_touching_faces,none,False,False,12715,167,1799.9999712,30.0,1799.9999999999984,False,59.99999904,False,15649.128364643675,435704.665508271,11193017.521231249,/mnt/8tb_hdd2/joyce/hecras-dataset/origin/Linux_RAS_v66/Minxiong_hgn_h1h6/outputs_seed/planH4/Minxiong.p01.hdf,65.61967077594247,843855.2702525367,843855.4709860465,113113.98215198923,-867.7580079004165,12859.794342269413,-0.0030595659014034356
H4,hgn_target,zone_3,reconstructed_velocity_area,minimum,cell_order,reconstructed_all_touching_faces,none,False,False,1274,167,1799.9999712,30.0,1799.9999999999984,False,59.99999904,False,15649.128364643675,435704.665508271,13805939.78583227,/mnt/8tb_hdd2/joyce/hecras-dataset/origin/Linux_RAS_v66/Minxiong_hgn_h1h6/outputs_seed/planH4/Minxiong.p01.hdf,60.75758360802475,668507.4523264394,668507.4023220828,145917.30179261407,-5157.337614124504,11002.863554201447,-3.480536302081765e-05
H4,hdf_reconstructed,all,reconstructed_velocity_area,minimum,cell_order,reconstructed_all_touching_faces,none,False,False,12715,167,1799.9999712,30.0,1799.9999999999984,False,59.99999904,False,15649.128364643675,435704.665508271,11779579.733836113,/mnt/8tb_hdd2/joyce/hecras-dataset/origin/Linux_RAS_v66/Minxiong_hgn_h1h6/outputs_seed/planH4/Minxiong.p01.hdf,667.5774570445982,843855.2702525367,843860.7150040547,113116.87878817329,-909.167983526862,1264.0641263410423,-0.007713370459217047
H4,hdf_reconstructed,zone_3,reconstructed_velocity_area,minimum,cell_order,reconstructed_all_touching_faces,none,False,False,1274,167,1799.9999712,30.0,1799.9999999999984,False,59.99999904,False,15649.128364643675,435704.665508271,13815233.90153983,/mnt/8tb_hdd2/joyce/hecras-dataset/origin/Linux_RAS_v66/Minxiong_hgn_h1h6/outputs_seed/planH4/Minxiong.p01.hdf,296.4485381952509,668507.4523264394,668509.5917917741,145921.7120929881,-5185.429678054124,2255.061184857223,-0.0064647004592048325
H4,hgn_target,all,reconstructed_velocity_area,minimum,cell_order,reconstructed_all_touching_faces,hdf_precipitation,False,False,12715,167,1799.9999712,30.0,1799.9999999999984,False,59.99999904,False,15649.128364643675,435704.665508271,252586719.66078714,/mnt/8tb_hdd2/joyce/hecras-dataset/origin/Linux_RAS_v66/Minxiong_hgn_h1h6/outputs_seed/planH4/Minxiong.p01.hdf,65.61967077594247,844086.1346980276,844086.1540283263,120720.16026661417,-14743.458877488018,12863.30979791788,-0.0008898591895755673
H4,hgn_target,zone_3,reconstructed_velocity_area,minimum,cell_order,reconstructed_all_touching_faces,hdf_precipitation,False,False,1274,167,1799.9999712,30.0,1799.9999999999984,False,59.99999904,False,15649.128364643675,435704.665508271,18865117.93324708,/mnt/8tb_hdd2/joyce/hecras-dataset/origin/Linux_RAS_v66/Minxiong_hgn_h1h6/outputs_seed/planH4/Minxiong.p01.hdf,60.75758360802475,668578.7557975147,668578.6146424059,146734.38718498521,-8492.277050680726,11004.035627152578,0.0008888617252657334
H4,hdf_reconstructed,all,reconstructed_velocity_area,minimum,cell_order,reconstructed_all_touching_faces,hdf_precipitation,False,False,12715,167,1799.9999712,30.0,1799.9999999999984,False,59.99999904,False,15649.128364643675,435704.665508271,252777891.3130989,/mnt/8tb_hdd2/joyce/hecras-dataset/origin/Linux_RAS_v66/Minxiong_hgn_h1h6/outputs_seed/planH4/Minxiong.p01.hdf,667.5774570445982,844086.1346980276,844091.7020817184,120726.25844515112,-14784.86885311446,1264.4101342465312,-0.006935807110550407
H4,hdf_reconstructed,zone_3,reconstructed_velocity_area,minimum,cell_order,reconstructed_all_touching_faces,hdf_precipitation,False,False,1274,167,1799.9999712,30.0,1799.9999999999984,False,59.99999904,False,15649.128364643675,435704.665508271,18877767.196209617,/mnt/8tb_hdd2/joyce/hecras-dataset/origin/Linux_RAS_v66/Minxiong_hgn_h1h6/outputs_seed/planH4/Minxiong.p01.hdf,296.4485381952509,668578.7557975147,668580.9214376301,146739.09981902307,-8520.369114610347,2255.3017987806047,-0.006199536406607156
H4,hgn_target,all,reconstructed_velocity_area,minimum,cell_order,native_bc_only,none,False,False,12715,167,1799.9999712,30.0,1799.9999999999984,False,59.99999904,False,15649.128364643675,435704.665508271,251689891.01598623,/mnt/8tb_hdd2/joyce/hecras-dataset/origin/Linux_RAS_v66/Minxiong_hgn_h1h6/outputs_seed/planH4/Minxiong.p01.hdf,65.61967077594247,1581243.6607442673,1581243.7678688362,128383.23707064475,15263.729053120944,24097.09998801995,-0.0012626946516872935
H4,hgn_target,zone_3,reconstructed_velocity_area,minimum,cell_order,native_bc_only,none,False,False,1274,167,1799.9999712,30.0,1799.9999999999984,False,59.99999904,False,15649.128364643675,435704.665508271,151343285.39285251,/mnt/8tb_hdd2/joyce/hecras-dataset/origin/Linux_RAS_v66/Minxiong_hgn_h1h6/outputs_seed/planH4/Minxiong.p01.hdf,60.75758360802475,3336174.857361111,3336174.8473411677,245794.31810077743,96520.12078953904,54909.60385890876,0.003581637661075776
H4,hdf_reconstructed,all,reconstructed_velocity_area,minimum,cell_order,native_bc_only,none,False,False,12715,167,1799.9999712,30.0,1799.9999999999984,False,59.99999904,False,15649.128364643675,435704.665508271,251389686.0252221,/mnt/8tb_hdd2/joyce/hecras-dataset/origin/Linux_RAS_v66/Minxiong_hgn_h1h6/outputs_seed/planH4/Minxiong.p01.hdf,667.5774570445982,1581243.6607442673,1581246.5664272935,128386.13370682856,15222.319077494494,2368.633856253263,-0.00471405779537707
H4,hdf_reconstructed,zone_3,reconstructed_velocity_area,minimum,cell_order,native_bc_only,none,False,False,1274,167,1799.9999712,30.0,1799.9999999999984,False,59.99999904,False,15649.128364643675,435704.665508271,151312709.08093852,/mnt/8tb_hdd2/joyce/hecras-dataset/origin/Linux_RAS_v66/Minxiong_hgn_h1h6/outputs_seed/planH4/Minxiong.p01.hdf,296.4485381952509,3336174.857361111,3336175.2860708693,245798.72840115151,96492.02872560947,11253.809198659475,-0.0034601873142106805
H4,hgn_target,all,reconstructed_velocity_area,minimum,cell_order,native_bc_only,hdf_precipitation,False,False,12715,167,1799.9999712,30.0,1799.9999999999984,False,59.99999904,False,15649.128364643675,435704.665508271,45594020.83321846,/mnt/8tb_hdd2/joyce/hecras-dataset/origin/Linux_RAS_v66/Minxiong_hgn_h1h6/outputs_seed/planH4/Minxiong.p01.hdf,65.61967077594247,1581283.1453121933,1581283.1556306726,135988.78550635529,1388.0281835333399,24097.700231230112,-0.00010479383325536905
H4,hgn_target,zone_3,reconstructed_velocity_area,minimum,cell_order,native_bc_only,hdf_precipitation,False,False,1274,167,1799.9999712,30.0,1799.9999999999984,False,59.99999904,False,15649.128364643675,435704.665508271,145614655.59499866,/mnt/8tb_hdd2/joyce/hecras-dataset/origin/Linux_RAS_v66/Minxiong_hgn_h1h6/outputs_seed/planH4/Minxiong.p01.hdf,60.75758360802475,3336036.6866790126,3336036.6583899646,246605.11906034366,93185.18135298287,54907.329427586825,0.003766854273542925
H4,hdf_reconstructed,all,reconstructed_velocity_area,minimum,cell_order,native_bc_only,hdf_precipitation,False,False,12715,167,1799.9999712,30.0,1799.9999999999984,False,59.99999904,False,15649.128364643675,435704.665508271,44843330.23076305,/mnt/8tb_hdd2/joyce/hecras-dataset/origin/Linux_RAS_v66/Minxiong_hgn_h1h6/outputs_seed/planH4/Minxiong.p01.hdf,667.5774570445982,1581283.1453121933,1581286.1171787279,135994.8836848923,1346.6182079068926,2368.6931014404945,-0.004299223575776212
H4,hdf_reconstructed,zone_3,reconstructed_velocity_area,minimum,cell_order,native_bc_only,hdf_precipitation,False,False,1274,167,1799.9999712,30.0,1799.9999999999984,False,59.99999904,False,15649.128364643675,435704.665508271,145583634.1257325,/mnt/8tb_hdd2/joyce/hecras-dataset/origin/Linux_RAS_v66/Minxiong_hgn_h1h6/outputs_seed/planH4/Minxiong.p01.hdf,296.4485381952509,3336036.6866790126,3336037.1206979873,246609.83169438152,93157.08928905326,11253.343129999725,-0.0034071462246557925
H4,hgn_target,all,reconstructed_velocity_area,minimum,negated,reconstructed_all_touching_faces,none,False,False,12715,167,1799.9999712,30.0,1799.9999999999984,False,59.99999904,False,15649.128364643675,435704.665508271,11219655.12099356,/mnt/8tb_hdd2/joyce/hecras-dataset/origin/Linux_RAS_v66/Minxiong_hgn_h1h6/outputs_seed/planH4/Minxiong.p01.hdf,65.61967077594247,843855.2702525367,843855.0746216829,113113.34303244264,872.5165994005962,12859.788301940973,0.0030595659014034356
H4,hgn_target,zone_3,reconstructed_velocity_area,minimum,negated,reconstructed_all_touching_faces,none,False,False,1274,167,1799.9999712,30.0,1799.9999999999984,False,59.99999904,False,15649.128364643675,435704.665508271,13829279.141321363,/mnt/8tb_hdd2/joyce/hecras-dataset/origin/Linux_RAS_v66/Minxiong_hgn_h1h6/outputs_seed/planH4/Minxiong.p01.hdf,60.75758360802475,668507.4523264394,668507.5078527706,145915.53605894945,5171.54166378782,11002.865291115286,3.480536302081765e-05
H4,hdf_reconstructed,all,reconstructed_velocity_area,minimum,negated,reconstructed_all_touching_faces,none,False,False,12715,167,1799.9999712,30.0,1799.9999999999984,False,59.99999904,False,15649.128364643675,435704.665508271,10690493.945508696,/mnt/8tb_hdd2/joyce/hecras-dataset/origin/Linux_RAS_v66/Minxiong_hgn_h1h6/outputs_seed/planH4/Minxiong.p01.hdf,667.5774570445982,843855.2702525367,843850.3535924673,113122.84117810769,831.1066237741505,1264.0486054281084,0.007713370459217047
H4,hdf_reconstructed,zone_3,reconstructed_velocity_area,minimum,negated,reconstructed_all_touching_faces,none,False,False,1274,167,1799.9999712,30.0,1799.9999999999984,False,59.99999904,False,15649.128364643675,435704.665508271,13820257.507728586,/mnt/8tb_hdd2/joyce/hecras-dataset/origin/Linux_RAS_v66/Minxiong_hgn_h1h6/outputs_seed/planH4/Minxiong.p01.hdf,296.4485381952509,668507.4523264394,668505.4443142856,145924.75361909973,5143.4495998582015,2255.0471943092725,0.0064647004592048325
H4,hgn_target,all,reconstructed_velocity_area,minimum,negated,reconstructed_all_touching_faces,hdf_precipitation,False,False,12715,167,1799.9999712,30.0,1799.9999999999984,False,59.99999904,False,15649.128364643675,435704.665508271,239148045.3936163,/mnt/8tb_hdd2/joyce/hecras-dataset/origin/Linux_RAS_v66/Minxiong_hgn_h1h6/outputs_seed/planH4/Minxiong.p01.hdf,65.61967077594247,844154.0915206943,844153.7146252954,121413.34137248069,-13003.184270186997,12864.339376338043,0.005227931176261509
H4,hgn_target,zone_3,reconstructed_velocity_area,minimum,negated,reconstructed_all_touching_faces,hdf_precipitation,False,False,1274,167,1799.9999712,30.0,1799.9999999999984,False,59.99999904,False,15649.128364643675,435704.665508271,9782422.215948088,/mnt/8tb_hdd2/joyce/hecras-dataset/origin/Linux_RAS_v66/Minxiong_hgn_h1h6/outputs_seed/planH4/Minxiong.p01.hdf,60.75758360802475,668470.1693926739,668470.1337512243,147126.98046809604,1836.602227231598,11002.25015635635,0.0009585503939575172
H4,hdf_reconstructed,all,reconstructed_velocity_area,minimum,negated,reconstructed_all_touching_faces,hdf_precipitation,False,False,12715,167,1799.9999712,30.0,1799.9999999999984,False,59.99999904,False,15649.128364643675,435704.665508271,239297576.55600414,/mnt/8tb_hdd2/joyce/hecras-dataset/origin/Linux_RAS_v66/Minxiong_hgn_h1h6/outputs_seed/planH4/Minxiong.p01.hdf,667.5774570445982,844154.0915206943,844149.3007139565,121424.9557672374,-13044.594245813456,1264.496414320297,0.008488088861443642
H4,hdf_reconstructed,zone_3,reconstructed_velocity_area,minimum,negated,reconstructed_all_touching_faces,hdf_precipitation,False,False,1274,167,1799.9999712,30.0,1799.9999999999984,False,59.99999904,False,15649.128364643675,435704.665508271,9780953.21107075,/mnt/8tb_hdd2/joyce/hecras-dataset/origin/Linux_RAS_v66/Minxiong_hgn_h1h6/outputs_seed/planH4/Minxiong.p01.hdf,296.4485381952509,668470.1693926739,668468.1876759311,147135.45297717137,1808.51016330198,2254.921517729515,0.00672971899144047
H4,hgn_target,all,reconstructed_velocity_area,minimum,negated,native_bc_only,none,False,False,12715,167,1799.9999712,30.0,1799.9999999999984,False,59.99999904,False,15649.128364643675,435704.665508271,251689891.01598623,/mnt/8tb_hdd2/joyce/hecras-dataset/origin/Linux_RAS_v66/Minxiong_hgn_h1h6/outputs_seed/planH4/Minxiong.p01.hdf,65.61967077594247,1598185.9869531218,1598185.8836584394,129183.3167965527,15263.729053120935,24355.286528568922,0.0019422793009444123
H4,hgn_target,zone_3,reconstructed_velocity_area,minimum,negated,native_bc_only,none,False,False,1274,167,1799.9999712,30.0,1799.9999999999984,False,59.99999904,False,15649.128364643675,435704.665508271,173231201.05184194,/mnt/8tb_hdd2/joyce/hecras-dataset/origin/Linux_RAS_v66/Minxiong_hgn_h1h6/outputs_seed/planH4/Minxiong.p01.hdf,60.75758360802475,3390657.5953424145,3390657.606290075,248608.5994104263,107890.06164403935,55806.327456417195,0.0035742828439904385
H4,hdf_reconstructed,all,reconstructed_velocity_area,minimum,negated,native_bc_only,none,False,False,12715,167,1799.9999712,30.0,1799.9999999999984,False,59.99999904,False,15649.128364643675,435704.665508271,251389686.02522215,/mnt/8tb_hdd2/joyce/hecras-dataset/origin/Linux_RAS_v66/Minxiong_hgn_h1h6/outputs_seed/planH4/Minxiong.p01.hdf,667.5774570445982,1598185.9869531218,1598183.390921854,129192.81494221774,15222.319077494487,2394.004432080584,0.003545508959522156
H4,hdf_reconstructed,zone_3,reconstructed_velocity_area,minimum,negated,native_bc_only,none,False,False,1274,167,1799.9999712,30.0,1799.9999999999984,False,59.99999904,False,15649.128364643675,435704.665508271,173202738.6265913,/mnt/8tb_hdd2/joyce/hecras-dataset/origin/Linux_RAS_v66/Minxiong_hgn_h1h6/outputs_seed/planH4/Minxiong.p01.hdf,296.4485381952509,3390657.5953424145,3390657.1994401105,248617.81697057665,107861.96958010977,11437.591226059312,-0.0008762954014851436
H4,hgn_target,all,reconstructed_velocity_area,minimum,negated,native_bc_only,hdf_precipitation,False,False,12715,167,1799.9999712,30.0,1799.9999999999984,False,59.99999904,False,15649.128364643675,435704.665508271,45594020.83321841,/mnt/8tb_hdd2/joyce/hecras-dataset/origin/Linux_RAS_v66/Minxiong_hgn_h1h6/outputs_seed/planH4/Minxiong.p01.hdf,65.61967077594247,1598296.275553219,1598296.0764926658,137492.18640409518,1388.0281835333392,24356.965793839892,0.00308754404268281
H4,hgn_target,zone_3,reconstructed_velocity_area,minimum,negated,native_bc_only,hdf_precipitation,False,False,1274,167,1799.9999712,30.0,1799.9999999999984,False,59.99999904,False,15649.128364643675,435704.665508271,167427114.0926473,/mnt/8tb_hdd2/joyce/hecras-dataset/origin/Linux_RAS_v66/Minxiong_hgn_h1h6/outputs_seed/planH4/Minxiong.p01.hdf,60.75758360802475,3390499.009217773,3390499.002190712,249816.93669483822,104555.12220748313,55803.717015218834,0.0037565511097925504
H4,hdf_reconstructed,all,reconstructed_velocity_area,minimum,negated,native_bc_only,hdf_precipitation,False,False,12715,167,1799.9999712,30.0,1799.9999999999984,False,59.99999904,False,15649.128364643675,435704.665508271,44843330.230762884,/mnt/8tb_hdd2/joyce/hecras-dataset/origin/Linux_RAS_v66/Minxiong_hgn_h1h6/outputs_seed/planH4/Minxiong.p01.hdf,667.5774570445982,1598296.275553219,1598293.7452521126,137503.80079885185,1346.6182079068917,2394.1697377377695,0.003955190601493691
H4,hdf_reconstructed,zone_3,reconstructed_velocity_area,minimum,negated,native_bc_only,hdf_precipitation,False,False,1274,167,1799.9999712,30.0,1799.9999999999984,False,59.99999904,False,15649.128364643675,435704.665508271,167398324.0315586,/mnt/8tb_hdd2/joyce/hecras-dataset/origin/Linux_RAS_v66/Minxiong_hgn_h1h6/outputs_seed/planH4/Minxiong.p01.hdf,296.4485381952509,3390499.009217773,3390498.618503416,249825.40920391362,104527.03014355355,11437.056290256762,-0.0008240715750424592
H4,hgn_target,all,reconstructed_velocity_area,maximum,cell_order,reconstructed_all_touching_faces,none,False,False,12715,167,1799.9999712,30.0,1799.9999999999984,False,59.99999904,False,15649.128364643675,435704.665508271,11193017.521231242,/mnt/8tb_hdd2/joyce/hecras-dataset/origin/Linux_RAS_v66/Minxiong_hgn_h1h6/outputs_seed/planH4/Minxiong.p01.hdf,65.61967077594247,867357.1028620064,867357.2429074766,148354.8066405739,-867.7580079004161,13217.945665546798,-0.002134151867844041
H4,hgn_target,zone_3,reconstructed_velocity_area,maximum,cell_order,reconstructed_all_touching_faces,none,False,False,1274,167,1799.9999712,30.0,1799.9999999999984,False,59.99999904,False,15649.128364643675,435704.665508271,17582014.45557241,/mnt/8tb_hdd2/joyce/hecras-dataset/origin/Linux_RAS_v66/Minxiong_hgn_h1h6/outputs_seed/planH4/Minxiong.p01.hdf,60.75758360802475,695993.8967075695,695993.7111672454,213521.27588553153,6196.629161056296,11455.256608910297,0.004165670678388144
H4,hdf_reconstructed,all,reconstructed_velocity_area,maximum,cell_order,reconstructed_all_touching_faces,none,False,False,12715,167,1799.9999712,30.0,1799.9999999999984,False,59.99999904,False,15649.128364643675,435704.665508271,11779579.73383611,/mnt/8tb_hdd2/joyce/hecras-dataset/origin/Linux_RAS_v66/Minxiong_hgn_h1h6/outputs_seed/planH4/Minxiong.p01.hdf,667.5774570445982,867357.1028620064,867366.7577729534,148368.40496840078,-909.1679835268619,1299.2750857897947,-0.014043230017801644
H4,hdf_reconstructed,zone_3,reconstructed_velocity_area,maximum,cell_order,reconstructed_all_touching_faces,none,False,False,1274,167,1799.9999712,30.0,1799.9999999999984,False,59.99999904,False,15649.128364643675,435704.665508271,17553362.33891231,/mnt/8tb_hdd2/joyce/hecras-dataset/origin/Linux_RAS_v66/Minxiong_hgn_h1h6/outputs_seed/planH4/Minxiong.p01.hdf,296.4485381952509,695993.8967075695,695997.835795679,213529.07440494714,6168.5370971266775,2347.786364651499,-0.01373936445584311
H4,hgn_target,all,reconstructed_velocity_area,maximum,cell_order,reconstructed_all_touching_faces,hdf_precipitation,False,False,12715,167,1799.9999712,30.0,1799.9999999999984,False,59.99999904,False,15649.128364643675,435704.665508271,252586719.66078714,/mnt/8tb_hdd2/joyce/hecras-dataset/origin/Linux_RAS_v66/Minxiong_hgn_h1h6/outputs_seed/planH4/Minxiong.p01.hdf,65.61967077594247,867607.4659134941,867607.4294866861,155446.9763268549,-14743.458877488023,13221.758342084962,-2.3337184783887946e-05
H4,hgn_target,zone_3,reconstructed_velocity_area,maximum,cell_order,reconstructed_all_touching_faces,hdf_precipitation,False,False,1274,167,1799.9999712,30.0,1799.9999999999984,False,59.99999904,False,15649.128364643675,435704.665508271,18206891.72692287,/mnt/8tb_hdd2/joyce/hecras-dataset/origin/Linux_RAS_v66/Minxiong_hgn_h1h6/outputs_seed/planH4/Minxiong.p01.hdf,60.75758360802475,695993.4603939753,695993.1872880091,213568.24992949923,2861.689724500071,11455.24798646014,0.005052761974616786
H4,hdf_reconstructed,all,reconstructed_velocity_area,maximum,cell_order,reconstructed_all_touching_faces,hdf_precipitation,False,False,12715,167,1799.9999712,30.0,1799.9999999999984,False,59.99999904,False,15649.128364643675,435704.665508271,252777891.3130989,/mnt/8tb_hdd2/joyce/hecras-dataset/origin/Linux_RAS_v66/Minxiong_hgn_h1h6/outputs_seed/planH4/Minxiong.p01.hdf,667.5774570445982,867607.4659134941,867617.2387941642,155463.04463539252,-14784.868853114465,1299.6502947165907,-0.013285633097923613
H4,hdf_reconstructed,zone_3,reconstructed_velocity_area,maximum,cell_order,reconstructed_all_touching_faces,hdf_precipitation,False,False,1274,167,1799.9999712,30.0,1799.9999999999984,False,59.99999904,False,15649.128364643675,435704.665508271,18185293.748956002,/mnt/8tb_hdd2/joyce/hecras-dataset/origin/Linux_RAS_v66/Minxiong_hgn_h1h6/outputs_seed/planH4/Minxiong.p01.hdf,296.4485381952509,695993.4603939753,695997.42484745,213577.92014654775,2833.5976605704523,2347.7849784134974,-0.013484590103249285
H4,hgn_target,all,reconstructed_velocity_area,maximum,cell_order,native_bc_only,none,False,False,12715,167,1799.9999712,30.0,1799.9999999999984,False,59.99999904,False,15649.128364643675,435704.665508271,251689891.01598623,/mnt/8tb_hdd2/joyce/hecras-dataset/origin/Linux_RAS_v66/Minxiong_hgn_h1h6/outputs_seed/planH4/Minxiong.p01.hdf,65.61967077594247,1593910.7199970947,1593910.7962055292,163624.06155922927,15263.729053120931,24290.137048201865,-0.0007941689191892204
H4,hgn_target,zone_3,reconstructed_velocity_area,maximum,cell_order,native_bc_only,none,False,False,1274,167,1799.9999712,30.0,1799.9999999999984,False,59.99999904,False,15649.128364643675,435704.665508271,165551577.54483002,/mnt/8tb_hdd2/joyce/hecras-dataset/origin/Linux_RAS_v66/Minxiong_hgn_h1h6/outputs_seed/planH4/Minxiong.p01.hdf,60.75758360802475,3341791.131912141,3341791.093269716,313398.2921936949,107874.08756471988,55002.04081237257,0.004450952219498008
H4,hdf_reconstructed,all,reconstructed_velocity_area,maximum,cell_order,native_bc_only,none,False,False,12715,167,1799.9999712,30.0,1799.9999999999984,False,59.99999904,False,15649.128364643675,435704.665508271,251389686.0252221,/mnt/8tb_hdd2/joyce/hecras-dataset/origin/Linux_RAS_v66/Minxiong_hgn_h1h6/outputs_seed/planH4/Minxiong.p01.hdf,667.5774570445982,1593910.7199970947,1593915.9739227311,163637.65988705624,15222.319077494485,2387.6120397760046,-0.008234998770711759
H4,hdf_reconstructed,zone_3,reconstructed_velocity_area,maximum,cell_order,native_bc_only,none,False,False,1274,167,1799.9999712,30.0,1799.9999999999984,False,59.99999904,False,15649.128364643675,435704.665508271,165519809.40719196,/mnt/8tb_hdd2/joyce/hecras-dataset/origin/Linux_RAS_v66/Minxiong_hgn_h1h6/outputs_seed/planH4/Minxiong.p01.hdf,296.4485381952509,3341791.131912141,3341791.9523071325,313406.0907131105,107845.99550079026,11272.755712177326,-0.0050237342518935765
H4,hgn_target,all,reconstructed_velocity_area,maximum,cell_order,native_bc_only,hdf_precipitation,False,False,12715,167,1799.9999712,30.0,1799.9999999999984,False,59.99999904,False,15649.128364643675,435704.665508271,45594020.83321841,/mnt/8tb_hdd2/joyce/hecras-dataset/origin/Linux_RAS_v66/Minxiong_hgn_h1h6/outputs_seed/planH4/Minxiong.p01.hdf,65.61967077594247,1593963.907901723,1593963.8880743172,170715.60156659607,1388.0281835333396,24290.946132858342,0.00035449368733381285
H4,hgn_target,zone_3,reconstructed_velocity_area,maximum,cell_order,native_bc_only,hdf_precipitation,False,False,1274,167,1799.9999712,30.0,1799.9999999999984,False,59.99999904,False,15649.128364643675,435704.665508271,159885076.51092446,/mnt/8tb_hdd2/joyce/hecras-dataset/origin/Linux_RAS_v66/Minxiong_hgn_h1h6/outputs_seed/planH4/Minxiong.p01.hdf,60.75758360802475,3341638.837318556,3341638.7804363077,313438.9818048578,104539.14812816365,54999.53391818153,0.00463589191480494
H4,hdf_reconstructed,all,reconstructed_velocity_area,maximum,cell_order,native_bc_only,hdf_precipitation,False,False,12715,167,1799.9999712,30.0,1799.9999999999984,False,59.99999904,False,15649.128364643675,435704.665508271,44843330.230762966,/mnt/8tb_hdd2/joyce/hecras-dataset/origin/Linux_RAS_v66/Minxiong_hgn_h1h6/outputs_seed/planH4/Minxiong.p01.hdf,667.5774570445982,1593963.907901723,1593969.227380914,170731.66987513387,1346.618207906892,2387.69181098101,-0.007823148403025329
H4,hdf_reconstructed,zone_3,reconstructed_velocity_area,maximum,cell_order,native_bc_only,hdf_precipitation,False,False,1274,167,1799.9999712,30.0,1799.9999999999984,False,59.99999904,False,15649.128364643675,435704.665508271,159852872.58854687,/mnt/8tb_hdd2/joyce/hecras-dataset/origin/Linux_RAS_v66/Minxiong_hgn_h1h6/outputs_seed/planH4/Minxiong.p01.hdf,296.4485381952509,3341638.837318556,3341639.6630335255,313448.6520219063,104511.05606423404,11272.241999832735,-0.004970801580440164
H4,hgn_target,all,reconstructed_velocity_area,maximum,negated,reconstructed_all_touching_faces,none,False,False,12715,167,1799.9999712,30.0,1799.9999999999984,False,59.99999904,False,15649.128364643675,435704.665508271,11219655.120993564,/mnt/8tb_hdd2/joyce/hecras-dataset/origin/Linux_RAS_v66/Minxiong_hgn_h1h6/outputs_seed/planH4/Minxiong.p01.hdf,65.61967077594247,867357.1028620064,867356.9677809525,148354.54403386315,872.5165994005959,13217.941472802138,0.002134151867844041
H4,hgn_target,zone_3,reconstructed_velocity_area,maximum,negated,reconstructed_all_touching_faces,none,False,False,1274,167,1799.9999712,30.0,1799.9999999999984,False,59.99999904,False,15649.128364643675,435704.665508271,17583280.391015273,/mnt/8tb_hdd2/joyce/hecras-dataset/origin/Linux_RAS_v66/Minxiong_hgn_h1h6/outputs_seed/planH4/Minxiong.p01.hdf,60.75758360802475,695993.8967075695,695994.0875517456,213520.22583909877,-6182.425111392979,11455.262803766605,-0.004165670678388144
H4,hdf_reconstructed,all,reconstructed_velocity_area,maximum,negated,reconstructed_all_touching_faces,none,False,False,12715,167,1799.9999712,30.0,1799.9999999999984,False,59.99999904,False,15649.128364643675,435704.665508271,10690493.945508694,/mnt/8tb_hdd2/joyce/hecras-dataset/origin/Linux_RAS_v66/Minxiong_hgn_h1h6/outputs_seed/planH4/Minxiong.p01.hdf,667.5774570445982,867357.1028620064,867347.9616625044,148345.73200893347,831.1066237741504,1299.246930090032,0.014043230017801644
H4,hdf_reconstructed,zone_3,reconstructed_velocity_area,maximum,negated,reconstructed_all_touching_faces,none,False,False,1274,167,1799.9999712,30.0,1799.9999999999984,False,59.99999904,False,15649.128364643675,435704.665508271,17612090.23993024,/mnt/8tb_hdd2/joyce/hecras-dataset/origin/Linux_RAS_v66/Minxiong_hgn_h1h6/outputs_seed/planH4/Minxiong.p01.hdf,296.4485381952509,695993.8967075695,695990.0838658382,213514.53767697967,-6210.517175322598,2347.7602153242397,0.01373936445584311
H4,hgn_target,all,reconstructed_velocity_area,maximum,negated,reconstructed_all_touching_faces,hdf_precipitation,False,False,12715,167,1799.9999712,30.0,1799.9999999999984,False,59.99999904,False,15649.128364643675,435704.665508271,239148045.39361626,/mnt/8tb_hdd2/joyce/hecras-dataset/origin/Linux_RAS_v66/Minxiong_hgn_h1h6/outputs_seed/planH4/Minxiong.p01.hdf,65.61967077594247,867622.0787970606,867621.7673283103,155916.8846208533,-13003.184270187014,13221.976841224849,0.004244141456778118
H4,hgn_target,zone_3,reconstructed_velocity_area,maximum,negated,reconstructed_all_touching_faces,hdf_precipitation,False,False,1274,167,1799.9999712,30.0,1799.9999999999984,False,59.99999904,False,15649.128364643675,435704.665508271,18882362.123868667,/mnt/8tb_hdd2/joyce/hecras-dataset/origin/Linux_RAS_v66/Minxiong_hgn_h1h6/outputs_seed/planH4/Minxiong.p01.hdf,60.75758360802475,696027.013870039,696027.1171438778,213862.49904183633,-9517.3645479492,11455.806432893552,-0.003278446574244999
H4,hdf_reconstructed,all,reconstructed_velocity_area,maximum,negated,reconstructed_all_touching_faces,hdf_precipitation,False,False,12715,167,1799.9999712,30.0,1799.9999999999984,False,59.99999904,False,15649.128364643675,435704.665508271,239297576.5560041,/mnt/8tb_hdd2/joyce/hecras-dataset/origin/Linux_RAS_v66/Minxiong_hgn_h1h6/outputs_seed/planH4/Minxiong.p01.hdf,667.5774570445982,867622.0787970606,867613.0611457186,155910.85883780234,-13044.594245813454,1299.6440367934065,0.014796040209979112
H4,hdf_reconstructed,zone_3,reconstructed_velocity_area,maximum,negated,reconstructed_all_touching_faces,hdf_precipitation,False,False,1274,167,1799.9999712,30.0,1799.9999999999984,False,59.99999904,False,15649.128364643675,435704.665508271,18915027.834556095,/mnt/8tb_hdd2/joyce/hecras-dataset/origin/Linux_RAS_v66/Minxiong_hgn_h1h6/outputs_seed/planH4/Minxiong.p01.hdf,296.4485381952509,696027.013870039,696023.2265716804,213859.15694018075,-9545.456611878817,2347.8720145121997,0.013993818512228305
H4,hgn_target,all,reconstructed_velocity_area,maximum,negated,native_bc_only,none,False,False,12715,167,1799.9999712,30.0,1799.9999999999984,False,59.99999904,False,15649.128364643675,435704.665508271,251689891.01598626,/mnt/8tb_hdd2/joyce/hecras-dataset/origin/Linux_RAS_v66/Minxiong_hgn_h1h6/outputs_seed/planH4/Minxiong.p01.hdf,65.61967077594247,1610721.262221309,1610721.1894815327,164424.96743052758,15263.729053120931,24546.31622553121,0.0014734579042534484
H4,hgn_target,zone_3,reconstructed_velocity_area,maximum,negated,native_bc_only,none,False,False,1274,167,1799.9999712,30.0,1799.9999999999984,False,59.99999904,False,15649.128364643675,435704.665508271,160311374.7276238,/mnt/8tb_hdd2/joyce/hecras-dataset/origin/Linux_RAS_v66/Minxiong_hgn_h1h6/outputs_seed/planH4/Minxiong.p01.hdf,60.75758360802475,3396183.7728973688,3396183.8120078556,316213.2891905756,96536.09486885855,55897.28245149127,0.0027072487030102336
H4,hdf_reconstructed,all,reconstructed_velocity_area,maximum,negated,native_bc_only,none,False,False,12715,167,1799.9999712,30.0,1799.9999999999984,False,59.99999904,False,15649.128364643675,435704.665508271,251389686.02522215,/mnt/8tb_hdd2/joyce/hecras-dataset/origin/Linux_RAS_v66/Minxiong_hgn_h1h6/outputs_seed/planH4/Minxiong.p01.hdf,667.5774570445982,1610721.262221309,1610716.3397962833,164416.15540559794,15222.319077494485,2412.77820693199,0.007039180464113904
H4,hdf_reconstructed,zone_3,reconstructed_velocity_area,maximum,negated,native_bc_only,none,False,False,1274,167,1799.9999712,30.0,1799.9999999999984,False,59.99999904,False,15649.128364643675,435704.665508271,160284559.25087506,/mnt/8tb_hdd2/joyce/hecras-dataset/origin/Linux_RAS_v66/Minxiong_hgn_h1h6/outputs_seed/planH4/Minxiong.p01.hdf,296.4485381952509,3396183.7728973688,3396182.991518094,316207.60102845647,96508.00280492891,11456.23119679968,0.0006689180746847527
H4,hgn_target,all,reconstructed_velocity_area,maximum,negated,native_bc_only,hdf_precipitation,False,False,12715,167,1799.9999712,30.0,1799.9999999999984,False,59.99999904,False,15649.128364643675,435704.665508271,45594020.83321837,/mnt/8tb_hdd2/joyce/hecras-dataset/origin/Linux_RAS_v66/Minxiong_hgn_h1h6/outputs_seed/planH4/Minxiong.p01.hdf,65.61967077594247,1610816.822223616,1610816.6544595805,171996.17928502202,1388.0281835333396,24547.771048100705,0.0026098878523087843
H4,hgn_target,zone_3,reconstructed_velocity_area,maximum,negated,native_bc_only,hdf_precipitation,False,False,1274,167,1799.9999712,30.0,1799.9999999999984,False,59.99999904,False,15649.128364643675,435704.665508271,154484469.8013837,/mnt/8tb_hdd2/joyce/hecras-dataset/origin/Linux_RAS_v66/Minxiong_hgn_h1h6/outputs_seed/planH4/Minxiong.p01.hdf,60.75758360802475,3396039.5710556246,3396039.5922218645,316552.4552685785,93201.15543230236,55894.908759559716,0.0028891853166599056
H4,hdf_reconstructed,all,reconstructed_velocity_area,maximum,negated,native_bc_only,hdf_precipitation,False,False,12715,167,1799.9999712,30.0,1799.9999999999984,False,59.99999904,False,15649.128364643675,435704.665508271,44843330.2307629,/mnt/8tb_hdd2/joyce/hecras-dataset/origin/Linux_RAS_v66/Minxiong_hgn_h1h6/outputs_seed/planH4/Minxiong.p01.hdf,667.5774570445982,1610816.822223616,1610811.9651322123,171990.15350197096,1346.6182079068933,2412.9214492403094,0.0074453486108756
H4,hdf_reconstructed,zone_3,reconstructed_velocity_area,maximum,negated,native_bc_only,hdf_precipitation,False,False,1274,167,1799.9999712,30.0,1799.9999999999984,False,59.99999904,False,15649.128364643675,435704.665508271,154457357.16467518,/mnt/8tb_hdd2/joyce/hecras-dataset/origin/Linux_RAS_v66/Minxiong_hgn_h1h6/outputs_seed/planH4/Minxiong.p01.hdf,296.4485381952509,3396039.5710556246,3396038.7948411424,316549.113166923,93173.06336837272,11455.744782942387,0.0007210755773822668
H5,hgn_target,all,reconstructed_velocity_area,mean,cell_order,reconstructed_all_touching_faces,none,False,False,12715,167,1799.9999712,30.0,1799.9999999999984,False,59.99999904,False,14922.901404409678,429941.150190438,11248242.196543602,/mnt/8tb_hdd2/joyce/hecras-dataset/origin/Linux_RAS_v66/Minxiong_hgn_h1h6/outputs_seed/planH5/Minxiong.p01.hdf,67.79288197215678,824385.6213762781,824385.8856196281,113797.67988265795,-872.7609020449031,12160.36052218892,-0.003913266699326609
H5,hgn_target,zone_3,reconstructed_velocity_area,mean,cell_order,reconstructed_all_touching_faces,none,False,False,1274,167,1799.9999712,30.0,1799.9999999999984,False,59.99999904,False,14922.901404409678,429941.150190438,12209683.317887915,/mnt/8tb_hdd2/joyce/hecras-dataset/origin/Linux_RAS_v66/Minxiong_hgn_h1h6/outputs_seed/planH5/Minxiong.p01.hdf,56.53703877914901,656031.7504273294,656031.7240137703,141325.71986320426,-3041.3522995399503,11603.574191008327,-4.229729144787436e-05
H5,hdf_reconstructed,all,reconstructed_velocity_area,mean,cell_order,reconstructed_all_touching_faces,none,False,False,12715,167,1799.9999712,30.0,1799.9999999999984,False,59.99999904,False,14922.901404409678,429941.150190438,11789335.918186847,/mnt/8tb_hdd2/joyce/hecras-dataset/origin/Linux_RAS_v66/Minxiong_hgn_h1h6/outputs_seed/planH5/Minxiong.p01.hdf,659.6188169498298,824385.6213762781,824392.6031357273,113806.23882809073,-911.038928935588,1249.8015246863858,-0.010142446755269225
H5,hdf_reconstructed,zone_3,reconstructed_velocity_area,mean,cell_order,reconstructed_all_touching_faces,none,False,False,1274,167,1799.9999712,30.0,1799.9999999999984,False,59.99999904,False,14922.901404409678,429941.150190438,12212270.229197584,/mnt/8tb_hdd2/joyce/hecras-dataset/origin/Linux_RAS_v66/Minxiong_hgn_h1h6/outputs_seed/planH5/Minxiong.p01.hdf,288.3026869503894,656031.7504273294,656033.7940647987,141329.69317016174,-3066.2369326324233,2275.503572319074,-0.006589221928098535
H5,hgn_target,all,reconstructed_velocity_area,mean,cell_order,reconstructed_all_touching_faces,hdf_precipitation,False,False,12715,167,1799.9999712,30.0,1799.9999999999984,False,59.99999904,False,14922.901404409678,429941.150190438,214147111.46456704,/mnt/8tb_hdd2/joyce/hecras-dataset/origin/Linux_RAS_v66/Minxiong_hgn_h1h6/outputs_seed/planH5/Minxiong.p01.hdf,67.79288197215678,824559.5215143065,824559.60996252,119682.07367296571,-12572.418018228293,12162.923097164905,-0.002011152266622566
H5,hgn_target,zone_3,reconstructed_velocity_area,mean,cell_order,reconstructed_all_touching_faces,hdf_precipitation,False,False,1274,167,1799.9999712,30.0,1799.9999999999984,False,59.99999904,False,14922.901404409678,429941.150190438,15866344.709210312,/mnt/8tb_hdd2/joyce/hecras-dataset/origin/Linux_RAS_v66/Minxiong_hgn_h1h6/outputs_seed/planH5/Minxiong.p01.hdf,56.53703877914901,656071.3970336786,656071.2966967733,141796.7340600524,-5853.2929919530825,11604.274133627492,0.0007615212710946648
H5,hdf_reconstructed,all,reconstructed_velocity_area,mean,cell_order,reconstructed_all_touching_faces,hdf_precipitation,False,False,12715,167,1799.9999712,30.0,1799.9999999999984,False,59.99999904,False,14922.901404409678,429941.150190438,214334952.49279374,/mnt/8tb_hdd2/joyce/hecras-dataset/origin/Linux_RAS_v66/Minxiong_hgn_h1h6/outputs_seed/planH5/Minxiong.p01.hdf,659.6188169498298,824559.5215143065,824566.5860478635,119694.04875896429,-12610.696045118975,1250.06528749555,-0.009516085449948775
H5,hdf_reconstructed,zone_3,reconstructed_velocity_area,mean,cell_order,reconstructed_all_touching_faces,hdf_precipitation,False,False,1274,167,1799.9999712,30.0,1799.9999999999984,False,59.99999904,False,14922.901404409678,429941.150190438,15873555.193863565,/mnt/8tb_hdd2/joyce/hecras-dataset/origin/Linux_RAS_v66/Minxiong_hgn_h1h6/outputs_seed/planH5/Minxiong.p01.hdf,288.3026869503894,656071.3970336786,656073.4569544225,141802.2372782309,-5878.177625045554,2275.641146096285,-0.0063754527030990375
H5,hgn_target,all,reconstructed_velocity_area,mean,cell_order,native_bc_only,none,False,False,12715,167,1799.9999712,30.0,1799.9999999999984,False,59.99999904,False,14922.901404409678,429941.150190438,212125246.54058078,/mnt/8tb_hdd2/joyce/hecras-dataset/origin/Linux_RAS_v66/Minxiong_hgn_h1h6/outputs_seed/planH5/Minxiong.p01.hdf,67.79288197215678,1398415.373208935,1398415.5289841387,126646.82495664623,12866.56929107466,20627.76339201042,-0.0018265385487090504
H5,hgn_target,zone_3,reconstructed_velocity_area,mean,cell_order,native_bc_only,none,False,False,1274,167,1799.9999712,30.0,1799.9999999999984,False,59.99999904,False,14922.901404409678,429941.150190438,131021275.91925268,/mnt/8tb_hdd2/joyce/hecras-dataset/origin/Linux_RAS_v66/Minxiong_hgn_h1h6/outputs_seed/planH5/Minxiong.p01.hdf,56.53703877914901,2858508.5693530045,2858508.5632910556,226711.0697295901,84155.22571900538,50559.92717371113,0.0036436703611465405
H5,hdf_reconstructed,all,reconstructed_velocity_area,mean,cell_order,native_bc_only,none,False,False,12715,167,1799.9999712,30.0,1799.9999999999984,False,59.99999904,False,14922.901404409678,429941.150190438,211842618.60437956,/mnt/8tb_hdd2/joyce/hecras-dataset/origin/Linux_RAS_v66/Minxiong_hgn_h1h6/outputs_seed/planH5/Minxiong.p01.hdf,659.6188169498298,1398415.373208935,1398419.4890661505,126655.38390207909,12828.291264183974,2120.041838000679,-0.006500945297657378
H5,hdf_reconstructed,zone_3,reconstructed_velocity_area,mean,cell_order,native_bc_only,none,False,False,1274,167,1799.9999712,30.0,1799.9999999999984,False,59.99999904,False,14922.901404409678,429941.150190438,130993530.92891054,/mnt/8tb_hdd2/joyce/hecras-dataset/origin/Linux_RAS_v66/Minxiong_hgn_h1h6/outputs_seed/planH5/Minxiong.p01.hdf,288.3026869503894,2858508.5693530045,2858509.0383713795,226715.04303654758,84130.34108591297,9914.95802071129,-0.003439433510983201
H5,hgn_target,all,reconstructed_velocity_area,mean,cell_order,native_bc_only,hdf_precipitation,False,False,12715,167,1799.9999712,30.0,1799.9999999999984,False,59.99999904,False,14922.901404409678,429941.150190438,38130029.04286476,/mnt/8tb_hdd2/joyce/hecras-dataset/origin/Linux_RAS_v66/Minxiong_hgn_h1h6/outputs_seed/planH5/Minxiong.p01.hdf,67.79288197215678,1398448.9724638998,1398449.024615119,132530.59438206078,1166.912174891271,20628.257479737713,-0.0007052347127508796
H5,hgn_target,zone_3,reconstructed_velocity_area,mean,cell_order,native_bc_only,hdf_precipitation,False,False,1274,167,1799.9999712,30.0,1799.9999999999984,False,59.99999904,False,14922.901404409678,429941.150190438,126214974.6308737,/mnt/8tb_hdd2/joyce/hecras-dataset/origin/Linux_RAS_v66/Minxiong_hgn_h1h6/outputs_seed/planH5/Minxiong.p01.hdf,56.53703877914901,2858390.014589931,2858389.991560125,227175.85252956414,81343.28502659225,50557.82993385755,0.0038282811346517483
H5,hdf_reconstructed,all,reconstructed_velocity_area,mean,cell_order,native_bc_only,hdf_precipitation,False,False,12715,167,1799.9999712,30.0,1799.9999999999984,False,59.99999904,False,14922.901404409678,429941.150190438,37444558.67891674,/mnt/8tb_hdd2/joyce/hecras-dataset/origin/Linux_RAS_v66/Minxiong_hgn_h1h6/outputs_seed/planH5/Minxiong.p01.hdf,659.6188169498298,1398448.9724638998,1398453.1378963203,132542.56946805926,1128.6341480005851,2120.0928505389893,-0.006131810348694672
H5,hdf_reconstructed,zone_3,reconstructed_velocity_area,mean,cell_order,native_bc_only,hdf_precipitation,False,False,1274,167,1799.9999712,30.0,1799.9999999999984,False,59.99999904,False,14922.901404409678,429941.150190438,126186829.3659045,/mnt/8tb_hdd2/joyce/hecras-dataset/origin/Linux_RAS_v66/Minxiong_hgn_h1h6/outputs_seed/planH5/Minxiong.p01.hdf,288.3026869503894,2858390.014589931,2858390.4873935315,227181.3557477426,81318.40039349979,9914.54681754457,-0.0033904424090492775
H5,hgn_target,all,reconstructed_velocity_area,mean,negated,reconstructed_all_touching_faces,none,False,False,12715,167,1799.9999712,30.0,1799.9999999999984,False,59.99999904,False,14922.901404409678,429941.150190438,11298419.61424417,/mnt/8tb_hdd2/joyce/hecras-dataset/origin/Linux_RAS_v66/Minxiong_hgn_h1h6/outputs_seed/planH5/Minxiong.p01.hdf,67.79288197215678,824385.6213762781,824385.362707754,113797.06623344195,879.3834694231313,12160.35280881461,0.003913266699326609
H5,hgn_target,zone_3,reconstructed_velocity_area,mean,negated,reconstructed_all_touching_faces,none,False,False,1274,167,1799.9999712,30.0,1799.9999999999984,False,59.99999904,False,14922.901404409678,429941.150190438,12228216.962561872,/mnt/8tb_hdd2/joyce/hecras-dataset/origin/Linux_RAS_v66/Minxiong_hgn_h1h6/outputs_seed/planH5/Minxiong.p01.hdf,56.53703877914901,656031.7504273294,656031.7817132685,141323.54601824717,3054.7929391283324,11603.57521156935,4.229729144787436e-05
H5,hdf_reconstructed,all,reconstructed_velocity_area,mean,negated,reconstructed_all_touching_faces,none,False,False,12715,167,1799.9999712,30.0,1799.9999999999984,False,59.99999904,False,14922.901404409678,429941.150190438,10811371.118620165,/mnt/8tb_hdd2/joyce/hecras-dataset/origin/Linux_RAS_v66/Minxiong_hgn_h1h6/outputs_seed/planH5/Minxiong.p01.hdf,659.6188169498298,824385.6213762781,824379.167345325,113796.44833306174,841.1054425324465,1249.7811556640702,0.010142446755269225
H5,hdf_reconstructed,zone_3,reconstructed_velocity_area,mean,negated,reconstructed_all_touching_faces,none,False,False,1274,167,1799.9999712,30.0,1799.9999999999984,False,59.99999904,False,14922.901404409678,429941.150190438,12225885.97170237,/mnt/8tb_hdd2/joyce/hecras-dataset/origin/Linux_RAS_v66/Minxiong_hgn_h1h6/outputs_seed/planH5/Minxiong.p01.hdf,288.3026869503894,656031.7504273294,656029.833482682,141326.78689633732,3029.90830603586,2275.4898347359854,0.006589221928098535
H5,hgn_target,all,reconstructed_velocity_area,mean,negated,reconstructed_all_touching_faces,hdf_precipitation,False,False,12715,167,1799.9999712,30.0,1799.9999999999984,False,59.99999904,False,14922.901404409678,429941.150190438,200540810.93540475,/mnt/8tb_hdd2/joyce/hecras-dataset/origin/Linux_RAS_v66/Minxiong_hgn_h1h6/outputs_seed/planH5/Minxiong.p01.hdf,67.79288197215678,824597.2172210447,824596.7828874114,120448.61524014929,-10820.27364676025,12163.471427960263,0.005814195113829979
H5,hgn_target,zone_3,reconstructed_velocity_area,mean,negated,reconstructed_all_touching_faces,hdf_precipitation,False,False,1274,167,1799.9999712,30.0,1799.9999999999984,False,59.99999904,False,14922.901404409678,429941.150190438,9819133.379322737,/mnt/8tb_hdd2/joyce/hecras-dataset/origin/Linux_RAS_v66/Minxiong_hgn_h1h6/outputs_seed/planH5/Minxiong.p01.hdf,56.53703877914901,656016.7532163123,656016.7105718732,142256.23475374814,242.8522467152012,11603.308640455603,0.0008461499812818539
H5,hdf_reconstructed,all,reconstructed_velocity_area,mean,negated,reconstructed_all_touching_faces,hdf_precipitation,False,False,12715,167,1799.9999712,30.0,1799.9999999999984,False,59.99999904,False,14922.901404409678,429941.150190438,200683505.38324127,/mnt/8tb_hdd2/joyce/hecras-dataset/origin/Linux_RAS_v66/Minxiong_hgn_h1h6/outputs_seed/planH5/Minxiong.p01.hdf,659.6188169498298,824597.2172210447,824590.8490903161,120451.62240464937,-10858.551673650943,1250.1020709253569,0.010766060667217043
H5,hdf_reconstructed,zone_3,reconstructed_velocity_area,mean,negated,reconstructed_all_touching_faces,hdf_precipitation,False,False,1274,167,1799.9999712,30.0,1799.9999999999984,False,59.99999904,False,14922.901404409678,429941.150190438,9824665.931410825,/mnt/8tb_hdd2/joyce/hecras-dataset/origin/Linux_RAS_v66/Minxiong_hgn_h1h6/outputs_seed/planH5/Minxiong.p01.hdf,288.3026869503894,656016.7532163123,656014.8526360792,142261.13627143728,217.96761362272787,2275.4378725196034,0.006802873909602104
H5,hgn_target,all,reconstructed_velocity_area,mean,negated,native_bc_only,none,False,False,12715,167,1799.9999712,30.0,1799.9999999999984,False,59.99999904,False,14922.901404409678,429941.150190438,212125246.54058078,/mnt/8tb_hdd2/joyce/hecras-dataset/origin/Linux_RAS_v66/Minxiong_hgn_h1h6/outputs_seed/planH5/Minxiong.p01.hdf,67.79288197215678,1414656.7363840484,1414656.5856460037,127456.31160049181,12866.569291074662,20867.332151877206,0.0026949292497413253
H5,hgn_target,zone_3,reconstructed_velocity_area,mean,negated,native_bc_only,none,False,False,1274,167,1799.9999712,30.0,1799.9999999999984,False,59.99999904,False,14922.901404409678,429941.150190438,145993614.7400917,/mnt/8tb_hdd2/joyce/hecras-dataset/origin/Linux_RAS_v66/Minxiong_hgn_h1h6/outputs_seed/planH5/Minxiong.p01.hdf,56.53703877914901,2913030.039915345,2913030.046961126,229496.00575213882,91235.33694316285,51524.27700255603,0.003635195740675901
H5,hdf_reconstructed,all,reconstructed_velocity_area,mean,negated,native_bc_only,none,False,False,12715,167,1799.9999712,30.0,1799.9999999999984,False,59.99999904,False,14922.901404409678,429941.150190438,211842618.60437962,/mnt/8tb_hdd2/joyce/hecras-dataset/origin/Linux_RAS_v66/Minxiong_hgn_h1h6/outputs_seed/planH5/Minxiong.p01.hdf,659.6188169498298,1414656.7363840484,1414652.975332744,127455.69370011159,12828.291264183983,2144.652243055009,0.005460872533248105
H5,hdf_reconstructed,zone_3,reconstructed_velocity_area,mean,negated,native_bc_only,none,False,False,1274,167,1799.9999712,30.0,1799.9999999999984,False,59.99999904,False,14922.901404409678,429941.150190438,145968016.38498098,/mnt/8tb_hdd2/joyce/hecras-dataset/origin/Linux_RAS_v66/Minxiong_hgn_h1h6/outputs_seed/planH5/Minxiong.p01.hdf,288.3026869503894,2913030.039915345,2913029.608208569,229499.24663022903,91210.45231007038,10104.066802228028,-0.00042729838501848297
H5,hgn_target,all,reconstructed_velocity_area,mean,negated,native_bc_only,hdf_precipitation,False,False,12715,167,1799.9999712,30.0,1799.9999999999984,False,59.99999904,False,14922.901404409678,429941.150190438,38130029.04286485,/mnt/8tb_hdd2/joyce/hecras-dataset/origin/Linux_RAS_v66/Minxiong_hgn_h1h6/outputs_seed/planH5/Minxiong.p01.hdf,67.79288197215678,1414745.6050900188,1414745.3519347927,134115.4305976918,1166.9121748912717,20868.641526640553,0.003802917723222666
H5,hgn_target,zone_3,reconstructed_velocity_area,mean,negated,native_bc_only,hdf_precipitation,False,False,1274,167,1799.9999712,30.0,1799.9999999999984,False,59.99999904,False,14922.901404409678,429941.150190438,141102706.84028128,/mnt/8tb_hdd2/joyce/hecras-dataset/origin/Linux_RAS_v66/Minxiong_hgn_h1h6/outputs_seed/planH5/Minxiong.p01.hdf,56.53703877914901,2912900.2692809924,2912900.2596770017,230426.972381497,88423.39625074976,51521.981387381864,0.003816369209731694
H5,hdf_reconstructed,all,reconstructed_velocity_area,mean,negated,native_bc_only,hdf_precipitation,False,False,12715,167,1799.9999712,30.0,1799.9999999999984,False,59.99999904,False,14922.901404409678,429941.150190438,37444558.67891685,/mnt/8tb_hdd2/joyce/hecras-dataset/origin/Linux_RAS_v66/Minxiong_hgn_h1h6/outputs_seed/planH5/Minxiong.p01.hdf,659.6188169498298,1414745.6050900188,1414741.8933771348,134118.4377621919,1128.6341480005865,2144.7870452196926,0.0058247644139544875
H5,hdf_reconstructed,zone_3,reconstructed_velocity_area,mean,negated,native_bc_only,hdf_precipitation,False,False,1274,167,1799.9999712,30.0,1799.9999999999984,False,59.99999904,False,14922.901404409678,429941.150190438,141076808.23854584,/mnt/8tb_hdd2/joyce/hecras-dataset/origin/Linux_RAS_v66/Minxiong_hgn_h1h6/outputs_seed/planH5/Minxiong.p01.hdf,288.3026869503894,2912900.2692809924,2912899.841250286,230431.87389918626,88398.51161765725,10103.616695572222,-0.0003791837964459098
H5,hgn_target,all,reconstructed_velocity_area,minimum,cell_order,reconstructed_all_touching_faces,none,False,False,12715,167,1799.9999712,30.0,1799.9999999999984,False,59.99999904,False,14922.901404409678,429941.150190438,11248242.196543604,/mnt/8tb_hdd2/joyce/hecras-dataset/origin/Linux_RAS_v66/Minxiong_hgn_h1h6/outputs_seed/planH5/Minxiong.p01.hdf,67.79288197215678,819932.1896387438,819932.4695850591,110972.18782602057,-872.7609020449034,12094.669023243674,-0.004145233878972715
H5,hgn_target,zone_3,reconstructed_velocity_area,minimum,cell_order,reconstructed_all_touching_faces,none,False,False,1274,167,1799.9999712,30.0,1799.9999999999984,False,59.99999904,False,14922.901404409678,429941.150190438,12403272.632130122,/mnt/8tb_hdd2/joyce/hecras-dataset/origin/Linux_RAS_v66/Minxiong_hgn_h1h6/outputs_seed/planH5/Minxiong.p01.hdf,56.53703877914901,662144.6480173358,662144.6479856527,136802.43315642918,-3682.441905678424,11711.696655571093,-0.0006234417844064217
H5,hdf_reconstructed,all,reconstructed_velocity_area,minimum,cell_order,reconstructed_all_touching_faces,none,False,False,12715,167,1799.9999712,30.0,1799.9999999999984,False,59.99999904,False,14922.901404409678,429941.150190438,11789335.91818685,/mnt/8tb_hdd2/joyce/hecras-dataset/origin/Linux_RAS_v66/Minxiong_hgn_h1h6/outputs_seed/planH5/Minxiong.p01.hdf,659.6188169498298,819932.1896387438,819938.1627905772,110976.17030473596,-911.0389289355873,1243.0484724224311,-0.008608722217406356
H5,hdf_reconstructed,zone_3,reconstructed_velocity_area,minimum,cell_order,reconstructed_all_touching_faces,none,False,False,1274,167,1799.9999712,30.0,1799.9999999999984,False,59.99999904,False,14922.901404409678,429941.150190438,12408029.218135362,/mnt/8tb_hdd2/joyce/hecras-dataset/origin/Linux_RAS_v66/Minxiong_hgn_h1h6/outputs_seed/planH5/Minxiong.p01.hdf,288.3026869503894,662144.6480173358,662146.7658290972,136807.41796552346,-3707.3265387708943,2296.7068841194614,-0.006790666456484607
H5,hgn_target,all,reconstructed_velocity_area,minimum,cell_order,reconstructed_all_touching_faces,hdf_precipitation,False,False,12715,167,1799.9999712,30.0,1799.9999999999984,False,59.99999904,False,14922.901404409678,429941.150190438,214147111.46456715,/mnt/8tb_hdd2/joyce/hecras-dataset/origin/Linux_RAS_v66/Minxiong_hgn_h1h6/outputs_seed/planH5/Minxiong.p01.hdf,67.79288197215678,820104.2905726884,820104.3937661446,117184.17538755854,-12572.418018228282,12097.205044372797,-0.002232773273550363
H5,hgn_target,zone_3,reconstructed_velocity_area,minimum,cell_order,reconstructed_all_touching_faces,hdf_precipitation,False,False,1274,167,1799.9999712,30.0,1799.9999999999984,False,59.99999904,False,14922.901404409678,429941.150190438,16269548.145101016,/mnt/8tb_hdd2/joyce/hecras-dataset/origin/Linux_RAS_v66/Minxiong_hgn_h1h6/outputs_seed/planH5/Minxiong.p01.hdf,56.53703877914901,662186.833945,662186.7606710922,137532.12486530538,-6494.382598091554,11712.44152453397,0.0001729779900057265
H5,hdf_reconstructed,all,reconstructed_velocity_area,minimum,cell_order,reconstructed_all_touching_faces,hdf_precipitation,False,False,12715,167,1799.9999712,30.0,1799.9999999999984,False,59.99999904,False,14922.901404409678,429941.150190438,214334952.49279383,/mnt/8tb_hdd2/joyce/hecras-dataset/origin/Linux_RAS_v66/Minxiong_hgn_h1h6/outputs_seed/planH5/Minxiong.p01.hdf,659.6188169498298,820104.2905726884,820110.3471753746,117190.72738447934,-12610.696045118988,1243.3095086154156,-0.00797912847931041
H5,hdf_reconstructed,zone_3,reconstructed_velocity_area,minimum,cell_order,reconstructed_all_touching_faces,hdf_precipitation,False,False,1274,167,1799.9999712,30.0,1799.9999999999984,False,59.99999904,False,14922.901404409678,429941.150190438,16278264.544177437,/mnt/8tb_hdd2/joyce/hecras-dataset/origin/Linux_RAS_v66/Minxiong_hgn_h1h6/outputs_seed/planH5/Minxiong.p01.hdf,288.3026869503894,662186.833945,662188.967877093,137536.27104641442,-6519.267231184029,2296.8532651623927,-0.006578863492313812
H5,hgn_target,all,reconstructed_velocity_area,minimum,cell_order,native_bc_only,none,False,False,12715,167,1799.9999712,30.0,1799.9999999999984,False,59.99999904,False,14922.901404409678,429941.150190438,212125246.54058078,/mnt/8tb_hdd2/joyce/hecras-dataset/origin/Linux_RAS_v66/Minxiong_hgn_h1h6/outputs_seed/planH5/Minxiong.p01.hdf,67.79288197215678,1395794.0448343172,1395794.2092833791,123821.33290000899,12866.569291074658,20589.096800113115,-0.0019537532150372995
H5,hgn_target,zone_3,reconstructed_velocity_area,minimum,cell_order,native_bc_only,none,False,False,1274,167,1799.9999712,30.0,1799.9999999999984,False,59.99999904,False,14922.901404409678,429941.150190438,130116071.9731914,/mnt/8tb_hdd2/joyce/hecras-dataset/origin/Linux_RAS_v66/Minxiong_hgn_h1h6/outputs_seed/planH5/Minxiong.p01.hdf,56.53703877914901,2859917.6768560694,2859917.676848734,222187.78302281507,83514.13611286692,50584.850897841476,0.003507153953762114
H5,hdf_reconstructed,all,reconstructed_velocity_area,minimum,cell_order,native_bc_only,none,False,False,12715,167,1799.9999712,30.0,1799.9999999999984,False,59.99999904,False,14922.901404409678,429941.150190438,211842618.60437953,/mnt/8tb_hdd2/joyce/hecras-dataset/origin/Linux_RAS_v66/Minxiong_hgn_h1h6/outputs_seed/planH5/Minxiong.p01.hdf,659.6188169498298,1395794.0448343172,1395797.5536550945,123825.31537872428,12828.291264183968,2116.0669128716772,-0.005579798735765951
H5,hdf_reconstructed,zone_3,reconstructed_velocity_area,minimum,cell_order,native_bc_only,none,False,False,1274,167,1799.9999712,30.0,1799.9999999999984,False,59.99999904,False,14922.901404409678,429941.150190438,130088344.7012473,/mnt/8tb_hdd2/joyce/hecras-dataset/origin/Linux_RAS_v66/Minxiong_hgn_h1h6/outputs_seed/planH5/Minxiong.p01.hdf,288.3026869503894,2859917.6768560694,2859918.1671848143,222192.76783190935,83489.25147977447,9919.845692166386,-0.003498456261810592
H5,hgn_target,all,reconstructed_velocity_area,minimum,cell_order,native_bc_only,hdf_precipitation,False,False,12715,167,1799.9999712,30.0,1799.9999999999984,False,59.99999904,False,14922.901404409678,429941.150190438,38130029.04286482,/mnt/8tb_hdd2/joyce/hecras-dataset/origin/Linux_RAS_v66/Minxiong_hgn_h1h6/outputs_seed/planH5/Minxiong.p01.hdf,67.79288197215678,1395826.0952479695,1395826.1558783026,130032.69609665369,1166.912174891272,20589.56803830205,-0.0008303359548933261
H5,hgn_target,zone_3,reconstructed_velocity_area,minimum,cell_order,native_bc_only,hdf_precipitation,False,False,1274,167,1799.9999712,30.0,1799.9999999999984,False,59.99999904,False,14922.901404409678,429941.150190438,125307740.22559945,/mnt/8tb_hdd2/joyce/hecras-dataset/origin/Linux_RAS_v66/Minxiong_hgn_h1h6/outputs_seed/planH5/Minxiong.p01.hdf,56.53703877914901,2859799.853233056,2859799.836266479,222911.24333481715,80702.19542045378,50582.766590194675,0.0036916706204095442
H5,hdf_reconstructed,all,reconstructed_velocity_area,minimum,cell_order,native_bc_only,hdf_precipitation,False,False,12715,167,1799.9999712,30.0,1799.9999999999984,False,59.99999904,False,14922.901404409678,429941.150190438,37444558.6789167,/mnt/8tb_hdd2/joyce/hecras-dataset/origin/Linux_RAS_v66/Minxiong_hgn_h1h6/outputs_seed/planH5/Minxiong.p01.hdf,659.6188169498298,1395826.0952479695,1395829.6537556357,130039.24809357437,1128.6341480005856,2116.115577493905,-0.005210036797578311
H5,hdf_reconstructed,zone_3,reconstructed_velocity_area,minimum,cell_order,native_bc_only,hdf_precipitation,False,False,1274,167,1799.9999712,30.0,1799.9999999999984,False,59.99999904,False,14922.901404409678,429941.150190438,125279610.01079717,/mnt/8tb_hdd2/joyce/hecras-dataset/origin/Linux_RAS_v66/Minxiong_hgn_h1h6/outputs_seed/planH5/Minxiong.p01.hdf,288.3026869503894,2859799.853233056,2859800.347345918,222915.389515926,80677.3107873613,9919.437025011242,-0.0034494903354699053
H5,hgn_target,all,reconstructed_velocity_area,minimum,negated,reconstructed_all_touching_faces,none,False,False,12715,167,1799.9999712,30.0,1799.9999999999984,False,59.99999904,False,14922.901404409678,429941.150190438,11298419.61424418,/mnt/8tb_hdd2/joyce/hecras-dataset/origin/Linux_RAS_v66/Minxiong_hgn_h1h6/outputs_seed/planH5/Minxiong.p01.hdf,67.79288197215678,819932.1896387438,819931.915297524,110971.44744615039,879.383469423132,12094.660847052915,0.004145233878972715
H5,hgn_target,zone_3,reconstructed_velocity_area,minimum,negated,reconstructed_all_touching_faces,none,False,False,1274,167,1799.9999712,30.0,1799.9999999999984,False,59.99999904,False,14922.901404409678,429941.150190438,12423232.254330153,/mnt/8tb_hdd2/joyce/hecras-dataset/origin/Linux_RAS_v66/Minxiong_hgn_h1h6/outputs_seed/planH5/Minxiong.p01.hdf,56.53703877914901,662144.6480173358,662144.6528764183,136800.0493840069,3695.8825452668048,11711.696742076609,0.0006234417844064217
H5,hdf_reconstructed,all,reconstructed_velocity_area,minimum,negated,reconstructed_all_touching_faces,none,False,False,12715,167,1799.9999712,30.0,1799.9999999999984,False,59.99999904,False,14922.901404409678,429941.150190438,10811371.118620167,/mnt/8tb_hdd2/joyce/hecras-dataset/origin/Linux_RAS_v66/Minxiong_hgn_h1h6/outputs_seed/planH5/Minxiong.p01.hdf,659.6188169498298,819932.1896387438,819926.7470970504,110979.71953025588,841.1054425324467,1243.0311659217168,0.008608722217406356
H5,hdf_reconstructed,zone_3,reconstructed_velocity_area,minimum,negated,reconstructed_all_touching_faces,none,False,False,1274,167,1799.9999712,30.0,1799.9999999999984,False,59.99999904,False,14922.901404409678,429941.150190438,12418730.115889238,/mnt/8tb_hdd2/joyce/hecras-dataset/origin/Linux_RAS_v66/Minxiong_hgn_h1h6/outputs_seed/planH5/Minxiong.p01.hdf,288.3026869503894,662144.6480173358,662142.6557283169,136809.1817287524,3670.997912174332,2296.6926279194104,0.006790666456484607
H5,hgn_target,all,reconstructed_velocity_area,minimum,negated,reconstructed_all_touching_faces,hdf_precipitation,False,False,12715,167,1799.9999712,30.0,1799.9999999999984,False,59.99999904,False,14922.901404409678,429941.150190438,200540810.93540472,/mnt/8tb_hdd2/joyce/hecras-dataset/origin/Linux_RAS_v66/Minxiong_hgn_h1h6/outputs_seed/planH5/Minxiong.p01.hdf,67.79288197215678,820147.6778608382,820147.226906817,117778.5449277041,-10820.273646760252,12097.83686794227,0.006056419544560504
H5,hgn_target,zone_3,reconstructed_velocity_area,minimum,negated,reconstructed_all_touching_faces,hdf_precipitation,False,False,1274,167,1799.9999712,30.0,1799.9999999999984,False,59.99999904,False,14922.901404409678,429941.150190438,9645221.238107342,/mnt/8tb_hdd2/joyce/hecras-dataset/origin/Linux_RAS_v66/Minxiong_hgn_h1h6/outputs_seed/planH5/Minxiong.p01.hdf,56.53703877914901,662126.8836972285,662126.8153075838,137926.0396933403,883.9418528536737,11711.381239722405,0.0014198842287419487
H5,hdf_reconstructed,all,reconstructed_velocity_area,minimum,negated,reconstructed_all_touching_faces,hdf_precipitation,False,False,12715,167,1799.9999712,30.0,1799.9999999999984,False,59.99999904,False,14922.901404409678,429941.150190438,200683505.38324133,/mnt/8tb_hdd2/joyce/hecras-dataset/origin/Linux_RAS_v66/Minxiong_hgn_h1h6/outputs_seed/planH5/Minxiong.p01.hdf,659.6188169498298,820147.6778608382,820142.3214501673,117788.7088683591,-10858.551673650945,1243.3579824823992,0.009235946908588324
H5,hdf_reconstructed,zone_3,reconstructed_velocity_area,minimum,negated,reconstructed_all_touching_faces,hdf_precipitation,False,False,1274,167,1799.9999712,30.0,1799.9999999999984,False,59.99999904,False,14922.901404409678,429941.150190438,9648011.889068846,/mnt/8tb_hdd2/joyce/hecras-dataset/origin/Linux_RAS_v66/Minxiong_hgn_h1h6/outputs_seed/planH5/Minxiong.p01.hdf,288.3026869503894,662126.8836972285,662124.9076115811,137933.9015968573,859.0572197612016,2296.631067214155,0.007002350566664977
H5,hgn_target,all,reconstructed_velocity_area,minimum,negated,native_bc_only,none,False,False,12715,167,1799.9999712,30.0,1799.9999999999984,False,59.99999904,False,14922.901404409678,429941.150190438,212125246.5405808,/mnt/8tb_hdd2/joyce/hecras-dataset/origin/Linux_RAS_v66/Minxiong_hgn_h1h6/outputs_seed/planH5/Minxiong.p01.hdf,67.79288197215678,1412064.7042146611,1412064.5449151827,124630.45965748663,12866.569291074662,20829.09744853644,0.0028222342265578023
H5,hgn_target,zone_3,reconstructed_velocity_area,minimum,negated,native_bc_only,none,False,False,1274,167,1799.9999712,30.0,1799.9999999999984,False,59.99999904,False,14922.901404409678,429941.150190438,146842049.80600995,/mnt/8tb_hdd2/joyce/hecras-dataset/origin/Linux_RAS_v66/Minxiong_hgn_h1h6/outputs_seed/planH5/Minxiong.p01.hdf,56.53703877914901,2914412.786613875,2914412.7877178425,224972.50911789853,91876.42654930135,51548.73425724385,0.0037656808174954194
H5,hdf_reconstructed,all,reconstructed_velocity_area,minimum,negated,native_bc_only,none,False,False,12715,167,1799.9999712,30.0,1799.9999999999984,False,59.99999904,False,14922.901404409678,429941.150190438,211842618.60437962,/mnt/8tb_hdd2/joyce/hecras-dataset/origin/Linux_RAS_v66/Minxiong_hgn_h1h6/outputs_seed/planH5/Minxiong.p01.hdf,659.6188169498298,1412064.7042146611,1412061.5439449532,124638.73174159208,12828.291264183972,2140.723562851837,0.004548296614091491
H5,hdf_reconstructed,zone_3,reconstructed_velocity_area,minimum,negated,native_bc_only,none,False,False,1274,167,1799.9999712,30.0,1799.9999999999984,False,59.99999904,False,14922.901404409678,429941.150190438,146816412.61812365,/mnt/8tb_hdd2/joyce/hecras-dataset/origin/Linux_RAS_v66/Minxiong_hgn_h1h6/outputs_seed/planH5/Minxiong.p01.hdf,288.3026869503894,2914412.786613875,2914412.333973249,224981.6414626441,91851.54191620887,10108.8628926818,-0.00036748850612612085
H5,hgn_target,all,reconstructed_velocity_area,minimum,negated,native_bc_only,hdf_precipitation,False,False,12715,167,1799.9999712,30.0,1799.9999999999984,False,59.99999904,False,14922.901404409678,429941.150190438,38130029.042864814,/mnt/8tb_hdd2/joyce/hecras-dataset/origin/Linux_RAS_v66/Minxiong_hgn_h1h6/outputs_seed/planH5/Minxiong.p01.hdf,67.79288197215678,1412155.329342915,1412155.06743913,131445.1271295331,1166.9121748912717,20830.432729192962,0.003932238089077565
H5,hgn_target,zone_3,reconstructed_velocity_area,minimum,negated,native_bc_only,hdf_precipitation,False,False,1274,167,1799.9999712,30.0,1799.9999999999984,False,59.99999904,False,14922.901404409678,429941.150190438,141951517.87443593,/mnt/8tb_hdd2/joyce/hecras-dataset/origin/Linux_RAS_v66/Minxiong_hgn_h1h6/outputs_seed/planH5/Minxiong.p01.hdf,56.53703877914901,2914282.417404224,2914282.4018660528,226096.77732108918,89064.4858568882,51546.42805489217,0.003946771454503835
H5,hdf_reconstructed,all,reconstructed_velocity_area,minimum,negated,native_bc_only,hdf_precipitation,False,False,12715,167,1799.9999712,30.0,1799.9999999999984,False,59.99999904,False,14922.901404409678,429941.150190438,37444558.67891686,/mnt/8tb_hdd2/joyce/hecras-dataset/origin/Linux_RAS_v66/Minxiong_hgn_h1h6/outputs_seed/planH5/Minxiong.p01.hdf,659.6188169498298,1412155.329342915,1412152.2184682288,131455.29107018822,1128.634148000586,2140.8610278861042,0.004912944885331882
H5,hdf_reconstructed,zone_3,reconstructed_velocity_area,minimum,negated,native_bc_only,hdf_precipitation,False,False,1274,167,1799.9999712,30.0,1799.9999999999984,False,59.99999904,False,14922.901404409678,429941.150190438,141925580.9652159,/mnt/8tb_hdd2/joyce/hecras-dataset/origin/Linux_RAS_v66/Minxiong_hgn_h1h6/outputs_seed/planH5/Minxiong.p01.hdf,288.3026869503894,2914282.417404224,2914281.9684368996,226104.6392246061,89039.60122379575,10108.410709812026,-0.00031939555339958846
H5,hgn_target,all,reconstructed_velocity_area,maximum,cell_order,reconstructed_all_touching_faces,none,False,False,12715,167,1799.9999712,30.0,1799.9999999999984,False,59.99999904,False,14922.901404409678,429941.150190438,11248242.196543604,/mnt/8tb_hdd2/joyce/hecras-dataset/origin/Linux_RAS_v66/Minxiong_hgn_h1h6/outputs_seed/planH5/Minxiong.p01.hdf,67.79288197215678,867645.1136578409,867645.3081615051,149659.06117762288,-872.7609020449025,12798.472095018114,-0.0028827808117259123
H5,hgn_target,zone_3,reconstructed_velocity_area,maximum,cell_order,reconstructed_all_touching_faces,none,False,False,1274,167,1799.9999712,30.0,1799.9999999999984,False,59.99999904,False,14922.901404409678,429941.150190438,19149746.484620124,/mnt/8tb_hdd2/joyce/hecras-dataset/origin/Linux_RAS_v66/Minxiong_hgn_h1h6/outputs_seed/planH5/Minxiong.p01.hdf,56.53703877914901,692259.3284118753,692259.2085052149,207277.1933622462,8633.403060401502,12244.348544843167,0.0036692450887135073
H5,hdf_reconstructed,all,reconstructed_velocity_area,maximum,cell_order,reconstructed_all_touching_faces,none,False,False,12715,167,1799.9999712,30.0,1799.9999999999984,False,59.99999904,False,14922.901404409678,429941.150190438,11789335.918186847,/mnt/8tb_hdd2/joyce/hecras-dataset/origin/Linux_RAS_v66/Minxiong_hgn_h1h6/outputs_seed/planH5/Minxiong.p01.hdf,659.6188169498298,867645.1136578409,867654.8575451627,149671.68924557607,-911.038928935588,1315.3882746361312,-0.014358630798528277
H5,hdf_reconstructed,zone_3,reconstructed_velocity_area,maximum,cell_order,reconstructed_all_touching_faces,none,False,False,1274,167,1799.9999712,30.0,1799.9999999999984,False,59.99999904,False,14922.901404409678,429941.150190438,19122538.168835957,/mnt/8tb_hdd2/joyce/hecras-dataset/origin/Linux_RAS_v66/Minxiong_hgn_h1h6/outputs_seed/planH5/Minxiong.p01.hdf,288.3026869503894,692259.3284118753,692262.3463630483,207283.2372096198,8608.518427309029,2401.1650868941488,-0.011067768246742207
H5,hgn_target,all,reconstructed_velocity_area,maximum,cell_order,reconstructed_all_touching_faces,hdf_precipitation,False,False,12715,167,1799.9999712,30.0,1799.9999999999984,False,59.99999904,False,14922.901404409678,429941.150190438,214147111.4645671,/mnt/8tb_hdd2/joyce/hecras-dataset/origin/Linux_RAS_v66/Minxiong_hgn_h1h6/outputs_seed/planH5/Minxiong.p01.hdf,67.79288197215678,867835.999874507,867836.0273595848,155343.9614063585,-12572.418018228296,12801.285357893677,-0.0010755607175980237
H5,hgn_target,zone_3,reconstructed_velocity_area,maximum,cell_order,reconstructed_all_touching_faces,hdf_precipitation,False,False,1274,167,1799.9999712,30.0,1799.9999999999984,False,59.99999904,False,14922.901404409678,429941.150190438,18450038.384394914,/mnt/8tb_hdd2/joyce/hecras-dataset/origin/Linux_RAS_v66/Minxiong_hgn_h1h6/outputs_seed/planH5/Minxiong.p01.hdf,56.53703877914901,692236.0678386652,692235.8778651047,207301.98071453357,5821.462367988371,12243.935883681317,0.0044310325991693995
H5,hdf_reconstructed,all,reconstructed_velocity_area,maximum,cell_order,reconstructed_all_touching_faces,hdf_precipitation,False,False,12715,167,1799.9999712,30.0,1799.9999999999984,False,59.99999904,False,14922.901404409678,429941.150190438,214334952.49279383,/mnt/8tb_hdd2/joyce/hecras-dataset/origin/Linux_RAS_v66/Minxiong_hgn_h1h6/outputs_seed/planH5/Minxiong.p01.hdf,659.6188169498298,867835.999874507,867845.8216638212,155358.9478085356,-12610.69604511898,1315.6777814145182,-0.013762770002120714
H5,hdf_reconstructed,zone_3,reconstructed_velocity_area,maximum,cell_order,reconstructed_all_touching_faces,hdf_precipitation,False,False,1274,167,1799.9999712,30.0,1799.9999999999984,False,59.99999904,False,14922.901404409678,429941.150190438,18426293.024163175,/mnt/8tb_hdd2/joyce/hecras-dataset/origin/Linux_RAS_v66/Minxiong_hgn_h1h6/outputs_seed/planH5/Minxiong.p01.hdf,288.3026869503894,692236.0678386652,692239.1014408565,207309.46614933302,5796.577734895897,2401.08446009723,-0.01086526657266727
H5,hgn_target,all,reconstructed_velocity_area,maximum,cell_order,native_bc_only,none,False,False,12715,167,1799.9999712,30.0,1799.9999999999984,False,59.99999904,False,14922.901404409678,429941.150190438,212125246.5405808,/mnt/8tb_hdd2/joyce/hecras-dataset/origin/Linux_RAS_v66/Minxiong_hgn_h1h6/outputs_seed/planH5/Minxiong.p01.hdf,67.79288197215678,1424346.737405326,1424346.8558878289,162508.20625161118,12866.569291074655,21010.27149830896,-0.0012843898975648746
H5,hgn_target,zone_3,reconstructed_velocity_area,maximum,cell_order,native_bc_only,none,False,False,1274,167,1799.9999712,30.0,1799.9999999999984,False,59.99999904,False,14922.901404409678,429941.150190438,146115867.269115,/mnt/8tb_hdd2/joyce/hecras-dataset/origin/Linux_RAS_v66/Minxiong_hgn_h1h6/outputs_seed/planH5/Minxiong.p01.hdf,56.53703877914901,2867039.6860296647,2867039.6570776766,292662.54322863196,95829.98107894683,50710.82106505811,0.004529349211743743
H5,hdf_reconstructed,all,reconstructed_velocity_area,maximum,cell_order,native_bc_only,none,False,False,12715,167,1799.9999712,30.0,1799.9999999999984,False,59.99999904,False,14922.901404409678,429941.150190438,211842618.6043795,/mnt/8tb_hdd2/joyce/hecras-dataset/origin/Linux_RAS_v66/Minxiong_hgn_h1h6/outputs_seed/planH5/Minxiong.p01.hdf,659.6188169498298,1424346.737405326,1424352.672944656,162520.83431956422,12828.291264183974,2159.357247464624,-0.009259039004550995
H5,hdf_reconstructed,zone_3,reconstructed_velocity_area,maximum,cell_order,native_bc_only,none,False,False,1274,167,1799.9999712,30.0,1799.9999999999984,False,59.99999904,False,14922.901404409678,429941.150190438,146087208.7750521,/mnt/8tb_hdd2/joyce/hecras-dataset/origin/Linux_RAS_v66/Minxiong_hgn_h1h6/outputs_seed/planH5/Minxiong.p01.hdf,288.3026869503894,2867039.6860296647,2867040.41472873,292668.5870760056,95805.09644585435,9944.549754481079,-0.004594714091624012
H5,hgn_target,all,reconstructed_velocity_area,maximum,cell_order,native_bc_only,hdf_precipitation,False,False,12715,167,1799.9999712,30.0,1799.9999999999984,False,59.99999904,False,14922.901404409678,429941.150190438,38130029.04286483,/mnt/8tb_hdd2/joyce/hecras-dataset/origin/Linux_RAS_v66/Minxiong_hgn_h1h6/outputs_seed/planH5/Minxiong.p01.hdf,67.79288197215678,1424395.355423261,1424395.3721689912,168192.48211545343,1166.9121748912703,21010.987152810598,-0.00018353397203117917
H5,hgn_target,zone_3,reconstructed_velocity_area,maximum,cell_order,native_bc_only,hdf_precipitation,False,False,1274,167,1799.9999712,30.0,1799.9999999999984,False,59.99999904,False,14922.901404409678,429941.150190438,141366609.7196252,/mnt/8tb_hdd2/joyce/hecras-dataset/origin/Linux_RAS_v66/Minxiong_hgn_h1h6/outputs_seed/planH5/Minxiong.p01.hdf,56.53703877914901,2866906.794982781,2866906.749112251,292681.0991840452,93018.04038653373,50708.470252771236,0.00471345037381313
H5,hdf_reconstructed,all,reconstructed_velocity_area,maximum,cell_order,native_bc_only,hdf_precipitation,False,False,12715,167,1799.9999712,30.0,1799.9999999999984,False,59.99999904,False,14922.901404409678,429941.150190438,37444558.67891678,/mnt/8tb_hdd2/joyce/hecras-dataset/origin/Linux_RAS_v66/Minxiong_hgn_h1h6/outputs_seed/planH5/Minxiong.p01.hdf,659.6188169498298,1424395.355423261,1424401.3395291818,168207.4685176305,1128.634148000587,2159.4310273254696,-0.00889635875618811
H5,hdf_reconstructed,zone_3,reconstructed_velocity_area,maximum,cell_order,native_bc_only,hdf_precipitation,False,False,1274,167,1799.9999712,30.0,1799.9999999999984,False,59.99999904,False,14922.901404409678,429941.150190438,141337574.36058596,/mnt/8tb_hdd2/joyce/hecras-dataset/origin/Linux_RAS_v66/Minxiong_hgn_h1h6/outputs_seed/planH5/Minxiong.p01.hdf,288.3026869503894,2866906.794982781,2866907.5274702096,292688.58461884456,92993.15575344123,9944.088824824383,-0.004545882604995054
H5,hgn_target,all,reconstructed_velocity_area,maximum,negated,reconstructed_all_touching_faces,none,False,False,12715,167,1799.9999712,30.0,1799.9999999999984,False,59.99999904,False,14922.901404409678,429941.150190438,11298419.614244176,/mnt/8tb_hdd2/joyce/hecras-dataset/origin/Linux_RAS_v66/Minxiong_hgn_h1h6/outputs_seed/planH5/Minxiong.p01.hdf,67.79288197215678,867645.1136578409,867644.9244510861,149658.67558455968,879.3834694231316,12798.466434978183,0.0028827808117259123
H5,hgn_target,zone_3,reconstructed_velocity_area,maximum,negated,reconstructed_all_touching_faces,none,False,False,1274,167,1799.9999712,30.0,1799.9999999999984,False,59.99999904,False,14922.901404409678,429941.150190438,19145508.09381966,/mnt/8tb_hdd2/joyce/hecras-dataset/origin/Linux_RAS_v66/Minxiong_hgn_h1h6/outputs_seed/planH5/Minxiong.p01.hdf,56.53703877914901,692259.3284118753,692259.4529359124,207275.37351621242,-8619.962420813119,12244.352868216001,-0.0036692450887135073
H5,hdf_reconstructed,all,reconstructed_velocity_area,maximum,negated,reconstructed_all_touching_faces,none,False,False,12715,167,1799.9999712,30.0,1799.9999999999984,False,59.99999904,False,14922.901404409678,429941.150190438,10811371.118620165,/mnt/8tb_hdd2/joyce/hecras-dataset/origin/Linux_RAS_v66/Minxiong_hgn_h1h6/outputs_seed/planH5/Minxiong.p01.hdf,659.6188169498298,867645.1136578409,867635.8711354119,149650.3728796534,841.1054425324461,1315.3594907244797,0.014358630798528277
H5,hdf_reconstructed,zone_3,reconstructed_velocity_area,maximum,negated,reconstructed_all_touching_faces,none,False,False,1274,167,1799.9999712,30.0,1799.9999999999984,False,59.99999904,False,14922.901404409678,429941.150190438,19172844.85188791,/mnt/8tb_hdd2/joyce/hecras-dataset/origin/Linux_RAS_v66/Minxiong_hgn_h1h6/outputs_seed/planH5/Minxiong.p01.hdf,288.3026869503894,692259.3284118753,692256.4305164143,207271.3183489615,-8644.847053905592,2401.1445673259946,0.011067768246742207
H5,hgn_target,all,reconstructed_velocity_area,maximum,negated,reconstructed_all_touching_faces,hdf_precipitation,False,False,12715,167,1799.9999712,30.0,1799.9999999999984,False,59.99999904,False,14922.901404409678,429941.150190438,200540810.9354048,/mnt/8tb_hdd2/joyce/hecras-dataset/origin/Linux_RAS_v66/Minxiong_hgn_h1h6/outputs_seed/planH5/Minxiong.p01.hdf,67.79288197215678,867820.507671464,867820.1515240916,155756.40378832596,-10820.273646760257,12801.0511764423,0.004689291165598537
H5,hgn_target,zone_3,reconstructed_velocity_area,maximum,negated,reconstructed_all_touching_faces,hdf_precipitation,False,False,1274,167,1799.9999712,30.0,1799.9999999999984,False,59.99999904,False,14922.901404409678,429941.150190438,21033543.97518185,/mnt/8tb_hdd2/joyce/hecras-dataset/origin/Linux_RAS_v66/Minxiong_hgn_h1h6/outputs_seed/planH5/Minxiong.p01.hdf,56.53703877914901,692305.9477561112,692306.0022159886,207556.8405014498,-11431.903113226252,12245.176209534919,-0.002907394067538272
H5,hdf_reconstructed,all,reconstructed_velocity_area,maximum,negated,reconstructed_all_touching_faces,hdf_precipitation,False,False,12715,167,1799.9999712,30.0,1799.9999999999984,False,59.99999904,False,14922.901404409678,429941.150190438,200683505.38324133,/mnt/8tb_hdd2/joyce/hecras-dataset/origin/Linux_RAS_v66/Minxiong_hgn_h1h6/outputs_seed/planH5/Minxiong.p01.hdf,659.6188169498298,867820.507671464,867811.3470654289,155751.00674171184,-10858.551673650933,1315.625516989207,0.014951035255420195
H5,hdf_reconstructed,zone_3,reconstructed_velocity_area,maximum,negated,reconstructed_all_touching_faces,hdf_precipitation,False,False,1274,167,1799.9999712,30.0,1799.9999999999984,False,59.99999904,False,14922.901404409678,429941.150190438,21062363.455540106,/mnt/8tb_hdd2/joyce/hecras-dataset/origin/Linux_RAS_v66/Minxiong_hgn_h1h6/outputs_seed/planH5/Minxiong.p01.hdf,288.3026869503894,692305.9477561112,692303.0656039657,207555.19290726303,-11456.78774631872,2401.3063247069076,0.011270079078008624
H5,hgn_target,all,reconstructed_velocity_area,maximum,negated,native_bc_only,none,False,False,12715,167,1799.9999712,30.0,1799.9999999999984,False,59.99999904,False,14922.901404409678,429941.150190438,212125246.54058078,/mnt/8tb_hdd2/joyce/hecras-dataset/origin/Linux_RAS_v66/Minxiong_hgn_h1h6/outputs_seed/planH5/Minxiong.p01.hdf,67.79288197215678,1440296.554487166,1440296.4405076501,163318.15391140315,12866.569291074657,21245.54080912498,0.0021436944842620586
H5,hgn_target,zone_3,reconstructed_velocity_area,maximum,negated,native_bc_only,none,False,False,1274,167,1799.9999712,30.0,1799.9999999999984,False,59.99999904,False,14922.901404409678,429941.150190438,132374937.68032089,/mnt/8tb_hdd2/joyce/hecras-dataset/origin/Linux_RAS_v66/Minxiong_hgn_h1h6/outputs_seed/planH5/Minxiong.p01.hdf,56.53703877914901,2921401.946609489,2921401.976116875,295447.8332501041,79560.58158322141,51672.35566632285,0.002745118386732992
H5,hdf_reconstructed,all,reconstructed_velocity_area,maximum,negated,native_bc_only,none,False,False,12715,167,1799.9999712,30.0,1799.9999999999984,False,59.99999904,False,14922.901404409678,429941.150190438,211842618.60437962,/mnt/8tb_hdd2/joyce/hecras-dataset/origin/Linux_RAS_v66/Minxiong_hgn_h1h6/outputs_seed/planH5/Minxiong.p01.hdf,659.6188169498298,1440296.554487166,1440290.986743366,163309.85120649682,12828.291264183965,2183.5201630594383,0.008208253473370645
H5,hdf_reconstructed,zone_3,reconstructed_velocity_area,maximum,negated,native_bc_only,none,False,False,1274,167,1799.9999712,30.0,1799.9999999999984,False,59.99999904,False,14922.901404409678,429941.150190438,132350877.93509741,/mnt/8tb_hdd2/joyce/hecras-dataset/origin/Linux_RAS_v66/Minxiong_hgn_h1h6/outputs_seed/planH5/Minxiong.p01.hdf,288.3026869503894,2921401.946609489,2921401.2599216457,295443.7780828532,79535.69695012894,10133.104518808579,0.0007171670571219229
H5,hgn_target,all,reconstructed_velocity_area,maximum,negated,native_bc_only,hdf_precipitation,False,False,12715,167,1799.9999712,30.0,1799.9999999999984,False,59.99999904,False,14922.901404409678,429941.150190438,38130029.0428649,/mnt/8tb_hdd2/joyce/hecras-dataset/origin/Linux_RAS_v66/Minxiong_hgn_h1h6/outputs_seed/planH5/Minxiong.p01.hdf,67.79288197215678,1440368.3843227222,1440368.1697443158,169423.45210566206,1166.9121748912712,21246.598873549727,0.00323205599174477
H5,hgn_target,zone_3,reconstructed_velocity_area,maximum,negated,native_bc_only,hdf_precipitation,False,False,1274,167,1799.9999712,30.0,1799.9999999999984,False,59.99999904,False,14922.901404409678,429941.150190438,127467391.36105685,/mnt/8tb_hdd2/joyce/hecras-dataset/origin/Linux_RAS_v66/Minxiong_hgn_h1h6/outputs_seed/planH5/Minxiong.p01.hdf,56.53703877914901,2921286.9635787737,2921286.9764850363,295727.5781291987,76748.64089080828,51670.321608043145,0.002925734584340663
H5,hdf_reconstructed,all,reconstructed_velocity_area,maximum,negated,native_bc_only,hdf_precipitation,False,False,12715,167,1799.9999712,30.0,1799.9999999999984,False,59.99999904,False,14922.901404409678,429941.150190438,37444558.678916894,/mnt/8tb_hdd2/joyce/hecras-dataset/origin/Linux_RAS_v66/Minxiong_hgn_h1h6/outputs_seed/planH5/Minxiong.p01.hdf,659.6188169498298,1440368.3843227222,1440362.8650853252,169418.0550590482,1128.6341480005867,2183.629132573515,0.00856549489654957
H5,hdf_reconstructed,zone_3,reconstructed_velocity_area,maximum,negated,native_bc_only,hdf_precipitation,False,False,1274,167,1799.9999712,30.0,1799.9999999999984,False,59.99999904,False,14922.901404409678,429941.150190438,127443055.15542372,/mnt/8tb_hdd2/joyce/hecras-dataset/origin/Linux_RAS_v66/Minxiong_hgn_h1h6/outputs_seed/planH5/Minxiong.p01.hdf,288.3026869503894,2921286.9635787737,2921286.2805485968,295725.93053501187,76723.75625771582,10132.705704027263,0.0007651540354288172
H6,hgn_target,all,reconstructed_velocity_area,mean,cell_order,reconstructed_all_touching_faces,none,False,False,12715,167,1799.9999712,30.0,1799.9999999999984,False,59.99999904,False,15243.317530980117,430121.674054475,11267911.224620683,/mnt/8tb_hdd2/joyce/hecras-dataset/origin/Linux_RAS_v66/Minxiong_hgn_h1h6/outputs_seed/planH6/Minxiong.p01.hdf,65.53696385888591,835443.9333972319,835444.1643529403,114322.87905363158,-873.5170418663762,12747.678793174144,-0.003533304044976776
H6,hgn_target,zone_3,reconstructed_velocity_area,mean,cell_order,reconstructed_all_touching_faces,none,False,False,1274,167,1799.9999712,30.0,1799.9999999999984,False,59.99999904,False,15243.317530980117,430121.674054475,12667353.421971506,/mnt/8tb_hdd2/joyce/hecras-dataset/origin/Linux_RAS_v66/Minxiong_hgn_h1h6/outputs_seed/planH6/Minxiong.p01.hdf,58.425788444696785,658377.8520715503,658377.8036082141,145075.2067992963,-3825.934539301928,11268.616498541647,0.00018986801814184812
H6,hdf_reconstructed,all,reconstructed_velocity_area,mean,cell_order,reconstructed_all_touching_faces,none,False,False,12715,167,1799.9999712,30.0,1799.9999999999984,False,59.99999904,False,15243.317530980117,430121.674054475,11822722.36398659,/mnt/8tb_hdd2/joyce/hecras-dataset/origin/Linux_RAS_v66/Minxiong_hgn_h1h6/outputs_seed/planH6/Minxiong.p01.hdf,666.0483244549777,835443.9333972319,835451.0945936346,114331.52146189114,-912.6701836324246,1254.34005899989,-0.010311334577844142
H6,hdf_reconstructed,zone_3,reconstructed_velocity_area,mean,cell_order,reconstructed_all_touching_faces,none,False,False,1274,167,1799.9999712,30.0,1799.9999999999984,False,59.99999904,False,15243.317530980117,430121.674054475,12671628.672771025,/mnt/8tb_hdd2/joyce/hecras-dataset/origin/Linux_RAS_v66/Minxiong_hgn_h1h6/outputs_seed/planH6/Minxiong.p01.hdf,288.7248447594796,658377.8520715503,658379.9538928044,145079.6554732745,-3851.9171290142817,2280.3023911616046,-0.006689973163475505
H6,hgn_target,all,reconstructed_velocity_area,mean,cell_order,reconstructed_all_touching_faces,hdf_precipitation,False,False,12715,167,1799.9999712,30.0,1799.9999999999984,False,59.99999904,False,15243.317530980117,430121.674054475,231172287.24348146,/mnt/8tb_hdd2/joyce/hecras-dataset/origin/Linux_RAS_v66/Minxiong_hgn_h1h6/outputs_seed/planH6/Minxiong.p01.hdf,65.53696385888591,835641.2248758449,835641.2794839084,120819.8345529436,-13532.849343051592,12750.6864871435,-0.0014934544632250282
H6,hgn_target,zone_3,reconstructed_velocity_area,mean,cell_order,reconstructed_all_touching_faces,hdf_precipitation,False,False,1274,167,1799.9999712,30.0,1799.9999999999984,False,59.99999904,False,15243.317530980117,430121.674054475,16925982.36829048,/mnt/8tb_hdd2/joyce/hecras-dataset/origin/Linux_RAS_v66/Minxiong_hgn_h1h6/outputs_seed/planH6/Minxiong.p01.hdf,58.425788444696785,658429.0784097838,658428.9481740183,145583.6103312849,-6868.527265138587,11269.491875103362,0.001051580652798648
H6,hdf_reconstructed,all,reconstructed_velocity_area,mean,cell_order,reconstructed_all_touching_faces,hdf_precipitation,False,False,12715,167,1799.9999712,30.0,1799.9999999999984,False,59.99999904,False,15243.317530980117,430121.674054475,231357116.3731427,/mnt/8tb_hdd2/joyce/hecras-dataset/origin/Linux_RAS_v66/Minxiong_hgn_h1h6/outputs_seed/planH6/Minxiong.p01.hdf,666.0483244549777,835641.2248758449,835648.480406098,120832.4314460584,-13572.002484817664,1254.636412590487,-0.00962699558380062
H6,hdf_reconstructed,zone_3,reconstructed_velocity_area,mean,cell_order,reconstructed_all_touching_faces,hdf_precipitation,False,False,1274,167,1799.9999712,30.0,1799.9999999999984,False,59.99999904,False,15243.317530980117,430121.674054475,16934567.064389445,/mnt/8tb_hdd2/joyce/hecras-dataset/origin/Linux_RAS_v66/Minxiong_hgn_h1h6/outputs_seed/planH6/Minxiong.p01.hdf,288.7248447594796,658429.0784097838,658431.1979075071,145589.89710176233,-6894.509854850945,2280.479875072784,-0.006445175519618285
H6,hgn_target,all,reconstructed_velocity_area,mean,cell_order,native_bc_only,none,False,False,12715,167,1799.9999712,30.0,1799.9999999999984,False,59.99999904,False,15243.317530980117,430121.674054475,229570200.08620918,/mnt/8tb_hdd2/joyce/hecras-dataset/origin/Linux_RAS_v66/Minxiong_hgn_h1h6/outputs_seed/planH6/Minxiong.p01.hdf,65.53696385888591,1479879.4763710839,1479879.6067537041,128284.22128401873,13912.802010444402,22580.83865374323,-0.0015638822748609458
H6,hgn_target,zone_3,reconstructed_velocity_area,mean,cell_order,native_bc_only,none,False,False,1274,167,1799.9999712,30.0,1799.9999999999984,False,59.99999904,False,15243.317530980117,430121.674054475,140260580.7564522,/mnt/8tb_hdd2/joyce/hecras-dataset/origin/Linux_RAS_v66/Minxiong_hgn_h1h6/outputs_seed/planH6/Minxiong.p01.hdf,58.425788444696785,3068436.912353182,3068436.901954668,236988.3035462936,89896.08090699205,52518.536482551914,0.0036630760634216697
H6,hdf_reconstructed,all,reconstructed_velocity_area,mean,cell_order,native_bc_only,none,False,False,12715,167,1799.9999712,30.0,1799.9999999999984,False,59.99999904,False,15243.317530980117,430121.674054475,229283337.15713722,/mnt/8tb_hdd2/joyce/hecras-dataset/origin/Linux_RAS_v66/Minxiong_hgn_h1h6/outputs_seed/planH6/Minxiong.p01.hdf,666.0483244549777,1479879.4763710839,1479883.519129738,128292.86369227839,13873.648868678334,2221.8861076494945,-0.006367192033428966
H6,hdf_reconstructed,zone_3,reconstructed_velocity_area,mean,cell_order,native_bc_only,none,False,False,1274,167,1799.9999712,30.0,1799.9999999999984,False,59.99999904,False,15243.317530980117,430121.674054475,140231951.67458537,/mnt/8tb_hdd2/joyce/hecras-dataset/origin/Linux_RAS_v66/Minxiong_hgn_h1h6/outputs_seed/planH6/Minxiong.p01.hdf,288.7248447594796,3068436.912353182,3068437.3633302455,236992.75222027162,89870.09831727971,10627.548751083017,-0.0034624060921621173
H6,hgn_target,all,reconstructed_velocity_area,mean,cell_order,native_bc_only,hdf_precipitation,False,False,12715,167,1799.9999712,30.0,1799.9999999999984,False,59.99999904,False,15243.317530980117,430121.674054475,41433155.1187,/mnt/8tb_hdd2/joyce/hecras-dataset/origin/Linux_RAS_v66/Minxiong_hgn_h1h6/outputs_seed/planH6/Minxiong.p01.hdf,65.53696385888591,1479915.445661517,1479915.4764962187,134780.55267044215,1253.469709259158,22581.385974528366,-0.000412326153585469
H6,hgn_target,zone_3,reconstructed_velocity_area,mean,cell_order,native_bc_only,hdf_precipitation,False,False,1274,167,1799.9999712,30.0,1799.9999999999984,False,59.99999904,False,15243.317530980117,430121.674054475,135048376.02974677,/mnt/8tb_hdd2/joyce/hecras-dataset/origin/Linux_RAS_v66/Minxiong_hgn_h1h6/outputs_seed/planH6/Minxiong.p01.hdf,58.425788444696785,3068309.2698548646,3068309.24190755,237490.47819651023,86853.48818115538,52516.35148769747,0.0038481046266823546
H6,hdf_reconstructed,all,reconstructed_velocity_area,mean,cell_order,native_bc_only,hdf_precipitation,False,False,12715,167,1799.9999712,30.0,1799.9999999999984,False,59.99999904,False,15243.317530980117,430121.674054475,40715552.79945093,/mnt/8tb_hdd2/joyce/hecras-dataset/origin/Linux_RAS_v66/Minxiong_hgn_h1h6/outputs_seed/planH6/Minxiong.p01.hdf,666.0483244549777,1479915.445661517,1479919.5425429535,134793.14956355718,1214.3165674931079,2221.9401929341398,-0.005981007578797984
H6,hdf_reconstructed,zone_3,reconstructed_velocity_area,mean,cell_order,native_bc_only,hdf_precipitation,False,False,1274,167,1799.9999712,30.0,1799.9999999999984,False,59.99999904,False,15243.317530980117,430121.674054475,135019317.0498986,/mnt/8tb_hdd2/joyce/hecras-dataset/origin/Linux_RAS_v66/Minxiong_hgn_h1h6/outputs_seed/planH6/Minxiong.p01.hdf,288.7248447594796,3068309.2698548646,3068309.724678989,237496.76496698754,86827.50559144304,10627.106673951197,-0.0034099596921156813
H6,hgn_target,all,reconstructed_velocity_area,mean,negated,reconstructed_all_touching_faces,none,False,False,12715,167,1799.9999712,30.0,1799.9999999999984,False,59.99999904,False,15243.317530980117,430121.674054475,11305267.581810923,/mnt/8tb_hdd2/joyce/hecras-dataset/origin/Linux_RAS_v66/Minxiong_hgn_h1h6/outputs_seed/planH6/Minxiong.p01.hdf,65.53696385888591,835443.9333972319,835443.7075825523,114322.39416184236,879.1640091472008,12747.67182351365,0.003533304044976776
H6,hgn_target,zone_3,reconstructed_velocity_area,mean,negated,reconstructed_all_touching_faces,none,False,False,1274,167,1799.9999712,30.0,1799.9999999999984,False,59.99999904,False,15243.317530980117,430121.674054475,12687880.382155254,/mnt/8tb_hdd2/joyce/hecras-dataset/origin/Linux_RAS_v66/Minxiong_hgn_h1h6/outputs_seed/planH6/Minxiong.p01.hdf,58.425788444696785,658377.8520715503,658377.9057197059,145073.47123862413,3839.690165529113,11268.618246254335,-0.00018986801814184812
H6,hdf_reconstructed,all,reconstructed_velocity_area,mean,negated,reconstructed_all_touching_faces,none,False,False,12715,167,1799.9999712,30.0,1799.9999999999984,False,59.99999904,False,15243.317530980117,430121.674054475,10804522.94502354,/mnt/8tb_hdd2/joyce/hecras-dataset/origin/Linux_RAS_v66/Minxiong_hgn_h1h6/outputs_seed/planH6/Minxiong.p01.hdf,666.0483244549777,835443.9333972319,835437.3031433987,114321.56473347115,840.0108673811518,1254.3193526190923,0.010311334577844142
H6,hdf_reconstructed,zone_3,reconstructed_velocity_area,mean,negated,reconstructed_all_touching_faces,none,False,False,1274,167,1799.9999712,30.0,1799.9999999999984,False,59.99999904,False,15243.317530980117,430121.674054475,12683877.493751904,/mnt/8tb_hdd2/joyce/hecras-dataset/origin/Linux_RAS_v66/Minxiong_hgn_h1h6/outputs_seed/planH6/Minxiong.p01.hdf,288.7248447594796,658377.8520715503,658375.8768612936,145076.14595400073,3813.7075758167593,2280.288270341783,0.006689973163475505
H6,hgn_target,all,reconstructed_velocity_area,mean,negated,reconstructed_all_touching_faces,hdf_precipitation,False,False,12715,167,1799.9999712,30.0,1799.9999999999984,False,59.99999904,False,15243.317530980117,430121.674054475,217651974.18053192,/mnt/8tb_hdd2/joyce/hecras-dataset/origin/Linux_RAS_v66/Minxiong_hgn_h1h6/outputs_seed/planH6/Minxiong.p01.hdf,65.53696385888591,835692.2901962752,835691.8881662638,121627.86515581512,-11780.168292038043,12751.458702995065,0.005571890693311733
H6,hgn_target,zone_3,reconstructed_velocity_area,mean,negated,reconstructed_all_touching_faces,hdf_precipitation,False,False,1274,167,1799.9999712,30.0,1799.9999999999984,False,59.99999904,False,15243.317530980117,430121.674054475,9644873.460839655,/mnt/8tb_hdd2/joyce/hecras-dataset/origin/Linux_RAS_v66/Minxiong_hgn_h1h6/outputs_seed/planH6/Minxiong.p01.hdf,58.425788444696785,658355.4004386467,658355.3723032925,146045.9606726806,797.097439692452,11268.23257039076,0.0006718989310863021
H6,hdf_reconstructed,all,reconstructed_velocity_area,mean,negated,reconstructed_all_touching_faces,hdf_precipitation,False,False,12715,167,1799.9999712,30.0,1799.9999999999984,False,59.99999904,False,15243.317530980117,430121.674054475,217793453.69418114,/mnt/8tb_hdd2/joyce/hecras-dataset/origin/Linux_RAS_v66/Minxiong_hgn_h1h6/outputs_seed/planH6/Minxiong.p01.hdf,666.0483244549777,835692.2901962752,835685.7579331635,121630.60077905348,-11819.321433804098,1254.692380792338,0.010992477355658432
H6,hdf_reconstructed,zone_3,reconstructed_velocity_area,mean,negated,reconstructed_all_touching_faces,hdf_precipitation,False,False,1274,167,1799.9999712,30.0,1799.9999999999984,False,59.99999904,False,15243.317530980117,430121.674054475,9649060.875722513,/mnt/8tb_hdd2/joyce/hecras-dataset/origin/Linux_RAS_v66/Minxiong_hgn_h1h6/outputs_seed/planH6/Minxiong.p01.hdf,288.7248447594796,658355.4004386467,658353.4430031287,146050.7626079685,771.1148499800978,2280.210570557466,0.006934635494536246
H6,hgn_target,all,reconstructed_velocity_area,mean,negated,native_bc_only,none,False,False,12715,167,1799.9999712,30.0,1799.9999999999984,False,59.99999904,False,15243.317530980117,430121.674054475,229570200.0862092,/mnt/8tb_hdd2/joyce/hecras-dataset/origin/Linux_RAS_v66/Minxiong_hgn_h1h6/outputs_seed/planH6/Minxiong.p01.hdf,65.53696385888591,1496467.626139415,1496467.5000722124,129098.6867910108,13912.802010444382,22833.946096349595,0.0023482423536329297
H6,hgn_target,zone_3,reconstructed_velocity_area,mean,negated,native_bc_only,none,False,False,1274,167,1799.9999712,30.0,1799.9999999999984,False,59.99999904,False,15243.317530980117,430121.674054475,157750037.82563138,/mnt/8tb_hdd2/joyce/hecras-dataset/origin/Linux_RAS_v66/Minxiong_hgn_h1h6/outputs_seed/planH6/Minxiong.p01.hdf,58.425788444696785,3122944.157643342,3122944.1689534253,239791.470241648,98573.47629325168,53451.46812882916,0.0035577203424082796
H6,hdf_reconstructed,all,reconstructed_velocity_area,mean,negated,native_bc_only,none,False,False,12715,167,1799.9999712,30.0,1799.9999999999984,False,59.99999904,False,15243.317530980117,430121.674054475,229283337.15713724,/mnt/8tb_hdd2/joyce/hecras-dataset/origin/Linux_RAS_v66/Minxiong_hgn_h1h6/outputs_seed/planH6/Minxiong.p01.hdf,666.0483244549777,1496467.626139415,1496463.9246291933,129097.85736263958,13873.648868678336,2246.7798051346176,0.005281034972124882
H6,hdf_reconstructed,zone_3,reconstructed_velocity_area,mean,negated,native_bc_only,none,False,False,1274,167,1799.9999712,30.0,1799.9999999999984,False,59.99999904,False,15243.317530980117,430121.674054475,157723633.14879107,/mnt/8tb_hdd2/joyce/hecras-dataset/origin/Linux_RAS_v66/Minxiong_hgn_h1h6/outputs_seed/planH6/Minxiong.p01.hdf,288.7248447594796,3122944.157643342,3122943.741230894,239794.14495702466,98547.49370353926,10816.331874149737,-0.000601591057541909
H6,hgn_target,all,reconstructed_velocity_area,mean,negated,native_bc_only,hdf_precipitation,False,False,12715,167,1799.9999712,30.0,1799.9999999999984,False,59.99999904,False,15243.317530980117,430121.674054475,41433155.11870009,/mnt/8tb_hdd2/joyce/hecras-dataset/origin/Linux_RAS_v66/Minxiong_hgn_h1h6/outputs_seed/planH6/Minxiong.p01.hdf,65.53696385888591,1496566.1463872592,1496565.9218911172,136412.2990434466,1253.469709259157,22835.447872036315,0.0034866257676536743
H6,hgn_target,zone_3,reconstructed_velocity_area,mean,negated,native_bc_only,hdf_precipitation,False,False,1274,167,1799.9999712,30.0,1799.9999999999984,False,59.99999904,False,15243.317530980117,430121.674054475,152455619.27326754,/mnt/8tb_hdd2/joyce/hecras-dataset/origin/Linux_RAS_v66/Minxiong_hgn_h1h6/outputs_seed/planH6/Minxiong.p01.hdf,58.425788444696785,3122802.036590807,3122802.030659256,240761.60061190787,95530.88356741497,53449.035328212296,0.003739539672943679
H6,hdf_reconstructed,all,reconstructed_velocity_area,mean,negated,native_bc_only,hdf_precipitation,False,False,12715,167,1799.9999712,30.0,1799.9999999999984,False,59.99999904,False,15243.317530980117,430121.674054475,40715552.7994513,/mnt/8tb_hdd2/joyce/hecras-dataset/origin/Linux_RAS_v66/Minxiong_hgn_h1h6/outputs_seed/planH6/Minxiong.p01.hdf,666.0483244549777,1496566.1463872592,1496562.4987387739,136415.03466668513,1214.3165674931086,2246.927803569508,0.005661919894451891
H6,hdf_reconstructed,zone_3,reconstructed_velocity_area,mean,negated,native_bc_only,hdf_precipitation,False,False,1274,167,1799.9999712,30.0,1799.9999999999984,False,59.99999904,False,15243.317530980117,430121.674054475,152428895.6191869,/mnt/8tb_hdd2/joyce/hecras-dataset/origin/Linux_RAS_v66/Minxiong_hgn_h1h6/outputs_seed/planH6/Minxiong.p01.hdf,288.7248447594796,3122802.036590807,3122801.623920904,240766.4025471958,95504.90097770261,10815.839650108164,-0.0005500211396713118
H6,hgn_target,all,reconstructed_velocity_area,minimum,cell_order,reconstructed_all_touching_faces,none,False,False,12715,167,1799.9999712,30.0,1799.9999999999984,False,59.99999904,False,15243.317530980117,430121.674054475,11267911.224620685,/mnt/8tb_hdd2/joyce/hecras-dataset/origin/Linux_RAS_v66/Minxiong_hgn_h1h6/outputs_seed/planH6/Minxiong.p01.hdf,65.53696385888591,833626.5160535225,833626.7579022091,112087.97852379095,-873.5170418663762,12719.947779350488,-0.003699682902542131
H6,hgn_target,zone_3,reconstructed_velocity_area,minimum,cell_order,reconstructed_all_touching_faces,none,False,False,1274,167,1799.9999712,30.0,1799.9999999999984,False,59.99999904,False,15243.317530980117,430121.674054475,12854808.766232556,/mnt/8tb_hdd2/joyce/hecras-dataset/origin/Linux_RAS_v66/Minxiong_hgn_h1h6/outputs_seed/planH6/Minxiong.p01.hdf,58.425788444696785,665614.2155345755,665614.2017752498,141147.62375781144,-4392.917218197437,11392.472733256996,-0.000502249775019887
H6,hdf_reconstructed,all,reconstructed_velocity_area,minimum,cell_order,reconstructed_all_touching_faces,none,False,False,12715,167,1799.9999712,30.0,1799.9999999999984,False,59.99999904,False,15243.317530980117,430121.674054475,11822722.363986598,/mnt/8tb_hdd2/joyce/hecras-dataset/origin/Linux_RAS_v66/Minxiong_hgn_h1h6/outputs_seed/planH6/Minxiong.p01.hdf,666.0483244549777,833626.5160535225,833632.4461999498,112092.02848489702,-912.6701836324249,1251.6095538294537,-0.008459278973868872
H6,hdf_reconstructed,zone_3,reconstructed_velocity_area,minimum,cell_order,reconstructed_all_touching_faces,none,False,False,1274,167,1799.9999712,30.0,1799.9999999999984,False,59.99999904,False,15243.317530980117,430121.674054475,12861489.3524157,/mnt/8tb_hdd2/joyce/hecras-dataset/origin/Linux_RAS_v66/Minxiong_hgn_h1h6/outputs_seed/planH6/Minxiong.p01.hdf,288.7248447594796,665614.2155345755,665616.2747665318,141153.0196598882,-4418.89980790979,2305.3654261067113,-0.006492266774976191
H6,hgn_target,all,reconstructed_velocity_area,minimum,cell_order,reconstructed_all_touching_faces,hdf_precipitation,False,False,12715,167,1799.9999712,30.0,1799.9999999999984,False,59.99999904,False,15243.317530980117,430121.674054475,231172287.24348152,/mnt/8tb_hdd2/joyce/hecras-dataset/origin/Linux_RAS_v66/Minxiong_hgn_h1h6/outputs_seed/planH6/Minxiong.p01.hdf,65.53696385888591,833822.3863673778,833822.4514815852,118913.05797065825,-13532.849343051612,12722.933782482973,-0.0016553723502825688
H6,hgn_target,zone_3,reconstructed_velocity_area,minimum,cell_order,reconstructed_all_touching_faces,hdf_precipitation,False,False,1274,167,1799.9999712,30.0,1799.9999999999984,False,59.99999904,False,15243.317530980117,430121.674054475,17271643.42373949,/mnt/8tb_hdd2/joyce/hecras-dataset/origin/Linux_RAS_v66/Minxiong_hgn_h1h6/outputs_seed/planH6/Minxiong.p01.hdf,58.425788444696785,665668.7846981515,665668.6900531431,141929.80113700122,-7435.509944034102,11393.405339890878,0.00035012612421244445
H6,hdf_reconstructed,all,reconstructed_velocity_area,minimum,cell_order,reconstructed_all_touching_faces,hdf_precipitation,False,False,12715,167,1799.9999712,30.0,1799.9999999999984,False,59.99999904,False,15243.317530980117,430121.674054475,231357116.37314275,/mnt/8tb_hdd2/joyce/hecras-dataset/origin/Linux_RAS_v66/Minxiong_hgn_h1h6/outputs_seed/planH6/Minxiong.p01.hdf,666.0483244549777,833822.3863673778,833828.411354951,118920.10429109428,-13572.002484817656,1251.9037744555044,-0.007773659408924677
H6,hdf_reconstructed,zone_3,reconstructed_velocity_area,minimum,cell_order,reconstructed_all_touching_faces,hdf_precipitation,False,False,1274,167,1799.9999712,30.0,1799.9999999999984,False,59.99999904,False,15243.317530980117,430121.674054475,17281892.79349518,/mnt/8tb_hdd2/joyce/hecras-dataset/origin/Linux_RAS_v66/Minxiong_hgn_h1h6/outputs_seed/planH6/Minxiong.p01.hdf,288.7248447594796,665668.7846981515,665670.8614072687,141934.4309868244,-7461.492533746453,2305.5544872205287,-0.006250127491762378
H6,hgn_target,all,reconstructed_velocity_area,minimum,cell_order,native_bc_only,none,False,False,12715,167,1799.9999712,30.0,1799.9999999999984,False,59.99999904,False,15243.317530980117,430121.674054475,229570200.0862092,/mnt/8tb_hdd2/joyce/hecras-dataset/origin/Linux_RAS_v66/Minxiong_hgn_h1h6/outputs_seed/planH6/Minxiong.p01.hdf,65.53696385888591,1478853.6824014669,1478853.8187310447,126049.32075417817,13912.802010444393,22565.18660088237,-0.0016544162305550207
H6,hgn_target,zone_3,reconstructed_velocity_area,minimum,cell_order,native_bc_only,none,False,False,1274,167,1799.9999712,30.0,1799.9999999999984,False,59.99999904,False,15243.317530980117,430121.674054475,139500157.52945527,/mnt/8tb_hdd2/joyce/hecras-dataset/origin/Linux_RAS_v66/Minxiong_hgn_h1h6/outputs_seed/planH6/Minxiong.p01.hdf,58.425788444696785,3069997.715457601,3069997.712474406,233060.7205048086,89329.0982280966,52545.250893453114,0.0035115197671649646
H6,hdf_reconstructed,all,reconstructed_velocity_area,minimum,cell_order,native_bc_only,none,False,False,12715,167,1799.9999712,30.0,1799.9999999999984,False,59.99999904,False,15243.317530980117,430121.674054475,229283337.15713724,/mnt/8tb_hdd2/joyce/hecras-dataset/origin/Linux_RAS_v66/Minxiong_hgn_h1h6/outputs_seed/planH6/Minxiong.p01.hdf,666.0483244549777,1478853.6824014669,1478857.025219868,126053.37071528407,13873.648868678347,2220.3449373286926,-0.005314891214348907
H6,hdf_reconstructed,zone_3,reconstructed_velocity_area,minimum,cell_order,native_bc_only,none,False,False,1274,167,1799.9999712,30.0,1799.9999999999984,False,59.99999904,False,15243.317530980117,430121.674054475,139471599.89227653,/mnt/8tb_hdd2/joyce/hecras-dataset/origin/Linux_RAS_v66/Minxiong_hgn_h1h6/outputs_seed/planH6/Minxiong.p01.hdf,288.7248447594796,3069997.715457601,3069998.161925713,233066.1164068854,89303.11563838422,10632.95458512812,-0.003433511540538456
H6,hgn_target,all,reconstructed_velocity_area,minimum,cell_order,native_bc_only,hdf_precipitation,False,False,12715,167,1799.9999712,30.0,1799.9999999999984,False,59.99999904,False,15243.317530980117,430121.674054475,41433155.11870001,/mnt/8tb_hdd2/joyce/hecras-dataset/origin/Linux_RAS_v66/Minxiong_hgn_h1h6/outputs_seed/planH6/Minxiong.p01.hdf,65.53696385888591,1478888.6329110935,1478888.6696235847,132873.77608815682,1253.4697092591566,22565.7183754793,-0.000502055485157324
H6,hgn_target,zone_3,reconstructed_velocity_area,minimum,cell_order,native_bc_only,hdf_precipitation,False,False,1274,167,1799.9999712,30.0,1799.9999999999984,False,59.99999904,False,15243.317530980117,430121.674054475,134284637.34397665,/mnt/8tb_hdd2/joyce/hecras-dataset/origin/Linux_RAS_v66/Minxiong_hgn_h1h6/outputs_seed/planH6/Minxiong.p01.hdf,58.425788444696785,3069870.9834622126,3069870.962939453,233836.66900222644,86286.50550225993,52543.08148267873,0.0036964508373803747
H6,hdf_reconstructed,all,reconstructed_velocity_area,minimum,cell_order,native_bc_only,hdf_precipitation,False,False,12715,167,1799.9999712,30.0,1799.9999999999984,False,59.99999904,False,15243.317530980117,430121.674054475,40715552.79945102,/mnt/8tb_hdd2/joyce/hecras-dataset/origin/Linux_RAS_v66/Minxiong_hgn_h1h6/outputs_seed/planH6/Minxiong.p01.hdf,666.0483244549777,1478888.6329110935,1478892.0299092077,132880.82240859274,1214.3165674931083,2220.3974931088883,-0.004928513860804754
H6,hdf_reconstructed,zone_3,reconstructed_velocity_area,minimum,cell_order,native_bc_only,hdf_precipitation,False,False,1274,167,1799.9999712,30.0,1799.9999999999984,False,59.99999904,False,15243.317530980117,430121.674054475,134255649.43195096,/mnt/8tb_hdd2/joyce/hecras-dataset/origin/Linux_RAS_v66/Minxiong_hgn_h1h6/outputs_seed/planH6/Minxiong.p01.hdf,288.7248447594796,3069870.9834622126,3069871.433775107,233841.29885204957,86260.52291254756,10632.515661520032,-0.0033810913982585933
H6,hgn_target,all,reconstructed_velocity_area,minimum,negated,reconstructed_all_touching_faces,none,False,False,12715,167,1799.9999712,30.0,1799.9999999999984,False,59.99999904,False,15243.317530980117,430121.674054475,11305267.58181092,/mnt/8tb_hdd2/joyce/hecras-dataset/origin/Linux_RAS_v66/Minxiong_hgn_h1h6/outputs_seed/planH6/Minxiong.p01.hdf,65.53696385888591,833626.5160535225,833626.2793570665,112087.37211851355,879.1640091472002,12719.940477438493,0.003699682902542131
H6,hgn_target,zone_3,reconstructed_velocity_area,minimum,negated,reconstructed_all_touching_faces,none,False,False,1274,167,1799.9999712,30.0,1799.9999999999984,False,59.99999904,False,15243.317530980117,430121.674054475,12876235.828844693,/mnt/8tb_hdd2/joyce/hecras-dataset/origin/Linux_RAS_v66/Minxiong_hgn_h1h6/outputs_seed/planH6/Minxiong.p01.hdf,58.425788444696785,665614.2155345755,665614.2344223561,141145.69287524253,4406.672844424625,11392.473292036042,0.000502249775019887
H6,hdf_reconstructed,all,reconstructed_velocity_area,minimum,negated,reconstructed_all_touching_faces,none,False,False,12715,167,1799.9999712,30.0,1799.9999999999984,False,59.99999904,False,15243.317530980117,430121.674054475,10804522.945023537,/mnt/8tb_hdd2/joyce/hecras-dataset/origin/Linux_RAS_v66/Minxiong_hgn_h1h6/outputs_seed/planH6/Minxiong.p01.hdf,666.0483244549777,833626.5160535225,833621.1180257463,112095.27035758653,840.0108673811521,1251.5925457929682,0.008459278973868872
H6,hdf_reconstructed,zone_3,reconstructed_velocity_area,minimum,negated,reconstructed_all_touching_faces,none,False,False,1274,167,1799.9999712,30.0,1799.9999999999984,False,59.99999904,False,15243.317530980117,430121.674054475,12869825.925870797,/mnt/8tb_hdd2/joyce/hecras-dataset/origin/Linux_RAS_v66/Minxiong_hgn_h1h6/outputs_seed/planH6/Minxiong.p01.hdf,288.7248447594796,665614.2155345755,665612.281537393,141154.08373374783,4380.69025471227,2305.351595536841,0.006492266774976191
H6,hgn_target,all,reconstructed_velocity_area,minimum,negated,reconstructed_all_touching_faces,hdf_precipitation,False,False,12715,167,1799.9999712,30.0,1799.9999999999984,False,59.99999904,False,15243.317530980117,430121.674054475,217651974.18053177,/mnt/8tb_hdd2/joyce/hecras-dataset/origin/Linux_RAS_v66/Minxiong_hgn_h1h6/outputs_seed/planH6/Minxiong.p01.hdf,65.53696385888591,833877.2652091552,833876.8519177332,119551.22219296017,-11780.168292038044,12723.76385505492,0.005742664752023678
H6,hgn_target,zone_3,reconstructed_velocity_area,minimum,negated,reconstructed_all_touching_faces,hdf_precipitation,False,False,1274,167,1799.9999712,30.0,1799.9999999999984,False,59.99999904,False,15243.317530980117,430121.674054475,9529018.988222532,/mnt/8tb_hdd2/joyce/hecras-dataset/origin/Linux_RAS_v66/Minxiong_hgn_h1h6/outputs_seed/planH6/Minxiong.p01.hdf,58.425788444696785,665588.1078471085,665588.0458390188,142315.16955167722,1364.0801185879604,11392.025055323547,0.0013546664988960439
H6,hdf_reconstructed,all,reconstructed_velocity_area,minimum,negated,reconstructed_all_touching_faces,hdf_precipitation,False,False,12715,167,1799.9999712,30.0,1799.9999999999984,False,59.99999904,False,15243.317530980117,430121.674054475,217793453.69418114,/mnt/8tb_hdd2/joyce/hecras-dataset/origin/Linux_RAS_v66/Minxiong_hgn_h1h6/outputs_seed/planH6/Minxiong.p01.hdf,666.0483244549777,833877.2652091552,833871.9650337307,119561.534616261,-11819.321433804085,1251.9691656248544,0.0091422503391227
H6,hdf_reconstructed,zone_3,reconstructed_velocity_area,minimum,negated,reconstructed_all_touching_faces,hdf_precipitation,False,False,1274,167,1799.9999712,30.0,1799.9999999999984,False,59.99999904,False,15243.317530980117,430121.674054475,9529927.866634771,/mnt/8tb_hdd2/joyce/hecras-dataset/origin/Linux_RAS_v66/Minxiong_hgn_h1h6/outputs_seed/planH6/Minxiong.p01.hdf,288.7248447594796,665588.1078471085,665586.1914222783,142322.90347686425,1338.097528875607,2305.2612322875802,0.006734278795148646
H6,hgn_target,all,reconstructed_velocity_area,minimum,negated,native_bc_only,none,False,False,12715,167,1799.9999712,30.0,1799.9999999999984,False,59.99999904,False,15243.317530980117,430121.674054475,229570200.0862092,/mnt/8tb_hdd2/joyce/hecras-dataset/origin/Linux_RAS_v66/Minxiong_hgn_h1h6/outputs_seed/planH6/Minxiong.p01.hdf,65.53696385888591,1495452.4164709924,1495452.2845266925,126863.43560036774,13912.8020104444,22818.45536431468,0.0024382927923732164
H6,hgn_target,zone_3,reconstructed_velocity_area,minimum,negated,native_bc_only,none,False,False,1274,167,1799.9999712,30.0,1799.9999999999984,False,59.99999904,False,15243.317530980117,430121.674054475,158460206.54133672,/mnt/8tb_hdd2/joyce/hecras-dataset/origin/Linux_RAS_v66/Minxiong_hgn_h1h6/outputs_seed/planH6/Minxiong.p01.hdf,58.425788444696785,3124477.7322909576,3124477.736314662,235863.6918782665,99140.45897214714,53477.71625319445,0.0037030674517418496
H6,hdf_reconstructed,all,reconstructed_velocity_area,minimum,negated,native_bc_only,none,False,False,12715,167,1799.9999712,30.0,1799.9999999999984,False,59.99999904,False,15243.317530980117,430121.674054475,229283337.15713727,/mnt/8tb_hdd2/joyce/hecras-dataset/origin/Linux_RAS_v66/Minxiong_hgn_h1h6/outputs_seed/planH6/Minxiong.p01.hdf,666.0483244549777,1495452.4164709924,1495449.4073956145,126871.3338394409,13873.648868678338,2245.256616506512,0.00423963266381468
H6,hdf_reconstructed,zone_3,reconstructed_velocity_area,minimum,negated,native_bc_only,none,False,False,1274,167,1799.9999712,30.0,1799.9999999999984,False,59.99999904,False,15243.317530980117,430121.674054475,158433719.91892052,/mnt/8tb_hdd2/joyce/hecras-dataset/origin/Linux_RAS_v66/Minxiong_hgn_h1h6/outputs_seed/planH6/Minxiong.p01.hdf,288.7248447594796,3124477.7322909576,3124477.3202879466,235872.08273677182,99114.47638243475,10821.643433182111,-0.0006279423674057686
H6,hgn_target,all,reconstructed_velocity_area,minimum,negated,native_bc_only,hdf_precipitation,False,False,12715,167,1799.9999712,30.0,1799.9999999999984,False,59.99999904,False,15243.317530980117,430121.674054475,41433155.118700035,/mnt/8tb_hdd2/joyce/hecras-dataset/origin/Linux_RAS_v66/Minxiong_hgn_h1h6/outputs_seed/planH6/Minxiong.p01.hdf,65.53696385888591,1495552.0356978283,1495551.8052583286,134335.42693327757,1253.4697092591573,22819.973907832355,0.003577436471052005
H6,hgn_target,zone_3,reconstructed_velocity_area,minimum,negated,native_bc_only,hdf_precipitation,False,False,1274,167,1799.9999712,30.0,1799.9999999999984,False,59.99999904,False,15243.317530980117,430121.674054475,153167365.81075165,/mnt/8tb_hdd2/joyce/hecras-dataset/origin/Linux_RAS_v66/Minxiong_hgn_h1h6/outputs_seed/planH6/Minxiong.p01.hdf,58.425788444696785,3124334.8501331382,3124334.8369233357,237030.80949090456,96097.86624631048,53475.27042584441,0.003884801028020269
H6,hdf_reconstructed,all,reconstructed_velocity_area,minimum,negated,native_bc_only,hdf_precipitation,False,False,12715,167,1799.9999712,30.0,1799.9999999999984,False,59.99999904,False,15243.317530980117,430121.674054475,40715552.79945121,/mnt/8tb_hdd2/joyce/hecras-dataset/origin/Linux_RAS_v66/Minxiong_hgn_h1h6/outputs_seed/planH6/Minxiong.p01.hdf,666.0483244549777,1495552.0356978283,1495549.080477279,134345.73935657827,1214.3165674931079,2245.406264929914,0.004620885876285422
H6,hdf_reconstructed,zone_3,reconstructed_velocity_area,minimum,negated,native_bc_only,hdf_precipitation,False,False,1274,167,1799.9999712,30.0,1799.9999999999984,False,59.99999904,False,15243.317530980117,430121.674054475,153140559.13327354,/mnt/8tb_hdd2/joyce/hecras-dataset/origin/Linux_RAS_v66/Minxiong_hgn_h1h6/outputs_seed/planH6/Minxiong.p01.hdf,288.7248447594796,3124334.8501331382,3124334.4418709367,237038.54341609153,96071.88365659806,10821.14857304242,-0.0005763979395788984
H6,hgn_target,all,reconstructed_velocity_area,maximum,cell_order,reconstructed_all_touching_faces,none,False,False,12715,167,1799.9999712,30.0,1799.9999999999984,False,59.99999904,False,15243.317530980117,430121.674054475,11267911.224620689,/mnt/8tb_hdd2/joyce/hecras-dataset/origin/Linux_RAS_v66/Minxiong_hgn_h1h6/outputs_seed/planH6/Minxiong.p01.hdf,65.53696385888591,858052.8783177581,858053.0549741506,148221.88450275944,-873.5170418663761,13092.658012380754,-0.0027038463009042535
H6,hgn_target,zone_3,reconstructed_velocity_area,maximum,cell_order,reconstructed_all_touching_faces,none,False,False,1274,167,1799.9999712,30.0,1799.9999999999984,False,59.99999904,False,15243.317530980117,430121.674054475,18520841.44225865,/mnt/8tb_hdd2/joyce/hecras-dataset/origin/Linux_RAS_v66/Minxiong_hgn_h1h6/outputs_seed/planH6/Minxiong.p01.hdf,58.425788444696785,692766.3500904712,692766.1983827173,209115.41741288052,7231.2116494122065,11857.198966830521,0.0038936397267742774
H6,hdf_reconstructed,all,reconstructed_velocity_area,maximum,cell_order,reconstructed_all_touching_faces,none,False,False,12715,167,1799.9999712,30.0,1799.9999999999984,False,59.99999904,False,15243.317530980117,430121.674054475,11822722.36398659,/mnt/8tb_hdd2/joyce/hecras-dataset/origin/Linux_RAS_v66/Minxiong_hgn_h1h6/outputs_seed/planH6/Minxiong.p01.hdf,666.0483244549777,858052.8783177581,858062.796098864,148235.1459468779,-912.6701836324254,1288.2890994448644,-0.014468291459543411
H6,hdf_reconstructed,zone_3,reconstructed_velocity_area,maximum,cell_order,reconstructed_all_touching_faces,none,False,False,1274,167,1799.9999712,30.0,1799.9999999999984,False,59.99999904,False,15243.317530980117,430121.674054475,18491747.704550855,/mnt/8tb_hdd2/joyce/hecras-dataset/origin/Linux_RAS_v66/Minxiong_hgn_h1h6/outputs_seed/planH6/Minxiong.p01.hdf,288.7248447594796,692766.3500904712,692769.8829027693,209122.89286941238,7205.229059699854,2399.4120889730734,-0.0127462170724903
H6,hgn_target,all,reconstructed_velocity_area,maximum,cell_order,reconstructed_all_touching_faces,hdf_precipitation,False,False,12715,167,1799.9999712,30.0,1799.9999999999984,False,59.99999904,False,15243.317530980117,430121.674054475,231172287.2434815,/mnt/8tb_hdd2/joyce/hecras-dataset/origin/Linux_RAS_v66/Minxiong_hgn_h1h6/outputs_seed/planH6/Minxiong.p01.hdf,65.53696385888591,858269.6968960115,858269.7018626556,154527.10839578242,-13532.8493430516,13095.963732935212,-0.000717805945837404
H6,hgn_target,zone_3,reconstructed_velocity_area,maximum,cell_order,reconstructed_all_touching_faces,hdf_precipitation,False,False,1274,167,1799.9999712,30.0,1799.9999999999984,False,59.99999904,False,15243.317530980117,430121.674054475,18580766.955800325,/mnt/8tb_hdd2/joyce/hecras-dataset/origin/Linux_RAS_v66/Minxiong_hgn_h1h6/outputs_seed/planH6/Minxiong.p01.hdf,58.425788444696785,692753.9927914599,692753.7633566762,209159.9332546829,4188.6189235755455,11856.986132286527,0.004712561998260057
H6,hdf_reconstructed,all,reconstructed_velocity_area,maximum,cell_order,reconstructed_all_touching_faces,hdf_precipitation,False,False,12715,167,1799.9999712,30.0,1799.9999999999984,False,59.99999904,False,15243.317530980117,430121.674054475,231357116.37314272,/mnt/8tb_hdd2/joyce/hecras-dataset/origin/Linux_RAS_v66/Minxiong_hgn_h1h6/outputs_seed/planH6/Minxiong.p01.hdf,666.0483244549777,858269.6968960115,858279.7056642649,154542.68876480727,-13572.00248481765,1288.6147658528962,-0.01380119516240743
H6,hdf_reconstructed,zone_3,reconstructed_velocity_area,maximum,cell_order,reconstructed_all_touching_faces,hdf_precipitation,False,False,1274,167,1799.9999712,30.0,1799.9999999999984,False,59.99999904,False,15243.317530980117,430121.674054475,18556681.226135284,/mnt/8tb_hdd2/joyce/hecras-dataset/origin/Linux_RAS_v66/Minxiong_hgn_h1h6/outputs_seed/planH6/Minxiong.p01.hdf,288.7248447594796,692753.9927914599,692757.5426227908,209168.6849236145,4162.636333863191,2399.3693483492493,-0.012513579494241823
H6,hgn_target,all,reconstructed_velocity_area,maximum,cell_order,native_bc_only,none,False,False,12715,167,1799.9999712,30.0,1799.9999999999984,False,59.99999904,False,15243.317530980117,430121.674054475,229570200.08620918,/mnt/8tb_hdd2/joyce/hecras-dataset/origin/Linux_RAS_v66/Minxiong_hgn_h1h6/outputs_seed/planH6/Minxiong.p01.hdf,65.53696385888591,1492760.2264840717,1492760.3280278663,162183.22673314676,13912.802010444402,22777.379972042578,-0.0011271027644147863
H6,hgn_target,zone_3,reconstructed_velocity_area,maximum,cell_order,native_bc_only,none,False,False,1274,167,1799.9999712,30.0,1799.9999999999984,False,59.99999904,False,15243.317530980117,430121.674054475,154071908.85771927,/mnt/8tb_hdd2/joyce/hecras-dataset/origin/Linux_RAS_v66/Minxiong_hgn_h1h6/outputs_seed/planH6/Minxiong.p01.hdf,58.425788444696785,3075998.8466855534,3075998.8125184355,301028.51415987767,100953.22709570623,52647.96409944963,0.004491148653917381
H6,hdf_reconstructed,all,reconstructed_velocity_area,maximum,cell_order,native_bc_only,none,False,False,12715,167,1799.9999712,30.0,1799.9999999999984,False,59.99999904,False,15243.317530980117,430121.674054475,229283337.15713722,/mnt/8tb_hdd2/joyce/hecras-dataset/origin/Linux_RAS_v66/Minxiong_hgn_h1h6/outputs_seed/planH6/Minxiong.p01.hdf,666.0483244549777,1492760.2264840717,1492765.927341721,162196.48817726498,13873.648868678334,2241.227659514406,-0.00885798662899962
H6,hdf_reconstructed,zone_3,reconstructed_velocity_area,maximum,cell_order,native_bc_only,none,False,False,1274,167,1799.9999712,30.0,1799.9999999999984,False,59.99999904,False,15243.317530980117,430121.674054475,154041999.76085538,/mnt/8tb_hdd2/joyce/hecras-dataset/origin/Linux_RAS_v66/Minxiong_hgn_h1h6/outputs_seed/planH6/Minxiong.p01.hdf,288.7248447594796,3075998.8466855534,3075999.6423358535,301035.9896164095,100927.24450599385,10653.740743711527,-0.004893674657642391
H6,hgn_target,all,reconstructed_velocity_area,maximum,cell_order,native_bc_only,hdf_precipitation,False,False,12715,167,1799.9999712,30.0,1799.9999999999984,False,59.99999904,False,15243.317530980117,430121.674054475,41433155.1187,/mnt/8tb_hdd2/joyce/hecras-dataset/origin/Linux_RAS_v66/Minxiong_hgn_h1h6/outputs_seed/planH6/Minxiong.p01.hdf,65.53696385888591,1492810.1001985383,1492810.1030540394,168487.82651328112,1253.4697092591566,22778.139467497393,1.4486970822294401e-05
H6,hgn_target,zone_3,reconstructed_velocity_area,maximum,cell_order,native_bc_only,hdf_precipitation,False,False,1274,167,1799.9999712,30.0,1799.9999999999984,False,59.99999904,False,15243.317530980117,430121.674054475,148927441.22463766,/mnt/8tb_hdd2/joyce/hecras-dataset/origin/Linux_RAS_v66/Minxiong_hgn_h1h6/outputs_seed/planH6/Minxiong.p01.hdf,58.425788444696785,3075857.7695839973,3075857.7179100104,301066.80111990805,97910.63436986956,52645.549162275805,0.0046757574737130905
H6,hdf_reconstructed,all,reconstructed_velocity_area,maximum,cell_order,native_bc_only,hdf_precipitation,False,False,12715,167,1799.9999712,30.0,1799.9999999999984,False,59.99999904,False,15243.317530980117,430121.674054475,40715552.799450964,/mnt/8tb_hdd2/joyce/hecras-dataset/origin/Linux_RAS_v66/Minxiong_hgn_h1h6/outputs_seed/planH6/Minxiong.p01.hdf,666.0483244549777,1492810.1001985383,1492815.854618356,168503.40688230575,1214.3165674931076,2241.3026199561664,-0.008474890578188253
H6,hdf_reconstructed,zone_3,reconstructed_velocity_area,maximum,cell_order,native_bc_only,hdf_precipitation,False,False,1274,167,1799.9999712,30.0,1799.9999999999984,False,59.99999904,False,15243.317530980117,430121.674054475,148897111.09690168,/mnt/8tb_hdd2/joyce/hecras-dataset/origin/Linux_RAS_v66/Minxiong_hgn_h1h6/outputs_seed/planH6/Minxiong.p01.hdf,288.7248447594796,3075857.7695839973,3075858.5690896953,301075.5527888398,97884.65178015718,10653.25213579046,-0.004841374381053405
H6,hgn_target,all,reconstructed_velocity_area,maximum,negated,reconstructed_all_touching_faces,none,False,False,12715,167,1799.9999712,30.0,1799.9999999999984,False,59.99999904,False,15243.317530980117,430121.674054475,11305267.581810918,/mnt/8tb_hdd2/joyce/hecras-dataset/origin/Linux_RAS_v66/Minxiong_hgn_h1h6/outputs_seed/planH6/Minxiong.p01.hdf,65.53696385888591,858052.8783177581,858052.7066669569,148221.63304098285,879.1640091472,13092.652697712922,0.0027038463009042535
H6,hgn_target,zone_3,reconstructed_velocity_area,maximum,negated,reconstructed_all_touching_faces,none,False,False,1274,167,1799.9999712,30.0,1799.9999999999984,False,59.99999904,False,15243.317530980117,430121.674054475,18520392.837209973,/mnt/8tb_hdd2/joyce/hecras-dataset/origin/Linux_RAS_v66/Minxiong_hgn_h1h6/outputs_seed/planH6/Minxiong.p01.hdf,58.425788444696785,692766.3500904712,692766.5067256426,209114.1106430022,-7217.456023185019,11857.204244344672,-0.0038936397267742774
H6,hdf_reconstructed,all,reconstructed_velocity_area,maximum,negated,reconstructed_all_touching_faces,none,False,False,12715,167,1799.9999712,30.0,1799.9999999999984,False,59.99999904,False,15243.317530980117,430121.674054475,10804522.945023531,/mnt/8tb_hdd2/joyce/hecras-dataset/origin/Linux_RAS_v66/Minxiong_hgn_h1h6/outputs_seed/planH6/Minxiong.p01.hdf,666.0483244549777,858052.8783177581,858043.4774360318,148212.86227199069,840.010867381152,1288.2600945481881,0.014468291459543411
H6,hdf_reconstructed,zone_3,reconstructed_velocity_area,maximum,negated,reconstructed_all_touching_faces,none,False,False,1274,167,1799.9999712,30.0,1799.9999999999984,False,59.99999904,False,15243.317530980117,430121.674054475,18549624.13617018,/mnt/8tb_hdd2/joyce/hecras-dataset/origin/Linux_RAS_v66/Minxiong_hgn_h1h6/outputs_seed/planH6/Minxiong.p01.hdf,288.7248447594796,692766.3500904712,692762.9375928695,209108.72484164056,-7243.438612897376,2399.388033856149,0.0127462170724903
H6,hgn_target,all,reconstructed_velocity_area,maximum,negated,reconstructed_all_touching_faces,hdf_precipitation,False,False,12715,167,1799.9999712,30.0,1799.9999999999984,False,59.99999904,False,15243.317530980117,430121.674054475,217651974.18053192,/mnt/8tb_hdd2/joyce/hecras-dataset/origin/Linux_RAS_v66/Minxiong_hgn_h1h6/outputs_seed/planH6/Minxiong.p01.hdf,65.53696385888591,858269.969341715,858269.626089195,154957.29745079647,-11780.168292038043,13095.962576740965,0.0046890474278986185
H6,hgn_target,zone_3,reconstructed_velocity_area,maximum,negated,reconstructed_all_touching_faces,hdf_precipitation,False,False,1274,167,1799.9999712,30.0,1799.9999999999984,False,59.99999904,False,15243.317530980117,430121.674054475,19971227.548810773,/mnt/8tb_hdd2/joyce/hecras-dataset/origin/Linux_RAS_v66/Minxiong_hgn_h1h6/outputs_seed/planH6/Minxiong.p01.hdf,58.425788444696785,692806.0547457911,692806.1336535375,209410.2744095988,-10260.048749021686,11857.882488129648,-0.003074625370860224
H6,hdf_reconstructed,all,reconstructed_velocity_area,maximum,negated,reconstructed_all_touching_faces,hdf_precipitation,False,False,12715,167,1799.9999712,30.0,1799.9999999999984,False,59.99999904,False,15243.317530980117,430121.674054475,217793453.69418117,/mnt/8tb_hdd2/joyce/hecras-dataset/origin/Linux_RAS_v66/Minxiong_hgn_h1h6/outputs_seed/planH6/Minxiong.p01.hdf,666.0483244549777,858269.969341715,858260.6643325269,154951.1286432383,-11819.321433804089,1288.5861773390618,0.015131200276822078
H6,hdf_reconstructed,zone_3,reconstructed_velocity_area,maximum,negated,reconstructed_all_touching_faces,hdf_precipitation,False,False,1274,167,1799.9999712,30.0,1799.9999999999984,False,59.99999904,False,15243.317530980117,430121.674054475,20002896.954645123,/mnt/8tb_hdd2/joyce/hecras-dataset/origin/Linux_RAS_v66/Minxiong_hgn_h1h6/outputs_seed/planH6/Minxiong.p01.hdf,288.7248447594796,692806.0547457911,692802.6593986711,209407.28884491068,-10286.031338734037,2399.5256105369317,0.012978601129171098
H6,hgn_target,all,reconstructed_velocity_area,maximum,negated,native_bc_only,none,False,False,12715,167,1799.9999712,30.0,1799.9999999999984,False,59.99999904,False,15243.317530980117,430121.674054475,229570200.08620918,/mnt/8tb_hdd2/joyce/hecras-dataset/origin/Linux_RAS_v66/Minxiong_hgn_h1h6/outputs_seed/planH6/Minxiong.p01.hdf,65.53696385888591,1509207.593670992,1509207.4960797422,162998.1548174652,13912.802010444395,23028.340149070154,0.001909747451360517
H6,hgn_target,zone_3,reconstructed_velocity_area,maximum,negated,native_bc_only,none,False,False,1274,167,1799.9999712,30.0,1799.9999999999984,False,59.99999904,False,15243.317530980117,430121.674054475,145409616.84790838,/mnt/8tb_hdd2/joyce/hecras-dataset/origin/Linux_RAS_v66/Minxiong_hgn_h1h6/outputs_seed/planH6/Minxiong.p01.hdf,58.425788444696785,3130374.42352796,3130374.4581920523,303832.109646026,87516.33010453745,53578.642950708716,0.002726871733025342
H6,hdf_reconstructed,all,reconstructed_velocity_area,maximum,negated,native_bc_only,none,False,False,12715,167,1799.9999712,30.0,1799.9999999999984,False,59.99999904,False,15243.317530980117,430121.674054475,229283337.15713722,/mnt/8tb_hdd2/joyce/hecras-dataset/origin/Linux_RAS_v66/Minxiong_hgn_h1h6/outputs_seed/planH6/Minxiong.p01.hdf,666.0483244549777,1509207.593670992,1509202.24886372,162989.38404847332,13873.648868678341,2265.9050303875306,0.0077544461527582305
H6,hdf_reconstructed,zone_3,reconstructed_velocity_area,maximum,negated,native_bc_only,none,False,False,1274,167,1799.9999712,30.0,1799.9999999999984,False,59.99999904,False,15243.317530980117,430121.674054475,145385046.88098362,/mnt/8tb_hdd2/joyce/hecras-dataset/origin/Linux_RAS_v66/Minxiong_hgn_h1h6/outputs_seed/planH6/Minxiong.p01.hdf,288.7248447594796,3130374.42352796,3130373.668328214,303826.7238446646,87490.34751482515,10842.06546525621,0.0008140915253359827
H6,hgn_target,all,reconstructed_velocity_area,maximum,negated,native_bc_only,hdf_precipitation,False,False,12715,167,1799.9999712,30.0,1799.9999999999984,False,59.99999904,False,15243.317530980117,430121.674054475,41433155.11870012,/mnt/8tb_hdd2/joyce/hecras-dataset/origin/Linux_RAS_v66/Minxiong_hgn_h1h6/outputs_seed/planH6/Minxiong.p01.hdf,65.53696385888591,1509291.22288061,1509291.0276874714,169741.9604857421,1253.4697092591573,23029.614721507,0.003038599746511028
H6,hgn_target,zone_3,reconstructed_velocity_area,maximum,negated,native_bc_only,hdf_precipitation,False,False,1274,167,1799.9999712,30.0,1799.9999999999984,False,59.99999904,False,15243.317530980117,430121.674054475,140090691.30153143,/mnt/8tb_hdd2/joyce/hecras-dataset/origin/Linux_RAS_v66/Minxiong_hgn_h1h6/outputs_seed/planH6/Minxiong.p01.hdf,58.425788444696785,3130246.1494172295,3130246.166881596,304125.9143488261,84473.7373787008,53576.44715132165,0.002908224687962949
H6,hdf_reconstructed,all,reconstructed_velocity_area,maximum,negated,native_bc_only,hdf_precipitation,False,False,12715,167,1799.9999712,30.0,1799.9999999999984,False,59.99999904,False,15243.317530980117,430121.674054475,40715552.79945117,/mnt/8tb_hdd2/joyce/hecras-dataset/origin/Linux_RAS_v66/Minxiong_hgn_h1h6/outputs_seed/planH6/Minxiong.p01.hdf,666.0483244549777,1509291.22288061,1509285.9315355467,169735.79167818386,1214.316567493109,2266.0306709285455,0.008131932515053931
H6,hdf_reconstructed,zone_3,reconstructed_velocity_area,maximum,negated,native_bc_only,hdf_precipitation,False,False,1274,167,1799.9999712,30.0,1799.9999999999984,False,59.99999904,False,15243.317530980117,430121.674054475,140065839.25459635,/mnt/8tb_hdd2/joyce/hecras-dataset/origin/Linux_RAS_v66/Minxiong_hgn_h1h6/outputs_seed/planH6/Minxiong.p01.hdf,288.7248447594796,3130246.1494172295,3130245.3979390874,304122.928784138,84447.7547889885,10841.621200096994,0.0008655542431237195
MEAN,hgn_target,all,reconstructed_velocity_area,mean,cell_order,reconstructed_all_touching_faces,none,False,False,12715,1002,1799.9999712,30.0,1799.9999999999984,False,59.99999904,False,15450.779946040211,435704.665508271,11267854.376069238,,67.93053468235296,838482.0096925804,838482.2251984057,115263.36454203597,-873.779234378461,12378.975557684245,-0.003159670538490251
MEAN,hgn_target,zone_3,reconstructed_velocity_area,mean,cell_order,reconstructed_all_touching_faces,none,False,False,1274,1002,1799.9999712,30.0,1799.9999999999984,False,59.99999904,False,15450.779946040211,435704.665508271,13004951.43093857,,59.7440693501921,660589.4336906197,660589.3612828044,147360.15503861313,-4024.762289318069,11083.143857252851,0.0005192058219439861
MEAN,hdf_reconstructed,all,reconstructed_velocity_area,mean,cell_order,reconstructed_all_touching_faces,none,False,False,12715,1002,1799.9999712,30.0,1799.9999999999984,False,59.99999904,False,15450.779946040211,435704.665508271,11840791.490377726,,655.3512495793772,838482.0096925804,838488.573317768,115271.81510449572,-914.2317153495541,1279.845266029082,-0.009576772126839411
MEAN,hdf_reconstructed,zone_3,reconstructed_velocity_area,mean,cell_order,reconstructed_all_touching_faces,none,False,False,1274,1002,1799.9999712,30.0,1799.9999999999984,False,59.99999904,False,15450.779946040211,435704.665508271,13010997.569012871,,292.64844808826217,660589.4336906197,660591.6949420358,147364.63452172006,-4052.135113891966,2257.428264612419,-0.0070842190387704305
MEAN,hgn_target,all,reconstructed_velocity_area,mean,cell_order,reconstructed_all_touching_faces,hdf_precipitation,False,False,12715,1002,1799.9999712,30.0,1799.9999999999984,False,59.99999904,False,15450.779946040211,435704.665508271,243230978.16046372,,67.93053468235296,838703.1725877925,838703.2080999046,122213.71793232346,-14215.847720975906,12382.254395088785,-0.0011020656494708644
MEAN,hgn_target,zone_3,reconstructed_velocity_area,mean,cell_order,reconstructed_all_touching_faces,hdf_precipitation,False,False,1274,1002,1799.9999712,30.0,1799.9999999999984,False,59.99999904,False,15450.779946040211,435704.665508271,17544812.975834444,,59.7440693501921,660649.2095228885,660649.0493185112,147881.34963561254,-7231.446461842341,11084.125344303,0.0014178005275658212
MEAN,hdf_reconstructed,all,reconstructed_velocity_area,mean,cell_order,reconstructed_all_touching_faces,hdf_precipitation,False,False,12715,1002,1799.9999712,30.0,1799.9999999999984,False,59.99999904,False,15450.779946040211,435704.665508271,243421502.77350017,,655.3512495793772,838703.1725877925,838709.8494233381,122226.09443150536,-14256.300201947002,1280.1835700591394,-0.008824868971999505
MEAN,hdf_reconstructed,zone_3,reconstructed_velocity_area,mean,cell_order,reconstructed_all_touching_faces,hdf_precipitation,False,False,1274,1002,1799.9999712,30.0,1799.9999999999984,False,59.99999904,False,15450.779946040211,435704.665508271,17555087.298367057,,292.64844808826217,660649.2095228885,660651.4948996607,147888.0074086838,-7258.819286416238,2257.631941649485,-0.006825077697234321
MEAN,hgn_target,all,reconstructed_velocity_area,mean,cell_order,native_bc_only,none,False,False,12715,1002,1799.9999712,30.0,1799.9999999999984,False,59.99999904,False,15450.779946040211,435704.665508271,241983855.96427593,,67.93053468235296,1538732.5995226444,1538732.7197169021,130008.27323266953,14672.010129507345,22760.71933138928,-0.0013701026218972897
MEAN,hgn_target,zone_3,reconstructed_velocity_area,mean,cell_order,native_bc_only,none,False,False,1274,1002,1799.9999712,30.0,1799.9999999999984,False,59.99999904,False,15450.779946040211,435704.665508271,147545223.01660338,,59.7440693501921,3223432.690964438,3223432.676705586,243940.15857490918,94364.7640390125,53785.33617213752,0.0037145096508435244
MEAN,hdf_reconstructed,all,reconstructed_velocity_area,mean,cell_order,native_bc_only,none,False,False,12715,1002,1799.9999712,30.0,1799.9999999999984,False,59.99999904,False,15450.779946040211,435704.665508271,241689034.7312659,,655.3512495793772,1538732.5995226444,1538736.2088825966,130016.72379512934,14631.557648536249,2350.0036037260084,-0.005848302476630703
MEAN,hdf_reconstructed,zone_3,reconstructed_velocity_area,mean,cell_order,native_bc_only,none,False,False,1274,1002,1799.9999712,30.0,1799.9999999999984,False,59.99999904,False,15450.779946040211,435704.665508271,147515296.92425886,,292.64844808826217,3223432.690964438,3223433.158143176,243944.63805801605,94337.39121443864,11004.959760055659,-0.0035961675962527593
MEAN,hgn_target,all,reconstructed_velocity_area,mean,cell_order,native_bc_only,hdf_precipitation,False,False,12715,1002,1799.9999712,30.0,1799.9999999999984,False,59.99999904,False,15450.779946040211,435704.665508271,43666998.97832543,,67.93053468235296,1538772.14078746,1538772.162389858,136957.9955213163,1329.9416429099003,22761.303441858778,-0.0002494354371195638
MEAN,hgn_target,zone_3,reconstructed_velocity_area,mean,cell_order,native_bc_only,hdf_precipitation,False,False,1274,1002,1799.9999712,30.0,1799.9999999999984,False,59.99999904,False,15450.779946040211,435704.665508271,142043772.20733818,,59.7440693501921,3223298.1868627686,3223298.1546924585,244455.05453975624,91158.07986648823,53783.09174006724,0.003898938950900725
MEAN,hdf_reconstructed,all,reconstructed_velocity_area,mean,cell_order,native_bc_only,hdf_precipitation,False,False,12715,1002,1799.9999712,30.0,1799.9999999999984,False,59.99999904,False,15450.779946040211,435704.665508271,42937298.85173026,,655.3512495793772,1538772.14078746,1538775.811855057,136970.37202049818,1289.4891619388072,2350.0641310576225,-0.005441184930525897
MEAN,hdf_reconstructed,zone_3,reconstructed_velocity_area,mean,cell_order,native_bc_only,hdf_precipitation,False,False,1274,1002,1799.9999712,30.0,1799.9999999999984,False,59.99999904,False,15450.779946040211,435704.665508271,142013412.24699077,,292.64844808826217,3223298.1868627686,3223298.658922085,244461.71231282756,91130.70704191434,11004.500583120447,-0.0035435046165411227
MEAN,hgn_target,all,reconstructed_velocity_area,mean,negated,reconstructed_all_touching_faces,none,False,False,12715,1002,1799.9999712,30.0,1799.9999999999984,False,59.99999904,False,15450.779946040211,435704.665508271,11300880.403162256,,67.93053468235296,838482.0096925804,838481.7997127982,115262.85065473225,879.0726221806475,12378.969325148553,0.003159670538490251
MEAN,hgn_target,zone_3,reconstructed_velocity_area,mean,negated,reconstructed_all_touching_faces,none,False,False,1274,1002,1799.9999712,30.0,1799.9999999999984,False,59.99999904,False,15450.779946040211,435704.665508271,13025937.014214844,,59.7440693501921,660589.4336906197,660589.5115125863,147358.45744418053,4038.796193648164,11083.146315433669,-0.0005192058219439861
MEAN,hdf_reconstructed,all,reconstructed_velocity_area,mean,negated,reconstructed_all_touching_faces,none,False,False,12715,1002,1799.9999712,30.0,1799.9999999999984,False,59.99999904,False,15450.779946040211,435704.665508271,10783747.404409034,,655.3512495793772,838482.0096925804,838475.9585917328,115262.40797946125,838.6201412095544,1279.8260239969727,0.009576772126839411
MEAN,hdf_reconstructed,zone_3,reconstructed_velocity_area,mean,negated,reconstructed_all_touching_faces,none,False,False,1274,1002,1799.9999712,30.0,1799.9999999999984,False,59.99999904,False,15450.779946040211,435704.665508271,13020170.751045668,,292.64844808826217,660589.4336906197,660587.3020857709,147361.07027187533,4011.4233690742653,2257.413260022483,0.0070842190387704305
MEAN,hgn_target,all,reconstructed_velocity_area,mean,negated,reconstructed_all_touching_faces,hdf_precipitation,False,False,12715,1002,1799.9999712,30.0,1799.9999999999984,False,59.99999904,False,15450.779946040211,435704.665508271,229674334.41791916,,67.93053468235296,838759.4011103432,838759.0112685169,123035.69370473029,-12462.995864416802,12383.085652366643,0.005216045026863417
MEAN,hgn_target,zone_3,reconstructed_velocity_area,mean,negated,reconstructed_all_touching_faces,hdf_precipitation,False,False,1274,1002,1799.9999712,30.0,1799.9999999999984,False,59.99999904,False,15450.779946040211,435704.665508271,9725733.147616023,,59.7440693501921,660561.9210931802,660561.9111025536,148358.98070221712,832.1120211238917,11082.69670369449,0.0003794704497018724
MEAN,hdf_reconstructed,all,reconstructed_velocity_area,mean,negated,reconstructed_all_touching_faces,hdf_precipitation,False,False,12715,1002,1799.9999712,30.0,1799.9999999999984,False,59.99999904,False,15450.779946040211,435704.665508271,229822146.26328942,,655.3512495793772,838759.4011103432,838753.4669036511,123038.80004604788,-12503.4483453879,1280.2503024159107,0.010325386636555875
MEAN,hdf_reconstructed,zone_3,reconstructed_velocity_area,mean,negated,reconstructed_all_touching_faces,hdf_precipitation,False,False,1274,1002,1799.9999712,30.0,1799.9999999999984,False,59.99999904,False,15450.779946040211,435704.665508271,9728306.522378119,,292.64844808826217,660561.9210931802,660559.8137341269,148363.29675150456,804.7391965499927,2257.3197724510133,0.007343203277266663
MEAN,hgn_target,all,reconstructed_velocity_area,mean,negated,native_bc_only,none,False,False,12715,1002,1799.9999712,30.0,1799.9999999999984,False,59.99999904,False,15450.779946040211,435704.665508271,241983855.96427596,,67.93053468235296,1555562.855471147,1555562.739622824,130820.665110811,14672.010129507347,23009.24076609097,0.002078490513530878
MEAN,hgn_target,zone_3,reconstructed_velocity_area,mean,negated,native_bc_only,none,False,False,1274,1002,1799.9999712,30.0,1799.9999999999984,False,59.99999904,False,15450.779946040211,435704.665508271,165896012.90546814,,59.7440693501921,3278109.7302338495,3278109.7453543446,246755.2307949039,103456.63526298176,54702.969566907974,0.003491020705736305
MEAN,hdf_reconstructed,all,reconstructed_velocity_area,mean,negated,native_bc_only,none,False,False,12715,1002,1799.9999712,30.0,1799.9999999999984,False,59.99999904,False,15450.779946040211,435704.665508271,241689034.73126587,,655.3512495793772,1555562.855471147,1555559.5643023334,130820.22243554007,14631.557648536249,2375.68669009375,0.004693807771144636
MEAN,hdf_reconstructed,zone_3,reconstructed_velocity_area,mean,negated,native_bc_only,none,False,False,1274,1002,1799.9999712,30.0,1799.9999999999984,False,59.99999904,False,15450.779946040211,435704.665508271,165868180.13138616,,292.64844808826217,3278109.7302338495,3278109.2974005663,246757.84362259865,103429.26243840787,11191.812653771945,-0.0006701991508394514
MEAN,hgn_target,all,reconstructed_velocity_area,mean,negated,native_bc_only,hdf_precipitation,False,False,12715,1002,1799.9999712,30.0,1799.9999999999984,False,59.99999904,False,15450.779946040211,435704.665508271,43666998.97832546,,67.93053468235296,1555666.6899542457,1555666.4766043238,138602.06281911142,1329.9416429099006,23010.777562773463,0.003186623808040689
MEAN,hgn_target,zone_3,reconstructed_velocity_area,mean,negated,native_bc_only,hdf_precipitation,False,False,1274,1002,1799.9999712,30.0,1799.9999999999984,False,59.99999904,False,15450.779946040211,435704.665508271,160316591.91034713,,59.7440693501921,3277959.2807950177,3277959.278305846,247753.01156454487,100249.9510904575,54700.46290801448,0.0036723559566454018
MEAN,hdf_reconstructed,all,reconstructed_velocity_area,mean,negated,native_bc_only,hdf_precipitation,False,False,12715,1002,1799.9999712,30.0,1799.9999999999984,False,59.99999904,False,15450.779946040211,435704.665508271,42937298.851730324,,655.3512495793772,1555666.6899542457,1555663.4601356704,138605.1691604291,1289.4891619388075,2375.845405006474,0.005095586561621118
MEAN,hdf_reconstructed,zone_3,reconstructed_velocity_area,mean,negated,native_bc_only,hdf_precipitation,False,False,1274,1002,1799.9999712,30.0,1799.9999999999984,False,59.99999904,False,15450.779946040211,435704.665508271,160288432.74315283,,292.64844808826217,3277959.2807950177,3277958.852723298,247757.3276138323,100222.5782658836,11191.299159627342,-0.0006183787738613923
MEAN,hgn_target,all,reconstructed_velocity_area,minimum,cell_order,reconstructed_all_touching_faces,none,False,False,12715,1002,1799.9999712,30.0,1799.9999999999984,False,59.99999904,False,15450.779946040211,435704.665508271,11267854.376069238,,67.93053468235296,835595.0408446979,835595.2689822003,112785.16686013411,-873.7792343784613,12336.963200406199,-0.003344958598037906
MEAN,hgn_target,zone_3,reconstructed_velocity_area,minimum,cell_order,reconstructed_all_touching_faces,none,False,False,1274,1002,1799.9999712,30.0,1799.9999999999984,False,59.99999904,False,15450.779946040211,435704.665508271,13290614.212942196,,59.7440693501921,667596.8389269825,667596.7939983926,143422.14986413493,-4666.652918689379,11200.578172176605,-5.1137614738252654e-05
MEAN,hdf_reconstructed,all,reconstructed_velocity_area,minimum,cell_order,reconstructed_all_touching_faces,none,False,False,12715,1002,1799.9999712,30.0,1799.9999999999984,False,59.99999904,False,15450.779946040211,435704.665508271,11840791.490377726,,655.3512495793772,835595.0408446979,835600.5547518815,112788.68867846999,-914.2317153495537,1275.4323761118615,-0.007969914404861278
MEAN,hdf_reconstructed,zone_3,reconstructed_velocity_area,minimum,cell_order,reconstructed_all_touching_faces,none,False,False,1274,1002,1799.9999712,30.0,1799.9999999999984,False,59.99999904,False,15450.779946040211,435704.665508271,13299019.84373528,,292.64844808826217,667596.8389269825,667599.0417647843,143427.52814859923,-4694.025743263276,2281.368096463877,-0.006826930327071039
MEAN,hgn_target,all,reconstructed_velocity_area,minimum,cell_order,reconstructed_all_touching_faces,hdf_precipitation,False,False,12715,1002,1799.9999712,30.0,1799.9999999999984,False,59.99999904,False,15450.779946040211,435704.665508271,243230978.1604638,,67.93053468235296,835814.9749194073,835815.0224366499,120061.31223503313,-14215.847720975906,12340.224073384923,-0.0012803970432504138
MEAN,hgn_target,zone_3,reconstructed_velocity_area,minimum,cell_order,reconstructed_all_touching_faces,hdf_precipitation,False,False,1274,1002,1799.9999712,30.0,1799.9999999999984,False,59.99999904,False,15450.779946040211,435704.665508271,18018122.12756197,,59.7440693501921,667660.5652976098,667660.4334951289,144220.74429347398,-7873.337091213652,11201.626087064913,0.0008380361983348076
MEAN,hdf_reconstructed,all,reconstructed_velocity_area,minimum,cell_order,reconstructed_all_touching_faces,hdf_precipitation,False,False,12715,1002,1799.9999712,30.0,1799.9999999999984,False,59.99999904,False,15450.779946040211,435704.665508271,243421502.7735002,,655.3512495793772,835814.9749194073,835820.6026972933,120067.94932346597,-14256.300201947002,1275.7688087854783,-0.0072157071614379655
MEAN,hdf_reconstructed,zone_3,reconstructed_velocity_area,minimum,cell_order,reconstructed_all_touching_faces,hdf_precipitation,False,False,1274,1002,1799.9999712,30.0,1799.9999999999984,False,59.99999904,False,15450.779946040211,435704.665508271,18029980.94215157,,292.64844808826217,667660.5652976098,667662.791999286,144225.82111575047,-7900.709915787549,2281.585267707595,-0.00657051987282913
MEAN,hgn_target,all,reconstructed_velocity_area,minimum,cell_order,native_bc_only,none,False,False,12715,1002,1799.9999712,30.0,1799.9999999999984,False,59.99999904,False,15450.779946040211,435704.665508271,241983855.96427596,,67.93053468235296,1537123.3946381512,1537123.5214970468,127530.07555076772,14672.010129507355,22737.360705200048,-0.0014672494143752445
MEAN,hgn_target,zone_3,reconstructed_velocity_area,minimum,cell_order,native_bc_only,none,False,False,1274,1002,1799.9999712,30.0,1799.9999999999984,False,59.99999904,False,15450.779946040211,435704.665508271,146641722.50104395,,59.7440693501921,3224888.5030346788,3224888.4943559025,240002.15340043092,93722.87340964121,53809.867616987554,0.0035938468562115144
MEAN,hdf_reconstructed,all,reconstructed_velocity_area,minimum,cell_order,native_bc_only,none,False,False,12715,1002,1799.9999712,30.0,1799.9999999999984,False,59.99999904,False,15450.779946040211,435704.665508271,241689034.7312659,,655.3512495793772,1537123.3946381512,1537126.4248867817,127533.59736910356,14631.557648536256,2347.545012414528,-0.004963548624089292
MEAN,hdf_reconstructed,zone_3,reconstructed_velocity_area,minimum,cell_order,native_bc_only,none,False,False,1274,1002,1799.9999712,30.0,1799.9999999999984,False,59.99999904,False,15450.779946040211,435704.665508271,146611836.75543863,,292.64844808826217,3224888.5030346788,3224888.963824458,240007.53168489528,93695.50058506732,11009.937966203142,-0.003559805268591647
MEAN,hgn_target,all,reconstructed_velocity_area,minimum,cell_order,native_bc_only,hdf_precipitation,False,False,12715,1002,1799.9999712,30.0,1799.9999999999984,False,59.99999904,False,15450.779946040211,435704.665508271,43666998.97832548,,67.93053468235296,1537161.8861256505,1537161.91428277,134805.5898240259,1329.9416429099006,22737.929491653824,-0.00034537817428017555
MEAN,hgn_target,zone_3,reconstructed_velocity_area,minimum,cell_order,native_bc_only,hdf_precipitation,False,False,1274,1002,1799.9999712,30.0,1799.9999999999984,False,59.99999904,False,15450.779946040211,435704.665508271,141137962.50542548,,59.7440693501921,3224755.0172501053,3224754.9906682856,240794.44919761768,90516.18923711695,53807.64035713754,0.003778188001926333
MEAN,hdf_reconstructed,all,reconstructed_velocity_area,minimum,cell_order,native_bc_only,hdf_precipitation,False,False,12715,1002,1799.9999712,30.0,1799.9999999999984,False,59.99999904,False,15450.779946040211,435704.665508271,42937298.85173028,,655.3512495793772,1537161.8861256505,1537164.978160941,134812.22691245875,1289.4891619388072,2347.6039384803084,-0.0045560704460833575
MEAN,hdf_reconstructed,zone_3,reconstructed_velocity_area,minimum,cell_order,native_bc_only,hdf_precipitation,False,False,1274,1002,1799.9999712,30.0,1799.9999999999984,False,59.99999904,False,15450.779946040211,435704.665508271,141107641.20503065,,292.64844808826217,3224755.0172501053,3224755.482917895,240799.52601989408,90488.81641254302,11009.482269642816,-0.003507165709221535
MEAN,hgn_target,all,reconstructed_velocity_area,minimum,negated,reconstructed_all_touching_faces,none,False,False,12715,1002,1799.9999712,30.0,1799.9999999999984,False,59.99999904,False,15450.779946040211,435704.665508271,11300880.403162256,,67.93053468235296,835595.0408446979,835594.8182531483,112784.52980379714,879.0726221806476,12336.956597898527,0.003344958598037906
MEAN,hgn_target,zone_3,reconstructed_velocity_area,minimum,negated,reconstructed_all_touching_faces,none,False,False,1274,1002,1799.9999712,30.0,1799.9999999999984,False,59.99999904,False,15450.779946040211,435704.665508271,13312784.667001566,,59.7440693501921,667596.8389269825,667596.8892127905,143420.26555135418,4680.686823019473,11200.57970923012,5.1137614738252654e-05
MEAN,hdf_reconstructed,all,reconstructed_velocity_area,minimum,negated,reconstructed_all_touching_faces,none,False,False,12715,1002,1799.9999712,30.0,1799.9999999999984,False,59.99999904,False,15450.779946040211,435704.665508271,10783747.404409032,,655.3512495793772,835595.0408446979,835590.0412628013,112793.1886234284,838.6201412095546,1275.41634188256,0.007969914404861278
MEAN,hdf_reconstructed,zone_3,reconstructed_velocity_area,minimum,negated,reconstructed_all_touching_faces,none,False,False,1274,1002,1799.9999712,30.0,1799.9999999999984,False,59.99999904,False,15450.779946040211,435704.665508271,13304654.693463473,,292.64844808826217,667596.8389269825,667594.7643751107,143428.75947828224,4653.313998445574,2281.353482438021,0.006826930327071039
MEAN,hgn_target,all,reconstructed_velocity_area,minimum,negated,reconstructed_all_touching_faces,hdf_precipitation,False,False,12715,1002,1799.9999712,30.0,1799.9999999999984,False,59.99999904,False,15450.779946040211,435704.665508271,229674334.41791916,,67.93053468235296,835875.3001131335,835874.8970421389,120719.01397390467,-12462.9958644168,12341.114900964845,0.005408209251786017
MEAN,hgn_target,zone_3,reconstructed_velocity_area,minimum,negated,reconstructed_all_touching_faces,hdf_precipitation,False,False,1274,1002,1799.9999712,30.0,1799.9999999999984,False,59.99999904,False,15450.779946040211,435704.665508271,9649096.485230787,,59.7440693501921,667565.0349572423,667564.9983537496,144621.4664231032,1474.002650495201,11200.058057117974,0.0009403809763026393
MEAN,hdf_reconstructed,all,reconstructed_velocity_area,minimum,negated,reconstructed_all_touching_faces,hdf_precipitation,False,False,12715,1002,1799.9999712,30.0,1799.9999999999984,False,59.99999904,False,15450.779946040211,435704.665508271,229822146.26328942,,655.3512495793772,835875.3001131335,835870.4174690427,120729.83107177203,-12503.448345387895,1275.8450011530056,0.008721365291317354
MEAN,hdf_reconstructed,zone_3,reconstructed_velocity_area,minimum,negated,reconstructed_all_touching_faces,hdf_precipitation,False,False,1274,1002,1799.9999712,30.0,1799.9999999999984,False,59.99999904,False,15450.779946040211,435704.665508271,9648312.937689396,,292.64844808826217,667565.0349572423,667562.9843849022,144629.01081278297,1446.6298259213027,2281.245336806151,0.007083195245490878
MEAN,hgn_target,all,reconstructed_velocity_area,minimum,negated,native_bc_only,none,False,False,12715,1002,1799.9999712,30.0,1799.9999999999984,False,59.99999904,False,15450.779946040211,435704.665508271,241983855.96427596,,67.93053468235296,1553970.756047884,1553970.633615085,128342.11827340724,14672.01012950735,22986.129503987628,0.002175359210737509
MEAN,hgn_target,zone_3,reconstructed_velocity_area,minimum,negated,native_bc_only,none,False,False,1274,1002,1799.9999712,30.0,1799.9999999999984,False,59.99999904,False,15450.779946040211,435704.665508271,166752470.1498449,,59.7440693501921,3279540.780004049,3279540.789638936,242817.03890207756,104098.52589235308,54727.08122202044,0.003606378748631012
MEAN,hdf_reconstructed,all,reconstructed_velocity_area,minimum,negated,native_bc_only,none,False,False,12715,1002,1799.9999712,30.0,1799.9999999999984,False,59.99999904,False,15450.779946040211,435704.665508271,241689034.73126587,,655.3512495793772,1553970.756047884,1553968.038084941,128350.77709303854,14631.557648536254,2373.255975870381,0.0038174313606472565
MEAN,hdf_reconstructed,zone_3,reconstructed_velocity_area,minimum,negated,native_bc_only,none,False,False,1274,1002,1799.9999712,30.0,1799.9999999999984,False,59.99999904,False,15450.779946040211,435704.665508271,166724582.93907192,,292.64844808826217,3279540.780004049,3279540.3534493656,242825.53282900562,104071.15306777919,11196.70614729359,-0.0007040921092354107
MEAN,hgn_target,all,reconstructed_velocity_area,minimum,negated,native_bc_only,hdf_precipitation,False,False,12715,1002,1799.9999712,30.0,1799.9999999999984,False,59.99999904,False,15450.779946040211,435704.665508271,43666998.978325464,,67.93053468235296,1554075.7726723356,1554075.5526323996,136285.15710181728,1329.9416429099003,22987.683546511387,0.0032846371153069692
MEAN,hgn_target,zone_3,reconstructed_velocity_area,minimum,negated,native_bc_only,hdf_precipitation,False,False,1274,1002,1799.9999712,30.0,1799.9999999999984,False,59.99999904,False,15450.779946040211,435704.665508271,161173889.3036424,,59.7440693501921,3279389.454533895,3279389.4465666213,244015.49728543093,100891.84171982882,54724.55978869425,0.0037876364962739456
MEAN,hdf_reconstructed,all,reconstructed_velocity_area,minimum,negated,native_bc_only,hdf_precipitation,False,False,12715,1002,1799.9999712,30.0,1799.9999999999984,False,59.99999904,False,15450.779946040211,435704.665508271,42937298.8517303,,655.3512495793772,1554075.7726723356,1554073.1160838464,136295.9741996846,1289.4891619388075,2373.4164944574613,0.004219714797820039
MEAN,hdf_reconstructed,zone_3,reconstructed_velocity_area,minimum,negated,native_bc_only,hdf_precipitation,False,False,1274,1002,1799.9999712,30.0,1799.9999999999984,False,59.99999904,False,15450.779946040211,435704.665508271,161145675.72419155,,292.64844808826217,3279389.454533895,3279389.032738933,244023.0416751107,100864.4688952549,11196.189659265829,-0.0006522947849109995
MEAN,hgn_target,all,reconstructed_velocity_area,maximum,cell_order,reconstructed_all_touching_faces,none,False,False,12715,1002,1799.9999712,30.0,1799.9999999999984,False,59.99999904,False,15450.779946040211,435704.665508271,11267854.376069238,,67.93053468235296,870153.3197934091,870153.4753479287,148772.01113956296,-873.7792343784607,12841.087070643278,-0.002279055653038539
MEAN,hgn_target,zone_3,reconstructed_velocity_area,maximum,cell_order,reconstructed_all_touching_faces,none,False,False,1274,1002,1799.9999712,30.0,1799.9999999999984,False,59.99999904,False,15450.779946040211,435704.665508271,18279212.245602358,,59.7440693501921,694704.881603516,694704.701711541,211185.7310929517,6925.597979499235,11657.538711339163,0.004223124535534811
MEAN,hdf_reconstructed,all,reconstructed_velocity_area,maximum,cell_order,reconstructed_all_touching_faces,none,False,False,12715,1002,1799.9999712,30.0,1799.9999999999984,False,59.99999904,False,15450.779946040211,435704.665508271,11840791.490377724,,655.3512495793772,870153.3197934091,870162.8324955733,148785.61152194632,-914.2317153495541,1328.2480045206246,-0.014102889827032289
MEAN,hdf_reconstructed,zone_3,reconstructed_velocity_area,maximum,cell_order,reconstructed_all_touching_faces,none,False,False,1274,1002,1799.9999712,30.0,1799.9999999999984,False,59.99999904,False,15450.779946040211,435704.665508271,18251321.995752305,,292.64844808826217,694704.881603516,694708.6518917629,211193.49925744825,6898.225154925337,2374.0776196919664,-0.01336533450043656
MEAN,hgn_target,all,reconstructed_velocity_area,maximum,cell_order,reconstructed_all_touching_faces,hdf_precipitation,False,False,12715,1002,1799.9999712,30.0,1799.9999999999984,False,59.99999904,False,15450.779946040211,435704.665508271,243230978.16046372,,67.93053468235296,870390.8316966003,870390.8138067421,155534.65053723825,-14215.84772097591,12844.607289516754,-0.00029477193173159833
MEAN,hgn_target,zone_3,reconstructed_velocity_area,maximum,cell_order,reconstructed_all_touching_faces,hdf_precipitation,False,False,1274,1002,1799.9999712,30.0,1799.9999999999984,False,59.99999904,False,15450.779946040211,435704.665508271,18619729.613956045,,59.7440693501921,694699.7209594372,694699.457524653,211244.43320449488,3718.913806974963,11657.433415901192,0.0050778289384742934
MEAN,hdf_reconstructed,all,reconstructed_velocity_area,maximum,cell_order,reconstructed_all_touching_faces,hdf_precipitation,False,False,12715,1002,1799.9999712,30.0,1799.9999999999984,False,59.99999904,False,15450.779946040211,435704.665508271,243421502.77350017,,655.3512495793772,870390.8316966003,870400.4527218271,155550.5640478249,-14256.300201947002,1328.6111977239707,-0.013376787711801716
MEAN,hdf_reconstructed,zone_3,reconstructed_velocity_area,maximum,cell_order,reconstructed_all_touching_faces,hdf_precipitation,False,False,1274,1002,1799.9999712,30.0,1799.9999999999984,False,59.99999904,False,15450.779946040211,435704.665508271,18597968.823499206,,292.64844808826217,694699.7209594372,694703.514428725,211253.7721843821,3691.540982401064,2374.0594814930823,-0.013118711964134153
MEAN,hgn_target,all,reconstructed_velocity_area,maximum,cell_order,native_bc_only,none,False,False,12715,1002,1799.9999712,30.0,1799.9999999999984,False,59.99999904,False,15450.779946040211,435704.665508271,241983855.96427593,,67.93053468235296,1556571.0753629527,1556571.1647563828,163516.91983019657,14672.010129507347,23020.306384836626,-0.0009231036313728556
MEAN,hgn_target,zone_3,reconstructed_velocity_area,maximum,cell_order,native_bc_only,none,False,False,1274,1002,1799.9999712,30.0,1799.9999999999984,False,59.99999904,False,15450.779946040211,435704.665508271,161272019.67446023,,59.7440693501921,3230726.325660236,3230726.2876500306,307765.73462924775,105315.12430782983,53908.80473560503,0.004517435618458681
MEAN,hdf_reconstructed,all,reconstructed_velocity_area,maximum,cell_order,native_bc_only,none,False,False,12715,1002,1799.9999712,30.0,1799.9999999999984,False,59.99999904,False,15450.779946040211,435704.665508271,241689034.73126587,,655.3512495793772,1556571.0753629527,1556576.427917111,163530.52021257987,14631.55764853626,2377.2531240885423,-0.008509129352200367
MEAN,hdf_reconstructed,zone_3,reconstructed_velocity_area,maximum,cell_order,native_bc_only,none,False,False,1274,1002,1799.9999712,30.0,1799.9999999999984,False,59.99999904,False,15450.779946040211,435704.665508271,161240957.59147525,,292.64844808826217,3230726.325660236,3230727.135237923,307773.5027937442,105287.75148325592,11029.921914759123,-0.005000686329399509
MEAN,hgn_target,all,reconstructed_velocity_area,maximum,cell_order,native_bc_only,hdf_precipitation,False,False,12715,1002,1799.9999712,30.0,1799.9999999999984,False,59.99999904,False,15450.779946040211,435704.665508271,43666998.97832548,,67.93053468235296,1556623.8066982788,1556623.7986869477,170278.92812623107,1329.9416429099006,23021.084508275173,0.00018450888096446222
MEAN,hgn_target,zone_3,reconstructed_velocity_area,maximum,cell_order,native_bc_only,hdf_precipitation,False,False,1274,1002,1799.9999712,30.0,1799.9999999999984,False,59.99999904,False,15450.779946040211,435704.665508271,155831660.797396,,59.7440693501921,3230578.6764833685,3230578.62060157,307818.1381086385,102108.44013530556,53906.338948396995,0.004701469538215782
MEAN,hdf_reconstructed,all,reconstructed_velocity_area,maximum,cell_order,native_bc_only,hdf_precipitation,False,False,12715,1002,1799.9999712,30.0,1799.9999999999984,False,59.99999904,False,15450.779946040211,435704.665508271,42937298.85173025,,655.3512495793772,1556623.8066982788,1556629.2201879884,170294.8416368177,1289.489161938807,2377.333759186777,-0.008106413620177298
MEAN,hdf_reconstructed,zone_3,reconstructed_velocity_area,maximum,cell_order,native_bc_only,hdf_precipitation,False,False,1274,1002,1799.9999712,30.0,1799.9999999999984,False,59.99999904,False,15450.779946040211,435704.665508271,155800175.44024196,,292.64844808826217,3230578.6764833685,3230579.4909486626,307827.4770885259,102081.06731073167,11029.417789004321,-0.004948160333887337
MEAN,hgn_target,all,reconstructed_velocity_area,maximum,negated,reconstructed_all_touching_faces,none,False,False,12715,1002,1799.9999712,30.0,1799.9999999999984,False,59.99999904,False,15450.779946040211,435704.665508271,11300880.403162254,,67.93053468235296,870153.3197934091,870153.1695580849,148771.7328327148,879.0726221806473,12841.08259481789,0.002279055653038539
MEAN,hgn_target,zone_3,reconstructed_velocity_area,maximum,negated,reconstructed_all_touching_faces,none,False,False,1274,1002,1799.9999712,30.0,1799.9999999999984,False,59.99999904,False,15450.779946040211,435704.665508271,18279212.732062254,,59.7440693501921,694704.881603516,694705.066645308,211184.51161245067,-6911.56407516914,11657.544748668355,-0.004223124535534811
MEAN,hdf_reconstructed,all,reconstructed_velocity_area,maximum,negated,reconstructed_all_touching_faces,none,False,False,12715,1002,1799.9999712,30.0,1799.9999999999984,False,59.99999904,False,15450.779946040211,435704.665508271,10783747.40440903,,655.3512495793772,870153.3197934091,870144.3008875237,148762.759935258,838.6201412095547,1328.2197300292166,0.014102889827032289
MEAN,hdf_reconstructed,zone_3,reconstructed_velocity_area,maximum,negated,reconstructed_all_touching_faces,none,False,False,1274,1002,1799.9999712,30.0,1799.9999999999984,False,59.99999904,False,15450.779946040211,435704.665508271,18307257.487826813,,292.64844808826217,694704.881603516,694701.2345833554,211178.88901405138,-6938.936899743039,2374.052304799642,0.01336533450043656
MEAN,hgn_target,all,reconstructed_velocity_area,maximum,negated,reconstructed_all_touching_faces,hdf_precipitation,False,False,12715,1002,1799.9999712,30.0,1799.9999999999984,False,59.99999904,False,15450.779946040211,435704.665508271,229674334.41791916,,67.93053468235296,870396.9045102816,870396.580910779,155976.4882540106,-12462.995864416805,12844.701047304647,0.004262583803461031
MEAN,hgn_target,zone_3,reconstructed_velocity_area,maximum,negated,reconstructed_all_touching_faces,hdf_precipitation,False,False,1274,1002,1799.9999712,30.0,1799.9999999999984,False,59.99999904,False,15450.779946040211,435704.665508271,19673800.166700784,,59.7440693501921,694740.7469845333,694740.8484791712,211501.43537168376,-10118.248247693411,11658.156137971351,-0.0033682945129482472
MEAN,hdf_reconstructed,all,reconstructed_velocity_area,maximum,negated,reconstructed_all_touching_faces,hdf_precipitation,False,False,12715,1002,1799.9999712,30.0,1799.9999999999984,False,59.99999904,False,15450.779946040211,435704.665508271,229822146.26328945,,655.3512495793772,870396.9045102816,870387.9990362857,155970.2075612475,-12503.448345387895,1328.5923861951262,0.014824525428356848
MEAN,hdf_reconstructed,zone_3,reconstructed_velocity_area,maximum,negated,reconstructed_all_touching_faces,hdf_precipitation,False,False,1274,1002,1799.9999712,30.0,1799.9999999999984,False,59.99999904,False,15450.779946040211,435704.665508271,19705309.54228594,,292.64844808826217,694740.7469845333,694737.1233096989,211498.02595763982,-10145.62107226731,2374.1753086090057,0.013611656727788952
MEAN,hgn_target,all,reconstructed_velocity_area,maximum,negated,native_bc_only,none,False,False,12715,1002,1799.9999712,30.0,1799.9999999999984,False,59.99999904,False,15450.779946040211,435704.665508271,241983855.96427593,,67.93053468235296,1573207.7611085766,1573207.6756597671,164329.7732426088,14672.010129507353,23266.017781069302,0.0016277929321843237
MEAN,hgn_target,zone_3,reconstructed_velocity_area,maximum,negated,native_bc_only,none,False,False,1274,1002,1799.9999712,30.0,1799.9999999999984,False,59.99999904,False,15450.779946040211,435704.665508271,153519577.88839796,,59.7440693501921,3285278.396148203,3285278.4346209373,310581.28496317397,92506.27499416446,54824.31204812656,0.002685482813179155
MEAN,hdf_reconstructed,all,reconstructed_velocity_area,maximum,negated,native_bc_only,none,False,False,12715,1002,1799.9999712,30.0,1799.9999999999984,False,59.99999904,False,15450.779946040211,435704.665508271,241689034.7312659,,655.3512495793772,1573207.7611085766,1573202.740994023,164320.80034515206,14631.557648536249,2402.6353356038694,0.007340012919455193
MEAN,hdf_reconstructed,zone_3,reconstructed_velocity_area,maximum,negated,native_bc_only,none,False,False,1274,1002,1799.9999712,30.0,1799.9999999999984,False,59.99999904,False,15450.779946040211,435704.665508271,153493383.84708524,,292.64844808826217,3285278.396148203,3285277.6264837757,310575.6623647748,92478.90216959057,11216.344419847992,0.0007199499297524752
MEAN,hgn_target,all,reconstructed_velocity_area,maximum,negated,native_bc_only,hdf_precipitation,False,False,12715,1002,1799.9999712,30.0,1799.9999999999984,False,59.99999904,False,15450.779946040211,435704.665508271,43666998.97832549,,67.93053468235296,1573296.9676197001,1573296.7858129938,171543.08332220695,1329.9416429099,23267.33964184612,0.002723406880664067
MEAN,hgn_target,zone_3,reconstructed_velocity_area,maximum,negated,native_bc_only,hdf_precipitation,False,False,1274,1002,1799.9999712,30.0,1799.9999999999984,False,59.99999904,False,15450.779946040211,435704.665508271,147918906.94429848,,59.7440693501921,3285141.4931864874,3285141.514089525,310895.4662340115,89299.5908216402,54822.033529103595,0.0028663775448731017
MEAN,hdf_reconstructed,all,reconstructed_velocity_area,maximum,negated,native_bc_only,hdf_precipitation,False,False,12715,1002,1799.9999712,30.0,1799.9999999999984,False,59.99999904,False,15450.779946040211,435704.665508271,42937298.851730295,,655.3512495793772,1573296.9676197001,1573292.0082588445,171536.80262944388,1289.4891619388077,2402.7717431320875,0.007737089155563765
MEAN,hdf_reconstructed,zone_3,reconstructed_velocity_area,maximum,negated,native_bc_only,hdf_precipitation,False,False,1274,1002,1799.9999712,30.0,1799.9999999999984,False,59.99999904,False,15450.779946040211,435704.665508271,147892416.9715296,,292.64844808826217,3285141.4931864874,3285140.728261404,310892.0568199676,89272.21799706628,11215.877247740444,0.0007716717093976751
