hdf_file,hydrograph_id,split,compare_kind,series_name,hgn_length,hdf_length,corr,nrmse_z,rmse,max_abs_diff,ref_peak_index,candidate_peak_index,peak_index_diff,ref_peak,candidate_peak,peak_ratio,exact_or_close,hgn_file
/mnt/8tb_hdd2/joyce/hecras-dataset/origin/Linux_RAS_v66/Minxiong_hgn_h1h6/outputs_seed/planH1/Minxiong.p01.hdf,H1,train,inflow,event_upstreamBC1,239,239,0.999999999999996,9.029020422017848e-08,6.598542269029407e-05,0.00012144762513344176,112,112,0,3776.86962890625,3776.869530938,0.9999999740609924,1.0,/mnt/8tb_hdd2/joyce/train/M80_US_InF_H1.txt
/mnt/8tb_hdd2/joyce/hecras-dataset/origin/Linux_RAS_v66/Minxiong_hgn_h1h6/outputs_seed/planH1/Minxiong.p01.hdf,H1,train,inflow,event_upstreamBC2,239,31,0.2916833203760999,1.1902240794269794,1660.799728085674,2442.7518838791766,222,112,-110,2997.9831932773104,3776.869530938,1.2598034369929982,0.0,/mnt/8tb_hdd2/joyce/train/M80_US_InF_H1.txt
/mnt/8tb_hdd2/joyce/hecras-dataset/origin/Linux_RAS_v66/Minxiong_hgn_h1h6/outputs_seed/planH1/Minxiong.p01.hdf,H1,train,inflow,result_upstreamBC1,239,239,0.9999999999999845,1.7246480783620116e-07,0.00012700439133656404,0.00036261337481846567,112,112,0,3776.86962890625,3776.869530938,0.9999999740609924,1.0,/mnt/8tb_hdd2/joyce/train/M80_US_InF_H1.txt
/mnt/8tb_hdd2/joyce/hecras-dataset/origin/Linux_RAS_v66/Minxiong_hgn_h1h6/outputs_seed/planH1/Minxiong.p01.hdf,H1,train,inflow,result_upstreamBC2,239,239,0.28624630013180596,1.194783411224138,1669.9404673833476,2456.869530938,224,112,-112,3000.0,3776.869530938,1.2589565103126668,0.0,/mnt/8tb_hdd2/joyce/train/M80_US_InF_H1.txt
/mnt/8tb_hdd2/joyce/hecras-dataset/origin/Linux_RAS_v66/Minxiong_hgn_h1h6/outputs_seed/planH1/Minxiong.p01.hdf,H1,train,inflow,result_upstreamBC1_flow_per_face_sum,239,239,0.9999999999999891,1.4956250253361897e-07,0.00010967636108476656,0.00030157821856846567,112,112,0,3776.86962890625,3776.869530938,0.9999999740609924,1.0,/mnt/8tb_hdd2/joyce/train/M80_US_InF_H1.txt
/mnt/8tb_hdd2/joyce/hecras-dataset/origin/Linux_RAS_v66/Minxiong_hgn_h1h6/outputs_seed/planH1/Minxiong.p01.hdf,H1,train,inflow,result_upstreamBC2_flow_per_face_sum,239,239,0.28624630013180596,1.194783411224138,1669.9404673833476,2456.869530938,224,112,-112,3000.0,3776.869530938,1.2589565103126668,0.0,/mnt/8tb_hdd2/joyce/train/M80_US_InF_H1.txt
/mnt/8tb_hdd2/joyce/hecras-dataset/origin/Linux_RAS_v66/Minxiong_hgn_h1h6/outputs_seed/planH1/Minxiong.p01.hdf,H1,train,precipitation,Event Conditions/Unsteady/Boundary Conditions/Precipitation Hydrographs/2D: per2,239,239,1.0,1.2294236374205922e-11,2.5746846951789737e-10,4.980478252036846e-10,88,88,0,67.92356872558594,67.923568726,1.000000000006096,1.0,/mnt/8tb_hdd2/joyce/train/M80_Pr_H1.txt
/mnt/8tb_hdd2/joyce/hecras-dataset/origin/Linux_RAS_v66/Minxiong_hgn_h1h6/outputs_seed/planH1/Minxiong.p01.hdf,H2,train,inflow,event_upstreamBC1,239,239,0.9635757813350587,0.26990449668333094,241.54055908396566,628.9595267956249,112,128,16,3776.86962890625,3802.466187625,1.0067771888451873,0.0,/mnt/8tb_hdd2/joyce/train/M80_US_InF_H2.txt
/mnt/8tb_hdd2/joyce/hecras-dataset/origin/Linux_RAS_v66/Minxiong_hgn_h1h6/outputs_seed/planH1/Minxiong.p01.hdf,H2,train,inflow,event_upstreamBC2,239,31,0.06069464528408745,1.3706242043068644,1656.5996258744085,2514.860035238314,222,128,-94,2997.9831932773104,3802.466187625,1.268341395692833,0.0,/mnt/8tb_hdd2/joyce/train/M80_US_InF_H2.txt
/mnt/8tb_hdd2/joyce/hecras-dataset/origin/Linux_RAS_v66/Minxiong_hgn_h1h6/outputs_seed/planH1/Minxiong.p01.hdf,H2,train,inflow,result_upstreamBC1,239,239,0.9635757825354838,0.2699044922357384,241.54054801096876,628.9595267956249,112,128,16,3776.86962890625,3802.466187625,1.0067771888451873,0.0,/mnt/8tb_hdd2/joyce/train/M80_US_InF_H2.txt
/mnt/8tb_hdd2/joyce/hecras-dataset/origin/Linux_RAS_v66/Minxiong_hgn_h1h6/outputs_seed/planH1/Minxiong.p01.hdf,H2,train,inflow,result_upstreamBC2,239,239,0.05456728341886038,1.375087427461352,1664.7630005057372,2522.062955078125,224,128,-96,3000.0,3802.466187625,1.2674887292083334,0.0,/mnt/8tb_hdd2/joyce/train/M80_US_InF_H2.txt
/mnt/8tb_hdd2/joyce/hecras-dataset/origin/Linux_RAS_v66/Minxiong_hgn_h1h6/outputs_seed/planH1/Minxiong.p01.hdf,H2,train,inflow,result_upstreamBC1_flow_per_face_sum,239,239,0.9635757835504477,0.26990448847528103,241.54054924346818,628.9595878307812,112,128,16,3776.86962890625,3802.466187625,1.0067771888451873,0.0,/mnt/8tb_hdd2/joyce/train/M80_US_InF_H2.txt
/mnt/8tb_hdd2/joyce/hecras-dataset/origin/Linux_RAS_v66/Minxiong_hgn_h1h6/outputs_seed/planH1/Minxiong.p01.hdf,H2,train,inflow,result_upstreamBC2_flow_per_face_sum,239,239,0.05456728341886038,1.375087427461352,1664.7630005057372,2522.062955078125,224,128,-96,3000.0,3802.466187625,1.2674887292083334,0.0,/mnt/8tb_hdd2/joyce/train/M80_US_InF_H2.txt
/mnt/8tb_hdd2/joyce/hecras-dataset/origin/Linux_RAS_v66/Minxiong_hgn_h1h6/outputs_seed/planH1/Minxiong.p01.hdf,H2,train,precipitation,Event Conditions/Unsteady/Boundary Conditions/Precipitation Hydrographs/2D: per2,239,239,0.9996555144993451,0.026248257110053637,1.7372248708037328,4.3497352599238255,88,87,-1,67.92356872558594,71.740776062,1.0561985685975326,0.0,/mnt/8tb_hdd2/joyce/train/M80_Pr_H2.txt
/mnt/8tb_hdd2/joyce/hecras-dataset/origin/Linux_RAS_v66/Minxiong_hgn_h1h6/outputs_seed/planH1/Minxiong.p01.hdf,H3,train,inflow,event_upstreamBC1,239,239,0.9318582483868073,0.36916595621262993,317.13481868355575,847.6230856776251,112,96,-16,3776.86962890625,3924.927,1.0392010806940737,0.0,/mnt/8tb_hdd2/joyce/train/M80_US_InF_H3.txt
/mnt/8tb_hdd2/joyce/hecras-dataset/origin/Linux_RAS_v66/Minxiong_hgn_h1h6/outputs_seed/planH1/Minxiong.p01.hdf,H3,train,inflow,event_upstreamBC2,239,31,-0.05440103893977544,1.4521715042926406,1752.274629179314,2789.1530352383143,222,96,-126,2997.9831932773104,3924.927,1.309189127144299,0.0,/mnt/8tb_hdd2/joyce/train/M80_US_InF_H3.txt
/mnt/8tb_hdd2/joyce/hecras-dataset/origin/Linux_RAS_v66/Minxiong_hgn_h1h6/outputs_seed/planH1/Minxiong.p01.hdf,H3,train,inflow,result_upstreamBC1,239,239,0.9318582500496839,0.3691659517082154,317.13481133671183,847.6230856776251,112,96,-16,3776.86962890625,3924.927,1.0392010806940737,0.0,/mnt/8tb_hdd2/joyce/train/M80_US_InF_H3.txt
/mnt/8tb_hdd2/joyce/hecras-dataset/origin/Linux_RAS_v66/Minxiong_hgn_h1h6/outputs_seed/planH1/Minxiong.p01.hdf,H3,train,inflow,result_upstreamBC2,239,239,-0.06028470295894768,1.4562174995233015,1760.0139821068897,2796.355955078125,224,96,-128,3000.0,3924.927,1.308309,0.0,/mnt/8tb_hdd2/joyce/train/M80_US_InF_H3.txt
/mnt/8tb_hdd2/joyce/hecras-dataset/origin/Linux_RAS_v66/Minxiong_hgn_h1h6/outputs_seed/planH1/Minxiong.p01.hdf,H3,train,inflow,result_upstreamBC1_flow_per_face_sum,239,239,0.9318582500098352,0.36916595181615547,317.1348133048832,847.6231467127814,112,96,-16,3776.86962890625,3924.927,1.0392010806940737,0.0,/mnt/8tb_hdd2/joyce/train/M80_US_InF_H3.txt
/mnt/8tb_hdd2/joyce/hecras-dataset/origin/Linux_RAS_v66/Minxiong_hgn_h1h6/outputs_seed/planH1/Minxiong.p01.hdf,H3,train,inflow,result_upstreamBC2_flow_per_face_sum,239,239,-0.06028470295894768,1.4562174995233015,1760.0139821068897,2796.355955078125,224,96,-128,3000.0,3924.927,1.308309,0.0,/mnt/8tb_hdd2/joyce/train/M80_US_InF_H3.txt
/mnt/8tb_hdd2/joyce/hecras-dataset/origin/Linux_RAS_v66/Minxiong_hgn_h1h6/outputs_seed/planH1/Minxiong.p01.hdf,H3,train,precipitation,Event Conditions/Unsteady/Boundary Conditions/Precipitation Hydrographs/2D: per2,239,239,0.9995324669709433,0.030578849849444548,7.816255111167935,17.189258575750003,88,87,-1,67.92356872558594,50.866661072,0.7488808675160081,0.0,/mnt/8tb_hdd2/joyce/train/M80_Pr_H3.txt
/mnt/8tb_hdd2/joyce/hecras-dataset/origin/Linux_RAS_v66/Minxiong_hgn_h1h6/outputs_seed/planH1/Minxiong.p01.hdf,H4,train,inflow,event_upstreamBC1,239,239,0.7941758439162289,0.6415982482578517,573.25984901723,928.3671709472501,112,112,0,3776.86962890625,3313.656858284,0.8773553720051511,0.0,/mnt/8tb_hdd2/joyce/train/M80_US_InF_H4.txt
/mnt/8tb_hdd2/joyce/hecras-dataset/origin/Linux_RAS_v66/Minxiong_hgn_h1h6/outputs_seed/planH1/Minxiong.p01.hdf,H4,train,inflow,event_upstreamBC2,239,31,-0.3429125937969653,1.638848738472813,1545.3961585033003,2193.858132432345,222,112,-110,2997.9831932773104,3313.656858284,1.1052953417866243,0.0,/mnt/8tb_hdd2/joyce/train/M80_US_InF_H4.txt
/mnt/8tb_hdd2/joyce/hecras-dataset/origin/Linux_RAS_v66/Minxiong_hgn_h1h6/outputs_seed/planH1/Minxiong.p01.hdf,H4,train,inflow,result_upstreamBC1,239,239,0.7941758460348529,0.6415982449557462,573.2598344299374,928.3669268066251,112,112,0,3776.86962890625,3313.656858284,0.8773553720051511,0.0,/mnt/8tb_hdd2/joyce/train/M80_US_InF_H4.txt
/mnt/8tb_hdd2/joyce/hecras-dataset/origin/Linux_RAS_v66/Minxiong_hgn_h1h6/outputs_seed/planH1/Minxiong.p01.hdf,H4,train,inflow,result_upstreamBC2,239,239,-0.3485565945485672,1.6422890090045463,1550.971448089331,2199.8605656321874,224,112,-112,3000.0,3313.656858284,1.1045522860946666,0.0,/mnt/8tb_hdd2/joyce/train/M80_US_InF_H4.txt
/mnt/8tb_hdd2/joyce/hecras-dataset/origin/Linux_RAS_v66/Minxiong_hgn_h1h6/outputs_seed/planH1/Minxiong.p01.hdf,H4,train,inflow,result_upstreamBC1_flow_per_face_sum,239,239,0.7941758478501892,0.641598242126351,573.2598382454256,928.3669878417813,112,112,0,3776.86962890625,3313.656858284,0.8773553720051511,0.0,/mnt/8tb_hdd2/joyce/train/M80_US_InF_H4.txt
/mnt/8tb_hdd2/joyce/hecras-dataset/origin/Linux_RAS_v66/Minxiong_hgn_h1h6/outputs_seed/planH1/Minxiong.p01.hdf,H4,train,inflow,result_upstreamBC2_flow_per_face_sum,239,239,-0.3485565945485672,1.6422890090045463,1550.971448089331,2199.8605656321874,224,112,-112,3000.0,3313.656858284,1.1045522860946666,0.0,/mnt/8tb_hdd2/joyce/train/M80_US_InF_H4.txt
/mnt/8tb_hdd2/joyce/hecras-dataset/origin/Linux_RAS_v66/Minxiong_hgn_h1h6/outputs_seed/planH1/Minxiong.p01.hdf,H4,train,precipitation,Event Conditions/Unsteady/Boundary Conditions/Precipitation Hydrographs/2D: per2,239,239,0.9996428874160492,0.026724991448159336,2.252625338199005,5.209949493894534,88,88,0,67.92356872558594,63.224048615,0.9308116431636242,0.0,/mnt/8tb_hdd2/joyce/train/M80_Pr_H4.txt
/mnt/8tb_hdd2/joyce/hecras-dataset/origin/Linux_RAS_v66/Minxiong_hgn_h1h6/outputs_seed/planH1/Minxiong.p01.hdf,H5,train,inflow,event_upstreamBC1,239,239,0.8193869337540035,0.6010209085314694,644.4549641693692,1028.0040092702502,112,120,8,3776.86962890625,3273.61,0.8667521841223866,0.0,/mnt/8tb_hdd2/joyce/train/M80_US_InF_H5.txt
/mnt/8tb_hdd2/joyce/hecras-dataset/origin/Linux_RAS_v66/Minxiong_hgn_h1h6/outputs_seed/planH1/Minxiong.p01.hdf,H5,train,inflow,event_upstreamBC2,239,31,-0.2970331542499765,1.6106105390503171,1455.9438448549533,2010.2768732356226,222,120,-102,2997.9831932773104,3273.61,1.0919374089023435,0.0,/mnt/8tb_hdd2/joyce/train/M80_US_InF_H5.txt
/mnt/8tb_hdd2/joyce/hecras-dataset/origin/Linux_RAS_v66/Minxiong_hgn_h1h6/outputs_seed/planH1/Minxiong.p01.hdf,H5,train,inflow,result_upstreamBC1,239,239,0.8193869349636164,0.6010209065188721,644.4549489826368,1028.0037651296252,112,120,8,3776.86962890625,3273.61,0.8667521841223866,0.0,/mnt/8tb_hdd2/joyce/train/M80_US_InF_H5.txt
/mnt/8tb_hdd2/joyce/hecras-dataset/origin/Linux_RAS_v66/Minxiong_hgn_h1h6/outputs_seed/planH1/Minxiong.p01.hdf,H5,train,inflow,result_upstreamBC2,239,239,-0.30264786672109556,1.614092851555384,1461.0099418079972,2015.6789892578126,224,120,-104,3000.0,3273.61,1.0912033333333333,0.0,/mnt/8tb_hdd2/joyce/train/M80_US_InF_H5.txt
/mnt/8tb_hdd2/joyce/hecras-dataset/origin/Linux_RAS_v66/Minxiong_hgn_h1h6/outputs_seed/planH1/Minxiong.p01.hdf,H5,train,inflow,result_upstreamBC1_flow_per_face_sum,239,239,0.8193869372204136,0.6010209027639333,644.454953285784,1028.0038261647815,112,120,8,3776.86962890625,3273.61,0.8667521841223866,0.0,/mnt/8tb_hdd2/joyce/train/M80_US_InF_H5.txt
/mnt/8tb_hdd2/joyce/hecras-dataset/origin/Linux_RAS_v66/Minxiong_hgn_h1h6/outputs_seed/planH1/Minxiong.p01.hdf,H5,train,inflow,result_upstreamBC2_flow_per_face_sum,239,239,-0.30264786672109556,1.614092851555384,1461.0099418079972,2015.6789892578126,224,120,-104,3000.0,3273.61,1.0912033333333333,0.0,/mnt/8tb_hdd2/joyce/train/M80_US_InF_H5.txt
/mnt/8tb_hdd2/joyce/hecras-dataset/origin/Linux_RAS_v66/Minxiong_hgn_h1h6/outputs_seed/planH1/Minxiong.p01.hdf,H5,train,precipitation,Event Conditions/Unsteady/Boundary Conditions/Precipitation Hydrographs/2D: per2,239,239,0.9995445095940577,0.030182458678585652,6.745244523403809,15.232013702750002,88,87,-1,67.92356872558594,53.548282623,0.7883608536432664,0.0,/mnt/8tb_hdd2/joyce/train/M80_Pr_H5.txt
/mnt/8tb_hdd2/joyce/hecras-dataset/origin/Linux_RAS_v66/Minxiong_hgn_h1h6/outputs_seed/planH1/Minxiong.p01.hdf,H6,train,inflow,event_upstreamBC1,239,239,0.985908311545189,0.16787905441008488,409.10791883755167,642.95395737525,112,128,16,3776.86962890625,3347.03503992,0.8861928974999526,0.0,/mnt/8tb_hdd2/joyce/train/M80_US_InF_H6.txt
/mnt/8tb_hdd2/joyce/hecras-dataset/origin/Linux_RAS_v66/Minxiong_hgn_h1h6/outputs_seed/planH1/Minxiong.p01.hdf,H6,train,inflow,event_upstreamBC2,239,31,0.17156709166326917,1.2871929989995528,1376.8444598455887,1983.060035238314,222,128,-94,2997.9831932773104,3347.03503992,1.1164288870682815,0.0,/mnt/8tb_hdd2/joyce/train/M80_US_InF_H6.txt
/mnt/8tb_hdd2/joyce/hecras-dataset/origin/Linux_RAS_v66/Minxiong_hgn_h1h6/outputs_seed/planH1/Minxiong.p01.hdf,H6,train,inflow,result_upstreamBC1,239,239,0.9859083136354136,0.1678790419592968,409.10790043826,642.953713234625,112,128,16,3776.86962890625,3347.03503992,0.8861928974999526,0.0,/mnt/8tb_hdd2/joyce/train/M80_US_InF_H6.txt
/mnt/8tb_hdd2/joyce/hecras-dataset/origin/Linux_RAS_v66/Minxiong_hgn_h1h6/outputs_seed/planH1/Minxiong.p01.hdf,H6,train,inflow,result_upstreamBC2,239,239,0.16589431802471474,1.29159256886627,1384.1514429724812,1990.2629550781248,224,128,-96,3000.0,3347.03503992,1.11567834664,0.0,/mnt/8tb_hdd2/joyce/train/M80_US_InF_H6.txt
/mnt/8tb_hdd2/joyce/hecras-dataset/origin/Linux_RAS_v66/Minxiong_hgn_h1h6/outputs_seed/planH1/Minxiong.p01.hdf,H6,train,inflow,result_upstreamBC1_flow_per_face_sum,239,239,0.9859083131362519,0.16787904493264325,409.1079074848939,642.9537742697812,112,128,16,3776.86962890625,3347.03503992,0.8861928974999526,0.0,/mnt/8tb_hdd2/joyce/train/M80_US_InF_H6.txt
/mnt/8tb_hdd2/joyce/hecras-dataset/origin/Linux_RAS_v66/Minxiong_hgn_h1h6/outputs_seed/planH1/Minxiong.p01.hdf,H6,train,inflow,result_upstreamBC2_flow_per_face_sum,239,239,0.16589431802471474,1.29159256886627,1384.1514429724812,1990.2629550781248,224,128,-96,3000.0,3347.03503992,1.11567834664,0.0,/mnt/8tb_hdd2/joyce/train/M80_US_InF_H6.txt
/mnt/8tb_hdd2/joyce/hecras-dataset/origin/Linux_RAS_v66/Minxiong_hgn_h1h6/outputs_seed/planH1/Minxiong.p01.hdf,H6,train,precipitation,Event Conditions/Unsteady/Boundary Conditions/Precipitation Hydrographs/2D: per2,239,239,0.9995146551754956,0.0311558926852147,4.75111207236326,10.622608184585935,88,87,-1,67.92356872558594,57.482151031,0.8462769567251435,0.0,/mnt/8tb_hdd2/joyce/train/M80_Pr_H6.txt
/mnt/8tb_hdd2/joyce/hecras-dataset/origin/Linux_RAS_v66/Minxiong_hgn_h1h6/outputs_seed/planH1/Minxiong.p01.hdf,H7,train,inflow,event_upstreamBC1,239,239,0.9808392826788188,0.1957586132009578,143.6069220791638,370.3908514803752,112,112,0,3776.86962890625,3812.946467066,1.009552047516715,0.0,/mnt/8tb_hdd2/joyce/train/M80_US_InF_H7.txt
/mnt/8tb_hdd2/joyce/hecras-dataset/origin/Linux_RAS_v66/Minxiong_hgn_h1h6/outputs_seed/planH1/Minxiong.p01.hdf,H7,train,inflow,event_upstreamBC2,239,31,0.141055556596071,1.3106826033818628,1719.3877718762553,2508.949645755909,222,112,-110,2997.9831932773104,3812.946467066,1.2718371722750703,0.0,/mnt/8tb_hdd2/joyce/train/M80_US_InF_H7.txt
/mnt/8tb_hdd2/joyce/hecras-dataset/origin/Linux_RAS_v66/Minxiong_hgn_h1h6/outputs_seed/planH1/Minxiong.p01.hdf,H7,train,inflow,result_upstreamBC1,239,239,0.9808392846652743,0.19575860305348078,143.6069143741231,370.3908514803752,112,112,0,3776.86962890625,3812.946467066,1.009552047516715,0.0,/mnt/8tb_hdd2/joyce/train/M80_US_InF_H7.txt
/mnt/8tb_hdd2/joyce/hecras-dataset/origin/Linux_RAS_v66/Minxiong_hgn_h1h6/outputs_seed/planH1/Minxiong.p01.hdf,H7,train,inflow,result_upstreamBC2,239,239,0.13524589417308336,1.3151076806306898,1728.0729974145913,2515.5522432890625,224,112,-112,3000.0,3812.946467066,1.2709821556886667,0.0,/mnt/8tb_hdd2/joyce/train/M80_US_InF_H7.txt
/mnt/8tb_hdd2/joyce/hecras-dataset/origin/Linux_RAS_v66/Minxiong_hgn_h1h6/outputs_seed/planH1/Minxiong.p01.hdf,H7,train,inflow,result_upstreamBC1_flow_per_face_sum,239,239,0.9808392849836539,0.19575860142709342,143.60691327431798,370.39079044521895,112,112,0,3776.86962890625,3812.946467066,1.009552047516715,0.0,/mnt/8tb_hdd2/joyce/train/M80_US_InF_H7.txt
/mnt/8tb_hdd2/joyce/hecras-dataset/origin/Linux_RAS_v66/Minxiong_hgn_h1h6/outputs_seed/planH1/Minxiong.p01.hdf,H7,train,inflow,result_upstreamBC2_flow_per_face_sum,239,239,0.13524589417308336,1.3151076806306898,1728.0729974145913,2515.5522432890625,224,112,-112,3000.0,3812.946467066,1.2709821556886667,0.0,/mnt/8tb_hdd2/joyce/train/M80_US_InF_H7.txt
/mnt/8tb_hdd2/joyce/hecras-dataset/origin/Linux_RAS_v66/Minxiong_hgn_h1h6/outputs_seed/planH1/Minxiong.p01.hdf,H7,train,precipitation,Event Conditions/Unsteady/Boundary Conditions/Precipitation Hydrographs/2D: per2,239,239,0.999653648336317,0.02631925772827877,3.916317755541096,9.060298919749997,88,87,-1,67.92356872558594,59.882778168,0.8816200222036173,0.0,/mnt/8tb_hdd2/joyce/train/M80_Pr_H7.txt
/mnt/8tb_hdd2/joyce/hecras-dataset/origin/Linux_RAS_v66/Minxiong_hgn_h1h6/outputs_seed/planH1/Minxiong.p01.hdf,H8,train,inflow,event_upstreamBC1,239,239,0.9720675233326,0.23635768093040646,321.39226494558324,632.301111625625,112,112,0,3776.86962890625,3664.160580838,0.9701580782122762,0.0,/mnt/8tb_hdd2/joyce/train/M80_US_InF_H8.txt
/mnt/8tb_hdd2/joyce/hecras-dataset/origin/Linux_RAS_v66/Minxiong_hgn_h1h6/outputs_seed/planH1/Minxiong.p01.hdf,H8,train,inflow,event_upstreamBC2,239,31,0.09293890371387944,1.3468935342380415,1525.2689320466484,2330.0429337791766,222,112,-110,2997.9831932773104,3664.160580838,1.2222085130612235,0.0,/mnt/8tb_hdd2/joyce/train/M80_US_InF_H8.txt
/mnt/8tb_hdd2/joyce/hecras-dataset/origin/Linux_RAS_v66/Minxiong_hgn_h1h6/outputs_seed/planH1/Minxiong.p01.hdf,H8,train,inflow,result_upstreamBC1,239,239,0.9720675244372058,0.23635767625695459,321.3922495401746,632.301111625625,112,112,0,3776.86962890625,3664.160580838,0.9701580782122762,0.0,/mnt/8tb_hdd2/joyce/train/M80_US_InF_H8.txt
/mnt/8tb_hdd2/joyce/hecras-dataset/origin/Linux_RAS_v66/Minxiong_hgn_h1h6/outputs_seed/planH1/Minxiong.p01.hdf,H8,train,inflow,result_upstreamBC2,239,239,0.08701354753216779,1.3512856489046514,1532.985959082716,2344.160580838,224,112,-112,3000.0,3664.160580838,1.2213868602793334,0.0,/mnt/8tb_hdd2/joyce/train/M80_US_InF_H8.txt
/mnt/8tb_hdd2/joyce/hecras-dataset/origin/Linux_RAS_v66/Minxiong_hgn_h1h6/outputs_seed/planH1/Minxiong.p01.hdf,H8,train,inflow,result_upstreamBC1_flow_per_face_sum,239,239,0.9720675254817418,0.23635767183765638,321.392253542967,632.3011726607813,112,112,0,3776.86962890625,3664.160580838,0.9701580782122762,0.0,/mnt/8tb_hdd2/joyce/train/M80_US_InF_H8.txt
/mnt/8tb_hdd2/joyce/hecras-dataset/origin/Linux_RAS_v66/Minxiong_hgn_h1h6/outputs_seed/planH1/Minxiong.p01.hdf,H8,train,inflow,result_upstreamBC2_flow_per_face_sum,239,239,0.08701354753216779,1.3512856489046514,1532.985959082716,2344.160580838,224,112,-112,3000.0,3664.160580838,1.2213868602793334,0.0,/mnt/8tb_hdd2/joyce/train/M80_US_InF_H8.txt
/mnt/8tb_hdd2/joyce/hecras-dataset/origin/Linux_RAS_v66/Minxiong_hgn_h1h6/outputs_seed/planH1/Minxiong.p01.hdf,H8,train,precipitation,Event Conditions/Unsteady/Boundary Conditions/Precipitation Hydrographs/2D: per2,239,239,0.9997030638043689,0.02436949714826446,2.2645542780720658,5.136703491472659,88,87,-1,67.92356872558594,63.256023407,0.9312823898072403,0.0,/mnt/8tb_hdd2/joyce/train/M80_Pr_H8.txt
/mnt/8tb_hdd2/joyce/hecras-dataset/origin/Linux_RAS_v66/Minxiong_hgn_h1h6/outputs_seed/planH1/Minxiong.p01.hdf,H9,train,inflow,event_upstreamBC1,239,239,0.8805415783015123,0.48879120634170253,359.01626671343615,882.4539404296875,112,104,-8,3776.86962890625,3766.986391217,0.9973832197930241,0.0,/mnt/8tb_hdd2/joyce/train/M80_US_InF_H9.txt
/mnt/8tb_hdd2/joyce/hecras-dataset/origin/Linux_RAS_v66/Minxiong_hgn_h1h6/outputs_seed/planH1/Minxiong.p01.hdf,H9,train,inflow,event_upstreamBC2,239,31,-0.17335190446880708,1.5318954954361652,1779.5331507554827,2553.877147519521,222,104,-118,2997.9831932773104,3766.986391217,1.2565068408869353,0.0,/mnt/8tb_hdd2/joyce/train/M80_US_InF_H9.txt
/mnt/8tb_hdd2/joyce/hecras-dataset/origin/Linux_RAS_v66/Minxiong_hgn_h1h6/outputs_seed/planH1/Minxiong.p01.hdf,H9,train,inflow,result_upstreamBC1,239,239,0.8805415812385176,0.4887912003329897,359.01626045049517,882.4539404296875,112,104,-8,3776.86962890625,3766.986391217,0.9973832197930241,0.0,/mnt/8tb_hdd2/joyce/train/M80_US_InF_H9.txt
/mnt/8tb_hdd2/joyce/hecras-dataset/origin/Linux_RAS_v66/Minxiong_hgn_h1h6/outputs_seed/planH1/Minxiong.p01.hdf,H9,train,inflow,result_upstreamBC2,239,239,-0.1792305075361108,1.5357281709574198,1787.129409227326,2566.986391217,224,104,-120,3000.0,3766.986391217,1.2556621304056665,0.0,/mnt/8tb_hdd2/joyce/train/M80_US_InF_H9.txt
/mnt/8tb_hdd2/joyce/hecras-dataset/origin/Linux_RAS_v66/Minxiong_hgn_h1h6/outputs_seed/planH1/Minxiong.p01.hdf,H9,train,inflow,result_upstreamBC1_flow_per_face_sum,239,239,0.8805415830015639,0.4887911967260391,359.01625915570276,882.4539556884765,112,104,-8,3776.86962890625,3766.986391217,0.9973832197930241,0.0,/mnt/8tb_hdd2/joyce/train/M80_US_InF_H9.txt
/mnt/8tb_hdd2/joyce/hecras-dataset/origin/Linux_RAS_v66/Minxiong_hgn_h1h6/outputs_seed/planH1/Minxiong.p01.hdf,H9,train,inflow,result_upstreamBC2_flow_per_face_sum,239,239,-0.1792305075361108,1.5357281709574198,1787.129409227326,2566.986391217,224,104,-120,3000.0,3766.986391217,1.2556621304056665,0.0,/mnt/8tb_hdd2/joyce/train/M80_US_InF_H9.txt
/mnt/8tb_hdd2/joyce/hecras-dataset/origin/Linux_RAS_v66/Minxiong_hgn_h1h6/outputs_seed/planH1/Minxiong.p01.hdf,H9,train,precipitation,Event Conditions/Unsteady/Boundary Conditions/Precipitation Hydrographs/2D: per2,239,239,0.999684741545043,0.025110095776680965,2.5506744848805356,5.799068450585935,88,87,-1,67.92356872558594,62.166553497,0.9152427450942026,0.0,/mnt/8tb_hdd2/joyce/train/M80_Pr_H9.txt
/mnt/8tb_hdd2/joyce/hecras-dataset/origin/Linux_RAS_v66/Minxiong_hgn_h1h6/outputs_seed/planH1/Minxiong.p01.hdf,H10,train,inflow,event_upstreamBC1,239,239,0.9651556233571192,0.2639862748056413,597.7155503164912,893.47256815325,112,144,32,3776.86962890625,3176.331,0.8409956689238011,0.0,/mnt/8tb_hdd2/joyce/train/M80_US_InF_H10.txt
/mnt/8tb_hdd2/joyce/hecras-dataset/origin/Linux_RAS_v66/Minxiong_hgn_h1h6/outputs_seed/planH1/Minxiong.p01.hdf,H10,train,inflow,event_upstreamBC2,239,31,0.052834200564095476,1.3763471941598926,1299.363393318363,1813.8927232513452,222,144,-78,2997.9831932773104,3176.331,1.0594892616885303,0.0,/mnt/8tb_hdd2/joyce/train/M80_US_InF_H10.txt
/mnt/8tb_hdd2/joyce/hecras-dataset/origin/Linux_RAS_v66/Minxiong_hgn_h1h6/outputs_seed/planH1/Minxiong.p01.hdf,H10,train,inflow,result_upstreamBC1,239,239,0.96515562406485,0.2639862721247032,597.7155337932243,893.472324012625,112,144,32,3776.86962890625,3176.331,0.8409956689238011,0.0,/mnt/8tb_hdd2/joyce/train/M80_US_InF_H10.txt
/mnt/8tb_hdd2/joyce/hecras-dataset/origin/Linux_RAS_v66/Minxiong_hgn_h1h6/outputs_seed/planH1/Minxiong.p01.hdf,H10,train,inflow,result_upstreamBC2,239,239,0.04702766895254076,1.3805595467399872,1305.3903761183199,1819.8951564511876,224,144,-80,3000.0,3176.331,1.058777,0.0,/mnt/8tb_hdd2/joyce/train/M80_US_InF_H10.txt
/mnt/8tb_hdd2/joyce/hecras-dataset/origin/Linux_RAS_v66/Minxiong_hgn_h1h6/outputs_seed/planH1/Minxiong.p01.hdf,H10,train,inflow,result_upstreamBC1_flow_per_face_sum,239,239,0.9651556245260831,0.2639862703775189,597.7155400375623,893.4723850477812,112,144,32,3776.86962890625,3176.331,0.8409956689238011,0.0,/mnt/8tb_hdd2/joyce/train/M80_US_InF_H10.txt
/mnt/8tb_hdd2/joyce/hecras-dataset/origin/Linux_RAS_v66/Minxiong_hgn_h1h6/outputs_seed/planH1/Minxiong.p01.hdf,H10,train,inflow,result_upstreamBC2_flow_per_face_sum,239,239,0.04702766895254076,1.3805595467399872,1305.3903761183199,1819.8951564511876,224,144,-80,3000.0,3176.331,1.058777,0.0,/mnt/8tb_hdd2/joyce/train/M80_US_InF_H10.txt
/mnt/8tb_hdd2/joyce/hecras-dataset/origin/Linux_RAS_v66/Minxiong_hgn_h1h6/outputs_seed/planH1/Minxiong.p01.hdf,H10,train,precipitation,Event Conditions/Unsteady/Boundary Conditions/Precipitation Hydrographs/2D: per2,239,239,0.9996366887234452,0.02695593725155562,3.0961763128027804,7.164100646585936,88,87,-1,67.92356872558594,61.519306183,0.9057136916869102,0.0,/mnt/8tb_hdd2/joyce/train/M80_Pr_H10.txt
/mnt/8tb_hdd2/joyce/hecras-dataset/origin/Linux_RAS_v66/Minxiong_hgn_h1h6/outputs_seed/planH1/Minxiong.p01.hdf,H11,test,inflow,event_upstreamBC1,239,239,0.9269252270288451,0.3822951032151877,275.446317656464,524.5679814453124,112,128,16,3776.86962890625,3754.147968064,0.993983996517023,0.0,/mnt/8tb_hdd2/joyce/test/M80_US_InF_H11.txt
/mnt/8tb_hdd2/joyce/hecras-dataset/origin/Linux_RAS_v66/Minxiong_hgn_h1h6/outputs_seed/planH1/Minxiong.p01.hdf,H11,test,inflow,event_upstreamBC2,239,31,-0.07126433602144461,1.463737910980955,1743.159251242987,2544.666407881345,222,128,-94,2997.9831932773104,3754.147968064,1.2522244876096424,0.0,/mnt/8tb_hdd2/joyce/test/M80_US_InF_H11.txt
/mnt/8tb_hdd2/joyce/hecras-dataset/origin/Linux_RAS_v66/Minxiong_hgn_h1h6/outputs_seed/planH1/Minxiong.p01.hdf,H11,test,inflow,result_upstreamBC1,239,239,0.9269252302353793,0.38229509482759744,275.4463074490084,524.5679814453124,112,128,16,3776.86962890625,3754.147968064,0.993983996517023,0.0,/mnt/8tb_hdd2/joyce/test/M80_US_InF_H11.txt
/mnt/8tb_hdd2/joyce/hecras-dataset/origin/Linux_RAS_v66/Minxiong_hgn_h1h6/outputs_seed/planH1/Minxiong.p01.hdf,H11,test,inflow,result_upstreamBC2,239,239,-0.0771626930978824,1.4677620332314651,1750.9486148047486,2550.6688410811876,224,128,-96,3000.0,3754.147968064,1.2513826560213333,0.0,/mnt/8tb_hdd2/joyce/test/M80_US_InF_H11.txt
/mnt/8tb_hdd2/joyce/hecras-dataset/origin/Linux_RAS_v66/Minxiong_hgn_h1h6/outputs_seed/planH1/Minxiong.p01.hdf,H11,test,inflow,result_upstreamBC1_flow_per_face_sum,239,239,0.9269252299617844,0.38229509554326013,275.44630951648213,524.5679967041015,112,128,16,3776.86962890625,3754.147968064,0.993983996517023,0.0,/mnt/8tb_hdd2/joyce/test/M80_US_InF_H11.txt
/mnt/8tb_hdd2/joyce/hecras-dataset/origin/Linux_RAS_v66/Minxiong_hgn_h1h6/outputs_seed/planH1/Minxiong.p01.hdf,H11,test,inflow,result_upstreamBC2_flow_per_face_sum,239,239,-0.0771626930978824,1.4677620332314651,1750.9486148047486,2550.6688410811876,224,128,-96,3000.0,3754.147968064,1.2513826560213333,0.0,/mnt/8tb_hdd2/joyce/test/M80_US_InF_H11.txt
/mnt/8tb_hdd2/joyce/hecras-dataset/origin/Linux_RAS_v66/Minxiong_hgn_h1h6/outputs_seed/planH1/Minxiong.p01.hdf,H11,test,precipitation,Event Conditions/Unsteady/Boundary Conditions/Precipitation Hydrographs/2D: per2,239,239,0.9996010267753727,0.028247945929900313,4.397038582921903,9.560852050714843,88,88,0,67.92356872558594,58.689632416,0.8640540171425412,0.0,/mnt/8tb_hdd2/joyce/test/M80_Pr_H11.txt
/mnt/8tb_hdd2/joyce/hecras-dataset/origin/Linux_RAS_v66/Minxiong_hgn_h1h6/outputs_seed/planH1/Minxiong.p01.hdf,H12,test,inflow,event_upstreamBC1,239,239,0.9834299581806462,0.18204418045822338,145.64033848835484,389.3567982971249,112,104,-8,3776.86962890625,3770.593860279,0.9983383676843864,0.0,/mnt/8tb_hdd2/joyce/test/M80_US_InF_H12.txt
/mnt/8tb_hdd2/joyce/hecras-dataset/origin/Linux_RAS_v66/Minxiong_hgn_h1h6/outputs_seed/planH1/Minxiong.p01.hdf,H12,test,inflow,event_upstreamBC2,239,31,0.14264311918438172,1.309470794493423,1659.270576468561,2557.4846165815215,222,104,-118,2997.9831932773104,3770.593860279,1.2577101395145227,0.0,/mnt/8tb_hdd2/joyce/test/M80_US_InF_H12.txt
/mnt/8tb_hdd2/joyce/hecras-dataset/origin/Linux_RAS_v66/Minxiong_hgn_h1h6/outputs_seed/planH1/Minxiong.p01.hdf,H12,test,inflow,result_upstreamBC1,239,239,0.983429960378554,0.18204416838473547,145.64032287806663,389.3567982971249,112,104,-8,3776.86962890625,3770.593860279,0.9983383676843864,0.0,/mnt/8tb_hdd2/joyce/test/M80_US_InF_H12.txt
/mnt/8tb_hdd2/joyce/hecras-dataset/origin/Linux_RAS_v66/Minxiong_hgn_h1h6/outputs_seed/planH1/Minxiong.p01.hdf,H12,test,inflow,result_upstreamBC2,239,239,0.1372464941374143,1.3135855555407003,1667.6075650509197,2570.593860279,224,104,-120,3000.0,3770.593860279,1.256864620093,0.0,/mnt/8tb_hdd2/joyce/test/M80_US_InF_H12.txt
/mnt/8tb_hdd2/joyce/hecras-dataset/origin/Linux_RAS_v66/Minxiong_hgn_h1h6/outputs_seed/planH1/Minxiong.p01.hdf,H12,test,inflow,result_upstreamBC1_flow_per_face_sum,239,239,0.9834299609069515,0.18204416548216046,145.6403241797302,389.3567067443905,112,104,-8,3776.86962890625,3770.593860279,0.9983383676843864,0.0,/mnt/8tb_hdd2/joyce/test/M80_US_InF_H12.txt
/mnt/8tb_hdd2/joyce/hecras-dataset/origin/Linux_RAS_v66/Minxiong_hgn_h1h6/outputs_seed/planH1/Minxiong.p01.hdf,H12,test,inflow,result_upstreamBC2_flow_per_face_sum,239,239,0.1372464941374143,1.3135855555407003,1667.6075650509197,2570.593860279,224,104,-120,3000.0,3770.593860279,1.256864620093,0.0,/mnt/8tb_hdd2/joyce/test/M80_US_InF_H12.txt
/mnt/8tb_hdd2/joyce/hecras-dataset/origin/Linux_RAS_v66/Minxiong_hgn_h1h6/outputs_seed/planH1/Minxiong.p01.hdf,H12,test,precipitation,Event Conditions/Unsteady/Boundary Conditions/Precipitation Hydrographs/2D: per2,239,239,0.9996562485503876,0.026220276490233924,1.2998833184322092,3.3699493409277324,88,87,-1,67.92356872558594,65.425270081,0.9632189725678405,0.0,/mnt/8tb_hdd2/joyce/test/M80_Pr_H12.txt
/mnt/8tb_hdd2/joyce/hecras-dataset/origin/Linux_RAS_v66/Minxiong_hgn_h1h6/outputs_seed/planH1/Minxiong.p01.hdf,H13,test,inflow,event_upstreamBC1,239,239,0.9890363490509061,0.14807870170348236,405.8750936533734,789.2198273331251,112,112,0,3776.86962890625,3179.972728543,0.8419598876818774,0.0,/mnt/8tb_hdd2/joyce/test/M80_US_InF_H13.txt
/mnt/8tb_hdd2/joyce/hecras-dataset/origin/Linux_RAS_v66/Minxiong_hgn_h1h6/outputs_seed/planH1/Minxiong.p01.hdf,H13,test,inflow,event_upstreamBC2,239,31,0.1989160873956243,1.265767682163181,1393.7128692375495,1980.6040352383143,222,112,-110,2997.9831932773104,3179.972728543,1.0607039878254767,0.0,/mnt/8tb_hdd2/joyce/test/M80_US_InF_H13.txt
/mnt/8tb_hdd2/joyce/hecras-dataset/origin/Linux_RAS_v66/Minxiong_hgn_h1h6/outputs_seed/planH1/Minxiong.p01.hdf,H13,test,inflow,result_upstreamBC1,239,239,0.9890363502826564,0.148078693385261,405.87507707503806,789.2198273331251,112,112,0,3776.86962890625,3179.972728543,0.8419598876818774,0.0,/mnt/8tb_hdd2/joyce/test/M80_US_InF_H13.txt
/mnt/8tb_hdd2/joyce/hecras-dataset/origin/Linux_RAS_v66/Minxiong_hgn_h1h6/outputs_seed/planH1/Minxiong.p01.hdf,H13,test,inflow,result_upstreamBC2,239,239,0.19337700931354335,1.2701362058349934,1401.0553755802557,1987.8069550781252,224,112,-112,3000.0,3179.972728543,1.0599909095143334,0.0,/mnt/8tb_hdd2/joyce/test/M80_US_InF_H13.txt
/mnt/8tb_hdd2/joyce/hecras-dataset/origin/Linux_RAS_v66/Minxiong_hgn_h1h6/outputs_seed/planH1/Minxiong.p01.hdf,H13,test,inflow,result_upstreamBC1_flow_per_face_sum,239,239,0.9890363497911783,0.14807869670430313,405.8750834897775,789.2198273331251,112,112,0,3776.86962890625,3179.972728543,0.8419598876818774,0.0,/mnt/8tb_hdd2/joyce/test/M80_US_InF_H13.txt
/mnt/8tb_hdd2/joyce/hecras-dataset/origin/Linux_RAS_v66/Minxiong_hgn_h1h6/outputs_seed/planH1/Minxiong.p01.hdf,H13,test,inflow,result_upstreamBC2_flow_per_face_sum,239,239,0.19337700931354335,1.2701362058349934,1401.0553755802557,1987.8069550781252,224,112,-112,3000.0,3179.972728543,1.0599909095143334,0.0,/mnt/8tb_hdd2/joyce/test/M80_US_InF_H13.txt
/mnt/8tb_hdd2/joyce/hecras-dataset/origin/Linux_RAS_v66/Minxiong_hgn_h1h6/outputs_seed/planH1/Minxiong.p01.hdf,H13,test,precipitation,Event Conditions/Unsteady/Boundary Conditions/Precipitation Hydrographs/2D: per2,239,239,0.9996839832065049,0.02514027818052469,0.7356813523734713,2.2890071867255877,88,87,-1,67.92356872558594,66.705032349,0.9820601832405351,0.0,/mnt/8tb_hdd2/joyce/test/M80_Pr_H13.txt
/mnt/8tb_hdd2/joyce/hecras-dataset/origin/Linux_RAS_v66/Minxiong_hgn_h1h6/outputs_seed/planH1/Minxiong.p01.hdf,H14,test,inflow,event_upstreamBC1,239,239,0.9838617632055784,0.1796565434066983,242.887523189681,517.560962112625,112,120,8,3776.86962890625,3567.069,0.9444511858972992,0.0,/mnt/8tb_hdd2/joyce/test/M80_US_InF_H14.txt
/mnt/8tb_hdd2/joyce/hecras-dataset/origin/Linux_RAS_v66/Minxiong_hgn_h1h6/outputs_seed/planH1/Minxiong.p01.hdf,H14,test,inflow,event_upstreamBC2,239,31,0.18047763732947839,1.28025182106531,1525.2716856826917,2343.2940352383143,222,120,-102,2997.9831932773104,3567.069,1.1898228809283553,0.0,/mnt/8tb_hdd2/joyce/test/M80_US_InF_H14.txt
/mnt/8tb_hdd2/joyce/hecras-dataset/origin/Linux_RAS_v66/Minxiong_hgn_h1h6/outputs_seed/planH1/Minxiong.p01.hdf,H14,test,inflow,result_upstreamBC1,239,239,0.9838617652034923,0.17965653228595505,242.8875047906152,517.560962112625,112,120,8,3776.86962890625,3567.069,0.9444511858972992,0.0,/mnt/8tb_hdd2/joyce/test/M80_US_InF_H14.txt
/mnt/8tb_hdd2/joyce/hecras-dataset/origin/Linux_RAS_v66/Minxiong_hgn_h1h6/outputs_seed/planH1/Minxiong.p01.hdf,H14,test,inflow,result_upstreamBC2,239,239,0.17459091638683574,1.2848416895580286,1533.4432511942261,2350.496955078125,224,120,-104,3000.0,3567.069,1.189023,0.0,/mnt/8tb_hdd2/joyce/test/M80_US_InF_H14.txt
/mnt/8tb_hdd2/joyce/hecras-dataset/origin/Linux_RAS_v66/Minxiong_hgn_h1h6/outputs_seed/planH1/Minxiong.p01.hdf,H14,test,inflow,result_upstreamBC1_flow_per_face_sum,239,239,0.9838617645118558,0.1796565361357278,242.88751187261485,517.560962112625,112,120,8,3776.86962890625,3567.069,0.9444511858972992,0.0,/mnt/8tb_hdd2/joyce/test/M80_US_InF_H14.txt
/mnt/8tb_hdd2/joyce/hecras-dataset/origin/Linux_RAS_v66/Minxiong_hgn_h1h6/outputs_seed/planH1/Minxiong.p01.hdf,H14,test,inflow,result_upstreamBC2_flow_per_face_sum,239,239,0.17459091638683574,1.2848416895580286,1533.4432511942261,2350.496955078125,224,120,-104,3000.0,3567.069,1.189023,0.0,/mnt/8tb_hdd2/joyce/test/M80_US_InF_H14.txt
/mnt/8tb_hdd2/joyce/hecras-dataset/origin/Linux_RAS_v66/Minxiong_hgn_h1h6/outputs_seed/planH1/Minxiong.p01.hdf,H14,test,precipitation,Event Conditions/Unsteady/Boundary Conditions/Precipitation Hydrographs/2D: per2,239,239,0.9996158537432852,0.027718090003330042,3.304223370656083,7.36079025289844,88,87,-1,67.92356872558594,61.225719452,0.9013913815299439,0.0,/mnt/8tb_hdd2/joyce/test/M80_Pr_H14.txt
/mnt/8tb_hdd2/joyce/hecras-dataset/origin/Linux_RAS_v66/Minxiong_hgn_h1h6/outputs_seed/planH1/Minxiong.p01.hdf,H15,test,inflow,event_upstreamBC1,239,239,0.9038286148138268,0.43856900297712054,443.33451712285137,671.310514818625,112,128,16,3776.86962890625,3395.156836327,0.8989340829617698,0.0,/mnt/8tb_hdd2/joyce/test/M80_US_InF_H15.txt
/mnt/8tb_hdd2/joyce/hecras-dataset/origin/Linux_RAS_v66/Minxiong_hgn_h1h6/outputs_seed/planH1/Minxiong.p01.hdf,H15,test,inflow,event_upstreamBC2,239,31,-0.12526719302685668,1.5001781181092175,1520.884770086989,2136.933393909345,222,128,-94,2997.9831932773104,3395.156836327,1.1324802767208013,0.0,/mnt/8tb_hdd2/joyce/test/M80_US_InF_H15.txt
/mnt/8tb_hdd2/joyce/hecras-dataset/origin/Linux_RAS_v66/Minxiong_hgn_h1h6/outputs_seed/planH1/Minxiong.p01.hdf,H15,test,inflow,result_upstreamBC1,239,239,0.9038286168202669,0.43856899840215074,443.3345014909702,671.310514818625,112,128,16,3776.86962890625,3395.156836327,0.8989340829617698,0.0,/mnt/8tb_hdd2/joyce/test/M80_US_InF_H15.txt
/mnt/8tb_hdd2/joyce/hecras-dataset/origin/Linux_RAS_v66/Minxiong_hgn_h1h6/outputs_seed/planH1/Minxiong.p01.hdf,H15,test,inflow,result_upstreamBC2,239,239,-0.13134462555330126,1.5042238035301139,1527.5340029405434,2142.9358271091874,224,128,-96,3000.0,3395.156836327,1.1317189454423333,0.0,/mnt/8tb_hdd2/joyce/test/M80_US_InF_H15.txt
/mnt/8tb_hdd2/joyce/hecras-dataset/origin/Linux_RAS_v66/Minxiong_hgn_h1h6/outputs_seed/planH1/Minxiong.p01.hdf,H15,test,inflow,result_upstreamBC1_flow_per_face_sum,239,239,0.9038286184719592,0.4385689946360571,443.334505346598,671.3105758537813,112,128,16,3776.86962890625,3395.156836327,0.8989340829617698,0.0,/mnt/8tb_hdd2/joyce/test/M80_US_InF_H15.txt
/mnt/8tb_hdd2/joyce/hecras-dataset/origin/Linux_RAS_v66/Minxiong_hgn_h1h6/outputs_seed/planH1/Minxiong.p01.hdf,H15,test,inflow,result_upstreamBC2_flow_per_face_sum,239,239,-0.13134462555330126,1.5042238035301139,1527.5340029405434,2142.9358271091874,224,128,-96,3000.0,3395.156836327,1.1317189454423333,0.0,/mnt/8tb_hdd2/joyce/test/M80_US_InF_H15.txt
/mnt/8tb_hdd2/joyce/hecras-dataset/origin/Linux_RAS_v66/Minxiong_hgn_h1h6/outputs_seed/planH1/Minxiong.p01.hdf,H15,test,precipitation,Event Conditions/Unsteady/Boundary Conditions/Precipitation Hydrographs/2D: per2,239,239,0.999610191895781,0.0279216082709784,3.532068089049859,8.007263183414068,88,88,0,67.92356872558594,75.930831909,1.1178863733700999,0.0,/mnt/8tb_hdd2/joyce/test/M80_Pr_H15.txt
/mnt/8tb_hdd2/joyce/hecras-dataset/origin/Linux_RAS_v66/Minxiong_hgn_h1h6/outputs_seed/planH2/Minxiong.p01.hdf,H1,train,inflow,event_upstreamBC1,239,239,0.9635757779332753,0.2699045092869867,241.5405676953889,628.9595087336252,128,112,-16,3802.46630859375,3776.869530938,0.9932683748971293,0.0,/mnt/8tb_hdd2/joyce/train/M80_US_InF_H1.txt
/mnt/8tb_hdd2/joyce/hecras-dataset/origin/Linux_RAS_v66/Minxiong_hgn_h1h6/outputs_seed/planH2/Minxiong.p01.hdf,H1,train,inflow,event_upstreamBC2,239,31,0.2916833203760999,1.1902240794269794,1660.799728085674,2442.7518838791766,222,112,-110,2997.9831932773104,3776.869530938,1.2598034369929982,0.0,/mnt/8tb_hdd2/joyce/train/M80_US_InF_H1.txt
/mnt/8tb_hdd2/joyce/hecras-dataset/origin/Linux_RAS_v66/Minxiong_hgn_h1h6/outputs_seed/planH2/Minxiong.p01.hdf,H1,train,inflow,result_upstreamBC1,239,239,0.9635757760117662,0.2699045164062055,241.5405705995319,628.9595087336252,128,112,-16,3802.46630859375,3776.869530938,0.9932683748971293,0.0,/mnt/8tb_hdd2/joyce/train/M80_US_InF_H1.txt
/mnt/8tb_hdd2/joyce/hecras-dataset/origin/Linux_RAS_v66/Minxiong_hgn_h1h6/outputs_seed/planH2/Minxiong.p01.hdf,H1,train,inflow,result_upstreamBC2,239,239,0.28624630013180596,1.194783411224138,1669.9404673833476,2456.869530938,224,112,-112,3000.0,3776.869530938,1.2589565103126668,0.0,/mnt/8tb_hdd2/joyce/train/M80_US_InF_H1.txt
/mnt/8tb_hdd2/joyce/hecras-dataset/origin/Linux_RAS_v66/Minxiong_hgn_h1h6/outputs_seed/planH2/Minxiong.p01.hdf,H1,train,inflow,result_upstreamBC1_flow_per_face_sum,239,239,0.9635757764234251,0.26990451488100164,241.54057220283943,628.9595392512033,128,112,-16,3802.4662475585938,3776.869530938,0.9932683908405424,0.0,/mnt/8tb_hdd2/joyce/train/M80_US_InF_H1.txt
/mnt/8tb_hdd2/joyce/hecras-dataset/origin/Linux_RAS_v66/Minxiong_hgn_h1h6/outputs_seed/planH2/Minxiong.p01.hdf,H1,train,inflow,result_upstreamBC2_flow_per_face_sum,239,239,0.28624630013180596,1.194783411224138,1669.9404673833476,2456.869530938,224,112,-112,3000.0,3776.869530938,1.2589565103126668,0.0,/mnt/8tb_hdd2/joyce/train/M80_US_InF_H1.txt
/mnt/8tb_hdd2/joyce/hecras-dataset/origin/Linux_RAS_v66/Minxiong_hgn_h1h6/outputs_seed/planH2/Minxiong.p01.hdf,H1,train,precipitation,Event Conditions/Unsteady/Boundary Conditions/Precipitation Hydrographs/2D: per2,239,239,0.9996555144993386,0.026248257110233607,1.7372248708263374,4.349735260085936,87,88,1,71.74077606201172,67.923568726,0.946791663743473,0.0,/mnt/8tb_hdd2/joyce/train/M80_Pr_H1.txt
/mnt/8tb_hdd2/joyce/hecras-dataset/origin/Linux_RAS_v66/Minxiong_hgn_h1h6/outputs_seed/planH2/Minxiong.p01.hdf,H2,train,inflow,event_upstreamBC1,239,239,0.9999999999999956,9.044302103362781e-08,6.855958807697247e-05,0.00012294525004108436,128,128,0,3802.46630859375,3802.466187625,0.9999999681867662,1.0,/mnt/8tb_hdd2/joyce/train/M80_US_InF_H2.txt
/mnt/8tb_hdd2/joyce/hecras-dataset/origin/Linux_RAS_v66/Minxiong_hgn_h1h6/outputs_seed/planH2/Minxiong.p01.hdf,H2,train,inflow,event_upstreamBC2,239,31,0.06069464528408745,1.3706242043068644,1656.5996258744085,2514.860035238314,222,128,-94,2997.9831932773104,3802.466187625,1.268341395692833,0.0,/mnt/8tb_hdd2/joyce/train/M80_US_InF_H2.txt
/mnt/8tb_hdd2/joyce/hecras-dataset/origin/Linux_RAS_v66/Minxiong_hgn_h1h6/outputs_seed/planH2/Minxiong.p01.hdf,H2,train,inflow,result_upstreamBC1,239,239,0.999999999999988,1.5461231253854376e-07,0.0001173285347103369,0.00036643849989559385,128,128,0,3802.46630859375,3802.466187625,0.9999999681867662,1.0,/mnt/8tb_hdd2/joyce/train/M80_US_InF_H2.txt
/mnt/8tb_hdd2/joyce/hecras-dataset/origin/Linux_RAS_v66/Minxiong_hgn_h1h6/outputs_seed/planH2/Minxiong.p01.hdf,H2,train,inflow,result_upstreamBC2,239,239,0.05456728341886038,1.375087427461352,1664.7630005057372,2522.062955078125,224,128,-96,3000.0,3802.466187625,1.2674887292083334,0.0,/mnt/8tb_hdd2/joyce/train/M80_US_InF_H2.txt
/mnt/8tb_hdd2/joyce/hecras-dataset/origin/Linux_RAS_v66/Minxiong_hgn_h1h6/outputs_seed/planH2/Minxiong.p01.hdf,H2,train,inflow,result_upstreamBC1_flow_per_face_sum,239,239,0.9999999999999902,1.4137707612051836e-07,0.00010749661561814496,0.00030540334364559385,128,128,0,3802.4662475585938,3802.466187625,0.9999999842382313,1.0,/mnt/8tb_hdd2/joyce/train/M80_US_InF_H2.txt
/mnt/8tb_hdd2/joyce/hecras-dataset/origin/Linux_RAS_v66/Minxiong_hgn_h1h6/outputs_seed/planH2/Minxiong.p01.hdf,H2,train,inflow,result_upstreamBC2_flow_per_face_sum,239,239,0.05456728341886038,1.375087427461352,1664.7630005057372,2522.062955078125,224,128,-96,3000.0,3802.466187625,1.2674887292083334,0.0,/mnt/8tb_hdd2/joyce/train/M80_US_InF_H2.txt
/mnt/8tb_hdd2/joyce/hecras-dataset/origin/Linux_RAS_v66/Minxiong_hgn_h1h6/outputs_seed/planH2/Minxiong.p01.hdf,H2,train,precipitation,Event Conditions/Unsteady/Boundary Conditions/Precipitation Hydrographs/2D: per2,239,239,1.0,1.2077131389853748e-11,2.671733174176099e-10,5.253895096757333e-10,87,87,0,71.74077606201172,71.740776062,0.9999999999998366,1.0,/mnt/8tb_hdd2/joyce/train/M80_Pr_H2.txt
/mnt/8tb_hdd2/joyce/hecras-dataset/origin/Linux_RAS_v66/Minxiong_hgn_h1h6/outputs_seed/planH2/Minxiong.p01.hdf,H3,train,inflow,event_upstreamBC1,239,239,0.9857338516866229,0.1689150574305122,150.14297571405504,464.4407556914998,128,96,-32,3802.46630859375,3924.927,1.0322055953867317,0.0,/mnt/8tb_hdd2/joyce/train/M80_US_InF_H3.txt
/mnt/8tb_hdd2/joyce/hecras-dataset/origin/Linux_RAS_v66/Minxiong_hgn_h1h6/outputs_seed/planH2/Minxiong.p01.hdf,H3,train,inflow,event_upstreamBC2,239,31,-0.05440103893977544,1.4521715042926406,1752.274629179314,2789.1530352383143,222,96,-126,2997.9831932773104,3924.927,1.309189127144299,0.0,/mnt/8tb_hdd2/joyce/train/M80_US_InF_H3.txt
/mnt/8tb_hdd2/joyce/hecras-dataset/origin/Linux_RAS_v66/Minxiong_hgn_h1h6/outputs_seed/planH2/Minxiong.p01.hdf,H3,train,inflow,result_upstreamBC1,239,239,0.985733853202791,0.16891504845459088,150.14297426802074,464.4407556914998,128,96,-32,3802.46630859375,3924.927,1.0322055953867317,0.0,/mnt/8tb_hdd2/joyce/train/M80_US_InF_H3.txt
/mnt/8tb_hdd2/joyce/hecras-dataset/origin/Linux_RAS_v66/Minxiong_hgn_h1h6/outputs_seed/planH2/Minxiong.p01.hdf,H3,train,inflow,result_upstreamBC2,239,239,-0.06028470295894768,1.4562174995233015,1760.0139821068897,2796.355955078125,224,96,-128,3000.0,3924.927,1.308309,0.0,/mnt/8tb_hdd2/joyce/train/M80_US_InF_H3.txt
/mnt/8tb_hdd2/joyce/hecras-dataset/origin/Linux_RAS_v66/Minxiong_hgn_h1h6/outputs_seed/planH2/Minxiong.p01.hdf,H3,train,inflow,result_upstreamBC1_flow_per_face_sum,239,239,0.9857338529710882,0.16891504982630726,150.1429757228205,464.4407556914998,128,96,-32,3802.4662475585938,3924.927,1.0322056119551444,0.0,/mnt/8tb_hdd2/joyce/train/M80_US_InF_H3.txt
/mnt/8tb_hdd2/joyce/hecras-dataset/origin/Linux_RAS_v66/Minxiong_hgn_h1h6/outputs_seed/planH2/Minxiong.p01.hdf,H3,train,inflow,result_upstreamBC2_flow_per_face_sum,239,239,-0.06028470295894768,1.4562174995233015,1760.0139821068897,2796.355955078125,224,96,-128,3000.0,3924.927,1.308309,0.0,/mnt/8tb_hdd2/joyce/train/M80_US_InF_H3.txt
/mnt/8tb_hdd2/joyce/hecras-dataset/origin/Linux_RAS_v66/Minxiong_hgn_h1h6/outputs_seed/planH2/Minxiong.p01.hdf,H3,train,precipitation,Event Conditions/Unsteady/Boundary Conditions/Precipitation Hydrographs/2D: per2,239,239,0.9994447117500299,0.0333253132009492,9.460069985351513,20.87411499001172,87,87,0,71.74077606201172,50.866661072,0.7090341624968145,0.0,/mnt/8tb_hdd2/joyce/train/M80_Pr_H3.txt
/mnt/8tb_hdd2/joyce/hecras-dataset/origin/Linux_RAS_v66/Minxiong_hgn_h1h6/outputs_seed/planH2/Minxiong.p01.hdf,H4,train,inflow,event_upstreamBC1,239,239,0.9080723057442157,0.4287836150222733,410.8553852329232,783.1178335437498,128,112,-16,3802.46630859375,3313.656858284,0.8714493671633545,0.0,/mnt/8tb_hdd2/joyce/train/M80_US_InF_H4.txt
/mnt/8tb_hdd2/joyce/hecras-dataset/origin/Linux_RAS_v66/Minxiong_hgn_h1h6/outputs_seed/planH2/Minxiong.p01.hdf,H4,train,inflow,event_upstreamBC2,239,31,-0.3429125937969653,1.638848738472813,1545.3961585033003,2193.858132432345,222,112,-110,2997.9831932773104,3313.656858284,1.1052953417866243,0.0,/mnt/8tb_hdd2/joyce/train/M80_US_InF_H4.txt
/mnt/8tb_hdd2/joyce/hecras-dataset/origin/Linux_RAS_v66/Minxiong_hgn_h1h6/outputs_seed/planH2/Minxiong.p01.hdf,H4,train,inflow,result_upstreamBC1,239,239,0.9080723098891232,0.4287836053556062,410.8553720733021,783.1178335437498,128,112,-16,3802.46630859375,3313.656858284,0.8714493671633545,0.0,/mnt/8tb_hdd2/joyce/train/M80_US_InF_H4.txt
/mnt/8tb_hdd2/joyce/hecras-dataset/origin/Linux_RAS_v66/Minxiong_hgn_h1h6/outputs_seed/planH2/Minxiong.p01.hdf,H4,train,inflow,result_upstreamBC2,239,239,-0.3485565945485672,1.6422890090045463,1550.971448089331,2199.8605656321874,224,112,-112,3000.0,3313.656858284,1.1045522860946666,0.0,/mnt/8tb_hdd2/joyce/train/M80_US_InF_H4.txt
/mnt/8tb_hdd2/joyce/hecras-dataset/origin/Linux_RAS_v66/Minxiong_hgn_h1h6/outputs_seed/planH2/Minxiong.p01.hdf,H4,train,inflow,result_upstreamBC1_flow_per_face_sum,239,239,0.9080723093601281,0.42878360658931847,410.8553707344683,783.1177725085936,128,112,-16,3802.4662475585938,3313.656858284,0.871449381151394,0.0,/mnt/8tb_hdd2/joyce/train/M80_US_InF_H4.txt
/mnt/8tb_hdd2/joyce/hecras-dataset/origin/Linux_RAS_v66/Minxiong_hgn_h1h6/outputs_seed/planH2/Minxiong.p01.hdf,H4,train,inflow,result_upstreamBC2_flow_per_face_sum,239,239,-0.3485565945485672,1.6422890090045463,1550.971448089331,2199.8605656321874,224,112,-112,3000.0,3313.656858284,1.1045522860946666,0.0,/mnt/8tb_hdd2/joyce/train/M80_US_InF_H4.txt
/mnt/8tb_hdd2/joyce/hecras-dataset/origin/Linux_RAS_v66/Minxiong_hgn_h1h6/outputs_seed/planH2/Minxiong.p01.hdf,H4,train,precipitation,Event Conditions/Unsteady/Boundary Conditions/Precipitation Hydrographs/2D: per2,239,239,0.9996683953977865,0.02575284847217114,3.867205661742532,9.086460114011722,87,88,1,71.74077606201172,63.224048615,0.8812847042573114,0.0,/mnt/8tb_hdd2/joyce/train/M80_Pr_H4.txt
/mnt/8tb_hdd2/joyce/hecras-dataset/origin/Linux_RAS_v66/Minxiong_hgn_h1h6/outputs_seed/planH2/Minxiong.p01.hdf,H5,train,inflow,event_upstreamBC1,239,239,0.9273934982676119,0.3810682399056293,474.23723553348094,821.6485547851248,128,120,-8,3802.46630859375,3273.61,0.8609175556931273,0.0,/mnt/8tb_hdd2/joyce/train/M80_US_InF_H5.txt
/mnt/8tb_hdd2/joyce/hecras-dataset/origin/Linux_RAS_v66/Minxiong_hgn_h1h6/outputs_seed/planH2/Minxiong.p01.hdf,H5,train,inflow,event_upstreamBC2,239,31,-0.2970331542499765,1.6106105390503171,1455.9438448549533,2010.2768732356226,222,120,-102,2997.9831932773104,3273.61,1.0919374089023435,0.0,/mnt/8tb_hdd2/joyce/train/M80_US_InF_H5.txt
/mnt/8tb_hdd2/joyce/hecras-dataset/origin/Linux_RAS_v66/Minxiong_hgn_h1h6/outputs_seed/planH2/Minxiong.p01.hdf,H5,train,inflow,result_upstreamBC1,239,239,0.9273935008538283,0.3810682331188759,474.23722530528045,821.6483106444998,128,120,-8,3802.46630859375,3273.61,0.8609175556931273,0.0,/mnt/8tb_hdd2/joyce/train/M80_US_InF_H5.txt
/mnt/8tb_hdd2/joyce/hecras-dataset/origin/Linux_RAS_v66/Minxiong_hgn_h1h6/outputs_seed/planH2/Minxiong.p01.hdf,H5,train,inflow,result_upstreamBC2,239,239,-0.30264786672109556,1.614092851555384,1461.0099418079972,2015.6789892578126,224,120,-104,3000.0,3273.61,1.0912033333333333,0.0,/mnt/8tb_hdd2/joyce/train/M80_US_InF_H5.txt
/mnt/8tb_hdd2/joyce/hecras-dataset/origin/Linux_RAS_v66/Minxiong_hgn_h1h6/outputs_seed/planH2/Minxiong.p01.hdf,H5,train,inflow,result_upstreamBC1_flow_per_face_sum,239,239,0.9273934999788357,0.3810682354150353,474.23722329695846,821.6484327148123,128,120,-8,3802.4662475585938,3273.61,0.8609175695121158,0.0,/mnt/8tb_hdd2/joyce/train/M80_US_InF_H5.txt
/mnt/8tb_hdd2/joyce/hecras-dataset/origin/Linux_RAS_v66/Minxiong_hgn_h1h6/outputs_seed/planH2/Minxiong.p01.hdf,H5,train,inflow,result_upstreamBC2_flow_per_face_sum,239,239,-0.30264786672109556,1.614092851555384,1461.0099418079972,2015.6789892578126,224,120,-104,3000.0,3273.61,1.0912033333333333,0.0,/mnt/8tb_hdd2/joyce/train/M80_US_InF_H5.txt
/mnt/8tb_hdd2/joyce/hecras-dataset/origin/Linux_RAS_v66/Minxiong_hgn_h1h6/outputs_seed/planH2/Minxiong.p01.hdf,H5,train,precipitation,Event Conditions/Unsteady/Boundary Conditions/Precipitation Hydrographs/2D: per2,239,239,0.9996144227320628,0.027769669351150144,8.38182748271126,18.50410079991797,87,87,0,71.74077606201172,53.548282623,0.7464134842465827,0.0,/mnt/8tb_hdd2/joyce/train/M80_Pr_H5.txt
/mnt/8tb_hdd2/joyce/hecras-dataset/origin/Linux_RAS_v66/Minxiong_hgn_h1h6/outputs_seed/planH2/Minxiong.p01.hdf,H6,train,inflow,event_upstreamBC1,239,239,0.987399790341919,0.1587463993801525,317.5492695695182,566.4416820347501,128,128,0,3802.46630859375,3347.03503992,0.8802274019773814,0.0,/mnt/8tb_hdd2/joyce/train/M80_US_InF_H6.txt
/mnt/8tb_hdd2/joyce/hecras-dataset/origin/Linux_RAS_v66/Minxiong_hgn_h1h6/outputs_seed/planH2/Minxiong.p01.hdf,H6,train,inflow,event_upstreamBC2,239,31,0.17156709166326917,1.2871929989995528,1376.8444598455887,1983.060035238314,222,128,-94,2997.9831932773104,3347.03503992,1.1164288870682815,0.0,/mnt/8tb_hdd2/joyce/train/M80_US_InF_H6.txt
/mnt/8tb_hdd2/joyce/hecras-dataset/origin/Linux_RAS_v66/Minxiong_hgn_h1h6/outputs_seed/planH2/Minxiong.p01.hdf,H6,train,inflow,result_upstreamBC1,239,239,0.987399790272308,0.15874639981865474,317.54925964877305,566.4416820347501,128,128,0,3802.46630859375,3347.03503992,0.8802274019773814,0.0,/mnt/8tb_hdd2/joyce/train/M80_US_InF_H6.txt
/mnt/8tb_hdd2/joyce/hecras-dataset/origin/Linux_RAS_v66/Minxiong_hgn_h1h6/outputs_seed/planH2/Minxiong.p01.hdf,H6,train,inflow,result_upstreamBC2,239,239,0.16589431802471474,1.29159256886627,1384.1514429724812,1990.2629550781248,224,128,-96,3000.0,3347.03503992,1.11567834664,0.0,/mnt/8tb_hdd2/joyce/train/M80_US_InF_H6.txt
/mnt/8tb_hdd2/joyce/hecras-dataset/origin/Linux_RAS_v66/Minxiong_hgn_h1h6/outputs_seed/planH2/Minxiong.p01.hdf,H6,train,inflow,result_upstreamBC1_flow_per_face_sum,239,239,0.9873997899277903,0.15874640198889628,317.54925768164566,566.4418041050626,128,128,0,3802.4662475585938,3347.03503992,0.8802274161063213,0.0,/mnt/8tb_hdd2/joyce/train/M80_US_InF_H6.txt
/mnt/8tb_hdd2/joyce/hecras-dataset/origin/Linux_RAS_v66/Minxiong_hgn_h1h6/outputs_seed/planH2/Minxiong.p01.hdf,H6,train,inflow,result_upstreamBC2_flow_per_face_sum,239,239,0.16589431802471474,1.29159256886627,1384.1514429724812,1990.2629550781248,224,128,-96,3000.0,3347.03503992,1.11567834664,0.0,/mnt/8tb_hdd2/joyce/train/M80_US_InF_H6.txt
/mnt/8tb_hdd2/joyce/hecras-dataset/origin/Linux_RAS_v66/Minxiong_hgn_h1h6/outputs_seed/planH2/Minxiong.p01.hdf,H6,train,precipitation,Event Conditions/Unsteady/Boundary Conditions/Precipitation Hydrographs/2D: per2,239,239,0.9995882279024245,0.028697459733420142,6.381447339152343,14.258625031011718,87,87,0,71.74077606201172,57.482151031,0.8012479678406773,0.0,/mnt/8tb_hdd2/joyce/train/M80_Pr_H6.txt
/mnt/8tb_hdd2/joyce/hecras-dataset/origin/Linux_RAS_v66/Minxiong_hgn_h1h6/outputs_seed/planH2/Minxiong.p01.hdf,H7,train,inflow,event_upstreamBC1,239,239,0.9854338318038247,0.17068197442128988,184.29603404428659,343.0781073397502,128,112,-16,3802.46630859375,3812.946467066,1.0027561476214961,0.0,/mnt/8tb_hdd2/joyce/train/M80_US_InF_H7.txt
/mnt/8tb_hdd2/joyce/hecras-dataset/origin/Linux_RAS_v66/Minxiong_hgn_h1h6/outputs_seed/planH2/Minxiong.p01.hdf,H7,train,inflow,event_upstreamBC2,239,31,0.141055556596071,1.3106826033818628,1719.3877718762553,2508.949645755909,222,112,-110,2997.9831932773104,3812.946467066,1.2718371722750703,0.0,/mnt/8tb_hdd2/joyce/train/M80_US_InF_H7.txt
/mnt/8tb_hdd2/joyce/hecras-dataset/origin/Linux_RAS_v66/Minxiong_hgn_h1h6/outputs_seed/planH2/Minxiong.p01.hdf,H7,train,inflow,result_upstreamBC1,239,239,0.9854338325624613,0.17068196997655186,184.2960314782618,343.0781073397502,128,112,-16,3802.46630859375,3812.946467066,1.0027561476214961,0.0,/mnt/8tb_hdd2/joyce/train/M80_US_InF_H7.txt
/mnt/8tb_hdd2/joyce/hecras-dataset/origin/Linux_RAS_v66/Minxiong_hgn_h1h6/outputs_seed/planH2/Minxiong.p01.hdf,H7,train,inflow,result_upstreamBC2,239,239,0.13524589417308336,1.3151076806306898,1728.0729974145913,2515.5522432890625,224,112,-112,3000.0,3812.946467066,1.2709821556886667,0.0,/mnt/8tb_hdd2/joyce/train/M80_US_InF_H7.txt
/mnt/8tb_hdd2/joyce/hecras-dataset/origin/Linux_RAS_v66/Minxiong_hgn_h1h6/outputs_seed/planH2/Minxiong.p01.hdf,H7,train,inflow,result_upstreamBC1_flow_per_face_sum,239,239,0.9854338322234131,0.17068197196298684,184.29603570933475,343.07804630459395,128,112,-16,3802.4662475585938,3812.946467066,1.002756163717202,0.0,/mnt/8tb_hdd2/joyce/train/M80_US_InF_H7.txt
/mnt/8tb_hdd2/joyce/hecras-dataset/origin/Linux_RAS_v66/Minxiong_hgn_h1h6/outputs_seed/planH2/Minxiong.p01.hdf,H7,train,inflow,result_upstreamBC2_flow_per_face_sum,239,239,0.13524589417308336,1.3151076806306898,1728.0729974145913,2515.5522432890625,224,112,-112,3000.0,3812.946467066,1.2709821556886667,0.0,/mnt/8tb_hdd2/joyce/train/M80_US_InF_H7.txt
/mnt/8tb_hdd2/joyce/hecras-dataset/origin/Linux_RAS_v66/Minxiong_hgn_h1h6/outputs_seed/planH2/Minxiong.p01.hdf,H7,train,precipitation,Event Conditions/Unsteady/Boundary Conditions/Precipitation Hydrographs/2D: per2,239,239,0.9997033420457857,0.024358076862196095,5.547052841160597,12.332386016917965,87,87,0,71.74077606201172,59.882778168,0.8347104876066321,0.0,/mnt/8tb_hdd2/joyce/train/M80_Pr_H7.txt
/mnt/8tb_hdd2/joyce/hecras-dataset/origin/Linux_RAS_v66/Minxiong_hgn_h1h6/outputs_seed/planH2/Minxiong.p01.hdf,H8,train,inflow,event_upstreamBC1,239,239,0.9947654706391181,0.10231841829193922,163.74133569823866,326.646672031,128,112,-16,3802.46630859375,3664.160580838,0.963627362734767,0.0,/mnt/8tb_hdd2/joyce/train/M80_US_InF_H8.txt
/mnt/8tb_hdd2/joyce/hecras-dataset/origin/Linux_RAS_v66/Minxiong_hgn_h1h6/outputs_seed/planH2/Minxiong.p01.hdf,H8,train,inflow,event_upstreamBC2,239,31,0.09293890371387944,1.3468935342380415,1525.2689320466484,2330.0429337791766,222,112,-110,2997.9831932773104,3664.160580838,1.2222085130612235,0.0,/mnt/8tb_hdd2/joyce/train/M80_US_InF_H8.txt
/mnt/8tb_hdd2/joyce/hecras-dataset/origin/Linux_RAS_v66/Minxiong_hgn_h1h6/outputs_seed/planH2/Minxiong.p01.hdf,H8,train,inflow,result_upstreamBC1,239,239,0.9947654706813784,0.10231841787890743,163.74133012092187,326.646672031,128,112,-16,3802.46630859375,3664.160580838,0.963627362734767,0.0,/mnt/8tb_hdd2/joyce/train/M80_US_InF_H8.txt
/mnt/8tb_hdd2/joyce/hecras-dataset/origin/Linux_RAS_v66/Minxiong_hgn_h1h6/outputs_seed/planH2/Minxiong.p01.hdf,H8,train,inflow,result_upstreamBC2,239,239,0.08701354753216779,1.3512856489046514,1532.985959082716,2344.160580838,224,112,-112,3000.0,3664.160580838,1.2213868602793334,0.0,/mnt/8tb_hdd2/joyce/train/M80_US_InF_H8.txt
/mnt/8tb_hdd2/joyce/hecras-dataset/origin/Linux_RAS_v66/Minxiong_hgn_h1h6/outputs_seed/planH2/Minxiong.p01.hdf,H8,train,inflow,result_upstreamBC1_flow_per_face_sum,239,239,0.9947654705778062,0.10231841889116154,163.74132703733818,326.646672031,128,112,-16,3802.4662475585938,3664.160580838,0.9636273782023985,0.0,/mnt/8tb_hdd2/joyce/train/M80_US_InF_H8.txt
/mnt/8tb_hdd2/joyce/hecras-dataset/origin/Linux_RAS_v66/Minxiong_hgn_h1h6/outputs_seed/planH2/Minxiong.p01.hdf,H8,train,inflow,result_upstreamBC2_flow_per_face_sum,239,239,0.08701354753216779,1.3512856489046514,1532.985959082716,2344.160580838,224,112,-112,3000.0,3664.160580838,1.2213868602793334,0.0,/mnt/8tb_hdd2/joyce/train/M80_US_InF_H8.txt
/mnt/8tb_hdd2/joyce/hecras-dataset/origin/Linux_RAS_v66/Minxiong_hgn_h1h6/outputs_seed/planH2/Minxiong.p01.hdf,H8,train,precipitation,Event Conditions/Unsteady/Boundary Conditions/Precipitation Hydrographs/2D: per2,239,239,0.9997146460242637,0.023889494583765266,3.885303005218134,8.915737152398435,87,87,0,71.74077606201172,63.256023407,0.8817304032552197,0.0,/mnt/8tb_hdd2/joyce/train/M80_Pr_H8.txt
/mnt/8tb_hdd2/joyce/hecras-dataset/origin/Linux_RAS_v66/Minxiong_hgn_h1h6/outputs_seed/planH2/Minxiong.p01.hdf,H9,train,inflow,event_upstreamBC1,239,239,0.966243871761536,0.2598312076655332,316.4405192405632,908.653037109375,128,104,-24,3802.46630859375,3766.986391217,0.9906692355704602,0.0,/mnt/8tb_hdd2/joyce/train/M80_US_InF_H9.txt
/mnt/8tb_hdd2/joyce/hecras-dataset/origin/Linux_RAS_v66/Minxiong_hgn_h1h6/outputs_seed/planH2/Minxiong.p01.hdf,H9,train,inflow,event_upstreamBC2,239,31,-0.17335190446880708,1.5318954954361652,1779.5331507554827,2553.877147519521,222,104,-118,2997.9831932773104,3766.986391217,1.2565068408869353,0.0,/mnt/8tb_hdd2/joyce/train/M80_US_InF_H9.txt
/mnt/8tb_hdd2/joyce/hecras-dataset/origin/Linux_RAS_v66/Minxiong_hgn_h1h6/outputs_seed/planH2/Minxiong.p01.hdf,H9,train,inflow,result_upstreamBC1,239,239,0.966243873458892,0.25983120113299835,316.440509436413,908.653037109375,128,104,-24,3802.46630859375,3766.986391217,0.9906692355704602,0.0,/mnt/8tb_hdd2/joyce/train/M80_US_InF_H9.txt
/mnt/8tb_hdd2/joyce/hecras-dataset/origin/Linux_RAS_v66/Minxiong_hgn_h1h6/outputs_seed/planH2/Minxiong.p01.hdf,H9,train,inflow,result_upstreamBC2,239,239,-0.1792305075361108,1.5357281709574198,1787.129409227326,2566.986391217,224,104,-120,3000.0,3766.986391217,1.2556621304056665,0.0,/mnt/8tb_hdd2/joyce/train/M80_US_InF_H9.txt
/mnt/8tb_hdd2/joyce/hecras-dataset/origin/Linux_RAS_v66/Minxiong_hgn_h1h6/outputs_seed/planH2/Minxiong.p01.hdf,H9,train,inflow,result_upstreamBC1_flow_per_face_sum,239,239,0.9662438728424394,0.2598312035055076,316.44051320152334,908.6530065917968,128,104,-24,3802.4662475585938,3766.986391217,0.9906692514721533,0.0,/mnt/8tb_hdd2/joyce/train/M80_US_InF_H9.txt
/mnt/8tb_hdd2/joyce/hecras-dataset/origin/Linux_RAS_v66/Minxiong_hgn_h1h6/outputs_seed/planH2/Minxiong.p01.hdf,H9,train,inflow,result_upstreamBC2_flow_per_face_sum,239,239,-0.1792305075361108,1.5357281709574198,1787.129409227326,2566.986391217,224,104,-120,3000.0,3766.986391217,1.2556621304056665,0.0,/mnt/8tb_hdd2/joyce/train/M80_US_InF_H9.txt
/mnt/8tb_hdd2/joyce/hecras-dataset/origin/Linux_RAS_v66/Minxiong_hgn_h1h6/outputs_seed/planH2/Minxiong.p01.hdf,H9,train,precipitation,Event Conditions/Unsteady/Boundary Conditions/Precipitation Hydrographs/2D: per2,239,239,0.9996678104964354,0.025775550568817595,4.177411243523832,9.574222565011716,87,87,0,71.74077606201172,62.166553497,0.866544201351601,0.0,/mnt/8tb_hdd2/joyce/train/M80_Pr_H9.txt
/mnt/8tb_hdd2/joyce/hecras-dataset/origin/Linux_RAS_v66/Minxiong_hgn_h1h6/outputs_seed/planH2/Minxiong.p01.hdf,H10,train,inflow,event_upstreamBC1,239,239,0.9923811287863781,0.12344125091412679,461.17267167692165,859.9514662777501,128,144,16,3802.46630859375,3176.331,0.835334423035214,0.0,/mnt/8tb_hdd2/joyce/train/M80_US_InF_H10.txt
/mnt/8tb_hdd2/joyce/hecras-dataset/origin/Linux_RAS_v66/Minxiong_hgn_h1h6/outputs_seed/planH2/Minxiong.p01.hdf,H10,train,inflow,event_upstreamBC2,239,31,0.052834200564095476,1.3763471941598926,1299.363393318363,1813.8927232513452,222,144,-78,2997.9831932773104,3176.331,1.0594892616885303,0.0,/mnt/8tb_hdd2/joyce/train/M80_US_InF_H10.txt
/mnt/8tb_hdd2/joyce/hecras-dataset/origin/Linux_RAS_v66/Minxiong_hgn_h1h6/outputs_seed/planH2/Minxiong.p01.hdf,H10,train,inflow,result_upstreamBC1,239,239,0.9923811296344047,0.12344124404423613,461.17266403204843,859.9514662777501,128,144,16,3802.46630859375,3176.331,0.835334423035214,0.0,/mnt/8tb_hdd2/joyce/train/M80_US_InF_H10.txt
/mnt/8tb_hdd2/joyce/hecras-dataset/origin/Linux_RAS_v66/Minxiong_hgn_h1h6/outputs_seed/planH2/Minxiong.p01.hdf,H10,train,inflow,result_upstreamBC2,239,239,0.04702766895254076,1.3805595467399872,1305.3903761183199,1819.8951564511876,224,144,-80,3000.0,3176.331,1.058777,0.0,/mnt/8tb_hdd2/joyce/train/M80_US_InF_H10.txt
/mnt/8tb_hdd2/joyce/hecras-dataset/origin/Linux_RAS_v66/Minxiong_hgn_h1h6/outputs_seed/planH2/Minxiong.p01.hdf,H10,train,inflow,result_upstreamBC1_flow_per_face_sum,239,239,0.9923811292027737,0.12344124754088764,461.1726608348664,859.9514052425939,128,144,16,3802.4662475585938,3176.331,0.8353344364435558,0.0,/mnt/8tb_hdd2/joyce/train/M80_US_InF_H10.txt
/mnt/8tb_hdd2/joyce/hecras-dataset/origin/Linux_RAS_v66/Minxiong_hgn_h1h6/outputs_seed/planH2/Minxiong.p01.hdf,H10,train,inflow,result_upstreamBC2_flow_per_face_sum,239,239,0.04702766895254076,1.3805595467399872,1305.3903761183199,1819.8951564511876,224,144,-80,3000.0,3176.331,1.058777,0.0,/mnt/8tb_hdd2/joyce/train/M80_US_InF_H10.txt
/mnt/8tb_hdd2/joyce/hecras-dataset/origin/Linux_RAS_v66/Minxiong_hgn_h1h6/outputs_seed/planH2/Minxiong.p01.hdf,H10,train,precipitation,Event Conditions/Unsteady/Boundary Conditions/Precipitation Hydrographs/2D: per2,239,239,0.9996131965739375,0.02781378888474565,4.726786268232004,10.447231292312502,87,87,0,71.74077606201172,61.519306183,0.8575221730222652,0.0,/mnt/8tb_hdd2/joyce/train/M80_Pr_H10.txt
/mnt/8tb_hdd2/joyce/hecras-dataset/origin/Linux_RAS_v66/Minxiong_hgn_h1h6/outputs_seed/planH2/Minxiong.p01.hdf,H11,test,inflow,event_upstreamBC1,239,239,0.9792832382421308,0.2035522623694902,192.02970380466027,418.1089970703124,128,128,0,3802.46630859375,3754.147968064,0.9872928945036151,0.0,/mnt/8tb_hdd2/joyce/test/M80_US_InF_H11.txt
/mnt/8tb_hdd2/joyce/hecras-dataset/origin/Linux_RAS_v66/Minxiong_hgn_h1h6/outputs_seed/planH2/Minxiong.p01.hdf,H11,test,inflow,event_upstreamBC2,239,31,-0.07126433602144461,1.463737910980955,1743.159251242987,2544.666407881345,222,128,-94,2997.9831932773104,3754.147968064,1.2522244876096424,0.0,/mnt/8tb_hdd2/joyce/test/M80_US_InF_H11.txt
/mnt/8tb_hdd2/joyce/hecras-dataset/origin/Linux_RAS_v66/Minxiong_hgn_h1h6/outputs_seed/planH2/Minxiong.p01.hdf,H11,test,inflow,result_upstreamBC1,239,239,0.9792832402944209,0.2035522522871174,192.02969348421084,418.1091191406249,128,128,0,3802.46630859375,3754.147968064,0.9872928945036151,0.0,/mnt/8tb_hdd2/joyce/test/M80_US_InF_H11.txt
/mnt/8tb_hdd2/joyce/hecras-dataset/origin/Linux_RAS_v66/Minxiong_hgn_h1h6/outputs_seed/planH2/Minxiong.p01.hdf,H11,test,inflow,result_upstreamBC2,239,239,-0.0771626930978824,1.4677620332314651,1750.9486148047486,2550.6688410811876,224,128,-96,3000.0,3754.147968064,1.2513826560213333,0.0,/mnt/8tb_hdd2/joyce/test/M80_US_InF_H11.txt
/mnt/8tb_hdd2/joyce/hecras-dataset/origin/Linux_RAS_v66/Minxiong_hgn_h1h6/outputs_seed/planH2/Minxiong.p01.hdf,H11,test,inflow,result_upstreamBC1_flow_per_face_sum,239,239,0.9792832401416565,0.20355225303760582,192.02969648115425,418.10905810546865,128,128,0,3802.4662475585938,3754.147968064,0.9872929103511131,0.0,/mnt/8tb_hdd2/joyce/test/M80_US_InF_H11.txt
/mnt/8tb_hdd2/joyce/hecras-dataset/origin/Linux_RAS_v66/Minxiong_hgn_h1h6/outputs_seed/planH2/Minxiong.p01.hdf,H11,test,inflow,result_upstreamBC2_flow_per_face_sum,239,239,-0.0771626930978824,1.4677620332314651,1750.9486148047486,2550.6688410811876,224,128,-96,3000.0,3754.147968064,1.2513826560213333,0.0,/mnt/8tb_hdd2/joyce/test/M80_US_InF_H11.txt
/mnt/8tb_hdd2/joyce/hecras-dataset/origin/Linux_RAS_v66/Minxiong_hgn_h1h6/outputs_seed/planH2/Minxiong.p01.hdf,H11,test,precipitation,Event Conditions/Unsteady/Boundary Conditions/Precipitation Hydrographs/2D: per2,239,239,0.999665896789401,0.025849688996079416,6.027909654433305,13.518165588312499,87,88,1,71.74077606201172,58.689632416,0.8180791404496309,0.0,/mnt/8tb_hdd2/joyce/test/M80_Pr_H11.txt
/mnt/8tb_hdd2/joyce/hecras-dataset/origin/Linux_RAS_v66/Minxiong_hgn_h1h6/outputs_seed/planH2/Minxiong.p01.hdf,H12,test,inflow,event_upstreamBC1,239,239,0.9868801935327056,0.16198645910874201,159.77352525008118,434.2552592336251,128,104,-24,3802.46630859375,3770.593860279,0.9916179537889089,0.0,/mnt/8tb_hdd2/joyce/test/M80_US_InF_H12.txt
/mnt/8tb_hdd2/joyce/hecras-dataset/origin/Linux_RAS_v66/Minxiong_hgn_h1h6/outputs_seed/planH2/Minxiong.p01.hdf,H12,test,inflow,event_upstreamBC2,239,31,0.14264311918438172,1.309470794493423,1659.270576468561,2557.4846165815215,222,104,-118,2997.9831932773104,3770.593860279,1.2577101395145227,0.0,/mnt/8tb_hdd2/joyce/test/M80_US_InF_H12.txt
/mnt/8tb_hdd2/joyce/hecras-dataset/origin/Linux_RAS_v66/Minxiong_hgn_h1h6/outputs_seed/planH2/Minxiong.p01.hdf,H12,test,inflow,result_upstreamBC1,239,239,0.9868801922752599,0.16198646687140233,159.77352403853652,434.2552592336251,128,104,-24,3802.46630859375,3770.593860279,0.9916179537889089,0.0,/mnt/8tb_hdd2/joyce/test/M80_US_InF_H12.txt
/mnt/8tb_hdd2/joyce/hecras-dataset/origin/Linux_RAS_v66/Minxiong_hgn_h1h6/outputs_seed/planH2/Minxiong.p01.hdf,H12,test,inflow,result_upstreamBC2,239,239,0.1372464941374143,1.3135855555407003,1667.6075650509197,2570.593860279,224,104,-120,3000.0,3770.593860279,1.256864620093,0.0,/mnt/8tb_hdd2/joyce/test/M80_US_InF_H12.txt
/mnt/8tb_hdd2/joyce/hecras-dataset/origin/Linux_RAS_v66/Minxiong_hgn_h1h6/outputs_seed/planH2/Minxiong.p01.hdf,H12,test,inflow,result_upstreamBC1_flow_per_face_sum,239,239,0.9868801931420293,0.1619864615205196,159.77352385871936,434.25528975120324,128,104,-24,3802.4662475585938,3770.593860279,0.9916179697058304,0.0,/mnt/8tb_hdd2/joyce/test/M80_US_InF_H12.txt
/mnt/8tb_hdd2/joyce/hecras-dataset/origin/Linux_RAS_v66/Minxiong_hgn_h1h6/outputs_seed/planH2/Minxiong.p01.hdf,H12,test,inflow,result_upstreamBC2_flow_per_face_sum,239,239,0.1372464941374143,1.3135855555407003,1667.6075650509197,2570.593860279,224,104,-120,3000.0,3770.593860279,1.256864620093,0.0,/mnt/8tb_hdd2/joyce/test/M80_US_InF_H12.txt
/mnt/8tb_hdd2/joyce/hecras-dataset/origin/Linux_RAS_v66/Minxiong_hgn_h1h6/outputs_seed/planH2/Minxiong.p01.hdf,H12,test,precipitation,Event Conditions/Unsteady/Boundary Conditions/Precipitation Hydrographs/2D: per2,239,239,0.9996405322189756,0.026812973763699587,2.882207982526043,6.501735687363279,87,87,0,71.74077606201172,65.425270081,0.9119676935812251,0.0,/mnt/8tb_hdd2/joyce/test/M80_Pr_H12.txt
/mnt/8tb_hdd2/joyce/hecras-dataset/origin/Linux_RAS_v66/Minxiong_hgn_h1h6/outputs_seed/planH2/Minxiong.p01.hdf,H13,test,inflow,event_upstreamBC1,239,239,0.9776465447612113,0.211440087205756,361.5885233645913,692.5504662787498,128,112,-16,3802.46630859375,3179.972728543,0.8362921510589362,0.0,/mnt/8tb_hdd2/joyce/test/M80_US_InF_H13.txt
/mnt/8tb_hdd2/joyce/hecras-dataset/origin/Linux_RAS_v66/Minxiong_hgn_h1h6/outputs_seed/planH2/Minxiong.p01.hdf,H13,test,inflow,event_upstreamBC2,239,31,0.1989160873956243,1.265767682163181,1393.7128692375495,1980.6040352383143,222,112,-110,2997.9831932773104,3179.972728543,1.0607039878254767,0.0,/mnt/8tb_hdd2/joyce/test/M80_US_InF_H13.txt
/mnt/8tb_hdd2/joyce/hecras-dataset/origin/Linux_RAS_v66/Minxiong_hgn_h1h6/outputs_seed/planH2/Minxiong.p01.hdf,H13,test,inflow,result_upstreamBC1,239,239,0.9776465436803703,0.21144009231756153,361.5885124526054,692.5504662787498,128,112,-16,3802.46630859375,3179.972728543,0.8362921510589362,0.0,/mnt/8tb_hdd2/joyce/test/M80_US_InF_H13.txt
/mnt/8tb_hdd2/joyce/hecras-dataset/origin/Linux_RAS_v66/Minxiong_hgn_h1h6/outputs_seed/planH2/Minxiong.p01.hdf,H13,test,inflow,result_upstreamBC2,239,239,0.19337700931354335,1.2701362058349934,1401.0553755802557,1987.8069550781252,224,112,-112,3000.0,3179.972728543,1.0599909095143334,0.0,/mnt/8tb_hdd2/joyce/test/M80_US_InF_H13.txt
/mnt/8tb_hdd2/joyce/hecras-dataset/origin/Linux_RAS_v66/Minxiong_hgn_h1h6/outputs_seed/planH2/Minxiong.p01.hdf,H13,test,inflow,result_upstreamBC1_flow_per_face_sum,239,239,0.9776465438675906,0.21144009143210904,361.58851120475674,692.5504052435936,128,112,-16,3802.4662475585938,3179.972728543,0.8362921644826509,0.0,/mnt/8tb_hdd2/joyce/test/M80_US_InF_H13.txt
/mnt/8tb_hdd2/joyce/hecras-dataset/origin/Linux_RAS_v66/Minxiong_hgn_h1h6/outputs_seed/planH2/Minxiong.p01.hdf,H13,test,inflow,result_upstreamBC2_flow_per_face_sum,239,239,0.19337700931354335,1.2701362058349934,1401.0553755802557,1987.8069550781252,224,112,-112,3000.0,3179.972728543,1.0599909095143334,0.0,/mnt/8tb_hdd2/joyce/test/M80_US_InF_H13.txt
/mnt/8tb_hdd2/joyce/hecras-dataset/origin/Linux_RAS_v66/Minxiong_hgn_h1h6/outputs_seed/planH2/Minxiong.p01.hdf,H13,test,precipitation,Event Conditions/Unsteady/Boundary Conditions/Precipitation Hydrographs/2D: per2,239,239,0.9997499574716506,0.02236258161963599,2.213522035757014,5.066547393398437,87,87,0,71.74077606201172,66.705032349,0.9298063947808581,0.0,/mnt/8tb_hdd2/joyce/test/M80_Pr_H13.txt
/mnt/8tb_hdd2/joyce/hecras-dataset/origin/Linux_RAS_v66/Minxiong_hgn_h1h6/outputs_seed/planH2/Minxiong.p01.hdf,H14,test,inflow,event_upstreamBC1,239,239,0.9835055262058676,0.18162859793618522,193.87879933004004,392.67375569975,128,120,-8,3802.46630859375,3567.069,0.9380935189190918,0.0,/mnt/8tb_hdd2/joyce/test/M80_US_InF_H14.txt
/mnt/8tb_hdd2/joyce/hecras-dataset/origin/Linux_RAS_v66/Minxiong_hgn_h1h6/outputs_seed/planH2/Minxiong.p01.hdf,H14,test,inflow,event_upstreamBC2,239,31,0.18047763732947839,1.28025182106531,1525.2716856826917,2343.2940352383143,222,120,-102,2997.9831932773104,3567.069,1.1898228809283553,0.0,/mnt/8tb_hdd2/joyce/test/M80_US_InF_H14.txt
/mnt/8tb_hdd2/joyce/hecras-dataset/origin/Linux_RAS_v66/Minxiong_hgn_h1h6/outputs_seed/planH2/Minxiong.p01.hdf,H14,test,inflow,result_upstreamBC1,239,239,0.9835055265108438,0.18162859625706473,193.87878813986467,392.67375569975,128,120,-8,3802.46630859375,3567.069,0.9380935189190918,0.0,/mnt/8tb_hdd2/joyce/test/M80_US_InF_H14.txt
/mnt/8tb_hdd2/joyce/hecras-dataset/origin/Linux_RAS_v66/Minxiong_hgn_h1h6/outputs_seed/planH2/Minxiong.p01.hdf,H14,test,inflow,result_upstreamBC2,239,239,0.17459091638683574,1.2848416895580286,1533.4432511942261,2350.496955078125,224,120,-104,3000.0,3567.069,1.189023,0.0,/mnt/8tb_hdd2/joyce/test/M80_US_InF_H14.txt
/mnt/8tb_hdd2/joyce/hecras-dataset/origin/Linux_RAS_v66/Minxiong_hgn_h1h6/outputs_seed/planH2/Minxiong.p01.hdf,H14,test,inflow,result_upstreamBC1_flow_per_face_sum,239,239,0.9835055265222942,0.18162859619401892,193.87878779735766,392.67369466459377,128,120,-8,3802.4662475585938,3567.069,0.9380935339768676,0.0,/mnt/8tb_hdd2/joyce/test/M80_US_InF_H14.txt
/mnt/8tb_hdd2/joyce/hecras-dataset/origin/Linux_RAS_v66/Minxiong_hgn_h1h6/outputs_seed/planH2/Minxiong.p01.hdf,H14,test,inflow,result_upstreamBC2_flow_per_face_sum,239,239,0.17459091638683574,1.2848416895580286,1533.4432511942261,2350.496955078125,224,120,-104,3000.0,3567.069,1.189023,0.0,/mnt/8tb_hdd2/joyce/test/M80_US_InF_H14.txt
/mnt/8tb_hdd2/joyce/hecras-dataset/origin/Linux_RAS_v66/Minxiong_hgn_h1h6/outputs_seed/planH2/Minxiong.p01.hdf,H14,test,precipitation,Event Conditions/Unsteady/Boundary Conditions/Precipitation Hydrographs/2D: per2,239,239,0.999665501052075,0.025864993637122153,4.929563940185993,10.801082611296877,87,87,0,71.74077606201172,61.225719452,0.8534298457975608,0.0,/mnt/8tb_hdd2/joyce/test/M80_Pr_H14.txt
/mnt/8tb_hdd2/joyce/hecras-dataset/origin/Linux_RAS_v66/Minxiong_hgn_h1h6/outputs_seed/planH2/Minxiong.p01.hdf,H15,test,inflow,event_upstreamBC1,239,239,0.977523695099377,0.2120203051626068,285.3519761608631,596.733682529125,128,128,0,3802.46630859375,3395.156836327,0.8928828188835725,0.0,/mnt/8tb_hdd2/joyce/test/M80_US_InF_H15.txt
/mnt/8tb_hdd2/joyce/hecras-dataset/origin/Linux_RAS_v66/Minxiong_hgn_h1h6/outputs_seed/planH2/Minxiong.p01.hdf,H15,test,inflow,event_upstreamBC2,239,31,-0.12526719302685668,1.5001781181092175,1520.884770086989,2136.933393909345,222,128,-94,2997.9831932773104,3395.156836327,1.1324802767208013,0.0,/mnt/8tb_hdd2/joyce/test/M80_US_InF_H15.txt
/mnt/8tb_hdd2/joyce/hecras-dataset/origin/Linux_RAS_v66/Minxiong_hgn_h1h6/outputs_seed/planH2/Minxiong.p01.hdf,H15,test,inflow,result_upstreamBC1,239,239,0.9775236979556977,0.2120202916906881,285.35196181600287,596.7334383885,128,128,0,3802.46630859375,3395.156836327,0.8928828188835725,0.0,/mnt/8tb_hdd2/joyce/test/M80_US_InF_H15.txt
/mnt/8tb_hdd2/joyce/hecras-dataset/origin/Linux_RAS_v66/Minxiong_hgn_h1h6/outputs_seed/planH2/Minxiong.p01.hdf,H15,test,inflow,result_upstreamBC2,239,239,-0.13134462555330126,1.5042238035301139,1527.5340029405434,2142.9358271091874,224,128,-96,3000.0,3395.156836327,1.1317189454423333,0.0,/mnt/8tb_hdd2/joyce/test/M80_US_InF_H15.txt
/mnt/8tb_hdd2/joyce/hecras-dataset/origin/Linux_RAS_v66/Minxiong_hgn_h1h6/outputs_seed/planH2/Minxiong.p01.hdf,H15,test,inflow,result_upstreamBC1_flow_per_face_sum,239,239,0.9775236972133258,0.21202029519210722,285.35196095813603,596.7335604588125,128,128,0,3802.4662475585938,3395.156836327,0.8928828332156504,0.0,/mnt/8tb_hdd2/joyce/test/M80_US_InF_H15.txt
/mnt/8tb_hdd2/joyce/hecras-dataset/origin/Linux_RAS_v66/Minxiong_hgn_h1h6/outputs_seed/planH2/Minxiong.p01.hdf,H15,test,inflow,result_upstreamBC2_flow_per_face_sum,239,239,-0.13134462555330126,1.5042238035301139,1527.5340029405434,2142.9358271091874,224,128,-96,3000.0,3395.156836327,1.1317189454423333,0.0,/mnt/8tb_hdd2/joyce/test/M80_US_InF_H15.txt
/mnt/8tb_hdd2/joyce/hecras-dataset/origin/Linux_RAS_v66/Minxiong_hgn_h1h6/outputs_seed/planH2/Minxiong.p01.hdf,H15,test,precipitation,Event Conditions/Unsteady/Boundary Conditions/Precipitation Hydrographs/2D: per2,239,239,0.9996957613910165,0.02466733098578495,1.9179041417847902,4.778778075992193,87,88,1,71.74077606201172,75.930831909,1.0584054993127823,0.0,/mnt/8tb_hdd2/joyce/test/M80_Pr_H15.txt
/mnt/8tb_hdd2/joyce/hecras-dataset/origin/Linux_RAS_v66/Minxiong_hgn_h1h6/outputs_seed/planH3/Minxiong.p01.hdf,H1,train,inflow,event_upstreamBC1,239,239,0.9318582481142746,0.3691659569508698,317.1348198345432,847.6230829523752,96,112,16,3924.927001953125,3776.869530938,0.9622776497648368,0.0,/mnt/8tb_hdd2/joyce/train/M80_US_InF_H1.txt
/mnt/8tb_hdd2/joyce/hecras-dataset/origin/Linux_RAS_v66/Minxiong_hgn_h1h6/outputs_seed/planH3/Minxiong.p01.hdf,H1,train,inflow,event_upstreamBC2,239,31,0.2916833203760999,1.1902240794269794,1660.799728085674,2442.7518838791766,222,112,-110,2997.9831932773104,3776.869530938,1.2598034369929982,0.0,/mnt/8tb_hdd2/joyce/train/M80_US_InF_H1.txt
/mnt/8tb_hdd2/joyce/hecras-dataset/origin/Linux_RAS_v66/Minxiong_hgn_h1h6/outputs_seed/planH3/Minxiong.p01.hdf,H1,train,inflow,result_upstreamBC1,239,239,0.9318582466512709,0.36916596091386633,317.1348229746299,847.6230829523752,96,112,16,3924.92724609375,3776.869530938,0.9622775899086784,0.0,/mnt/8tb_hdd2/joyce/train/M80_US_InF_H1.txt
/mnt/8tb_hdd2/joyce/hecras-dataset/origin/Linux_RAS_v66/Minxiong_hgn_h1h6/outputs_seed/planH3/Minxiong.p01.hdf,H1,train,inflow,result_upstreamBC2,239,239,0.28624630013180596,1.194783411224138,1669.9404673833476,2456.869530938,224,112,-112,3000.0,3776.869530938,1.2589565103126668,0.0,/mnt/8tb_hdd2/joyce/train/M80_US_InF_H1.txt
/mnt/8tb_hdd2/joyce/hecras-dataset/origin/Linux_RAS_v66/Minxiong_hgn_h1h6/outputs_seed/planH3/Minxiong.p01.hdf,H1,train,inflow,result_upstreamBC1_flow_per_face_sum,239,239,0.93185824644402,0.3691659614752668,317.1348232282825,847.6230982111642,96,112,16,3924.9271240234375,3776.869530938,0.9622776198367566,0.0,/mnt/8tb_hdd2/joyce/train/M80_US_InF_H1.txt
/mnt/8tb_hdd2/joyce/hecras-dataset/origin/Linux_RAS_v66/Minxiong_hgn_h1h6/outputs_seed/planH3/Minxiong.p01.hdf,H1,train,inflow,result_upstreamBC2_flow_per_face_sum,239,239,0.28624630013180596,1.194783411224138,1669.9404673833476,2456.869530938,224,112,-112,3000.0,3776.869530938,1.2589565103126668,0.0,/mnt/8tb_hdd2/joyce/train/M80_US_InF_H1.txt
/mnt/8tb_hdd2/joyce/hecras-dataset/origin/Linux_RAS_v66/Minxiong_hgn_h1h6/outputs_seed/planH3/Minxiong.p01.hdf,H1,train,precipitation,Event Conditions/Unsteady/Boundary Conditions/Precipitation Hydrographs/2D: per2,239,239,0.9995324669709202,0.030578849850129722,7.816255111165965,17.18925857568945,87,88,1,50.866661071777344,67.923568726,1.3353258754325128,0.0,/mnt/8tb_hdd2/joyce/train/M80_Pr_H1.txt
/mnt/8tb_hdd2/joyce/hecras-dataset/origin/Linux_RAS_v66/Minxiong_hgn_h1h6/outputs_seed/planH3/Minxiong.p01.hdf,H2,train,inflow,event_upstreamBC1,239,239,0.9857338540028903,0.1689150437178993,150.14296305510854,464.44062272762494,96,128,32,3924.927001953125,3802.466187625,0.9687992122484862,0.0,/mnt/8tb_hdd2/joyce/train/M80_US_InF_H2.txt
/mnt/8tb_hdd2/joyce/hecras-dataset/origin/Linux_RAS_v66/Minxiong_hgn_h1h6/outputs_seed/planH3/Minxiong.p01.hdf,H2,train,inflow,event_upstreamBC2,239,31,0.06069464528408745,1.3706242043068644,1656.5996258744085,2514.860035238314,222,128,-94,2997.9831932773104,3802.466187625,1.268341395692833,0.0,/mnt/8tb_hdd2/joyce/train/M80_US_InF_H2.txt
/mnt/8tb_hdd2/joyce/hecras-dataset/origin/Linux_RAS_v66/Minxiong_hgn_h1h6/outputs_seed/planH3/Minxiong.p01.hdf,H2,train,inflow,result_upstreamBC1,239,239,0.9857338528000985,0.1689150508385891,150.14296789110765,464.44062272762494,96,128,32,3924.92724609375,3802.466187625,0.9687991519866698,0.0,/mnt/8tb_hdd2/joyce/train/M80_US_InF_H2.txt
/mnt/8tb_hdd2/joyce/hecras-dataset/origin/Linux_RAS_v66/Minxiong_hgn_h1h6/outputs_seed/planH3/Minxiong.p01.hdf,H2,train,inflow,result_upstreamBC2,239,239,0.05456728341886038,1.375087427461352,1664.7630005057372,2522.062955078125,224,128,-96,3000.0,3802.466187625,1.2674887292083334,0.0,/mnt/8tb_hdd2/joyce/train/M80_US_InF_H2.txt
/mnt/8tb_hdd2/joyce/hecras-dataset/origin/Linux_RAS_v66/Minxiong_hgn_h1h6/outputs_seed/planH3/Minxiong.p01.hdf,H2,train,inflow,result_upstreamBC1_flow_per_face_sum,239,239,0.9857338525873748,0.16891505209794636,150.14296868943703,464.4405616924687,96,128,32,3924.9271240234375,3802.466187625,0.9687991821175771,0.0,/mnt/8tb_hdd2/joyce/train/M80_US_InF_H2.txt
/mnt/8tb_hdd2/joyce/hecras-dataset/origin/Linux_RAS_v66/Minxiong_hgn_h1h6/outputs_seed/planH3/Minxiong.p01.hdf,H2,train,inflow,result_upstreamBC2_flow_per_face_sum,239,239,0.05456728341886038,1.375087427461352,1664.7630005057372,2522.062955078125,224,128,-96,3000.0,3802.466187625,1.2674887292083334,0.0,/mnt/8tb_hdd2/joyce/train/M80_US_InF_H2.txt
/mnt/8tb_hdd2/joyce/hecras-dataset/origin/Linux_RAS_v66/Minxiong_hgn_h1h6/outputs_seed/planH3/Minxiong.p01.hdf,H2,train,precipitation,Event Conditions/Unsteady/Boundary Conditions/Precipitation Hydrographs/2D: per2,239,239,0.9994447117500922,0.033325313199098844,9.460069985331623,20.87411499022265,87,87,0,50.866661071777344,71.740776062,1.4103692782344694,0.0,/mnt/8tb_hdd2/joyce/train/M80_Pr_H2.txt
/mnt/8tb_hdd2/joyce/hecras-dataset/origin/Linux_RAS_v66/Minxiong_hgn_h1h6/outputs_seed/planH3/Minxiong.p01.hdf,H3,train,inflow,event_upstreamBC1,239,239,0.9999999999999962,7.813595969097533e-08,6.520438052402637e-05,0.000123655374864029,96,96,0,3924.927001953125,3924.927,0.9999999995023793,1.0,/mnt/8tb_hdd2/joyce/train/M80_US_InF_H3.txt
/mnt/8tb_hdd2/joyce/hecras-dataset/origin/Linux_RAS_v66/Minxiong_hgn_h1h6/outputs_seed/planH3/Minxiong.p01.hdf,H3,train,inflow,event_upstreamBC2,239,31,-0.05440103893977544,1.4521715042926406,1752.274629179314,2789.1530352383143,222,96,-126,2997.9831932773104,3924.927,1.309189127144299,0.0,/mnt/8tb_hdd2/joyce/train/M80_US_InF_H3.txt
/mnt/8tb_hdd2/joyce/hecras-dataset/origin/Linux_RAS_v66/Minxiong_hgn_h1h6/outputs_seed/planH3/Minxiong.p01.hdf,H3,train,inflow,result_upstreamBC1,239,239,0.9999999999999907,1.3401917059928172e-07,0.00011067277622226272,0.00036498899999060086,96,96,0,3924.92724609375,3924.927,0.9999999372997932,1.0,/mnt/8tb_hdd2/joyce/train/M80_US_InF_H3.txt
/mnt/8tb_hdd2/joyce/hecras-dataset/origin/Linux_RAS_v66/Minxiong_hgn_h1h6/outputs_seed/planH3/Minxiong.p01.hdf,H3,train,inflow,result_upstreamBC2,239,239,-0.06028470295894768,1.4562174995233015,1760.0139821068897,2796.355955078125,224,96,-128,3000.0,3924.927,1.308309,0.0,/mnt/8tb_hdd2/joyce/train/M80_US_InF_H3.txt
/mnt/8tb_hdd2/joyce/hecras-dataset/origin/Linux_RAS_v66/Minxiong_hgn_h1h6/outputs_seed/planH3/Minxiong.p01.hdf,H3,train,inflow,result_upstreamBC1_flow_per_face_sum,239,239,0.9999999999999931,1.2069643854441773e-07,9.982431779022098e-05,0.00027873834369529504,96,96,0,3924.9271240234375,3924.927,0.9999999684010853,1.0,/mnt/8tb_hdd2/joyce/train/M80_US_InF_H3.txt
/mnt/8tb_hdd2/joyce/hecras-dataset/origin/Linux_RAS_v66/Minxiong_hgn_h1h6/outputs_seed/planH3/Minxiong.p01.hdf,H3,train,inflow,result_upstreamBC2_flow_per_face_sum,239,239,-0.06028470295894768,1.4562174995233015,1760.0139821068897,2796.355955078125,224,96,-128,3000.0,3924.927,1.308309,0.0,/mnt/8tb_hdd2/joyce/train/M80_US_InF_H3.txt
/mnt/8tb_hdd2/joyce/hecras-dataset/origin/Linux_RAS_v66/Minxiong_hgn_h1h6/outputs_seed/planH3/Minxiong.p01.hdf,H3,train,precipitation,Event Conditions/Unsteady/Boundary Conditions/Precipitation Hydrographs/2D: per2,239,239,0.9999999999999998,1.6543258283787514e-11,2.6056368746035165e-10,5.146496562247194e-10,87,87,0,50.866661071777344,50.866661072,1.0000000000043772,1.0,/mnt/8tb_hdd2/joyce/train/M80_Pr_H3.txt
/mnt/8tb_hdd2/joyce/hecras-dataset/origin/Linux_RAS_v66/Minxiong_hgn_h1h6/outputs_seed/planH3/Minxiong.p01.hdf,H4,train,inflow,event_upstreamBC1,239,239,0.9495893878631001,0.3175235806578793,422.90686207403866,836.2701772937498,96,112,16,3924.927001953125,3313.656858284,0.8442594872809241,0.0,/mnt/8tb_hdd2/joyce/train/M80_US_InF_H4.txt
/mnt/8tb_hdd2/joyce/hecras-dataset/origin/Linux_RAS_v66/Minxiong_hgn_h1h6/outputs_seed/planH3/Minxiong.p01.hdf,H4,train,inflow,event_upstreamBC2,239,31,-0.3429125937969653,1.638848738472813,1545.3961585033003,2193.858132432345,222,112,-110,2997.9831932773104,3313.656858284,1.1052953417866243,0.0,/mnt/8tb_hdd2/joyce/train/M80_US_InF_H4.txt
/mnt/8tb_hdd2/joyce/hecras-dataset/origin/Linux_RAS_v66/Minxiong_hgn_h1h6/outputs_seed/planH3/Minxiong.p01.hdf,H4,train,inflow,result_upstreamBC1,239,239,0.949589387314437,0.3175235823858226,422.90686212577623,836.2701772937498,96,112,16,3924.92724609375,3313.656858284,0.8442594347658007,0.0,/mnt/8tb_hdd2/joyce/train/M80_US_InF_H4.txt
/mnt/8tb_hdd2/joyce/hecras-dataset/origin/Linux_RAS_v66/Minxiong_hgn_h1h6/outputs_seed/planH3/Minxiong.p01.hdf,H4,train,inflow,result_upstreamBC2,239,239,-0.3485565945485672,1.6422890090045463,1550.971448089331,2199.8605656321874,224,112,-112,3000.0,3313.656858284,1.1045522860946666,0.0,/mnt/8tb_hdd2/joyce/train/M80_US_InF_H4.txt
/mnt/8tb_hdd2/joyce/hecras-dataset/origin/Linux_RAS_v66/Minxiong_hgn_h1h6/outputs_seed/planH3/Minxiong.p01.hdf,H4,train,inflow,result_upstreamBC1_flow_per_face_sum,239,239,0.9495893889578515,0.31752357721009933,422.9068602551171,836.2701162585936,96,112,16,3924.9271240234375,3313.656858284,0.8442594610233616,0.0,/mnt/8tb_hdd2/joyce/train/M80_US_InF_H4.txt
/mnt/8tb_hdd2/joyce/hecras-dataset/origin/Linux_RAS_v66/Minxiong_hgn_h1h6/outputs_seed/planH3/Minxiong.p01.hdf,H4,train,inflow,result_upstreamBC2_flow_per_face_sum,239,239,-0.3485565945485672,1.6422890090045463,1550.971448089331,2199.8605656321874,224,112,-112,3000.0,3313.656858284,1.1045522860946666,0.0,/mnt/8tb_hdd2/joyce/train/M80_US_InF_H4.txt
/mnt/8tb_hdd2/joyce/hecras-dataset/origin/Linux_RAS_v66/Minxiong_hgn_h1h6/outputs_seed/planH3/Minxiong.p01.hdf,H4,train,precipitation,Event Conditions/Unsteady/Boundary Conditions/Precipitation Hydrographs/2D: per2,239,239,0.9995409047851431,0.030301657210687297,5.634436390750005,12.404090881845704,87,88,1,50.866661071777344,63.224048615,1.2429368722626652,0.0,/mnt/8tb_hdd2/joyce/train/M80_Pr_H4.txt
/mnt/8tb_hdd2/joyce/hecras-dataset/origin/Linux_RAS_v66/Minxiong_hgn_h1h6/outputs_seed/planH3/Minxiong.p01.hdf,H5,train,inflow,event_upstreamBC1,239,239,0.961541511117845,0.2773391024798158,496.2837156242303,883.679001953125,96,120,24,3924.927001953125,3273.61,0.8340562763004213,0.0,/mnt/8tb_hdd2/joyce/train/M80_US_InF_H5.txt
/mnt/8tb_hdd2/joyce/hecras-dataset/origin/Linux_RAS_v66/Minxiong_hgn_h1h6/outputs_seed/planH3/Minxiong.p01.hdf,H5,train,inflow,event_upstreamBC2,239,31,-0.2970331542499765,1.6106105390503171,1455.9438448549533,2010.2768732356226,222,120,-102,2997.9831932773104,3273.61,1.0919374089023435,0.0,/mnt/8tb_hdd2/joyce/train/M80_US_InF_H5.txt
/mnt/8tb_hdd2/joyce/hecras-dataset/origin/Linux_RAS_v66/Minxiong_hgn_h1h6/outputs_seed/planH3/Minxiong.p01.hdf,H5,train,inflow,result_upstreamBC1,239,239,0.9615415105607305,0.277339104488603,496.283715420017,883.67924609375,96,120,24,3924.92724609375,3273.61,0.8340562244199641,0.0,/mnt/8tb_hdd2/joyce/train/M80_US_InF_H5.txt
/mnt/8tb_hdd2/joyce/hecras-dataset/origin/Linux_RAS_v66/Minxiong_hgn_h1h6/outputs_seed/planH3/Minxiong.p01.hdf,H5,train,inflow,result_upstreamBC2,239,239,-0.30264786672109556,1.614092851555384,1461.0099418079972,2015.6789892578126,224,120,-104,3000.0,3273.61,1.0912033333333333,0.0,/mnt/8tb_hdd2/joyce/train/M80_US_InF_H5.txt
/mnt/8tb_hdd2/joyce/hecras-dataset/origin/Linux_RAS_v66/Minxiong_hgn_h1h6/outputs_seed/planH3/Minxiong.p01.hdf,H5,train,inflow,result_upstreamBC1_flow_per_face_sum,239,239,0.9615415117800463,0.2773391000921229,496.2837142471836,883.6791240234375,96,120,24,3924.9271240234375,3273.61,0.8340562503601919,0.0,/mnt/8tb_hdd2/joyce/train/M80_US_InF_H5.txt
/mnt/8tb_hdd2/joyce/hecras-dataset/origin/Linux_RAS_v66/Minxiong_hgn_h1h6/outputs_seed/planH3/Minxiong.p01.hdf,H5,train,inflow,result_upstreamBC2_flow_per_face_sum,239,239,-0.30264786672109556,1.614092851555384,1461.0099418079972,2015.6789892578126,224,120,-104,3000.0,3273.61,1.0912033333333333,0.0,/mnt/8tb_hdd2/joyce/train/M80_US_InF_H5.txt
/mnt/8tb_hdd2/joyce/hecras-dataset/origin/Linux_RAS_v66/Minxiong_hgn_h1h6/outputs_seed/planH3/Minxiong.p01.hdf,H5,train,precipitation,Event Conditions/Unsteady/Boundary Conditions/Precipitation Hydrographs/2D: per2,239,239,0.9995103585881985,0.031293494908760634,1.1860635855151986,2.741695404085938,87,87,0,50.866661071777344,53.548282623,1.0527186470415004,0.0,/mnt/8tb_hdd2/joyce/train/M80_Pr_H5.txt
/mnt/8tb_hdd2/joyce/hecras-dataset/origin/Linux_RAS_v66/Minxiong_hgn_h1h6/outputs_seed/planH3/Minxiong.p01.hdf,H6,train,inflow,event_upstreamBC1,239,239,0.9676272891842679,0.2544512166044104,403.43977858110577,806.0930019531252,96,128,32,3924.927001953125,3347.03503992,0.8527636407643877,0.0,/mnt/8tb_hdd2/joyce/train/M80_US_InF_H6.txt
/mnt/8tb_hdd2/joyce/hecras-dataset/origin/Linux_RAS_v66/Minxiong_hgn_h1h6/outputs_seed/planH3/Minxiong.p01.hdf,H6,train,inflow,event_upstreamBC2,239,31,0.17156709166326917,1.2871929989995528,1376.8444598455887,1983.060035238314,222,128,-94,2997.9831932773104,3347.03503992,1.1164288870682815,0.0,/mnt/8tb_hdd2/joyce/train/M80_US_InF_H6.txt
/mnt/8tb_hdd2/joyce/hecras-dataset/origin/Linux_RAS_v66/Minxiong_hgn_h1h6/outputs_seed/planH3/Minxiong.p01.hdf,H6,train,inflow,result_upstreamBC1,239,239,0.9676272880088256,0.25445122122392805,403.43977935393553,806.0932460937502,96,128,32,3924.92724609375,3347.03503992,0.8527635877202839,0.0,/mnt/8tb_hdd2/joyce/train/M80_US_InF_H6.txt
/mnt/8tb_hdd2/joyce/hecras-dataset/origin/Linux_RAS_v66/Minxiong_hgn_h1h6/outputs_seed/planH3/Minxiong.p01.hdf,H6,train,inflow,result_upstreamBC2,239,239,0.16589431802471474,1.29159256886627,1384.1514429724812,1990.2629550781248,224,128,-96,3000.0,3347.03503992,1.11567834664,0.0,/mnt/8tb_hdd2/joyce/train/M80_US_InF_H6.txt
/mnt/8tb_hdd2/joyce/hecras-dataset/origin/Linux_RAS_v66/Minxiong_hgn_h1h6/outputs_seed/planH3/Minxiong.p01.hdf,H6,train,inflow,result_upstreamBC1_flow_per_face_sum,239,239,0.9676272880559983,0.25445122103854073,403.4397792321552,806.0931240234377,96,128,32,3924.9271240234375,3347.03503992,0.852763614242335,0.0,/mnt/8tb_hdd2/joyce/train/M80_US_InF_H6.txt
/mnt/8tb_hdd2/joyce/hecras-dataset/origin/Linux_RAS_v66/Minxiong_hgn_h1h6/outputs_seed/planH3/Minxiong.p01.hdf,H6,train,inflow,result_upstreamBC2_flow_per_face_sum,239,239,0.16589431802471474,1.29159256886627,1384.1514429724812,1990.2629550781248,224,128,-96,3000.0,3347.03503992,1.11567834664,0.0,/mnt/8tb_hdd2/joyce/train/M80_US_InF_H6.txt
/mnt/8tb_hdd2/joyce/hecras-dataset/origin/Linux_RAS_v66/Minxiong_hgn_h1h6/outputs_seed/planH3/Minxiong.p01.hdf,H6,train,precipitation,Event Conditions/Unsteady/Boundary Conditions/Precipitation Hydrographs/2D: per2,239,239,0.9995116335272713,0.03125272700838334,3.1274531097239118,7.377456665445315,87,87,0,50.866661071777344,57.482151031,1.130055518090476,0.0,/mnt/8tb_hdd2/joyce/train/M80_Pr_H6.txt
/mnt/8tb_hdd2/joyce/hecras-dataset/origin/Linux_RAS_v66/Minxiong_hgn_h1h6/outputs_seed/planH3/Minxiong.p01.hdf,H7,train,inflow,event_upstreamBC1,239,239,0.9715444202199952,0.2385605993453436,228.07375808945483,533.8820827841876,96,112,16,3924.927001953125,3812.946467066,0.9714693967986153,0.0,/mnt/8tb_hdd2/joyce/train/M80_US_InF_H7.txt
/mnt/8tb_hdd2/joyce/hecras-dataset/origin/Linux_RAS_v66/Minxiong_hgn_h1h6/outputs_seed/planH3/Minxiong.p01.hdf,H7,train,inflow,event_upstreamBC2,239,31,0.141055556596071,1.3106826033818628,1719.3877718762553,2508.949645755909,222,112,-110,2997.9831932773104,3812.946467066,1.2718371722750703,0.0,/mnt/8tb_hdd2/joyce/train/M80_US_InF_H7.txt
/mnt/8tb_hdd2/joyce/hecras-dataset/origin/Linux_RAS_v66/Minxiong_hgn_h1h6/outputs_seed/planH3/Minxiong.p01.hdf,H7,train,inflow,result_upstreamBC1,239,239,0.9715444194106582,0.23856060273792565,228.07376074954522,533.8822048545001,96,112,16,3924.92724609375,3812.946467066,0.9714693363707065,0.0,/mnt/8tb_hdd2/joyce/train/M80_US_InF_H7.txt
/mnt/8tb_hdd2/joyce/hecras-dataset/origin/Linux_RAS_v66/Minxiong_hgn_h1h6/outputs_seed/planH3/Minxiong.p01.hdf,H7,train,inflow,result_upstreamBC2,239,239,0.13524589417308336,1.3151076806306898,1728.0729974145913,2515.5522432890625,224,112,-112,3000.0,3812.946467066,1.2709821556886667,0.0,/mnt/8tb_hdd2/joyce/train/M80_US_InF_H7.txt
/mnt/8tb_hdd2/joyce/hecras-dataset/origin/Linux_RAS_v66/Minxiong_hgn_h1h6/outputs_seed/planH3/Minxiong.p01.hdf,H7,train,inflow,result_upstreamBC1_flow_per_face_sum,239,239,0.9715444193612709,0.23856060294495124,228.07376072541717,533.8821590781329,96,112,16,3924.9271240234375,3812.946467066,0.97146936658466,0.0,/mnt/8tb_hdd2/joyce/train/M80_US_InF_H7.txt
/mnt/8tb_hdd2/joyce/hecras-dataset/origin/Linux_RAS_v66/Minxiong_hgn_h1h6/outputs_seed/planH3/Minxiong.p01.hdf,H7,train,inflow,result_upstreamBC2_flow_per_face_sum,239,239,0.13524589417308336,1.3151076806306898,1728.0729974145913,2515.5522432890625,224,112,-112,3000.0,3812.946467066,1.2709821556886667,0.0,/mnt/8tb_hdd2/joyce/train/M80_US_InF_H7.txt
/mnt/8tb_hdd2/joyce/hecras-dataset/origin/Linux_RAS_v66/Minxiong_hgn_h1h6/outputs_seed/planH3/Minxiong.p01.hdf,H7,train,precipitation,Event Conditions/Unsteady/Boundary Conditions/Precipitation Hydrographs/2D: per2,239,239,0.9994412207369915,0.03342990466663647,3.9551510023728085,9.016117096222658,87,87,0,50.866661071777344,59.882778168,1.1772500279407,0.0,/mnt/8tb_hdd2/joyce/train/M80_Pr_H7.txt
/mnt/8tb_hdd2/joyce/hecras-dataset/origin/Linux_RAS_v66/Minxiong_hgn_h1h6/outputs_seed/planH3/Minxiong.p01.hdf,H8,train,inflow,event_upstreamBC1,239,239,0.9805102554491346,0.19743223926636425,248.53691948041467,542.8060019531249,96,112,16,3924.927001953125,3664.160580838,0.9335614596181375,0.0,/mnt/8tb_hdd2/joyce/train/M80_US_InF_H8.txt
/mnt/8tb_hdd2/joyce/hecras-dataset/origin/Linux_RAS_v66/Minxiong_hgn_h1h6/outputs_seed/planH3/Minxiong.p01.hdf,H8,train,inflow,event_upstreamBC2,239,31,0.09293890371387944,1.3468935342380415,1525.2689320466484,2330.0429337791766,222,112,-110,2997.9831932773104,3664.160580838,1.2222085130612235,0.0,/mnt/8tb_hdd2/joyce/train/M80_US_InF_H8.txt
/mnt/8tb_hdd2/joyce/hecras-dataset/origin/Linux_RAS_v66/Minxiong_hgn_h1h6/outputs_seed/planH3/Minxiong.p01.hdf,H8,train,inflow,result_upstreamBC1,239,239,0.9805102551338258,0.1974322408634151,248.53691958989924,542.8062460937499,96,112,16,3924.92724609375,3664.160580838,0.9335614015482004,0.0,/mnt/8tb_hdd2/joyce/train/M80_US_InF_H8.txt
/mnt/8tb_hdd2/joyce/hecras-dataset/origin/Linux_RAS_v66/Minxiong_hgn_h1h6/outputs_seed/planH3/Minxiong.p01.hdf,H8,train,inflow,result_upstreamBC2,239,239,0.08701354753216779,1.3512856489046514,1532.985959082716,2344.160580838,224,112,-112,3000.0,3664.160580838,1.2213868602793334,0.0,/mnt/8tb_hdd2/joyce/train/M80_US_InF_H8.txt
/mnt/8tb_hdd2/joyce/hecras-dataset/origin/Linux_RAS_v66/Minxiong_hgn_h1h6/outputs_seed/planH3/Minxiong.p01.hdf,H8,train,inflow,result_upstreamBC1_flow_per_face_sum,239,239,0.980510254550812,0.197432243816397,248.5369209587063,542.8061240234374,96,112,16,3924.9271240234375,3664.160580838,0.9335614305831681,0.0,/mnt/8tb_hdd2/joyce/train/M80_US_InF_H8.txt
/mnt/8tb_hdd2/joyce/hecras-dataset/origin/Linux_RAS_v66/Minxiong_hgn_h1h6/outputs_seed/planH3/Minxiong.p01.hdf,H8,train,inflow,result_upstreamBC2_flow_per_face_sum,239,239,0.08701354753216779,1.3512856489046514,1532.985959082716,2344.160580838,224,112,-112,3000.0,3664.160580838,1.2213868602793334,0.0,/mnt/8tb_hdd2/joyce/train/M80_US_InF_H8.txt
/mnt/8tb_hdd2/joyce/hecras-dataset/origin/Linux_RAS_v66/Minxiong_hgn_h1h6/outputs_seed/planH3/Minxiong.p01.hdf,H8,train,precipitation,Event Conditions/Unsteady/Boundary Conditions/Precipitation Hydrographs/2D: per2,239,239,0.9995309580052997,0.030628156807126338,5.611611279559221,12.486835479445311,87,87,0,50.866661071777344,63.256023407,1.243565472436655,0.0,/mnt/8tb_hdd2/joyce/train/M80_Pr_H8.txt
/mnt/8tb_hdd2/joyce/hecras-dataset/origin/Linux_RAS_v66/Minxiong_hgn_h1h6/outputs_seed/planH3/Minxiong.p01.hdf,H9,train,inflow,event_upstreamBC1,239,239,0.9827143189814158,0.18593375712110818,330.2203834740781,753.1499853515625,96,104,8,3924.927001953125,3766.986391217,0.9597596055525286,0.0,/mnt/8tb_hdd2/joyce/train/M80_US_InF_H9.txt
/mnt/8tb_hdd2/joyce/hecras-dataset/origin/Linux_RAS_v66/Minxiong_hgn_h1h6/outputs_seed/planH3/Minxiong.p01.hdf,H9,train,inflow,event_upstreamBC2,239,31,-0.17335190446880708,1.5318954954361652,1779.5331507554827,2553.877147519521,222,104,-118,2997.9831932773104,3766.986391217,1.2565068408869353,0.0,/mnt/8tb_hdd2/joyce/train/M80_US_InF_H9.txt
/mnt/8tb_hdd2/joyce/hecras-dataset/origin/Linux_RAS_v66/Minxiong_hgn_h1h6/outputs_seed/planH3/Minxiong.p01.hdf,H9,train,inflow,result_upstreamBC1,239,239,0.98271431627264,0.1859337716896011,330.22038771354016,753.150107421875,96,104,8,3924.92724609375,3766.986391217,0.959759545852999,0.0,/mnt/8tb_hdd2/joyce/train/M80_US_InF_H9.txt
/mnt/8tb_hdd2/joyce/hecras-dataset/origin/Linux_RAS_v66/Minxiong_hgn_h1h6/outputs_seed/planH3/Minxiong.p01.hdf,H9,train,inflow,result_upstreamBC2,239,239,-0.1792305075361108,1.5357281709574198,1787.129409227326,2566.986391217,224,104,-120,3000.0,3766.986391217,1.2556621304056665,0.0,/mnt/8tb_hdd2/joyce/train/M80_US_InF_H9.txt
/mnt/8tb_hdd2/joyce/hecras-dataset/origin/Linux_RAS_v66/Minxiong_hgn_h1h6/outputs_seed/planH3/Minxiong.p01.hdf,H9,train,inflow,result_upstreamBC1_flow_per_face_sum,239,239,0.9827143178772959,0.18593376305935025,330.2203852878031,753.1500463867187,96,104,8,3924.9271240234375,3766.986391217,0.9597595757027629,0.0,/mnt/8tb_hdd2/joyce/train/M80_US_InF_H9.txt
/mnt/8tb_hdd2/joyce/hecras-dataset/origin/Linux_RAS_v66/Minxiong_hgn_h1h6/outputs_seed/planH3/Minxiong.p01.hdf,H9,train,inflow,result_upstreamBC2_flow_per_face_sum,239,239,-0.1792305075361108,1.5357281709574198,1787.129409227326,2566.986391217,224,104,-120,3000.0,3766.986391217,1.2556621304056665,0.0,/mnt/8tb_hdd2/joyce/train/M80_US_InF_H9.txt
/mnt/8tb_hdd2/joyce/hecras-dataset/origin/Linux_RAS_v66/Minxiong_hgn_h1h6/outputs_seed/planH3/Minxiong.p01.hdf,H9,train,precipitation,Event Conditions/Unsteady/Boundary Conditions/Precipitation Hydrographs/2D: per2,239,239,0.9994903284976726,0.031927151527454366,5.325199086543468,11.991710662445314,87,87,0,50.866661071777344,62.166553497,1.222147319818722,0.0,/mnt/8tb_hdd2/joyce/train/M80_Pr_H9.txt
/mnt/8tb_hdd2/joyce/hecras-dataset/origin/Linux_RAS_v66/Minxiong_hgn_h1h6/outputs_seed/planH3/Minxiong.p01.hdf,H10,train,inflow,event_upstreamBC1,239,239,0.9846457005749948,0.17523869107594373,519.6143928927771,978.8540019531251,96,144,48,3924.927001953125,3176.331,0.809271356746098,0.0,/mnt/8tb_hdd2/joyce/train/M80_US_InF_H10.txt
/mnt/8tb_hdd2/joyce/hecras-dataset/origin/Linux_RAS_v66/Minxiong_hgn_h1h6/outputs_seed/planH3/Minxiong.p01.hdf,H10,train,inflow,event_upstreamBC2,239,31,0.052834200564095476,1.3763471941598926,1299.363393318363,1813.8927232513452,222,144,-78,2997.9831932773104,3176.331,1.0594892616885303,0.0,/mnt/8tb_hdd2/joyce/train/M80_US_InF_H10.txt
/mnt/8tb_hdd2/joyce/hecras-dataset/origin/Linux_RAS_v66/Minxiong_hgn_h1h6/outputs_seed/planH3/Minxiong.p01.hdf,H10,train,inflow,result_upstreamBC1,239,239,0.9846456984764964,0.17523870305102401,519.6143940332279,978.8542460937501,96,144,48,3924.92724609375,3176.331,0.8092713064073267,0.0,/mnt/8tb_hdd2/joyce/train/M80_US_InF_H10.txt
/mnt/8tb_hdd2/joyce/hecras-dataset/origin/Linux_RAS_v66/Minxiong_hgn_h1h6/outputs_seed/planH3/Minxiong.p01.hdf,H10,train,inflow,result_upstreamBC2,239,239,0.04702766895254076,1.3805595467399872,1305.3903761183199,1819.8951564511876,224,144,-80,3000.0,3176.331,1.058777,0.0,/mnt/8tb_hdd2/joyce/train/M80_US_InF_H10.txt
/mnt/8tb_hdd2/joyce/hecras-dataset/origin/Linux_RAS_v66/Minxiong_hgn_h1h6/outputs_seed/planH3/Minxiong.p01.hdf,H10,train,inflow,result_upstreamBC1_flow_per_face_sum,239,239,0.9846457000073697,0.17523869431509648,519.6143926063888,978.8541240234376,96,144,48,3924.9271240234375,3176.331,0.8092713315767115,0.0,/mnt/8tb_hdd2/joyce/train/M80_US_InF_H10.txt
/mnt/8tb_hdd2/joyce/hecras-dataset/origin/Linux_RAS_v66/Minxiong_hgn_h1h6/outputs_seed/planH3/Minxiong.p01.hdf,H10,train,inflow,result_upstreamBC2_flow_per_face_sum,239,239,0.04702766895254076,1.3805595467399872,1305.3903761183199,1819.8951564511876,224,144,-80,3000.0,3176.331,1.058777,0.0,/mnt/8tb_hdd2/joyce/train/M80_US_InF_H10.txt
/mnt/8tb_hdd2/joyce/hecras-dataset/origin/Linux_RAS_v66/Minxiong_hgn_h1h6/outputs_seed/planH3/Minxiong.p01.hdf,H10,train,precipitation,Event Conditions/Unsteady/Boundary Conditions/Precipitation Hydrographs/2D: per2,239,239,0.9995152638544156,0.031136349997526572,4.77729245269216,10.706905364689455,87,87,0,50.866661071777344,61.519306183,1.2094229282356637,0.0,/mnt/8tb_hdd2/joyce/train/M80_Pr_H10.txt
/mnt/8tb_hdd2/joyce/hecras-dataset/origin/Linux_RAS_v66/Minxiong_hgn_h1h6/outputs_seed/planH3/Minxiong.p01.hdf,H11,test,inflow,event_upstreamBC1,239,239,0.9881610586930841,0.15387619248549142,195.63866118492916,422.3950078124999,96,128,32,3924.927001953125,3754.147968064,0.9564886088826259,0.0,/mnt/8tb_hdd2/joyce/test/M80_US_InF_H11.txt
/mnt/8tb_hdd2/joyce/hecras-dataset/origin/Linux_RAS_v66/Minxiong_hgn_h1h6/outputs_seed/planH3/Minxiong.p01.hdf,H11,test,inflow,event_upstreamBC2,239,31,-0.07126433602144461,1.463737910980955,1743.159251242987,2544.666407881345,222,128,-94,2997.9831932773104,3754.147968064,1.2522244876096424,0.0,/mnt/8tb_hdd2/joyce/test/M80_US_InF_H11.txt
/mnt/8tb_hdd2/joyce/hecras-dataset/origin/Linux_RAS_v66/Minxiong_hgn_h1h6/outputs_seed/planH3/Minxiong.p01.hdf,H11,test,inflow,result_upstreamBC1,239,239,0.988161056950665,0.15387620380900338,195.63866657636342,422.3950078124999,96,128,32,3924.92724609375,3754.147968064,0.9564885493865608,0.0,/mnt/8tb_hdd2/joyce/test/M80_US_InF_H11.txt
/mnt/8tb_hdd2/joyce/hecras-dataset/origin/Linux_RAS_v66/Minxiong_hgn_h1h6/outputs_seed/planH3/Minxiong.p01.hdf,H11,test,inflow,result_upstreamBC2,239,239,-0.0771626930978824,1.4677620332314651,1750.9486148047486,2550.6688410811876,224,128,-96,3000.0,3754.147968064,1.2513826560213333,0.0,/mnt/8tb_hdd2/joyce/test/M80_US_InF_H11.txt
/mnt/8tb_hdd2/joyce/hecras-dataset/origin/Linux_RAS_v66/Minxiong_hgn_h1h6/outputs_seed/planH3/Minxiong.p01.hdf,H11,test,inflow,result_upstreamBC1_flow_per_face_sum,239,239,0.9881610570144067,0.15387620339476782,195.63866618718905,422.3949772949218,96,128,32,3924.9271240234375,3754.147968064,0.9564885791345924,0.0,/mnt/8tb_hdd2/joyce/test/M80_US_InF_H11.txt
/mnt/8tb_hdd2/joyce/hecras-dataset/origin/Linux_RAS_v66/Minxiong_hgn_h1h6/outputs_seed/planH3/Minxiong.p01.hdf,H11,test,inflow,result_upstreamBC2_flow_per_face_sum,239,239,-0.0771626930978824,1.4677620332314651,1750.9486148047486,2550.6688410811876,224,128,-96,3000.0,3754.147968064,1.2513826560213333,0.0,/mnt/8tb_hdd2/joyce/test/M80_US_InF_H11.txt
/mnt/8tb_hdd2/joyce/hecras-dataset/origin/Linux_RAS_v66/Minxiong_hgn_h1h6/outputs_seed/planH3/Minxiong.p01.hdf,H11,test,precipitation,Event Conditions/Unsteady/Boundary Conditions/Precipitation Hydrographs/2D: per2,239,239,0.9995239809830153,0.030855113578993565,3.472784092090744,7.869674682845705,87,88,1,50.866661071777344,58.689632416,1.1537936868548095,0.0,/mnt/8tb_hdd2/joyce/test/M80_Pr_H11.txt
/mnt/8tb_hdd2/joyce/hecras-dataset/origin/Linux_RAS_v66/Minxiong_hgn_h1h6/outputs_seed/planH3/Minxiong.p01.hdf,H12,test,inflow,event_upstreamBC1,239,239,0.9717236897322984,0.2378079488482295,230.98918537472238,652.9188334523751,96,104,8,3924.927001953125,3770.593860279,0.9606787230444476,0.0,/mnt/8tb_hdd2/joyce/test/M80_US_InF_H12.txt
/mnt/8tb_hdd2/joyce/hecras-dataset/origin/Linux_RAS_v66/Minxiong_hgn_h1h6/outputs_seed/planH3/Minxiong.p01.hdf,H12,test,inflow,event_upstreamBC2,239,31,0.14264311918438172,1.309470794493423,1659.270576468561,2557.4846165815215,222,104,-118,2997.9831932773104,3770.593860279,1.2577101395145227,0.0,/mnt/8tb_hdd2/joyce/test/M80_US_InF_H12.txt
/mnt/8tb_hdd2/joyce/hecras-dataset/origin/Linux_RAS_v66/Minxiong_hgn_h1h6/outputs_seed/planH3/Minxiong.p01.hdf,H12,test,inflow,result_upstreamBC1,239,239,0.9717236882140019,0.23780795523277454,230.98918936192746,652.9188334523751,96,104,8,3924.92724609375,3770.593860279,0.9606786632877466,0.0,/mnt/8tb_hdd2/joyce/test/M80_US_InF_H12.txt
/mnt/8tb_hdd2/joyce/hecras-dataset/origin/Linux_RAS_v66/Minxiong_hgn_h1h6/outputs_seed/planH3/Minxiong.p01.hdf,H12,test,inflow,result_upstreamBC2,239,239,0.1372464941374143,1.3135855555407003,1667.6075650509197,2570.593860279,224,104,-120,3000.0,3770.593860279,1.256864620093,0.0,/mnt/8tb_hdd2/joyce/test/M80_US_InF_H12.txt
/mnt/8tb_hdd2/joyce/hecras-dataset/origin/Linux_RAS_v66/Minxiong_hgn_h1h6/outputs_seed/planH3/Minxiong.p01.hdf,H12,test,inflow,result_upstreamBC1_flow_per_face_sum,239,239,0.97172368843088,0.2378079543207891,230.98918866361666,652.9188487111642,96,104,8,3924.9271240234375,3770.593860279,0.9606786931660962,0.0,/mnt/8tb_hdd2/joyce/test/M80_US_InF_H12.txt
/mnt/8tb_hdd2/joyce/hecras-dataset/origin/Linux_RAS_v66/Minxiong_hgn_h1h6/outputs_seed/planH3/Minxiong.p01.hdf,H12,test,inflow,result_upstreamBC2_flow_per_face_sum,239,239,0.1372464941374143,1.3135855555407003,1667.6075650509197,2570.593860279,224,104,-120,3000.0,3770.593860279,1.256864620093,0.0,/mnt/8tb_hdd2/joyce/test/M80_US_InF_H12.txt
/mnt/8tb_hdd2/joyce/hecras-dataset/origin/Linux_RAS_v66/Minxiong_hgn_h1h6/outputs_seed/planH3/Minxiong.p01.hdf,H12,test,precipitation,Event Conditions/Unsteady/Boundary Conditions/Precipitation Hydrographs/2D: per2,239,239,0.9996115881937704,0.027871555615999914,6.6319875708143945,14.645423889445311,87,87,0,50.866661071777344,65.425270081,1.2862112177695164,0.0,/mnt/8tb_hdd2/joyce/test/M80_Pr_H12.txt
/mnt/8tb_hdd2/joyce/hecras-dataset/origin/Linux_RAS_v66/Minxiong_hgn_h1h6/outputs_seed/planH3/Minxiong.p01.hdf,H13,test,inflow,event_upstreamBC1,239,239,0.9571916077672484,0.2926034594216294,446.44665339108747,808.5490019531248,96,112,16,3924.927001953125,3179.972728543,0.8101992029305461,0.0,/mnt/8tb_hdd2/joyce/test/M80_US_InF_H13.txt
/mnt/8tb_hdd2/joyce/hecras-dataset/origin/Linux_RAS_v66/Minxiong_hgn_h1h6/outputs_seed/planH3/Minxiong.p01.hdf,H13,test,inflow,event_upstreamBC2,239,31,0.1989160873956243,1.265767682163181,1393.7128692375495,1980.6040352383143,222,112,-110,2997.9831932773104,3179.972728543,1.0607039878254767,0.0,/mnt/8tb_hdd2/joyce/test/M80_US_InF_H13.txt
/mnt/8tb_hdd2/joyce/hecras-dataset/origin/Linux_RAS_v66/Minxiong_hgn_h1h6/outputs_seed/planH3/Minxiong.p01.hdf,H13,test,inflow,result_upstreamBC1,239,239,0.9571916076092336,0.2926034599616572,446.44665320233423,808.5492460937498,96,112,16,3924.92724609375,3179.972728543,0.8101991525340604,0.0,/mnt/8tb_hdd2/joyce/test/M80_US_InF_H13.txt
/mnt/8tb_hdd2/joyce/hecras-dataset/origin/Linux_RAS_v66/Minxiong_hgn_h1h6/outputs_seed/planH3/Minxiong.p01.hdf,H13,test,inflow,result_upstreamBC2,239,239,0.19337700931354335,1.2701362058349934,1401.0553755802557,1987.8069550781252,224,112,-112,3000.0,3179.972728543,1.0599909095143334,0.0,/mnt/8tb_hdd2/joyce/test/M80_US_InF_H13.txt
/mnt/8tb_hdd2/joyce/hecras-dataset/origin/Linux_RAS_v66/Minxiong_hgn_h1h6/outputs_seed/planH3/Minxiong.p01.hdf,H13,test,inflow,result_upstreamBC1_flow_per_face_sum,239,239,0.9571916066288482,0.29260346331221815,446.44665389184485,808.5491240234373,96,112,16,3924.9271240234375,3179.972728543,0.8101991777323025,0.0,/mnt/8tb_hdd2/joyce/test/M80_US_InF_H13.txt
/mnt/8tb_hdd2/joyce/hecras-dataset/origin/Linux_RAS_v66/Minxiong_hgn_h1h6/outputs_seed/planH3/Minxiong.p01.hdf,H13,test,inflow,result_upstreamBC2_flow_per_face_sum,239,239,0.19337700931354335,1.2701362058349934,1401.0553755802557,1987.8069550781252,224,112,-112,3000.0,3179.972728543,1.0599909095143334,0.0,/mnt/8tb_hdd2/joyce/test/M80_US_InF_H13.txt
/mnt/8tb_hdd2/joyce/hecras-dataset/origin/Linux_RAS_v66/Minxiong_hgn_h1h6/outputs_seed/planH3/Minxiong.p01.hdf,H13,test,precipitation,Event Conditions/Unsteady/Boundary Conditions/Precipitation Hydrographs/2D: per2,239,239,0.9995874118091659,0.028725883479310665,7.296378768909278,16.01976013144531,87,87,0,50.866661071777344,66.705032349,1.3113703739050873,0.0,/mnt/8tb_hdd2/joyce/test/M80_Pr_H13.txt
/mnt/8tb_hdd2/joyce/hecras-dataset/origin/Linux_RAS_v66/Minxiong_hgn_h1h6/outputs_seed/planH3/Minxiong.p01.hdf,H14,test,inflow,event_upstreamBC1,239,239,0.9647226813374244,0.2656212290558747,288.60520792856505,571.5951726051876,96,120,24,3924.927001953125,3567.069,0.9088242910568661,0.0,/mnt/8tb_hdd2/joyce/test/M80_US_InF_H14.txt
/mnt/8tb_hdd2/joyce/hecras-dataset/origin/Linux_RAS_v66/Minxiong_hgn_h1h6/outputs_seed/planH3/Minxiong.p01.hdf,H14,test,inflow,event_upstreamBC2,239,31,0.18047763732947839,1.28025182106531,1525.2716856826917,2343.2940352383143,222,120,-102,2997.9831932773104,3567.069,1.1898228809283553,0.0,/mnt/8tb_hdd2/joyce/test/M80_US_InF_H14.txt
/mnt/8tb_hdd2/joyce/hecras-dataset/origin/Linux_RAS_v66/Minxiong_hgn_h1h6/outputs_seed/planH3/Minxiong.p01.hdf,H14,test,inflow,result_upstreamBC1,239,239,0.964722680706319,0.2656212314318299,288.60520885941287,571.5952946755001,96,120,24,3924.92724609375,3567.069,0.908824234525645,0.0,/mnt/8tb_hdd2/joyce/test/M80_US_InF_H14.txt
/mnt/8tb_hdd2/joyce/hecras-dataset/origin/Linux_RAS_v66/Minxiong_hgn_h1h6/outputs_seed/planH3/Minxiong.p01.hdf,H14,test,inflow,result_upstreamBC2,239,239,0.17459091638683574,1.2848416895580286,1533.4432511942261,2350.496955078125,224,120,-104,3000.0,3567.069,1.189023,0.0,/mnt/8tb_hdd2/joyce/test/M80_US_InF_H14.txt
/mnt/8tb_hdd2/joyce/hecras-dataset/origin/Linux_RAS_v66/Minxiong_hgn_h1h6/outputs_seed/planH3/Minxiong.p01.hdf,H14,test,inflow,result_upstreamBC1_flow_per_face_sum,239,239,0.9647226797435943,0.2656212350562591,288.6052104077106,571.5952488991329,96,120,24,3924.9271240234375,3567.069,0.9088242627912546,0.0,/mnt/8tb_hdd2/joyce/test/M80_US_InF_H14.txt
/mnt/8tb_hdd2/joyce/hecras-dataset/origin/Linux_RAS_v66/Minxiong_hgn_h1h6/outputs_seed/planH3/Minxiong.p01.hdf,H14,test,inflow,result_upstreamBC2_flow_per_face_sum,239,239,0.17459091638683574,1.2848416895580286,1533.4432511942261,2350.496955078125,224,120,-104,3000.0,3567.069,1.189023,0.0,/mnt/8tb_hdd2/joyce/test/M80_US_InF_H14.txt
/mnt/8tb_hdd2/joyce/hecras-dataset/origin/Linux_RAS_v66/Minxiong_hgn_h1h6/outputs_seed/planH3/Minxiong.p01.hdf,H14,test,precipitation,Event Conditions/Unsteady/Boundary Conditions/Precipitation Hydrographs/2D: per2,239,239,0.9995882751795859,0.028695812252517557,4.564896869572895,10.359058380222656,87,87,0,50.866661071777344,61.225719452,1.203651235641457,0.0,/mnt/8tb_hdd2/joyce/test/M80_Pr_H14.txt
/mnt/8tb_hdd2/joyce/hecras-dataset/origin/Linux_RAS_v66/Minxiong_hgn_h1h6/outputs_seed/planH3/Minxiong.p01.hdf,H15,test,inflow,event_upstreamBC1,239,239,0.9894068180167066,0.14555536392242002,330.27276942930143,783.534001953125,96,128,32,3924.927001953125,3395.156836327,0.86502419908383,0.0,/mnt/8tb_hdd2/joyce/test/M80_US_InF_H15.txt
/mnt/8tb_hdd2/joyce/hecras-dataset/origin/Linux_RAS_v66/Minxiong_hgn_h1h6/outputs_seed/planH3/Minxiong.p01.hdf,H15,test,inflow,event_upstreamBC2,239,31,-0.12526719302685668,1.5001781181092175,1520.884770086989,2136.933393909345,222,128,-94,2997.9831932773104,3395.156836327,1.1324802767208013,0.0,/mnt/8tb_hdd2/joyce/test/M80_US_InF_H15.txt
/mnt/8tb_hdd2/joyce/hecras-dataset/origin/Linux_RAS_v66/Minxiong_hgn_h1h6/outputs_seed/planH3/Minxiong.p01.hdf,H15,test,inflow,result_upstreamBC1,239,239,0.9894068161128781,0.14555537700216928,330.27277162896723,783.53424609375,96,128,32,3924.92724609375,3395.156836327,0.8650241452770877,0.0,/mnt/8tb_hdd2/joyce/test/M80_US_InF_H15.txt
/mnt/8tb_hdd2/joyce/hecras-dataset/origin/Linux_RAS_v66/Minxiong_hgn_h1h6/outputs_seed/planH3/Minxiong.p01.hdf,H15,test,inflow,result_upstreamBC2,239,239,-0.13134462555330126,1.5042238035301139,1527.5340029405434,2142.9358271091874,224,128,-96,3000.0,3395.156836327,1.1317189454423333,0.0,/mnt/8tb_hdd2/joyce/test/M80_US_InF_H15.txt
/mnt/8tb_hdd2/joyce/hecras-dataset/origin/Linux_RAS_v66/Minxiong_hgn_h1h6/outputs_seed/planH3/Minxiong.p01.hdf,H15,test,inflow,result_upstreamBC1_flow_per_face_sum,239,239,0.9894068169243623,0.14555537142708005,330.27277038199503,783.5341240234375,96,128,32,3924.9271240234375,3395.156836327,0.865024172180458,0.0,/mnt/8tb_hdd2/joyce/test/M80_US_InF_H15.txt
/mnt/8tb_hdd2/joyce/hecras-dataset/origin/Linux_RAS_v66/Minxiong_hgn_h1h6/outputs_seed/planH3/Minxiong.p01.hdf,H15,test,inflow,result_upstreamBC2_flow_per_face_sum,239,239,-0.13134462555330126,1.5042238035301139,1527.5340029405434,2142.9358271091874,224,128,-96,3000.0,3395.156836327,1.1317189454423333,0.0,/mnt/8tb_hdd2/joyce/test/M80_US_InF_H15.txt
/mnt/8tb_hdd2/joyce/hecras-dataset/origin/Linux_RAS_v66/Minxiong_hgn_h1h6/outputs_seed/planH3/Minxiong.p01.hdf,H15,test,precipitation,Event Conditions/Unsteady/Boundary Conditions/Precipitation Hydrographs/2D: per2,239,239,0.9994932412680638,0.031835789041106545,11.290851338505478,25.11087417584571,87,88,1,50.866661071777344,75.930831909,1.4927426001454058,0.0,/mnt/8tb_hdd2/joyce/test/M80_Pr_H15.txt
/mnt/8tb_hdd2/joyce/hecras-dataset/origin/Linux_RAS_v66/Minxiong_hgn_h1h6/outputs_seed/planH4/Minxiong.p01.hdf,H1,train,inflow,event_upstreamBC1,239,239,0.794175840087232,0.6415982542257551,573.2598540106972,928.3673059727498,112,112,0,3313.65673828125,3776.869530938,1.1397890093157363,0.0,/mnt/8tb_hdd2/joyce/train/M80_US_InF_H1.txt
/mnt/8tb_hdd2/joyce/hecras-dataset/origin/Linux_RAS_v66/Minxiong_hgn_h1h6/outputs_seed/planH4/Minxiong.p01.hdf,H1,train,inflow,event_upstreamBC2,239,31,0.2916833203760999,1.1902240794269794,1660.799728085674,2442.7518838791766,222,112,-110,2997.9831932773104,3776.869530938,1.2598034369929982,0.0,/mnt/8tb_hdd2/joyce/train/M80_US_InF_H1.txt
/mnt/8tb_hdd2/joyce/hecras-dataset/origin/Linux_RAS_v66/Minxiong_hgn_h1h6/outputs_seed/planH4/Minxiong.p01.hdf,H1,train,inflow,result_upstreamBC1,239,239,0.7941758376310174,0.6415982580540299,573.2598526874867,928.3673059727498,112,112,0,3313.65673828125,3776.869530938,1.1397890093157363,0.0,/mnt/8tb_hdd2/joyce/train/M80_US_InF_H1.txt
/mnt/8tb_hdd2/joyce/hecras-dataset/origin/Linux_RAS_v66/Minxiong_hgn_h1h6/outputs_seed/planH4/Minxiong.p01.hdf,H1,train,inflow,result_upstreamBC2,239,239,0.28624630013180596,1.194783411224138,1669.9404673833476,2456.869530938,224,112,-112,3000.0,3776.869530938,1.2589565103126668,0.0,/mnt/8tb_hdd2/joyce/train/M80_US_InF_H1.txt
/mnt/8tb_hdd2/joyce/hecras-dataset/origin/Linux_RAS_v66/Minxiong_hgn_h1h6/outputs_seed/planH4/Minxiong.p01.hdf,H1,train,inflow,result_upstreamBC1_flow_per_face_sum,239,239,0.794175826579625,0.6415982752788137,573.2598592431331,928.3673059727498,112,112,0,3313.6567993164062,3776.869530938,1.139788988321649,0.0,/mnt/8tb_hdd2/joyce/train/M80_US_InF_H1.txt
/mnt/8tb_hdd2/joyce/hecras-dataset/origin/Linux_RAS_v66/Minxiong_hgn_h1h6/outputs_seed/planH4/Minxiong.p01.hdf,H1,train,inflow,result_upstreamBC2_flow_per_face_sum,239,239,0.28624630013180596,1.194783411224138,1669.9404673833476,2456.869530938,224,112,-112,3000.0,3776.869530938,1.2589565103126668,0.0,/mnt/8tb_hdd2/joyce/train/M80_US_InF_H1.txt
/mnt/8tb_hdd2/joyce/hecras-dataset/origin/Linux_RAS_v66/Minxiong_hgn_h1h6/outputs_seed/planH4/Minxiong.p01.hdf,H1,train,precipitation,Event Conditions/Unsteady/Boundary Conditions/Precipitation Hydrographs/2D: per2,239,239,0.9996428874160264,0.02672499144901829,2.2526253381860224,5.209949493513676,88,88,0,63.22404861450195,67.923568726,1.074331211216045,0.0,/mnt/8tb_hdd2/joyce/train/M80_Pr_H1.txt
/mnt/8tb_hdd2/joyce/hecras-dataset/origin/Linux_RAS_v66/Minxiong_hgn_h1h6/outputs_seed/planH4/Minxiong.p01.hdf,H2,train,inflow,event_upstreamBC1,239,239,0.9080723101909403,0.4287836046517174,410.8553785936458,783.1177989531252,112,128,16,3313.65673828125,3802.466187625,1.147513604440902,0.0,/mnt/8tb_hdd2/joyce/train/M80_US_InF_H2.txt
/mnt/8tb_hdd2/joyce/hecras-dataset/origin/Linux_RAS_v66/Minxiong_hgn_h1h6/outputs_seed/planH4/Minxiong.p01.hdf,H2,train,inflow,event_upstreamBC2,239,31,0.06069464528408745,1.3706242043068644,1656.5996258744085,2514.860035238314,222,128,-94,2997.9831932773104,3802.466187625,1.268341395692833,0.0,/mnt/8tb_hdd2/joyce/train/M80_US_InF_H2.txt
/mnt/8tb_hdd2/joyce/hecras-dataset/origin/Linux_RAS_v66/Minxiong_hgn_h1h6/outputs_seed/planH4/Minxiong.p01.hdf,H2,train,inflow,result_upstreamBC1,239,239,0.9080723100539547,0.4287836049711913,410.8553734660717,783.1180430937502,112,128,16,3313.65673828125,3802.466187625,1.147513604440902,0.0,/mnt/8tb_hdd2/joyce/train/M80_US_InF_H2.txt
/mnt/8tb_hdd2/joyce/hecras-dataset/origin/Linux_RAS_v66/Minxiong_hgn_h1h6/outputs_seed/planH4/Minxiong.p01.hdf,H2,train,inflow,result_upstreamBC2,239,239,0.05456728341886038,1.375087427461352,1664.7630005057372,2522.062955078125,224,128,-96,3000.0,3802.466187625,1.2674887292083334,0.0,/mnt/8tb_hdd2/joyce/train/M80_US_InF_H2.txt
/mnt/8tb_hdd2/joyce/hecras-dataset/origin/Linux_RAS_v66/Minxiong_hgn_h1h6/outputs_seed/planH4/Minxiong.p01.hdf,H2,train,inflow,result_upstreamBC1_flow_per_face_sum,239,239,0.9080723035761223,0.42878362007865106,410.85537977768894,783.117982058594,112,128,16,3313.6567993164062,3802.466187625,1.1475135833045333,0.0,/mnt/8tb_hdd2/joyce/train/M80_US_InF_H2.txt
/mnt/8tb_hdd2/joyce/hecras-dataset/origin/Linux_RAS_v66/Minxiong_hgn_h1h6/outputs_seed/planH4/Minxiong.p01.hdf,H2,train,inflow,result_upstreamBC2_flow_per_face_sum,239,239,0.05456728341886038,1.375087427461352,1664.7630005057372,2522.062955078125,224,128,-96,3000.0,3802.466187625,1.2674887292083334,0.0,/mnt/8tb_hdd2/joyce/train/M80_US_InF_H2.txt
/mnt/8tb_hdd2/joyce/hecras-dataset/origin/Linux_RAS_v66/Minxiong_hgn_h1h6/outputs_seed/planH4/Minxiong.p01.hdf,H2,train,precipitation,Event Conditions/Unsteady/Boundary Conditions/Precipitation Hydrographs/2D: per2,239,239,0.9996683953978043,0.02575284847158111,3.867205661708661,9.086460113513667,88,87,-1,63.22404861450195,71.740776062,1.134707087479123,0.0,/mnt/8tb_hdd2/joyce/train/M80_Pr_H2.txt
/mnt/8tb_hdd2/joyce/hecras-dataset/origin/Linux_RAS_v66/Minxiong_hgn_h1h6/outputs_seed/planH4/Minxiong.p01.hdf,H3,train,inflow,event_upstreamBC1,239,239,0.9495893887621437,0.3175235778264558,422.9068710835472,836.270150250125,112,96,-16,3313.65673828125,3924.927,1.184470000968117,0.0,/mnt/8tb_hdd2/joyce/train/M80_US_InF_H3.txt
/mnt/8tb_hdd2/joyce/hecras-dataset/origin/Linux_RAS_v66/Minxiong_hgn_h1h6/outputs_seed/planH4/Minxiong.p01.hdf,H3,train,inflow,event_upstreamBC2,239,31,-0.05440103893977544,1.4521715042926406,1752.274629179314,2789.1530352383143,222,96,-126,2997.9831932773104,3924.927,1.309189127144299,0.0,/mnt/8tb_hdd2/joyce/train/M80_US_InF_H3.txt
/mnt/8tb_hdd2/joyce/hecras-dataset/origin/Linux_RAS_v66/Minxiong_hgn_h1h6/outputs_seed/planH4/Minxiong.p01.hdf,H3,train,inflow,result_upstreamBC1,239,239,0.9495893880752487,0.3175235799897428,422.90686442229355,836.27039439075,112,96,-16,3313.65673828125,3924.927,1.184470000968117,0.0,/mnt/8tb_hdd2/joyce/train/M80_US_InF_H3.txt
/mnt/8tb_hdd2/joyce/hecras-dataset/origin/Linux_RAS_v66/Minxiong_hgn_h1h6/outputs_seed/planH4/Minxiong.p01.hdf,H3,train,inflow,result_upstreamBC2,239,239,-0.06028470295894768,1.4562174995233015,1760.0139821068897,2796.355955078125,224,96,-128,3000.0,3924.927,1.308309,0.0,/mnt/8tb_hdd2/joyce/train/M80_US_InF_H3.txt
/mnt/8tb_hdd2/joyce/hecras-dataset/origin/Linux_RAS_v66/Minxiong_hgn_h1h6/outputs_seed/planH4/Minxiong.p01.hdf,H3,train,inflow,result_upstreamBC1_flow_per_face_sum,239,239,0.9495893837482716,0.3175235936170042,422.90686921344326,836.2703333555937,112,96,-16,3313.6567993164062,3924.927,1.1844699791510382,0.0,/mnt/8tb_hdd2/joyce/train/M80_US_InF_H3.txt
/mnt/8tb_hdd2/joyce/hecras-dataset/origin/Linux_RAS_v66/Minxiong_hgn_h1h6/outputs_seed/planH4/Minxiong.p01.hdf,H3,train,inflow,result_upstreamBC2_flow_per_face_sum,239,239,-0.06028470295894768,1.4562174995233015,1760.0139821068897,2796.355955078125,224,96,-128,3000.0,3924.927,1.308309,0.0,/mnt/8tb_hdd2/joyce/train/M80_US_InF_H3.txt
/mnt/8tb_hdd2/joyce/hecras-dataset/origin/Linux_RAS_v66/Minxiong_hgn_h1h6/outputs_seed/planH4/Minxiong.p01.hdf,H3,train,precipitation,Event Conditions/Unsteady/Boundary Conditions/Precipitation Hydrographs/2D: per2,239,239,0.9995409047850671,0.030301657213291863,5.634436390767089,12.40409088150195,88,87,-1,63.22404861450195,50.866661072,0.8045460894500911,0.0,/mnt/8tb_hdd2/joyce/train/M80_Pr_H3.txt
/mnt/8tb_hdd2/joyce/hecras-dataset/origin/Linux_RAS_v66/Minxiong_hgn_h1h6/outputs_seed/planH4/Minxiong.p01.hdf,H4,train,inflow,event_upstreamBC1,239,239,0.9999999999999938,1.1737995577954386e-07,6.66067549700963e-05,0.00012501550008892082,112,112,0,3313.65673828125,3313.656858284,1.000000036214599,1.0,/mnt/8tb_hdd2/joyce/train/M80_US_InF_H4.txt
/mnt/8tb_hdd2/joyce/hecras-dataset/origin/Linux_RAS_v66/Minxiong_hgn_h1h6/outputs_seed/planH4/Minxiong.p01.hdf,H4,train,inflow,event_upstreamBC2,239,31,-0.3429125937969653,1.638848738472813,1545.3961585033003,2193.858132432345,222,112,-110,2997.9831932773104,3313.656858284,1.1052953417866243,0.0,/mnt/8tb_hdd2/joyce/train/M80_US_InF_H4.txt
/mnt/8tb_hdd2/joyce/hecras-dataset/origin/Linux_RAS_v66/Minxiong_hgn_h1h6/outputs_seed/planH4/Minxiong.p01.hdf,H4,train,inflow,result_upstreamBC1,239,239,0.9999999999999802,2.007600283215509e-07,0.00011436832629411694,0.0003619712501858885,112,112,0,3313.65673828125,3313.656858284,1.000000036214599,1.0,/mnt/8tb_hdd2/joyce/train/M80_US_InF_H4.txt
/mnt/8tb_hdd2/joyce/hecras-dataset/origin/Linux_RAS_v66/Minxiong_hgn_h1h6/outputs_seed/planH4/Minxiong.p01.hdf,H4,train,inflow,result_upstreamBC2,239,239,-0.3485565945485672,1.6422890090045463,1550.971448089331,2199.8605656321874,224,112,-112,3000.0,3313.656858284,1.1045522860946666,0.0,/mnt/8tb_hdd2/joyce/train/M80_US_InF_H4.txt
/mnt/8tb_hdd2/joyce/hecras-dataset/origin/Linux_RAS_v66/Minxiong_hgn_h1h6/outputs_seed/planH4/Minxiong.p01.hdf,H4,train,inflow,result_upstreamBC1_flow_per_face_sum,239,239,0.9999999999999822,1.8402663898939467e-07,0.00010483186716955608,0.0002704185158108885,112,112,0,3313.6567993164062,3313.656858284,1.0000000177953232,1.0,/mnt/8tb_hdd2/joyce/train/M80_US_InF_H4.txt
/mnt/8tb_hdd2/joyce/hecras-dataset/origin/Linux_RAS_v66/Minxiong_hgn_h1h6/outputs_seed/planH4/Minxiong.p01.hdf,H4,train,inflow,result_upstreamBC2_flow_per_face_sum,239,239,-0.3485565945485672,1.6422890090045463,1550.971448089331,2199.8605656321874,224,112,-112,3000.0,3313.656858284,1.1045522860946666,0.0,/mnt/8tb_hdd2/joyce/train/M80_US_InF_H4.txt
/mnt/8tb_hdd2/joyce/hecras-dataset/origin/Linux_RAS_v66/Minxiong_hgn_h1h6/outputs_seed/planH4/Minxiong.p01.hdf,H4,train,precipitation,Event Conditions/Unsteady/Boundary Conditions/Precipitation Hydrographs/2D: per2,239,239,1.0,1.2759389288153e-11,2.493510214753057e-10,5.136726599630492e-10,88,88,0,63.22404861450195,63.224048615,1.0000000000078775,1.0,/mnt/8tb_hdd2/joyce/train/M80_Pr_H4.txt
/mnt/8tb_hdd2/joyce/hecras-dataset/origin/Linux_RAS_v66/Minxiong_hgn_h1h6/outputs_seed/planH4/Minxiong.p01.hdf,H5,train,inflow,event_upstreamBC1,239,239,0.9917226734337043,0.1286648869450871,146.1997249457819,264.93171150675016,112,120,8,3313.65673828125,3273.61,0.9879146388886311,0.0,/mnt/8tb_hdd2/joyce/train/M80_US_InF_H5.txt
/mnt/8tb_hdd2/joyce/hecras-dataset/origin/Linux_RAS_v66/Minxiong_hgn_h1h6/outputs_seed/planH4/Minxiong.p01.hdf,H5,train,inflow,event_upstreamBC2,239,31,-0.2970331542499765,1.6106105390503171,1455.9438448549533,2010.2768732356226,222,120,-102,2997.9831932773104,3273.61,1.0919374089023435,0.0,/mnt/8tb_hdd2/joyce/train/M80_US_InF_H5.txt
/mnt/8tb_hdd2/joyce/hecras-dataset/origin/Linux_RAS_v66/Minxiong_hgn_h1h6/outputs_seed/planH4/Minxiong.p01.hdf,H5,train,inflow,result_upstreamBC1,239,239,0.9917226740102066,0.12866488246443264,146.19972746405747,264.93171150675016,112,120,8,3313.65673828125,3273.61,0.9879146388886311,0.0,/mnt/8tb_hdd2/joyce/train/M80_US_InF_H5.txt
/mnt/8tb_hdd2/joyce/hecras-dataset/origin/Linux_RAS_v66/Minxiong_hgn_h1h6/outputs_seed/planH4/Minxiong.p01.hdf,H5,train,inflow,result_upstreamBC2,239,239,-0.30264786672109556,1.614092851555384,1461.0099418079972,2015.6789892578126,224,120,-104,3000.0,3273.61,1.0912033333333333,0.0,/mnt/8tb_hdd2/joyce/train/M80_US_InF_H5.txt
/mnt/8tb_hdd2/joyce/hecras-dataset/origin/Linux_RAS_v66/Minxiong_hgn_h1h6/outputs_seed/planH4/Minxiong.p01.hdf,H5,train,inflow,result_upstreamBC1_flow_per_face_sum,239,239,0.9917226737683899,0.12866488434386045,146.19973003862629,264.9317420243283,112,120,8,3313.6567993164062,3273.61,0.9879146206919596,0.0,/mnt/8tb_hdd2/joyce/train/M80_US_InF_H5.txt
/mnt/8tb_hdd2/joyce/hecras-dataset/origin/Linux_RAS_v66/Minxiong_hgn_h1h6/outputs_seed/planH4/Minxiong.p01.hdf,H5,train,inflow,result_upstreamBC2_flow_per_face_sum,239,239,-0.30264786672109556,1.614092851555384,1461.0099418079972,2015.6789892578126,224,120,-104,3000.0,3273.61,1.0912033333333333,0.0,/mnt/8tb_hdd2/joyce/train/M80_US_InF_H5.txt
/mnt/8tb_hdd2/joyce/hecras-dataset/origin/Linux_RAS_v66/Minxiong_hgn_h1h6/outputs_seed/planH4/Minxiong.p01.hdf,H5,train,precipitation,Event Conditions/Unsteady/Boundary Conditions/Precipitation Hydrographs/2D: per2,239,239,0.9994963216700838,0.03173888246034243,4.570257146561102,10.408668518501955,88,87,-1,63.22404861450195,53.548282623,0.8469606707647225,0.0,/mnt/8tb_hdd2/joyce/train/M80_Pr_H5.txt
/mnt/8tb_hdd2/joyce/hecras-dataset/origin/Linux_RAS_v66/Minxiong_hgn_h1h6/outputs_seed/planH4/Minxiong.p01.hdf,H6,train,inflow,event_upstreamBC1,239,239,0.8573649206011665,0.5341068795640694,300.37393423171113,536.8285488904376,112,128,16,3313.65673828125,3347.03503992,1.0100729509044026,0.0,/mnt/8tb_hdd2/joyce/train/M80_US_InF_H6.txt
/mnt/8tb_hdd2/joyce/hecras-dataset/origin/Linux_RAS_v66/Minxiong_hgn_h1h6/outputs_seed/planH4/Minxiong.p01.hdf,H6,train,inflow,event_upstreamBC2,239,31,0.17156709166326917,1.2871929989995528,1376.8444598455887,1983.060035238314,222,128,-94,2997.9831932773104,3347.03503992,1.1164288870682815,0.0,/mnt/8tb_hdd2/joyce/train/M80_US_InF_H6.txt
/mnt/8tb_hdd2/joyce/hecras-dataset/origin/Linux_RAS_v66/Minxiong_hgn_h1h6/outputs_seed/planH4/Minxiong.p01.hdf,H6,train,inflow,result_upstreamBC1,239,239,0.8573649195984836,0.5341068814413773,300.37393791622463,536.8286709607501,112,128,16,3313.65673828125,3347.03503992,1.0100729509044026,0.0,/mnt/8tb_hdd2/joyce/train/M80_US_InF_H6.txt
/mnt/8tb_hdd2/joyce/hecras-dataset/origin/Linux_RAS_v66/Minxiong_hgn_h1h6/outputs_seed/planH4/Minxiong.p01.hdf,H6,train,inflow,result_upstreamBC2,239,239,0.16589431802471474,1.29159256886627,1384.1514429724812,1990.2629550781248,224,128,-96,3000.0,3347.03503992,1.11567834664,0.0,/mnt/8tb_hdd2/joyce/train/M80_US_InF_H6.txt
/mnt/8tb_hdd2/joyce/hecras-dataset/origin/Linux_RAS_v66/Minxiong_hgn_h1h6/outputs_seed/planH4/Minxiong.p01.hdf,H6,train,inflow,result_upstreamBC1_flow_per_face_sum,239,239,0.8573649105872077,0.5341068983130475,300.373946439984,536.8286099255938,112,128,16,3313.6567993164062,3347.03503992,1.0100729322995912,0.0,/mnt/8tb_hdd2/joyce/train/M80_US_InF_H6.txt
/mnt/8tb_hdd2/joyce/hecras-dataset/origin/Linux_RAS_v66/Minxiong_hgn_h1h6/outputs_seed/planH4/Minxiong.p01.hdf,H6,train,inflow,result_upstreamBC2_flow_per_face_sum,239,239,0.16589431802471474,1.29159256886627,1384.1514429724812,1990.2629550781248,224,128,-96,3000.0,3347.03503992,1.11567834664,0.0,/mnt/8tb_hdd2/joyce/train/M80_US_InF_H6.txt
/mnt/8tb_hdd2/joyce/hecras-dataset/origin/Linux_RAS_v66/Minxiong_hgn_h1h6/outputs_seed/planH4/Minxiong.p01.hdf,H6,train,precipitation,Event Conditions/Unsteady/Boundary Conditions/Precipitation Hydrographs/2D: per2,239,239,0.9995821883174876,0.02890715075949985,2.5824512032373037,6.062614440433592,88,87,-1,63.22404861450195,57.482151031,0.9091817479372096,0.0,/mnt/8tb_hdd2/joyce/train/M80_Pr_H6.txt
/mnt/8tb_hdd2/joyce/hecras-dataset/origin/Linux_RAS_v66/Minxiong_hgn_h1h6/outputs_seed/planH4/Minxiong.p01.hdf,H7,train,inflow,event_upstreamBC1,239,239,0.8747849902117922,0.5004298348184447,515.6868902800242,803.4149921865001,112,112,0,3313.65673828125,3812.946467066,1.1506763579391523,0.0,/mnt/8tb_hdd2/joyce/train/M80_US_InF_H7.txt
/mnt/8tb_hdd2/joyce/hecras-dataset/origin/Linux_RAS_v66/Minxiong_hgn_h1h6/outputs_seed/planH4/Minxiong.p01.hdf,H7,train,inflow,event_upstreamBC2,239,31,0.141055556596071,1.3106826033818628,1719.3877718762553,2508.949645755909,222,112,-110,2997.9831932773104,3812.946467066,1.2718371722750703,0.0,/mnt/8tb_hdd2/joyce/train/M80_US_InF_H7.txt
/mnt/8tb_hdd2/joyce/hecras-dataset/origin/Linux_RAS_v66/Minxiong_hgn_h1h6/outputs_seed/planH4/Minxiong.p01.hdf,H7,train,inflow,result_upstreamBC1,239,239,0.8747849890011924,0.5004298372375641,515.686886647338,803.4149921865001,112,112,0,3313.65673828125,3812.946467066,1.1506763579391523,0.0,/mnt/8tb_hdd2/joyce/train/M80_US_InF_H7.txt
/mnt/8tb_hdd2/joyce/hecras-dataset/origin/Linux_RAS_v66/Minxiong_hgn_h1h6/outputs_seed/planH4/Minxiong.p01.hdf,H7,train,inflow,result_upstreamBC2,239,239,0.13524589417308336,1.3151076806306898,1728.0729974145913,2515.5522432890625,224,112,-112,3000.0,3812.946467066,1.2709821556886667,0.0,/mnt/8tb_hdd2/joyce/train/M80_US_InF_H7.txt
/mnt/8tb_hdd2/joyce/hecras-dataset/origin/Linux_RAS_v66/Minxiong_hgn_h1h6/outputs_seed/planH4/Minxiong.p01.hdf,H7,train,inflow,result_upstreamBC1_flow_per_face_sum,239,239,0.8747849812612181,0.5004298527042159,515.6868917297766,803.4149311513438,112,112,0,3313.6567993164062,3812.946467066,1.150676336744528,0.0,/mnt/8tb_hdd2/joyce/train/M80_US_InF_H7.txt
/mnt/8tb_hdd2/joyce/hecras-dataset/origin/Linux_RAS_v66/Minxiong_hgn_h1h6/outputs_seed/planH4/Minxiong.p01.hdf,H7,train,inflow,result_upstreamBC2_flow_per_face_sum,239,239,0.13524589417308336,1.3151076806306898,1728.0729974145913,2515.5522432890625,224,112,-112,3000.0,3812.946467066,1.2709821556886667,0.0,/mnt/8tb_hdd2/joyce/train/M80_US_InF_H7.txt
/mnt/8tb_hdd2/joyce/hecras-dataset/origin/Linux_RAS_v66/Minxiong_hgn_h1h6/outputs_seed/planH4/Minxiong.p01.hdf,H7,train,precipitation,Event Conditions/Unsteady/Boundary Conditions/Precipitation Hydrographs/2D: per2,239,239,0.9997363109517778,0.02296471415986081,1.7497548973631887,4.274932861501952,88,87,-1,63.22404861450195,59.882778168,0.9471519062805549,0.0,/mnt/8tb_hdd2/joyce/train/M80_Pr_H7.txt
/mnt/8tb_hdd2/joyce/hecras-dataset/origin/Linux_RAS_v66/Minxiong_hgn_h1h6/outputs_seed/planH4/Minxiong.p01.hdf,H8,train,inflow,event_upstreamBC1,239,239,0.8940265242903954,0.46037696664712613,342.87874150720694,682.6180410156251,112,112,0,3313.65673828125,3664.160580838,1.105775543527949,0.0,/mnt/8tb_hdd2/joyce/train/M80_US_InF_H8.txt
/mnt/8tb_hdd2/joyce/hecras-dataset/origin/Linux_RAS_v66/Minxiong_hgn_h1h6/outputs_seed/planH4/Minxiong.p01.hdf,H8,train,inflow,event_upstreamBC2,239,31,0.09293890371387944,1.3468935342380415,1525.2689320466484,2330.0429337791766,222,112,-110,2997.9831932773104,3664.160580838,1.2222085130612235,0.0,/mnt/8tb_hdd2/joyce/train/M80_US_InF_H8.txt
/mnt/8tb_hdd2/joyce/hecras-dataset/origin/Linux_RAS_v66/Minxiong_hgn_h1h6/outputs_seed/planH4/Minxiong.p01.hdf,H8,train,inflow,result_upstreamBC1,239,239,0.8940265241561348,0.46037696693875674,342.8787384364317,682.6180410156251,112,112,0,3313.65673828125,3664.160580838,1.105775543527949,0.0,/mnt/8tb_hdd2/joyce/train/M80_US_InF_H8.txt
/mnt/8tb_hdd2/joyce/hecras-dataset/origin/Linux_RAS_v66/Minxiong_hgn_h1h6/outputs_seed/planH4/Minxiong.p01.hdf,H8,train,inflow,result_upstreamBC2,239,239,0.08701354753216779,1.3512856489046514,1532.985959082716,2344.160580838,224,112,-112,3000.0,3664.160580838,1.2213868602793334,0.0,/mnt/8tb_hdd2/joyce/train/M80_US_InF_H8.txt
/mnt/8tb_hdd2/joyce/hecras-dataset/origin/Linux_RAS_v66/Minxiong_hgn_h1h6/outputs_seed/planH4/Minxiong.p01.hdf,H8,train,inflow,result_upstreamBC1_flow_per_face_sum,239,239,0.894026517304877,0.4603769818206008,342.8787465870535,682.6180715332032,112,112,0,3313.6567993164062,3664.160580838,1.105775523160365,0.0,/mnt/8tb_hdd2/joyce/train/M80_US_InF_H8.txt
/mnt/8tb_hdd2/joyce/hecras-dataset/origin/Linux_RAS_v66/Minxiong_hgn_h1h6/outputs_seed/planH4/Minxiong.p01.hdf,H8,train,inflow,result_upstreamBC2_flow_per_face_sum,239,239,0.08701354753216779,1.3512856489046514,1532.985959082716,2344.160580838,224,112,-112,3000.0,3664.160580838,1.2213868602793334,0.0,/mnt/8tb_hdd2/joyce/train/M80_US_InF_H8.txt
/mnt/8tb_hdd2/joyce/hecras-dataset/origin/Linux_RAS_v66/Minxiong_hgn_h1h6/outputs_seed/planH4/Minxiong.p01.hdf,H8,train,precipitation,Event Conditions/Unsteady/Boundary Conditions/Precipitation Hydrographs/2D: per2,239,239,0.9997500162235476,0.022359954224210412,0.43558952197006784,2.2518005373999017,88,87,-1,63.22404861450195,63.256023407,1.0005057378196864,0.0,/mnt/8tb_hdd2/joyce/train/M80_Pr_H8.txt
/mnt/8tb_hdd2/joyce/hecras-dataset/origin/Linux_RAS_v66/Minxiong_hgn_h1h6/outputs_seed/planH4/Minxiong.p01.hdf,H9,train,inflow,event_upstreamBC1,239,239,0.9744791970353524,0.22592389410882702,423.2642264070003,701.892038474125,112,104,-8,3313.65673828125,3766.986391217,1.1368064614836617,0.0,/mnt/8tb_hdd2/joyce/train/M80_US_InF_H9.txt
/mnt/8tb_hdd2/joyce/hecras-dataset/origin/Linux_RAS_v66/Minxiong_hgn_h1h6/outputs_seed/planH4/Minxiong.p01.hdf,H9,train,inflow,event_upstreamBC2,239,31,-0.17335190446880708,1.5318954954361652,1779.5331507554827,2553.877147519521,222,104,-118,2997.9831932773104,3766.986391217,1.2565068408869353,0.0,/mnt/8tb_hdd2/joyce/train/M80_US_InF_H9.txt
/mnt/8tb_hdd2/joyce/hecras-dataset/origin/Linux_RAS_v66/Minxiong_hgn_h1h6/outputs_seed/planH4/Minxiong.p01.hdf,H9,train,inflow,result_upstreamBC1,239,239,0.9744791968541464,0.22592389491089093,423.26422284417004,701.89228261475,112,104,-8,3313.65673828125,3766.986391217,1.1368064614836617,0.0,/mnt/8tb_hdd2/joyce/train/M80_US_InF_H9.txt
/mnt/8tb_hdd2/joyce/hecras-dataset/origin/Linux_RAS_v66/Minxiong_hgn_h1h6/outputs_seed/planH4/Minxiong.p01.hdf,H9,train,inflow,result_upstreamBC2,239,239,-0.1792305075361108,1.5357281709574198,1787.129409227326,2566.986391217,224,104,-120,3000.0,3766.986391217,1.2556621304056665,0.0,/mnt/8tb_hdd2/joyce/train/M80_US_InF_H9.txt
/mnt/8tb_hdd2/joyce/hecras-dataset/origin/Linux_RAS_v66/Minxiong_hgn_h1h6/outputs_seed/planH4/Minxiong.p01.hdf,H9,train,inflow,result_upstreamBC1_flow_per_face_sum,239,239,0.9744791942094175,0.22592390661717474,423.26422238438744,701.8922215795938,112,104,-8,3313.6567993164062,3766.986391217,1.1368064405445106,0.0,/mnt/8tb_hdd2/joyce/train/M80_US_InF_H9.txt
/mnt/8tb_hdd2/joyce/hecras-dataset/origin/Linux_RAS_v66/Minxiong_hgn_h1h6/outputs_seed/planH4/Minxiong.p01.hdf,H9,train,inflow,result_upstreamBC2_flow_per_face_sum,239,239,-0.1792305075361108,1.5357281709574198,1787.129409227326,2566.986391217,224,104,-120,3000.0,3766.986391217,1.2556621304056665,0.0,/mnt/8tb_hdd2/joyce/train/M80_US_InF_H9.txt
/mnt/8tb_hdd2/joyce/hecras-dataset/origin/Linux_RAS_v66/Minxiong_hgn_h1h6/outputs_seed/planH4/Minxiong.p01.hdf,H9,train,precipitation,Event Conditions/Unsteady/Boundary Conditions/Precipitation Hydrographs/2D: per2,239,239,0.999648014282651,0.026532460019755406,0.6015447497739737,2.3851256369374996,88,87,-1,63.22404861450195,62.166553497,0.9832738468877587,0.0,/mnt/8tb_hdd2/joyce/train/M80_Pr_H9.txt
/mnt/8tb_hdd2/joyce/hecras-dataset/origin/Linux_RAS_v66/Minxiong_hgn_h1h6/outputs_seed/planH4/Minxiong.p01.hdf,H10,train,inflow,event_upstreamBC1,239,239,0.9147622688348633,0.41288674273978987,309.2886101082351,727.592041015625,112,144,32,3313.65673828125,3176.331,0.9585576451855182,0.0,/mnt/8tb_hdd2/joyce/train/M80_US_InF_H10.txt
/mnt/8tb_hdd2/joyce/hecras-dataset/origin/Linux_RAS_v66/Minxiong_hgn_h1h6/outputs_seed/planH4/Minxiong.p01.hdf,H10,train,inflow,event_upstreamBC2,239,31,0.052834200564095476,1.3763471941598926,1299.363393318363,1813.8927232513452,222,144,-78,2997.9831932773104,3176.331,1.0594892616885303,0.0,/mnt/8tb_hdd2/joyce/train/M80_US_InF_H10.txt
/mnt/8tb_hdd2/joyce/hecras-dataset/origin/Linux_RAS_v66/Minxiong_hgn_h1h6/outputs_seed/planH4/Minxiong.p01.hdf,H10,train,inflow,result_upstreamBC1,239,239,0.9147622675673315,0.4128867458097159,309.2886149744273,727.592041015625,112,144,32,3313.65673828125,3176.331,0.9585576451855182,0.0,/mnt/8tb_hdd2/joyce/train/M80_US_InF_H10.txt
/mnt/8tb_hdd2/joyce/hecras-dataset/origin/Linux_RAS_v66/Minxiong_hgn_h1h6/outputs_seed/planH4/Minxiong.p01.hdf,H10,train,inflow,result_upstreamBC2,239,239,0.04702766895254076,1.3805595467399872,1305.3903761183199,1819.8951564511876,224,144,-80,3000.0,3176.331,1.058777,0.0,/mnt/8tb_hdd2/joyce/train/M80_US_InF_H10.txt
/mnt/8tb_hdd2/joyce/hecras-dataset/origin/Linux_RAS_v66/Minxiong_hgn_h1h6/outputs_seed/planH4/Minxiong.p01.hdf,H10,train,inflow,result_upstreamBC1_flow_per_face_sum,239,239,0.9147622615987657,0.41288676026541055,309.28862274986466,727.5920715332031,112,144,32,3313.6567993164062,3176.331,0.9585576275295813,0.0,/mnt/8tb_hdd2/joyce/train/M80_US_InF_H10.txt
/mnt/8tb_hdd2/joyce/hecras-dataset/origin/Linux_RAS_v66/Minxiong_hgn_h1h6/outputs_seed/planH4/Minxiong.p01.hdf,H10,train,inflow,result_upstreamBC2_flow_per_face_sum,239,239,0.04702766895254076,1.3805595467399872,1305.3903761183199,1819.8951564511876,224,144,-80,3000.0,3176.331,1.058777,0.0,/mnt/8tb_hdd2/joyce/train/M80_US_InF_H10.txt
/mnt/8tb_hdd2/joyce/hecras-dataset/origin/Linux_RAS_v66/Minxiong_hgn_h1h6/outputs_seed/planH4/Minxiong.p01.hdf,H10,train,precipitation,Event Conditions/Unsteady/Boundary Conditions/Precipitation Hydrographs/2D: per2,239,239,0.9996981332048477,0.024570990828666834,0.9825973957991855,2.464580535501952,88,87,-1,63.22404861450195,61.519306183,0.9730364873990223,0.0,/mnt/8tb_hdd2/joyce/train/M80_Pr_H10.txt
/mnt/8tb_hdd2/joyce/hecras-dataset/origin/Linux_RAS_v66/Minxiong_hgn_h1h6/outputs_seed/planH4/Minxiong.p01.hdf,H11,test,inflow,event_upstreamBC1,239,239,0.9505197176832423,0.31457998129810455,397.8687970256431,884.2763299257499,112,128,16,3313.65673828125,3754.147968064,1.1329320640529674,0.0,/mnt/8tb_hdd2/joyce/test/M80_US_InF_H11.txt
/mnt/8tb_hdd2/joyce/hecras-dataset/origin/Linux_RAS_v66/Minxiong_hgn_h1h6/outputs_seed/planH4/Minxiong.p01.hdf,H11,test,inflow,event_upstreamBC2,239,31,-0.07126433602144461,1.463737910980955,1743.159251242987,2544.666407881345,222,128,-94,2997.9831932773104,3754.147968064,1.2522244876096424,0.0,/mnt/8tb_hdd2/joyce/test/M80_US_InF_H11.txt
/mnt/8tb_hdd2/joyce/hecras-dataset/origin/Linux_RAS_v66/Minxiong_hgn_h1h6/outputs_seed/planH4/Minxiong.p01.hdf,H11,test,inflow,result_upstreamBC1,239,239,0.9505197162415367,0.3145799858810569,397.8687928637423,884.2763299257499,112,128,16,3313.65673828125,3754.147968064,1.1329320640529674,0.0,/mnt/8tb_hdd2/joyce/test/M80_US_InF_H11.txt
/mnt/8tb_hdd2/joyce/hecras-dataset/origin/Linux_RAS_v66/Minxiong_hgn_h1h6/outputs_seed/planH4/Minxiong.p01.hdf,H11,test,inflow,result_upstreamBC2,239,239,-0.0771626930978824,1.4677620332314651,1750.9486148047486,2550.6688410811876,224,128,-96,3000.0,3754.147968064,1.2513826560213333,0.0,/mnt/8tb_hdd2/joyce/test/M80_US_InF_H11.txt
/mnt/8tb_hdd2/joyce/hecras-dataset/origin/Linux_RAS_v66/Minxiong_hgn_h1h6/outputs_seed/planH4/Minxiong.p01.hdf,H11,test,inflow,result_upstreamBC1_flow_per_face_sum,239,239,0.9505197110313665,0.3145800024433627,397.86879654704217,884.2763299257499,112,128,16,3313.6567993164062,3754.147968064,1.13293204318518,0.0,/mnt/8tb_hdd2/joyce/test/M80_US_InF_H11.txt
/mnt/8tb_hdd2/joyce/hecras-dataset/origin/Linux_RAS_v66/Minxiong_hgn_h1h6/outputs_seed/planH4/Minxiong.p01.hdf,H11,test,inflow,result_upstreamBC2_flow_per_face_sum,239,239,-0.0771626930978824,1.4677620332314651,1750.9486148047486,2550.6688410811876,224,128,-96,3000.0,3754.147968064,1.2513826560213333,0.0,/mnt/8tb_hdd2/joyce/test/M80_US_InF_H11.txt
/mnt/8tb_hdd2/joyce/hecras-dataset/origin/Linux_RAS_v66/Minxiong_hgn_h1h6/outputs_seed/planH4/Minxiong.p01.hdf,H11,test,precipitation,Event Conditions/Unsteady/Boundary Conditions/Precipitation Hydrographs/2D: per2,239,239,0.9996301518452875,0.027197358500954883,2.2343855998767808,5.451797485285155,88,88,0,63.22404861450195,58.689632416,0.9282801987871768,0.0,/mnt/8tb_hdd2/joyce/test/M80_Pr_H11.txt
/mnt/8tb_hdd2/joyce/hecras-dataset/origin/Linux_RAS_v66/Minxiong_hgn_h1h6/outputs_seed/planH4/Minxiong.p01.hdf,H12,test,inflow,event_upstreamBC1,239,239,0.87359658701732,0.5027989916113197,457.0751779211857,754.00404008225,112,104,-8,3313.65673828125,3770.593860279,1.1378951285807466,0.0,/mnt/8tb_hdd2/joyce/test/M80_US_InF_H12.txt
/mnt/8tb_hdd2/joyce/hecras-dataset/origin/Linux_RAS_v66/Minxiong_hgn_h1h6/outputs_seed/planH4/Minxiong.p01.hdf,H12,test,inflow,event_upstreamBC2,239,31,0.14264311918438172,1.309470794493423,1659.270576468561,2557.4846165815215,222,104,-118,2997.9831932773104,3770.593860279,1.2577101395145227,0.0,/mnt/8tb_hdd2/joyce/test/M80_US_InF_H12.txt
/mnt/8tb_hdd2/joyce/hecras-dataset/origin/Linux_RAS_v66/Minxiong_hgn_h1h6/outputs_seed/planH4/Minxiong.p01.hdf,H12,test,inflow,result_upstreamBC1,239,239,0.8735965865381052,0.5027989925644127,457.0751746084812,754.00404008225,112,104,-8,3313.65673828125,3770.593860279,1.1378951285807466,0.0,/mnt/8tb_hdd2/joyce/test/M80_US_InF_H12.txt
/mnt/8tb_hdd2/joyce/hecras-dataset/origin/Linux_RAS_v66/Minxiong_hgn_h1h6/outputs_seed/planH4/Minxiong.p01.hdf,H12,test,inflow,result_upstreamBC2,239,239,0.1372464941374143,1.3135855555407003,1667.6075650509197,2570.593860279,224,104,-120,3000.0,3770.593860279,1.256864620093,0.0,/mnt/8tb_hdd2/joyce/test/M80_US_InF_H12.txt
/mnt/8tb_hdd2/joyce/hecras-dataset/origin/Linux_RAS_v66/Minxiong_hgn_h1h6/outputs_seed/planH4/Minxiong.p01.hdf,H12,test,inflow,result_upstreamBC1_flow_per_face_sum,239,239,0.8735965778355518,0.5027990098726274,457.07518058652664,754.0039943058828,112,104,-8,3313.6567993164062,3770.593860279,1.1378951076215431,0.0,/mnt/8tb_hdd2/joyce/test/M80_US_InF_H12.txt
/mnt/8tb_hdd2/joyce/hecras-dataset/origin/Linux_RAS_v66/Minxiong_hgn_h1h6/outputs_seed/planH4/Minxiong.p01.hdf,H12,test,inflow,result_upstreamBC2_flow_per_face_sum,239,239,0.1372464941374143,1.3135855555407003,1667.6075650509197,2570.593860279,224,104,-120,3000.0,3770.593860279,1.256864620093,0.0,/mnt/8tb_hdd2/joyce/test/M80_US_InF_H12.txt
/mnt/8tb_hdd2/joyce/hecras-dataset/origin/Linux_RAS_v66/Minxiong_hgn_h1h6/outputs_seed/planH4/Minxiong.p01.hdf,H12,test,precipitation,Event Conditions/Unsteady/Boundary Conditions/Precipitation Hydrographs/2D: per2,239,239,0.999671702069346,0.025624126547259964,1.1248547733915806,3.2811965938613312,88,87,-1,63.22404861450195,65.425270081,1.0348162054587744,0.0,/mnt/8tb_hdd2/joyce/test/M80_Pr_H12.txt
/mnt/8tb_hdd2/joyce/hecras-dataset/origin/Linux_RAS_v66/Minxiong_hgn_h1h6/outputs_seed/planH4/Minxiong.p01.hdf,H13,test,inflow,event_upstreamBC1,239,239,0.8409760375152877,0.5639573786816037,317.1742626713363,735.3263734162501,112,112,0,3313.65673828125,3179.972728543,0.9596566511570567,0.0,/mnt/8tb_hdd2/joyce/test/M80_US_InF_H13.txt
/mnt/8tb_hdd2/joyce/hecras-dataset/origin/Linux_RAS_v66/Minxiong_hgn_h1h6/outputs_seed/planH4/Minxiong.p01.hdf,H13,test,inflow,event_upstreamBC2,239,31,0.1989160873956243,1.265767682163181,1393.7128692375495,1980.6040352383143,222,112,-110,2997.9831932773104,3179.972728543,1.0607039878254767,0.0,/mnt/8tb_hdd2/joyce/test/M80_US_InF_H13.txt
/mnt/8tb_hdd2/joyce/hecras-dataset/origin/Linux_RAS_v66/Minxiong_hgn_h1h6/outputs_seed/planH4/Minxiong.p01.hdf,H13,test,inflow,result_upstreamBC1,239,239,0.8409760366354689,0.563957380241683,317.17426762156646,735.3263734162501,112,112,0,3313.65673828125,3179.972728543,0.9596566511570567,0.0,/mnt/8tb_hdd2/joyce/test/M80_US_InF_H13.txt
/mnt/8tb_hdd2/joyce/hecras-dataset/origin/Linux_RAS_v66/Minxiong_hgn_h1h6/outputs_seed/planH4/Minxiong.p01.hdf,H13,test,inflow,result_upstreamBC2,239,239,0.19337700931354335,1.2701362058349934,1401.0553755802557,1987.8069550781252,224,112,-112,3000.0,3179.972728543,1.0599909095143334,0.0,/mnt/8tb_hdd2/joyce/test/M80_US_InF_H13.txt
/mnt/8tb_hdd2/joyce/hecras-dataset/origin/Linux_RAS_v66/Minxiong_hgn_h1h6/outputs_seed/planH4/Minxiong.p01.hdf,H13,test,inflow,result_upstreamBC1_flow_per_face_sum,239,239,0.8409760270512663,0.563957397236234,317.1742731809866,735.326327639883,112,112,0,3313.6567993164062,3179.972728543,0.9596566334808768,0.0,/mnt/8tb_hdd2/joyce/test/M80_US_InF_H13.txt
/mnt/8tb_hdd2/joyce/hecras-dataset/origin/Linux_RAS_v66/Minxiong_hgn_h1h6/outputs_seed/planH4/Minxiong.p01.hdf,H13,test,inflow,result_upstreamBC2_flow_per_face_sum,239,239,0.19337700931354335,1.2701362058349934,1401.0553755802557,1987.8069550781252,224,112,-112,3000.0,3179.972728543,1.0599909095143334,0.0,/mnt/8tb_hdd2/joyce/test/M80_US_InF_H13.txt
/mnt/8tb_hdd2/joyce/hecras-dataset/origin/Linux_RAS_v66/Minxiong_hgn_h1h6/outputs_seed/planH4/Minxiong.p01.hdf,H13,test,precipitation,Event Conditions/Unsteady/Boundary Conditions/Precipitation Hydrographs/2D: per2,239,239,0.9996421196168382,0.026753705655873723,1.7524049026835677,4.148582458589843,88,87,-1,63.22404861450195,66.705032349,1.0550579061414236,0.0,/mnt/8tb_hdd2/joyce/test/M80_Pr_H13.txt
/mnt/8tb_hdd2/joyce/hecras-dataset/origin/Linux_RAS_v66/Minxiong_hgn_h1h6/outputs_seed/planH4/Minxiong.p01.hdf,H14,test,inflow,event_upstreamBC1,239,239,0.8503502913402909,0.5470826421295213,375.97696056495175,706.5550360912498,112,120,8,3313.65673828125,3567.069,1.0764751094436509,0.0,/mnt/8tb_hdd2/joyce/test/M80_US_InF_H14.txt
/mnt/8tb_hdd2/joyce/hecras-dataset/origin/Linux_RAS_v66/Minxiong_hgn_h1h6/outputs_seed/planH4/Minxiong.p01.hdf,H14,test,inflow,event_upstreamBC2,239,31,0.18047763732947839,1.28025182106531,1525.2716856826917,2343.2940352383143,222,120,-102,2997.9831932773104,3567.069,1.1898228809283553,0.0,/mnt/8tb_hdd2/joyce/test/M80_US_InF_H14.txt
/mnt/8tb_hdd2/joyce/hecras-dataset/origin/Linux_RAS_v66/Minxiong_hgn_h1h6/outputs_seed/planH4/Minxiong.p01.hdf,H14,test,inflow,result_upstreamBC1,239,239,0.8503502907431485,0.5470826432210241,375.9769599297534,706.5550360912498,112,120,8,3313.65673828125,3567.069,1.0764751094436509,0.0,/mnt/8tb_hdd2/joyce/test/M80_US_InF_H14.txt
/mnt/8tb_hdd2/joyce/hecras-dataset/origin/Linux_RAS_v66/Minxiong_hgn_h1h6/outputs_seed/planH4/Minxiong.p01.hdf,H14,test,inflow,result_upstreamBC2,239,239,0.17459091638683574,1.2848416895580286,1533.4432511942261,2350.496955078125,224,120,-104,3000.0,3567.069,1.189023,0.0,/mnt/8tb_hdd2/joyce/test/M80_US_InF_H14.txt
/mnt/8tb_hdd2/joyce/hecras-dataset/origin/Linux_RAS_v66/Minxiong_hgn_h1h6/outputs_seed/planH4/Minxiong.p01.hdf,H14,test,inflow,result_upstreamBC1_flow_per_face_sum,239,239,0.8503502828884891,0.5470826575783789,375.9769657358955,706.5549903148826,112,120,8,3313.6567993164062,3567.069,1.0764750896157598,0.0,/mnt/8tb_hdd2/joyce/test/M80_US_InF_H14.txt
/mnt/8tb_hdd2/joyce/hecras-dataset/origin/Linux_RAS_v66/Minxiong_hgn_h1h6/outputs_seed/planH4/Minxiong.p01.hdf,H14,test,inflow,result_upstreamBC2_flow_per_face_sum,239,239,0.17459091638683574,1.2848416895580286,1533.4432511942261,2350.496955078125,224,120,-104,3000.0,3567.069,1.189023,0.0,/mnt/8tb_hdd2/joyce/test/M80_US_InF_H14.txt
/mnt/8tb_hdd2/joyce/hecras-dataset/origin/Linux_RAS_v66/Minxiong_hgn_h1h6/outputs_seed/planH4/Minxiong.p01.hdf,H14,test,precipitation,Event Conditions/Unsteady/Boundary Conditions/Precipitation Hydrographs/2D: per2,239,239,0.9996273720930227,0.027299373874865477,1.1913569555786867,2.8395538333886705,88,87,-1,63.22404861450195,61.225719452,0.9683928946928655,0.0,/mnt/8tb_hdd2/joyce/test/M80_Pr_H14.txt
/mnt/8tb_hdd2/joyce/hecras-dataset/origin/Linux_RAS_v66/Minxiong_hgn_h1h6/outputs_seed/planH4/Minxiong.p01.hdf,H15,test,inflow,event_upstreamBC1,239,239,0.9653500627279892,0.26324869333772977,162.40503372201272,375.80844765512484,112,128,16,3313.65673828125,3395.156836327,1.0245952144361286,0.0,/mnt/8tb_hdd2/joyce/test/M80_US_InF_H15.txt
/mnt/8tb_hdd2/joyce/hecras-dataset/origin/Linux_RAS_v66/Minxiong_hgn_h1h6/outputs_seed/planH4/Minxiong.p01.hdf,H15,test,inflow,event_upstreamBC2,239,31,-0.12526719302685668,1.5001781181092175,1520.884770086989,2136.933393909345,222,128,-94,2997.9831932773104,3395.156836327,1.1324802767208013,0.0,/mnt/8tb_hdd2/joyce/test/M80_US_InF_H15.txt
/mnt/8tb_hdd2/joyce/hecras-dataset/origin/Linux_RAS_v66/Minxiong_hgn_h1h6/outputs_seed/planH4/Minxiong.p01.hdf,H15,test,inflow,result_upstreamBC1,239,239,0.9653500620728811,0.2632486958262805,162.40503387093054,375.80869179574984,112,128,16,3313.65673828125,3395.156836327,1.0245952144361286,0.0,/mnt/8tb_hdd2/joyce/test/M80_US_InF_H15.txt
/mnt/8tb_hdd2/joyce/hecras-dataset/origin/Linux_RAS_v66/Minxiong_hgn_h1h6/outputs_seed/planH4/Minxiong.p01.hdf,H15,test,inflow,result_upstreamBC2,239,239,-0.13134462555330126,1.5042238035301139,1527.5340029405434,2142.9358271091874,224,128,-96,3000.0,3395.156836327,1.1317189454423333,0.0,/mnt/8tb_hdd2/joyce/test/M80_US_InF_H15.txt
/mnt/8tb_hdd2/joyce/hecras-dataset/origin/Linux_RAS_v66/Minxiong_hgn_h1h6/outputs_seed/planH4/Minxiong.p01.hdf,H15,test,inflow,result_upstreamBC1_flow_per_face_sum,239,239,0.9653500589892667,0.26324870753997015,162.40503911230346,375.8086307605936,112,128,16,3313.6567993164062,3395.156836327,1.0245951955638275,0.0,/mnt/8tb_hdd2/joyce/test/M80_US_InF_H15.txt
/mnt/8tb_hdd2/joyce/hecras-dataset/origin/Linux_RAS_v66/Minxiong_hgn_h1h6/outputs_seed/planH4/Minxiong.p01.hdf,H15,test,inflow,result_upstreamBC2_flow_per_face_sum,239,239,-0.13134462555330126,1.5042238035301139,1527.5340029405434,2142.9358271091874,224,128,-96,3000.0,3395.156836327,1.1317189454423333,0.0,/mnt/8tb_hdd2/joyce/test/M80_US_InF_H15.txt
/mnt/8tb_hdd2/joyce/hecras-dataset/origin/Linux_RAS_v66/Minxiong_hgn_h1h6/outputs_seed/planH4/Minxiong.p01.hdf,H15,test,precipitation,Event Conditions/Unsteady/Boundary Conditions/Precipitation Hydrographs/2D: per2,239,239,0.9995857913919877,0.028782237856501698,5.697971951909098,12.706783294498052,88,88,0,63.22404861450195,75.930831909,1.2009802214972902,0.0,/mnt/8tb_hdd2/joyce/test/M80_Pr_H15.txt
/mnt/8tb_hdd2/joyce/hecras-dataset/origin/Linux_RAS_v66/Minxiong_hgn_h1h6/outputs_seed/planH5/Minxiong.p01.hdf,H1,train,inflow,event_upstreamBC1,239,239,0.8193869271796252,0.6010209194701537,644.4549620941464,1028.0040247227498,120,112,-8,3273.610107421875,3776.869530938,1.1537322426929046,0.0,/mnt/8tb_hdd2/joyce/train/M80_US_InF_H1.txt
/mnt/8tb_hdd2/joyce/hecras-dataset/origin/Linux_RAS_v66/Minxiong_hgn_h1h6/outputs_seed/planH5/Minxiong.p01.hdf,H1,train,inflow,event_upstreamBC2,239,31,0.2916833203760999,1.1902240794269794,1660.799728085674,2442.7518838791766,222,112,-110,2997.9831932773104,3776.869530938,1.2598034369929982,0.0,/mnt/8tb_hdd2/joyce/train/M80_US_InF_H1.txt
/mnt/8tb_hdd2/joyce/hecras-dataset/origin/Linux_RAS_v66/Minxiong_hgn_h1h6/outputs_seed/planH5/Minxiong.p01.hdf,H1,train,inflow,result_upstreamBC1,239,239,0.8193869321890186,0.6010209111353464,644.4549540494442,1028.0040247227498,120,112,-8,3273.610107421875,3776.869530938,1.1537322426929046,0.0,/mnt/8tb_hdd2/joyce/train/M80_US_InF_H1.txt
/mnt/8tb_hdd2/joyce/hecras-dataset/origin/Linux_RAS_v66/Minxiong_hgn_h1h6/outputs_seed/planH5/Minxiong.p01.hdf,H1,train,inflow,result_upstreamBC2,239,239,0.28624630013180596,1.194783411224138,1669.9404673833476,2456.869530938,224,112,-112,3000.0,3776.869530938,1.2589565103126668,0.0,/mnt/8tb_hdd2/joyce/train/M80_US_InF_H1.txt
/mnt/8tb_hdd2/joyce/hecras-dataset/origin/Linux_RAS_v66/Minxiong_hgn_h1h6/outputs_seed/planH5/Minxiong.p01.hdf,H1,train,inflow,result_upstreamBC1_flow_per_face_sum,239,239,0.8193869279713049,0.6010209181529288,644.4549571865193,1028.0039026524373,120,112,-8,3273.6100463867188,3776.869530938,1.153732264203783,0.0,/mnt/8tb_hdd2/joyce/train/M80_US_InF_H1.txt
/mnt/8tb_hdd2/joyce/hecras-dataset/origin/Linux_RAS_v66/Minxiong_hgn_h1h6/outputs_seed/planH5/Minxiong.p01.hdf,H1,train,inflow,result_upstreamBC2_flow_per_face_sum,239,239,0.28624630013180596,1.194783411224138,1669.9404673833476,2456.869530938,224,112,-112,3000.0,3776.869530938,1.2589565103126668,0.0,/mnt/8tb_hdd2/joyce/train/M80_US_InF_H1.txt
/mnt/8tb_hdd2/joyce/hecras-dataset/origin/Linux_RAS_v66/Minxiong_hgn_h1h6/outputs_seed/planH5/Minxiong.p01.hdf,H1,train,precipitation,Event Conditions/Unsteady/Boundary Conditions/Precipitation Hydrographs/2D: per2,239,239,0.9995445095939703,0.030182458681497715,6.745244523364296,15.232013702642575,87,88,1,53.548282623291016,67.923568726,1.2684546618205903,0.0,/mnt/8tb_hdd2/joyce/train/M80_Pr_H1.txt
/mnt/8tb_hdd2/joyce/hecras-dataset/origin/Linux_RAS_v66/Minxiong_hgn_h1h6/outputs_seed/planH5/Minxiong.p01.hdf,H2,train,inflow,event_upstreamBC1,239,239,0.927393498742707,0.3810682386588857,474.2372244781892,821.6484116568749,120,128,8,3273.610107421875,3802.466187625,1.1615513341079047,0.0,/mnt/8tb_hdd2/joyce/train/M80_US_InF_H2.txt
/mnt/8tb_hdd2/joyce/hecras-dataset/origin/Linux_RAS_v66/Minxiong_hgn_h1h6/outputs_seed/planH5/Minxiong.p01.hdf,H2,train,inflow,event_upstreamBC2,239,31,0.06069464528408745,1.3706242043068644,1656.5996258744085,2514.860035238314,222,128,-94,2997.9831932773104,3802.466187625,1.268341395692833,0.0,/mnt/8tb_hdd2/joyce/train/M80_US_InF_H2.txt
/mnt/8tb_hdd2/joyce/hecras-dataset/origin/Linux_RAS_v66/Minxiong_hgn_h1h6/outputs_seed/planH5/Minxiong.p01.hdf,H2,train,inflow,result_upstreamBC1,239,239,0.9273935026762793,0.3810682283363976,474.2372152306897,821.6481675162499,120,128,8,3273.610107421875,3802.466187625,1.1615513341079047,0.0,/mnt/8tb_hdd2/joyce/train/M80_US_InF_H2.txt
/mnt/8tb_hdd2/joyce/hecras-dataset/origin/Linux_RAS_v66/Minxiong_hgn_h1h6/outputs_seed/planH5/Minxiong.p01.hdf,H2,train,inflow,result_upstreamBC2,239,239,0.05456728341886038,1.375087427461352,1664.7630005057372,2522.062955078125,224,128,-96,3000.0,3802.466187625,1.2674887292083334,0.0,/mnt/8tb_hdd2/joyce/train/M80_US_InF_H2.txt
/mnt/8tb_hdd2/joyce/hecras-dataset/origin/Linux_RAS_v66/Minxiong_hgn_h1h6/outputs_seed/planH5/Minxiong.p01.hdf,H2,train,inflow,result_upstreamBC1_flow_per_face_sum,239,239,0.9273934997592571,0.3810682359912527,474.2372183706131,821.6482895865624,120,128,8,3273.6100463867188,3802.466187625,1.161551355764567,0.0,/mnt/8tb_hdd2/joyce/train/M80_US_InF_H2.txt
/mnt/8tb_hdd2/joyce/hecras-dataset/origin/Linux_RAS_v66/Minxiong_hgn_h1h6/outputs_seed/planH5/Minxiong.p01.hdf,H2,train,inflow,result_upstreamBC2_flow_per_face_sum,239,239,0.05456728341886038,1.375087427461352,1664.7630005057372,2522.062955078125,224,128,-96,3000.0,3802.466187625,1.2674887292083334,0.0,/mnt/8tb_hdd2/joyce/train/M80_US_InF_H2.txt
/mnt/8tb_hdd2/joyce/hecras-dataset/origin/Linux_RAS_v66/Minxiong_hgn_h1h6/outputs_seed/planH5/Minxiong.p01.hdf,H2,train,precipitation,Event Conditions/Unsteady/Boundary Conditions/Precipitation Hydrographs/2D: per2,239,239,0.9996144227320134,0.027769669353016148,8.381827482654646,18.504100799642572,87,87,0,53.548282623291016,71.740776062,1.3397399981376077,0.0,/mnt/8tb_hdd2/joyce/train/M80_Pr_H2.txt
/mnt/8tb_hdd2/joyce/hecras-dataset/origin/Linux_RAS_v66/Minxiong_hgn_h1h6/outputs_seed/planH5/Minxiong.p01.hdf,H3,train,inflow,event_upstreamBC1,239,239,0.9615415116109364,0.27733910070187917,496.28371597703904,883.6789531250001,120,96,-24,3273.610107421875,3924.927,1.1989598245378916,0.0,/mnt/8tb_hdd2/joyce/train/M80_US_InF_H3.txt
/mnt/8tb_hdd2/joyce/hecras-dataset/origin/Linux_RAS_v66/Minxiong_hgn_h1h6/outputs_seed/planH5/Minxiong.p01.hdf,H3,train,inflow,event_upstreamBC2,239,31,-0.05440103893977544,1.4521715042926406,1752.274629179314,2789.1530352383143,222,96,-126,2997.9831932773104,3924.927,1.309189127144299,0.0,/mnt/8tb_hdd2/joyce/train/M80_US_InF_H3.txt
/mnt/8tb_hdd2/joyce/hecras-dataset/origin/Linux_RAS_v66/Minxiong_hgn_h1h6/outputs_seed/planH5/Minxiong.p01.hdf,H3,train,inflow,result_upstreamBC1,239,239,0.9615415138247086,0.277339092719689,496.2837074770505,883.6789531250001,120,96,-24,3273.610107421875,3924.927,1.1989598245378916,0.0,/mnt/8tb_hdd2/joyce/train/M80_US_InF_H3.txt
/mnt/8tb_hdd2/joyce/hecras-dataset/origin/Linux_RAS_v66/Minxiong_hgn_h1h6/outputs_seed/planH5/Minxiong.p01.hdf,H3,train,inflow,result_upstreamBC2,239,239,-0.06028470295894768,1.4562174995233015,1760.0139821068897,2796.355955078125,224,96,-128,3000.0,3924.927,1.308309,0.0,/mnt/8tb_hdd2/joyce/train/M80_US_InF_H3.txt
/mnt/8tb_hdd2/joyce/hecras-dataset/origin/Linux_RAS_v66/Minxiong_hgn_h1h6/outputs_seed/planH5/Minxiong.p01.hdf,H3,train,inflow,result_upstreamBC1_flow_per_face_sum,239,239,0.9615415117051178,0.2773391003622882,496.28371001521583,883.6789836425783,120,96,-24,3273.6100463867188,3924.927,1.1989598468920204,0.0,/mnt/8tb_hdd2/joyce/train/M80_US_InF_H3.txt
/mnt/8tb_hdd2/joyce/hecras-dataset/origin/Linux_RAS_v66/Minxiong_hgn_h1h6/outputs_seed/planH5/Minxiong.p01.hdf,H3,train,inflow,result_upstreamBC2_flow_per_face_sum,239,239,-0.06028470295894768,1.4562174995233015,1760.0139821068897,2796.355955078125,224,96,-128,3000.0,3924.927,1.308309,0.0,/mnt/8tb_hdd2/joyce/train/M80_US_InF_H3.txt
/mnt/8tb_hdd2/joyce/hecras-dataset/origin/Linux_RAS_v66/Minxiong_hgn_h1h6/outputs_seed/planH5/Minxiong.p01.hdf,H3,train,precipitation,Event Conditions/Unsteady/Boundary Conditions/Precipitation Hydrographs/2D: per2,239,239,0.9995103585881384,0.03129349491058519,1.1860635855635624,2.7416954039667942,87,87,0,53.548282623291016,50.866661072,0.9499214275431378,0.0,/mnt/8tb_hdd2/joyce/train/M80_Pr_H3.txt
/mnt/8tb_hdd2/joyce/hecras-dataset/origin/Linux_RAS_v66/Minxiong_hgn_h1h6/outputs_seed/planH5/Minxiong.p01.hdf,H4,train,inflow,event_upstreamBC1,239,239,0.9917226724741556,0.12866489440282203,146.19971864485976,264.93159179324994,120,112,-8,3273.610107421875,3313.656858284,1.0122332072384954,0.0,/mnt/8tb_hdd2/joyce/train/M80_US_InF_H4.txt
/mnt/8tb_hdd2/joyce/hecras-dataset/origin/Linux_RAS_v66/Minxiong_hgn_h1h6/outputs_seed/planH5/Minxiong.p01.hdf,H4,train,inflow,event_upstreamBC2,239,31,-0.3429125937969653,1.638848738472813,1545.3961585033003,2193.858132432345,222,112,-110,2997.9831932773104,3313.656858284,1.1052953417866243,0.0,/mnt/8tb_hdd2/joyce/train/M80_US_InF_H4.txt
/mnt/8tb_hdd2/joyce/hecras-dataset/origin/Linux_RAS_v66/Minxiong_hgn_h1h6/outputs_seed/planH5/Minxiong.p01.hdf,H4,train,inflow,result_upstreamBC1,239,239,0.9917226721035569,0.12866489728315827,146.1997144913017,264.93159179324994,120,112,-8,3273.610107421875,3313.656858284,1.0122332072384954,0.0,/mnt/8tb_hdd2/joyce/train/M80_US_InF_H4.txt
/mnt/8tb_hdd2/joyce/hecras-dataset/origin/Linux_RAS_v66/Minxiong_hgn_h1h6/outputs_seed/planH5/Minxiong.p01.hdf,H4,train,inflow,result_upstreamBC2,239,239,-0.3485565945485672,1.6422890090045463,1550.971448089331,2199.8605656321874,224,112,-112,3000.0,3313.656858284,1.1045522860946666,0.0,/mnt/8tb_hdd2/joyce/train/M80_US_InF_H4.txt
/mnt/8tb_hdd2/joyce/hecras-dataset/origin/Linux_RAS_v66/Minxiong_hgn_h1h6/outputs_seed/planH5/Minxiong.p01.hdf,H4,train,inflow,result_upstreamBC1_flow_per_face_sum,239,239,0.9917226732536926,0.12866488834415774,146.1997123420033,264.9315307580937,120,112,-8,3273.6100463867188,3313.656858284,1.0122332261111806,0.0,/mnt/8tb_hdd2/joyce/train/M80_US_InF_H4.txt
/mnt/8tb_hdd2/joyce/hecras-dataset/origin/Linux_RAS_v66/Minxiong_hgn_h1h6/outputs_seed/planH5/Minxiong.p01.hdf,H4,train,inflow,result_upstreamBC2_flow_per_face_sum,239,239,-0.3485565945485672,1.6422890090045463,1550.971448089331,2199.8605656321874,224,112,-112,3000.0,3313.656858284,1.1045522860946666,0.0,/mnt/8tb_hdd2/joyce/train/M80_US_InF_H4.txt
/mnt/8tb_hdd2/joyce/hecras-dataset/origin/Linux_RAS_v66/Minxiong_hgn_h1h6/outputs_seed/planH5/Minxiong.p01.hdf,H4,train,precipitation,Event Conditions/Unsteady/Boundary Conditions/Precipitation Hydrographs/2D: per2,239,239,0.9994963216700123,0.03173888246259915,4.570257146512419,10.408668518564454,87,88,1,53.548282623291016,63.224048615,1.1806923680405854,0.0,/mnt/8tb_hdd2/joyce/train/M80_Pr_H4.txt
/mnt/8tb_hdd2/joyce/hecras-dataset/origin/Linux_RAS_v66/Minxiong_hgn_h1h6/outputs_seed/planH5/Minxiong.p01.hdf,H5,train,inflow,event_upstreamBC1,239,239,0.9999999999999942,1.0601471813322094e-07,6.203425445602507e-05,0.00012383137482174789,120,120,0,3273.610107421875,3273.61,0.9999999671855012,1.0,/mnt/8tb_hdd2/joyce/train/M80_US_InF_H5.txt
/mnt/8tb_hdd2/joyce/hecras-dataset/origin/Linux_RAS_v66/Minxiong_hgn_h1h6/outputs_seed/planH5/Minxiong.p01.hdf,H5,train,inflow,event_upstreamBC2,239,31,-0.2970331542499765,1.6106105390503171,1455.9438448549533,2010.2768732356226,222,120,-102,2997.9831932773104,3273.61,1.0919374089023435,0.0,/mnt/8tb_hdd2/joyce/train/M80_US_InF_H5.txt
/mnt/8tb_hdd2/joyce/hecras-dataset/origin/Linux_RAS_v66/Minxiong_hgn_h1h6/outputs_seed/planH5/Minxiong.p01.hdf,H5,train,inflow,result_upstreamBC1,239,239,0.9999999999999836,1.761892164517321e-07,0.00010300228122295035,0.0003614257498156803,120,120,0,3273.610107421875,3273.61,0.9999999671855012,1.0,/mnt/8tb_hdd2/joyce/train/M80_US_InF_H5.txt
/mnt/8tb_hdd2/joyce/hecras-dataset/origin/Linux_RAS_v66/Minxiong_hgn_h1h6/outputs_seed/planH5/Minxiong.p01.hdf,H5,train,inflow,result_upstreamBC2,239,239,-0.30264786672109556,1.614092851555384,1461.0099418079972,2015.6789892578126,224,120,-104,3000.0,3273.61,1.0912033333333333,0.0,/mnt/8tb_hdd2/joyce/train/M80_US_InF_H5.txt
/mnt/8tb_hdd2/joyce/hecras-dataset/origin/Linux_RAS_v66/Minxiong_hgn_h1h6/outputs_seed/planH5/Minxiong.p01.hdf,H5,train,inflow,result_upstreamBC1_flow_per_face_sum,239,239,0.9999999999999871,1.5851547992626335e-07,9.29152384400148e-05,0.0002772080938484578,120,120,0,3273.6100463867188,3273.61,0.9999999858301025,1.0,/mnt/8tb_hdd2/joyce/train/M80_US_InF_H5.txt
/mnt/8tb_hdd2/joyce/hecras-dataset/origin/Linux_RAS_v66/Minxiong_hgn_h1h6/outputs_seed/planH5/Minxiong.p01.hdf,H5,train,inflow,result_upstreamBC2_flow_per_face_sum,239,239,-0.30264786672109556,1.614092851555384,1461.0099418079972,2015.6789892578126,224,120,-104,3000.0,3273.61,1.0912033333333333,0.0,/mnt/8tb_hdd2/joyce/train/M80_US_InF_H5.txt
/mnt/8tb_hdd2/joyce/hecras-dataset/origin/Linux_RAS_v66/Minxiong_hgn_h1h6/outputs_seed/planH5/Minxiong.p01.hdf,H5,train,precipitation,Event Conditions/Unsteady/Boundary Conditions/Precipitation Hydrographs/2D: per2,239,239,0.9999999999999973,1.607581111478138e-11,2.671002142409939e-10,4.985345469776803e-10,87,87,0,53.548282623291016,53.548282623,0.9999999999945653,1.0,/mnt/8tb_hdd2/joyce/train/M80_Pr_H5.txt
/mnt/8tb_hdd2/joyce/hecras-dataset/origin/Linux_RAS_v66/Minxiong_hgn_h1h6/outputs_seed/planH5/Minxiong.p01.hdf,H6,train,inflow,event_upstreamBC1,239,239,0.8813245831360886,0.487186651836668,307.34506525458454,620.2466397107501,120,128,8,3273.610107421875,3347.03503992,1.022429345611946,0.0,/mnt/8tb_hdd2/joyce/train/M80_US_InF_H6.txt
/mnt/8tb_hdd2/joyce/hecras-dataset/origin/Linux_RAS_v66/Minxiong_hgn_h1h6/outputs_seed/planH5/Minxiong.p01.hdf,H6,train,inflow,event_upstreamBC2,239,31,0.17156709166326917,1.2871929989995528,1376.8444598455887,1983.060035238314,222,128,-94,2997.9831932773104,3347.03503992,1.1164288870682815,0.0,/mnt/8tb_hdd2/joyce/train/M80_US_InF_H6.txt
/mnt/8tb_hdd2/joyce/hecras-dataset/origin/Linux_RAS_v66/Minxiong_hgn_h1h6/outputs_seed/planH5/Minxiong.p01.hdf,H6,train,inflow,result_upstreamBC1,239,239,0.8813245887543978,0.48718664030451786,307.3450577521403,620.2466397107501,120,128,8,3273.610107421875,3347.03503992,1.022429345611946,0.0,/mnt/8tb_hdd2/joyce/train/M80_US_InF_H6.txt
/mnt/8tb_hdd2/joyce/hecras-dataset/origin/Linux_RAS_v66/Minxiong_hgn_h1h6/outputs_seed/planH5/Minxiong.p01.hdf,H6,train,inflow,result_upstreamBC2,239,239,0.16589431802471474,1.29159256886627,1384.1514429724812,1990.2629550781248,224,128,-96,3000.0,3347.03503992,1.11567834664,0.0,/mnt/8tb_hdd2/joyce/train/M80_US_InF_H6.txt
/mnt/8tb_hdd2/joyce/hecras-dataset/origin/Linux_RAS_v66/Minxiong_hgn_h1h6/outputs_seed/planH5/Minxiong.p01.hdf,H6,train,inflow,result_upstreamBC1_flow_per_face_sum,239,239,0.8813245855111044,0.487186646961709,307.3450612687163,620.2466854871172,120,128,8,3273.6100463867188,3347.03503992,1.0224293646747342,0.0,/mnt/8tb_hdd2/joyce/train/M80_US_InF_H6.txt
/mnt/8tb_hdd2/joyce/hecras-dataset/origin/Linux_RAS_v66/Minxiong_hgn_h1h6/outputs_seed/planH5/Minxiong.p01.hdf,H6,train,inflow,result_upstreamBC2_flow_per_face_sum,239,239,0.16589431802471474,1.29159256886627,1384.1514429724812,1990.2629550781248,224,128,-96,3000.0,3347.03503992,1.11567834664,0.0,/mnt/8tb_hdd2/joyce/train/M80_US_InF_H6.txt
/mnt/8tb_hdd2/joyce/hecras-dataset/origin/Linux_RAS_v66/Minxiong_hgn_h1h6/outputs_seed/planH5/Minxiong.p01.hdf,H6,train,precipitation,Event Conditions/Unsteady/Boundary Conditions/Precipitation Hydrographs/2D: per2,239,239,0.9995011987568571,0.031584845832840394,2.0801708194435298,5.148715972878904,87,87,0,53.548282623291016,57.482151031,1.0734639509428063,0.0,/mnt/8tb_hdd2/joyce/train/M80_Pr_H6.txt
/mnt/8tb_hdd2/joyce/hecras-dataset/origin/Linux_RAS_v66/Minxiong_hgn_h1h6/outputs_seed/planH5/Minxiong.p01.hdf,H7,train,inflow,event_upstreamBC1,239,239,0.895337983832234,0.45751943383372307,596.0542981744563,974.4709003896251,120,112,-8,3273.610107421875,3812.946467066,1.1647527781092044,0.0,/mnt/8tb_hdd2/joyce/train/M80_US_InF_H7.txt
/mnt/8tb_hdd2/joyce/hecras-dataset/origin/Linux_RAS_v66/Minxiong_hgn_h1h6/outputs_seed/planH5/Minxiong.p01.hdf,H7,train,inflow,event_upstreamBC2,239,31,0.141055556596071,1.3106826033818628,1719.3877718762553,2508.949645755909,222,112,-110,2997.9831932773104,3812.946467066,1.2718371722750703,0.0,/mnt/8tb_hdd2/joyce/train/M80_US_InF_H7.txt
/mnt/8tb_hdd2/joyce/hecras-dataset/origin/Linux_RAS_v66/Minxiong_hgn_h1h6/outputs_seed/planH5/Minxiong.p01.hdf,H7,train,inflow,result_upstreamBC1,239,239,0.89533798758141,0.45751942563915066,596.0542899355737,974.4709003896251,120,112,-8,3273.610107421875,3812.946467066,1.1647527781092044,0.0,/mnt/8tb_hdd2/joyce/train/M80_US_InF_H7.txt
/mnt/8tb_hdd2/joyce/hecras-dataset/origin/Linux_RAS_v66/Minxiong_hgn_h1h6/outputs_seed/planH5/Minxiong.p01.hdf,H7,train,inflow,result_upstreamBC2,239,239,0.13524589417308336,1.3151076806306898,1728.0729974145913,2515.5522432890625,224,112,-112,3000.0,3812.946467066,1.2709821556886667,0.0,/mnt/8tb_hdd2/joyce/train/M80_US_InF_H7.txt
/mnt/8tb_hdd2/joyce/hecras-dataset/origin/Linux_RAS_v66/Minxiong_hgn_h1h6/outputs_seed/planH5/Minxiong.p01.hdf,H7,train,inflow,result_upstreamBC1_flow_per_face_sum,239,239,0.8953379848721486,0.45751943156078345,596.0542923219716,974.4708698720469,120,112,-8,3273.6100463867188,3812.946467066,1.1647527998255562,0.0,/mnt/8tb_hdd2/joyce/train/M80_US_InF_H7.txt
/mnt/8tb_hdd2/joyce/hecras-dataset/origin/Linux_RAS_v66/Minxiong_hgn_h1h6/outputs_seed/planH5/Minxiong.p01.hdf,H7,train,inflow,result_upstreamBC2_flow_per_face_sum,239,239,0.13524589417308336,1.3151076806306898,1728.0729974145913,2515.5522432890625,224,112,-112,3000.0,3812.946467066,1.2709821556886667,0.0,/mnt/8tb_hdd2/joyce/train/M80_US_InF_H7.txt
/mnt/8tb_hdd2/joyce/hecras-dataset/origin/Linux_RAS_v66/Minxiong_hgn_h1h6/outputs_seed/planH5/Minxiong.p01.hdf,H7,train,precipitation,Event Conditions/Unsteady/Boundary Conditions/Precipitation Hydrographs/2D: per2,239,239,0.9995927110903823,0.02854080971585561,2.8825546158852347,6.334495544708986,87,87,0,53.548282623291016,59.882778168,1.1182950271117336,0.0,/mnt/8tb_hdd2/joyce/train/M80_Pr_H7.txt
/mnt/8tb_hdd2/joyce/hecras-dataset/origin/Linux_RAS_v66/Minxiong_hgn_h1h6/outputs_seed/planH5/Minxiong.p01.hdf,H8,train,inflow,event_upstreamBC1,239,239,0.9184165377604604,0.4039392584028926,368.29607150389563,589.4936990818751,120,112,-8,3273.610107421875,3664.160580838,1.1193026843760885,0.0,/mnt/8tb_hdd2/joyce/train/M80_US_InF_H8.txt
/mnt/8tb_hdd2/joyce/hecras-dataset/origin/Linux_RAS_v66/Minxiong_hgn_h1h6/outputs_seed/planH5/Minxiong.p01.hdf,H8,train,inflow,event_upstreamBC2,239,31,0.09293890371387944,1.3468935342380415,1525.2689320466484,2330.0429337791766,222,112,-110,2997.9831932773104,3664.160580838,1.2222085130612235,0.0,/mnt/8tb_hdd2/joyce/train/M80_US_InF_H8.txt
/mnt/8tb_hdd2/joyce/hecras-dataset/origin/Linux_RAS_v66/Minxiong_hgn_h1h6/outputs_seed/planH5/Minxiong.p01.hdf,H8,train,inflow,result_upstreamBC1,239,239,0.9184165409589572,0.40393925048462986,368.2960634192897,589.4934549412501,120,112,-8,3273.610107421875,3664.160580838,1.1193026843760885,0.0,/mnt/8tb_hdd2/joyce/train/M80_US_InF_H8.txt
/mnt/8tb_hdd2/joyce/hecras-dataset/origin/Linux_RAS_v66/Minxiong_hgn_h1h6/outputs_seed/planH5/Minxiong.p01.hdf,H8,train,inflow,result_upstreamBC2,239,239,0.08701354753216779,1.3512856489046514,1532.985959082716,2344.160580838,224,112,-112,3000.0,3664.160580838,1.2213868602793334,0.0,/mnt/8tb_hdd2/joyce/train/M80_US_InF_H8.txt
/mnt/8tb_hdd2/joyce/hecras-dataset/origin/Linux_RAS_v66/Minxiong_hgn_h1h6/outputs_seed/planH5/Minxiong.p01.hdf,H8,train,inflow,result_upstreamBC1_flow_per_face_sum,239,239,0.9184165379229425,0.40393925800064734,368.2960671920269,589.4935770115626,120,112,-8,3273.6100463867188,3664.160580838,1.1193027052450415,0.0,/mnt/8tb_hdd2/joyce/train/M80_US_InF_H8.txt
/mnt/8tb_hdd2/joyce/hecras-dataset/origin/Linux_RAS_v66/Minxiong_hgn_h1h6/outputs_seed/planH5/Minxiong.p01.hdf,H8,train,inflow,result_upstreamBC2_flow_per_face_sum,239,239,0.08701354753216779,1.3512856489046514,1532.985959082716,2344.160580838,224,112,-112,3000.0,3664.160580838,1.2213868602793334,0.0,/mnt/8tb_hdd2/joyce/train/M80_US_InF_H8.txt
/mnt/8tb_hdd2/joyce/hecras-dataset/origin/Linux_RAS_v66/Minxiong_hgn_h1h6/outputs_seed/planH5/Minxiong.p01.hdf,H8,train,precipitation,Event Conditions/Unsteady/Boundary Conditions/Precipitation Hydrographs/2D: per2,239,239,0.9995884259369944,0.028690558133460397,4.540493477084258,10.309059143564454,87,87,0,53.548282623291016,63.256023407,1.181289488815213,0.0,/mnt/8tb_hdd2/joyce/train/M80_Pr_H8.txt
/mnt/8tb_hdd2/joyce/hecras-dataset/origin/Linux_RAS_v66/Minxiong_hgn_h1h6/outputs_seed/planH5/Minxiong.p01.hdf,H9,train,inflow,event_upstreamBC1,239,239,0.9829356828986737,0.18473936830749696,540.4697303014374,733.6475174030002,120,104,-16,3273.610107421875,3766.986391217,1.1507132088444345,0.0,/mnt/8tb_hdd2/joyce/train/M80_US_InF_H9.txt
/mnt/8tb_hdd2/joyce/hecras-dataset/origin/Linux_RAS_v66/Minxiong_hgn_h1h6/outputs_seed/planH5/Minxiong.p01.hdf,H9,train,inflow,event_upstreamBC2,239,31,-0.17335190446880708,1.5318954954361652,1779.5331507554827,2553.877147519521,222,104,-118,2997.9831932773104,3766.986391217,1.2565068408869353,0.0,/mnt/8tb_hdd2/joyce/train/M80_US_InF_H9.txt
/mnt/8tb_hdd2/joyce/hecras-dataset/origin/Linux_RAS_v66/Minxiong_hgn_h1h6/outputs_seed/planH5/Minxiong.p01.hdf,H9,train,inflow,result_upstreamBC1,239,239,0.982935684370072,0.18473936034276892,540.4697236720978,733.6475174030002,120,104,-16,3273.610107421875,3766.986391217,1.1507132088444345,0.0,/mnt/8tb_hdd2/joyce/train/M80_US_InF_H9.txt
/mnt/8tb_hdd2/joyce/hecras-dataset/origin/Linux_RAS_v66/Minxiong_hgn_h1h6/outputs_seed/planH5/Minxiong.p01.hdf,H9,train,inflow,result_upstreamBC2,239,239,-0.1792305075361108,1.5357281709574198,1787.129409227326,2566.986391217,224,104,-120,3000.0,3766.986391217,1.2556621304056665,0.0,/mnt/8tb_hdd2/joyce/train/M80_US_InF_H9.txt
/mnt/8tb_hdd2/joyce/hecras-dataset/origin/Linux_RAS_v66/Minxiong_hgn_h1h6/outputs_seed/planH5/Minxiong.p01.hdf,H9,train,inflow,result_upstreamBC1_flow_per_face_sum,239,239,0.9829356845424733,0.1847393594095592,540.469724053277,733.6475479205783,120,104,-16,3273.6100463867188,3766.986391217,1.1507132302990244,0.0,/mnt/8tb_hdd2/joyce/train/M80_US_InF_H9.txt
/mnt/8tb_hdd2/joyce/hecras-dataset/origin/Linux_RAS_v66/Minxiong_hgn_h1h6/outputs_seed/planH5/Minxiong.p01.hdf,H9,train,inflow,result_upstreamBC2_flow_per_face_sum,239,239,-0.1792305075361108,1.5357281709574198,1787.129409227326,2566.986391217,224,104,-120,3000.0,3766.986391217,1.2556621304056665,0.0,/mnt/8tb_hdd2/joyce/train/M80_US_InF_H9.txt
/mnt/8tb_hdd2/joyce/hecras-dataset/origin/Linux_RAS_v66/Minxiong_hgn_h1h6/outputs_seed/planH5/Minxiong.p01.hdf,H9,train,precipitation,Event Conditions/Unsteady/Boundary Conditions/Precipitation Hydrographs/2D: per2,239,239,0.9996847639395039,0.025109203909950164,4.2451622478189615,9.84048461964258,87,87,0,53.548282623291016,62.166553497,1.1609439267051385,0.0,/mnt/8tb_hdd2/joyce/train/M80_Pr_H9.txt
/mnt/8tb_hdd2/joyce/hecras-dataset/origin/Linux_RAS_v66/Minxiong_hgn_h1h6/outputs_seed/planH5/Minxiong.p01.hdf,H10,train,inflow,event_upstreamBC1,239,239,0.9310801743128032,0.3712676276951591,228.51217046480662,536.9090576171875,120,144,24,3273.610107421875,3176.331,0.9702838443706765,0.0,/mnt/8tb_hdd2/joyce/train/M80_US_InF_H10.txt
/mnt/8tb_hdd2/joyce/hecras-dataset/origin/Linux_RAS_v66/Minxiong_hgn_h1h6/outputs_seed/planH5/Minxiong.p01.hdf,H10,train,inflow,event_upstreamBC2,239,31,0.052834200564095476,1.3763471941598926,1299.363393318363,1813.8927232513452,222,144,-78,2997.9831932773104,3176.331,1.0594892616885303,0.0,/mnt/8tb_hdd2/joyce/train/M80_US_InF_H10.txt
/mnt/8tb_hdd2/joyce/hecras-dataset/origin/Linux_RAS_v66/Minxiong_hgn_h1h6/outputs_seed/planH5/Minxiong.p01.hdf,H10,train,inflow,result_upstreamBC1,239,239,0.93108017648055,0.3712676218563875,228.51216928303586,536.908935546875,120,144,24,3273.610107421875,3176.331,0.9702838443706765,0.0,/mnt/8tb_hdd2/joyce/train/M80_US_InF_H10.txt
/mnt/8tb_hdd2/joyce/hecras-dataset/origin/Linux_RAS_v66/Minxiong_hgn_h1h6/outputs_seed/planH5/Minxiong.p01.hdf,H10,train,inflow,result_upstreamBC2,239,239,0.04702766895254076,1.3805595467399872,1305.3903761183199,1819.8951564511876,224,144,-80,3000.0,3176.331,1.058777,0.0,/mnt/8tb_hdd2/joyce/train/M80_US_InF_H10.txt
/mnt/8tb_hdd2/joyce/hecras-dataset/origin/Linux_RAS_v66/Minxiong_hgn_h1h6/outputs_seed/planH5/Minxiong.p01.hdf,H10,train,inflow,result_upstreamBC1_flow_per_face_sum,239,239,0.9310801756004314,0.3712676242269681,228.51217043429244,536.9089813232422,120,144,24,3273.6100463867188,3176.331,0.9702838624612325,0.0,/mnt/8tb_hdd2/joyce/train/M80_US_InF_H10.txt
/mnt/8tb_hdd2/joyce/hecras-dataset/origin/Linux_RAS_v66/Minxiong_hgn_h1h6/outputs_seed/planH5/Minxiong.p01.hdf,H10,train,inflow,result_upstreamBC2_flow_per_face_sum,239,239,0.04702766895254076,1.3805595467399872,1305.3903761183199,1819.8951564511876,224,144,-80,3000.0,3176.331,1.058777,0.0,/mnt/8tb_hdd2/joyce/train/M80_US_InF_H10.txt
/mnt/8tb_hdd2/joyce/hecras-dataset/origin/Linux_RAS_v66/Minxiong_hgn_h1h6/outputs_seed/planH5/Minxiong.p01.hdf,H10,train,precipitation,Event Conditions/Unsteady/Boundary Conditions/Precipitation Hydrographs/2D: per2,239,239,0.9996035654915035,0.028157929912979968,3.705858336073069,8.74966049164258,87,87,0,53.548282623291016,61.519306183,1.1488567544879946,0.0,/mnt/8tb_hdd2/joyce/train/M80_Pr_H10.txt
/mnt/8tb_hdd2/joyce/hecras-dataset/origin/Linux_RAS_v66/Minxiong_hgn_h1h6/outputs_seed/planH5/Minxiong.p01.hdf,H11,test,inflow,event_upstreamBC1,239,239,0.9616619551364265,0.27690447762206066,497.52016153746257,983.9130486757499,120,128,8,3273.610107421875,3754.147968064,1.1467914152490724,0.0,/mnt/8tb_hdd2/joyce/test/M80_US_InF_H11.txt
/mnt/8tb_hdd2/joyce/hecras-dataset/origin/Linux_RAS_v66/Minxiong_hgn_h1h6/outputs_seed/planH5/Minxiong.p01.hdf,H11,test,inflow,event_upstreamBC2,239,31,-0.07126433602144461,1.463737910980955,1743.159251242987,2544.666407881345,222,128,-94,2997.9831932773104,3754.147968064,1.2522244876096424,0.0,/mnt/8tb_hdd2/joyce/test/M80_US_InF_H11.txt
/mnt/8tb_hdd2/joyce/hecras-dataset/origin/Linux_RAS_v66/Minxiong_hgn_h1h6/outputs_seed/planH5/Minxiong.p01.hdf,H11,test,inflow,result_upstreamBC1,239,239,0.9616619576124908,0.2769044686801164,497.5201534176586,983.9130486757499,120,128,8,3273.610107421875,3754.147968064,1.1467914152490724,0.0,/mnt/8tb_hdd2/joyce/test/M80_US_InF_H11.txt
/mnt/8tb_hdd2/joyce/hecras-dataset/origin/Linux_RAS_v66/Minxiong_hgn_h1h6/outputs_seed/planH5/Minxiong.p01.hdf,H11,test,inflow,result_upstreamBC2,239,239,-0.0771626930978824,1.4677620332314651,1750.9486148047486,2550.6688410811876,224,128,-96,3000.0,3754.147968064,1.2513826560213333,0.0,/mnt/8tb_hdd2/joyce/test/M80_US_InF_H11.txt
/mnt/8tb_hdd2/joyce/hecras-dataset/origin/Linux_RAS_v66/Minxiong_hgn_h1h6/outputs_seed/planH5/Minxiong.p01.hdf,H11,test,inflow,result_upstreamBC1_flow_per_face_sum,239,239,0.9616619569665575,0.27690447101281385,497.5201544351972,983.9129266054374,120,128,8,3273.6100463867188,3754.147968064,1.1467914366305418,0.0,/mnt/8tb_hdd2/joyce/test/M80_US_InF_H11.txt
/mnt/8tb_hdd2/joyce/hecras-dataset/origin/Linux_RAS_v66/Minxiong_hgn_h1h6/outputs_seed/planH5/Minxiong.p01.hdf,H11,test,inflow,result_upstreamBC2_flow_per_face_sum,239,239,-0.0771626930978824,1.4677620332314651,1750.9486148047486,2550.6688410811876,224,128,-96,3000.0,3754.147968064,1.2513826560213333,0.0,/mnt/8tb_hdd2/joyce/test/M80_US_InF_H11.txt
/mnt/8tb_hdd2/joyce/hecras-dataset/origin/Linux_RAS_v66/Minxiong_hgn_h1h6/outputs_seed/planH5/Minxiong.p01.hdf,H11,test,precipitation,Event Conditions/Unsteady/Boundary Conditions/Precipitation Hydrographs/2D: per2,239,239,0.9996244420442763,0.027406493964843827,2.4058403241780058,5.874252319564455,87,88,1,53.548282623291016,58.689632416,1.0960133461025834,0.0,/mnt/8tb_hdd2/joyce/test/M80_Pr_H11.txt
/mnt/8tb_hdd2/joyce/hecras-dataset/origin/Linux_RAS_v66/Minxiong_hgn_h1h6/outputs_seed/planH5/Minxiong.p01.hdf,H12,test,inflow,event_upstreamBC1,239,239,0.8924926816531994,0.46369670765878895,537.2209687840011,798.4016230900625,120,104,-16,3273.610107421875,3770.593860279,1.1518151937918237,0.0,/mnt/8tb_hdd2/joyce/test/M80_US_InF_H12.txt
/mnt/8tb_hdd2/joyce/hecras-dataset/origin/Linux_RAS_v66/Minxiong_hgn_h1h6/outputs_seed/planH5/Minxiong.p01.hdf,H12,test,inflow,event_upstreamBC2,239,31,0.14264311918438172,1.309470794493423,1659.270576468561,2557.4846165815215,222,104,-118,2997.9831932773104,3770.593860279,1.2577101395145227,0.0,/mnt/8tb_hdd2/joyce/test/M80_US_InF_H12.txt
/mnt/8tb_hdd2/joyce/hecras-dataset/origin/Linux_RAS_v66/Minxiong_hgn_h1h6/outputs_seed/planH5/Minxiong.p01.hdf,H12,test,inflow,result_upstreamBC1,239,239,0.8924926857172376,0.46369669889435544,537.2209605707199,798.4016230900625,120,104,-16,3273.610107421875,3770.593860279,1.1518151937918237,0.0,/mnt/8tb_hdd2/joyce/test/M80_US_InF_H12.txt
/mnt/8tb_hdd2/joyce/hecras-dataset/origin/Linux_RAS_v66/Minxiong_hgn_h1h6/outputs_seed/planH5/Minxiong.p01.hdf,H12,test,inflow,result_upstreamBC2,239,239,0.1372464941374143,1.3135855555407003,1667.6075650509197,2570.593860279,224,104,-120,3000.0,3770.593860279,1.256864620093,0.0,/mnt/8tb_hdd2/joyce/test/M80_US_InF_H12.txt
/mnt/8tb_hdd2/joyce/hecras-dataset/origin/Linux_RAS_v66/Minxiong_hgn_h1h6/outputs_seed/planH5/Minxiong.p01.hdf,H12,test,inflow,result_upstreamBC1_flow_per_face_sum,239,239,0.89249268201758,0.46369670687297204,537.2209637071963,798.4015925724843,120,104,-16,3273.6100463867188,3770.593860279,1.1518152152669596,0.0,/mnt/8tb_hdd2/joyce/test/M80_US_InF_H12.txt
/mnt/8tb_hdd2/joyce/hecras-dataset/origin/Linux_RAS_v66/Minxiong_hgn_h1h6/outputs_seed/planH5/Minxiong.p01.hdf,H12,test,inflow,result_upstreamBC2_flow_per_face_sum,239,239,0.1372464941374143,1.3135855555407003,1667.6075650509197,2570.593860279,224,104,-120,3000.0,3770.593860279,1.256864620093,0.0,/mnt/8tb_hdd2/joyce/test/M80_US_InF_H12.txt
/mnt/8tb_hdd2/joyce/hecras-dataset/origin/Linux_RAS_v66/Minxiong_hgn_h1h6/outputs_seed/planH5/Minxiong.p01.hdf,H12,test,precipitation,Event Conditions/Unsteady/Boundary Conditions/Precipitation Hydrographs/2D: per2,239,239,0.9995397057633482,0.030341200920570223,5.5662747497996845,12.323860168642575,87,87,0,53.548282623291016,65.425270081,1.2217995961002686,0.0,/mnt/8tb_hdd2/joyce/test/M80_Pr_H12.txt
/mnt/8tb_hdd2/joyce/hecras-dataset/origin/Linux_RAS_v66/Minxiong_hgn_h1h6/outputs_seed/planH5/Minxiong.p01.hdf,H13,test,inflow,event_upstreamBC1,239,239,0.8643100915957147,0.5209412796165904,355.48814206571484,851.6251716883125,120,112,-8,3273.610107421875,3179.972728543,0.9713962946697342,0.0,/mnt/8tb_hdd2/joyce/test/M80_US_InF_H13.txt
/mnt/8tb_hdd2/joyce/hecras-dataset/origin/Linux_RAS_v66/Minxiong_hgn_h1h6/outputs_seed/planH5/Minxiong.p01.hdf,H13,test,inflow,event_upstreamBC2,239,31,0.1989160873956243,1.265767682163181,1393.7128692375495,1980.6040352383143,222,112,-110,2997.9831932773104,3179.972728543,1.0607039878254767,0.0,/mnt/8tb_hdd2/joyce/test/M80_US_InF_H13.txt
/mnt/8tb_hdd2/joyce/hecras-dataset/origin/Linux_RAS_v66/Minxiong_hgn_h1h6/outputs_seed/planH5/Minxiong.p01.hdf,H13,test,inflow,result_upstreamBC1,239,239,0.8643100947792335,0.5209412735055001,355.48813814710843,851.6251716883125,120,112,-8,3273.610107421875,3179.972728543,0.9713962946697342,0.0,/mnt/8tb_hdd2/joyce/test/M80_US_InF_H13.txt
/mnt/8tb_hdd2/joyce/hecras-dataset/origin/Linux_RAS_v66/Minxiong_hgn_h1h6/outputs_seed/planH5/Minxiong.p01.hdf,H13,test,inflow,result_upstreamBC2,239,239,0.19337700931354335,1.2701362058349934,1401.0553755802557,1987.8069550781252,224,112,-112,3000.0,3179.972728543,1.0599909095143334,0.0,/mnt/8tb_hdd2/joyce/test/M80_US_InF_H13.txt
/mnt/8tb_hdd2/joyce/hecras-dataset/origin/Linux_RAS_v66/Minxiong_hgn_h1h6/outputs_seed/planH5/Minxiong.p01.hdf,H13,test,inflow,result_upstreamBC1_flow_per_face_sum,239,239,0.8643100912800443,0.5209412802225536,355.4881408625412,851.6251564295235,120,112,-8,3273.6100463867188,3179.972728543,0.9713963127810314,0.0,/mnt/8tb_hdd2/joyce/test/M80_US_InF_H13.txt
/mnt/8tb_hdd2/joyce/hecras-dataset/origin/Linux_RAS_v66/Minxiong_hgn_h1h6/outputs_seed/planH5/Minxiong.p01.hdf,H13,test,inflow,result_upstreamBC2_flow_per_face_sum,239,239,0.19337700931354335,1.2701362058349934,1401.0553755802557,1987.8069550781252,224,112,-112,3000.0,3179.972728543,1.0599909095143334,0.0,/mnt/8tb_hdd2/joyce/test/M80_US_InF_H13.txt
/mnt/8tb_hdd2/joyce/hecras-dataset/origin/Linux_RAS_v66/Minxiong_hgn_h1h6/outputs_seed/planH5/Minxiong.p01.hdf,H13,test,precipitation,Event Conditions/Unsteady/Boundary Conditions/Precipitation Hydrographs/2D: per2,239,239,0.999653970607978,0.026307010169177955,6.222329071380884,13.834812164564454,87,87,0,53.548282623291016,66.705032349,1.245698817612246,0.0,/mnt/8tb_hdd2/joyce/test/M80_Pr_H13.txt
/mnt/8tb_hdd2/joyce/hecras-dataset/origin/Linux_RAS_v66/Minxiong_hgn_h1h6/outputs_seed/planH5/Minxiong.p01.hdf,H14,test,inflow,event_upstreamBC1,239,239,0.8768558770611727,0.4962743655254162,431.5769612840844,763.4301191386248,120,120,0,3273.610107421875,3567.069,1.0896438130835433,0.0,/mnt/8tb_hdd2/joyce/test/M80_US_InF_H14.txt
/mnt/8tb_hdd2/joyce/hecras-dataset/origin/Linux_RAS_v66/Minxiong_hgn_h1h6/outputs_seed/planH5/Minxiong.p01.hdf,H14,test,inflow,event_upstreamBC2,239,31,0.18047763732947839,1.28025182106531,1525.2716856826917,2343.2940352383143,222,120,-102,2997.9831932773104,3567.069,1.1898228809283553,0.0,/mnt/8tb_hdd2/joyce/test/M80_US_InF_H14.txt
/mnt/8tb_hdd2/joyce/hecras-dataset/origin/Linux_RAS_v66/Minxiong_hgn_h1h6/outputs_seed/planH5/Minxiong.p01.hdf,H14,test,inflow,result_upstreamBC1,239,239,0.8768558800412497,0.4962743595205174,431.5769547169302,763.4301191386248,120,120,0,3273.610107421875,3567.069,1.0896438130835433,0.0,/mnt/8tb_hdd2/joyce/test/M80_US_InF_H14.txt
/mnt/8tb_hdd2/joyce/hecras-dataset/origin/Linux_RAS_v66/Minxiong_hgn_h1h6/outputs_seed/planH5/Minxiong.p01.hdf,H14,test,inflow,result_upstreamBC2,239,239,0.17459091638683574,1.2848416895580286,1533.4432511942261,2350.496955078125,224,120,-104,3000.0,3567.069,1.189023,0.0,/mnt/8tb_hdd2/joyce/test/M80_US_InF_H14.txt
/mnt/8tb_hdd2/joyce/hecras-dataset/origin/Linux_RAS_v66/Minxiong_hgn_h1h6/outputs_seed/planH5/Minxiong.p01.hdf,H14,test,inflow,result_upstreamBC1_flow_per_face_sum,239,239,0.8768558773228288,0.4962743649981744,431.57695728844857,763.4300886210467,120,120,0,3273.6100463867188,3567.069,1.0896438333995186,0.0,/mnt/8tb_hdd2/joyce/test/M80_US_InF_H14.txt
/mnt/8tb_hdd2/joyce/hecras-dataset/origin/Linux_RAS_v66/Minxiong_hgn_h1h6/outputs_seed/planH5/Minxiong.p01.hdf,H14,test,inflow,result_upstreamBC2_flow_per_face_sum,239,239,0.17459091638683574,1.2848416895580286,1533.4432511942261,2350.496955078125,224,120,-104,3000.0,3567.069,1.189023,0.0,/mnt/8tb_hdd2/joyce/test/M80_US_InF_H14.txt
/mnt/8tb_hdd2/joyce/hecras-dataset/origin/Linux_RAS_v66/Minxiong_hgn_h1h6/outputs_seed/planH5/Minxiong.p01.hdf,H14,test,precipitation,Event Conditions/Unsteady/Boundary Conditions/Precipitation Hydrographs/2D: per2,239,239,0.9996364634618985,0.02696429261465455,3.495852224986325,7.9101753236425765,87,87,0,53.548282623291016,61.225719452,1.1433741000195896,0.0,/mnt/8tb_hdd2/joyce/test/M80_Pr_H14.txt
/mnt/8tb_hdd2/joyce/hecras-dataset/origin/Linux_RAS_v66/Minxiong_hgn_h1h6/outputs_seed/planH5/Minxiong.p01.hdf,H15,test,inflow,event_upstreamBC1,239,239,0.9770479482530094,0.2142524293770797,222.73659510995796,409.5265463750002,120,128,8,3273.610107421875,3395.156836327,1.037129262470676,0.0,/mnt/8tb_hdd2/joyce/test/M80_US_InF_H15.txt
/mnt/8tb_hdd2/joyce/hecras-dataset/origin/Linux_RAS_v66/Minxiong_hgn_h1h6/outputs_seed/planH5/Minxiong.p01.hdf,H15,test,inflow,event_upstreamBC2,239,31,-0.12526719302685668,1.5001781181092175,1520.884770086989,2136.933393909345,222,128,-94,2997.9831932773104,3395.156836327,1.1324802767208013,0.0,/mnt/8tb_hdd2/joyce/test/M80_US_InF_H15.txt
/mnt/8tb_hdd2/joyce/hecras-dataset/origin/Linux_RAS_v66/Minxiong_hgn_h1h6/outputs_seed/planH5/Minxiong.p01.hdf,H15,test,inflow,result_upstreamBC1,239,239,0.9770479495719415,0.21425242322110516,222.73658820025486,409.5265463750002,120,128,8,3273.610107421875,3395.156836327,1.037129262470676,0.0,/mnt/8tb_hdd2/joyce/test/M80_US_InF_H15.txt
/mnt/8tb_hdd2/joyce/hecras-dataset/origin/Linux_RAS_v66/Minxiong_hgn_h1h6/outputs_seed/planH5/Minxiong.p01.hdf,H15,test,inflow,result_upstreamBC2,239,239,-0.13134462555330126,1.5042238035301139,1527.5340029405434,2142.9358271091874,224,128,-96,3000.0,3395.156836327,1.1317189454423333,0.0,/mnt/8tb_hdd2/joyce/test/M80_US_InF_H15.txt
/mnt/8tb_hdd2/joyce/hecras-dataset/origin/Linux_RAS_v66/Minxiong_hgn_h1h6/outputs_seed/planH5/Minxiong.p01.hdf,H15,test,inflow,result_upstreamBC1_flow_per_face_sum,239,239,0.9770479491308538,0.21425242527983268,222.73658927144123,409.5265768925783,120,128,8,3273.6100463867188,3395.156836327,1.0371292818075384,0.0,/mnt/8tb_hdd2/joyce/test/M80_US_InF_H15.txt
/mnt/8tb_hdd2/joyce/hecras-dataset/origin/Linux_RAS_v66/Minxiong_hgn_h1h6/outputs_seed/planH5/Minxiong.p01.hdf,H15,test,inflow,result_upstreamBC2_flow_per_face_sum,239,239,-0.13134462555330126,1.5042238035301139,1527.5340029405434,2142.9358271091874,224,128,-96,3000.0,3395.156836327,1.1317189454423333,0.0,/mnt/8tb_hdd2/joyce/test/M80_US_InF_H15.txt
/mnt/8tb_hdd2/joyce/hecras-dataset/origin/Linux_RAS_v66/Minxiong_hgn_h1h6/outputs_seed/planH5/Minxiong.p01.hdf,H15,test,precipitation,Event Conditions/Unsteady/Boundary Conditions/Precipitation Hydrographs/2D: per2,239,239,0.9995683896775572,0.029380616822750588,10.216020827229794,23.11545181256446,87,88,1,53.548282623291016,75.930831909,1.4179881816783724,0.0,/mnt/8tb_hdd2/joyce/test/M80_Pr_H15.txt
/mnt/8tb_hdd2/joyce/hecras-dataset/origin/Linux_RAS_v66/Minxiong_hgn_h1h6/outputs_seed/planH6/Minxiong.p01.hdf,H1,train,inflow,event_upstreamBC1,239,239,0.9859083116010727,0.16787905407719758,409.10792427482613,642.9539758946248,128,112,-16,3347.03515625,3776.869530938,1.1284224260045073,0.0,/mnt/8tb_hdd2/joyce/train/M80_US_InF_H1.txt
/mnt/8tb_hdd2/joyce/hecras-dataset/origin/Linux_RAS_v66/Minxiong_hgn_h1h6/outputs_seed/planH6/Minxiong.p01.hdf,H1,train,inflow,event_upstreamBC2,239,31,0.2916833203760999,1.1902240794269794,1660.799728085674,2442.7518838791766,222,112,-110,2997.9831932773104,3776.869530938,1.2598034369929982,0.0,/mnt/8tb_hdd2/joyce/train/M80_US_InF_H1.txt
/mnt/8tb_hdd2/joyce/hecras-dataset/origin/Linux_RAS_v66/Minxiong_hgn_h1h6/outputs_seed/planH6/Minxiong.p01.hdf,H1,train,inflow,result_upstreamBC1,239,239,0.985908311658477,0.16787905373526202,409.1079308340893,642.9537317539998,128,112,-16,3347.03515625,3776.869530938,1.1284224260045073,0.0,/mnt/8tb_hdd2/joyce/train/M80_US_InF_H1.txt
/mnt/8tb_hdd2/joyce/hecras-dataset/origin/Linux_RAS_v66/Minxiong_hgn_h1h6/outputs_seed/planH6/Minxiong.p01.hdf,H1,train,inflow,result_upstreamBC2,239,239,0.28624630013180596,1.194783411224138,1669.9404673833476,2456.869530938,224,112,-112,3000.0,3776.869530938,1.2589565103126668,0.0,/mnt/8tb_hdd2/joyce/train/M80_US_InF_H1.txt
/mnt/8tb_hdd2/joyce/hecras-dataset/origin/Linux_RAS_v66/Minxiong_hgn_h1h6/outputs_seed/planH6/Minxiong.p01.hdf,H1,train,inflow,result_upstreamBC1_flow_per_face_sum,239,239,0.9859083107581561,0.1678790590981758,409.1079257358025,642.9538538243123,128,112,-16,3347.0350952148438,3776.869530938,1.1284224465819548,0.0,/mnt/8tb_hdd2/joyce/train/M80_US_InF_H1.txt
/mnt/8tb_hdd2/joyce/hecras-dataset/origin/Linux_RAS_v66/Minxiong_hgn_h1h6/outputs_seed/planH6/Minxiong.p01.hdf,H1,train,inflow,result_upstreamBC2_flow_per_face_sum,239,239,0.28624630013180596,1.194783411224138,1669.9404673833476,2456.869530938,224,112,-112,3000.0,3776.869530938,1.2589565103126668,0.0,/mnt/8tb_hdd2/joyce/train/M80_US_InF_H1.txt
/mnt/8tb_hdd2/joyce/hecras-dataset/origin/Linux_RAS_v66/Minxiong_hgn_h1h6/outputs_seed/planH6/Minxiong.p01.hdf,H1,train,precipitation,Event Conditions/Unsteady/Boundary Conditions/Precipitation Hydrographs/2D: per2,239,239,0.9995146551754129,0.031155892687777315,4.751112072346789,10.622608185228515,87,88,1,57.48215103149414,67.923568726,1.1816462590062968,0.0,/mnt/8tb_hdd2/joyce/train/M80_Pr_H1.txt
/mnt/8tb_hdd2/joyce/hecras-dataset/origin/Linux_RAS_v66/Minxiong_hgn_h1h6/outputs_seed/planH6/Minxiong.p01.hdf,H2,train,inflow,event_upstreamBC1,239,239,0.9873997910224919,0.15874639509297978,317.54926960298945,566.4416849228751,128,128,0,3347.03515625,3802.466187625,1.1360699873512123,0.0,/mnt/8tb_hdd2/joyce/train/M80_US_InF_H2.txt
/mnt/8tb_hdd2/joyce/hecras-dataset/origin/Linux_RAS_v66/Minxiong_hgn_h1h6/outputs_seed/planH6/Minxiong.p01.hdf,H2,train,inflow,event_upstreamBC2,239,31,0.06069464528408745,1.3706242043068644,1656.5996258744085,2514.860035238314,222,128,-94,2997.9831932773104,3802.466187625,1.268341395692833,0.0,/mnt/8tb_hdd2/joyce/train/M80_US_InF_H2.txt
/mnt/8tb_hdd2/joyce/hecras-dataset/origin/Linux_RAS_v66/Minxiong_hgn_h1h6/outputs_seed/planH6/Minxiong.p01.hdf,H2,train,inflow,result_upstreamBC1,239,239,0.9873997903372164,0.15874639940977314,317.5492774232995,566.4416849228751,128,128,0,3347.03515625,3802.466187625,1.1360699873512123,0.0,/mnt/8tb_hdd2/joyce/train/M80_US_InF_H2.txt
/mnt/8tb_hdd2/joyce/hecras-dataset/origin/Linux_RAS_v66/Minxiong_hgn_h1h6/outputs_seed/planH6/Minxiong.p01.hdf,H2,train,inflow,result_upstreamBC2,239,239,0.05456728341886038,1.375087427461352,1664.7630005057372,2522.062955078125,224,128,-96,3000.0,3802.466187625,1.2674887292083334,0.0,/mnt/8tb_hdd2/joyce/train/M80_US_InF_H2.txt
/mnt/8tb_hdd2/joyce/hecras-dataset/origin/Linux_RAS_v66/Minxiong_hgn_h1h6/outputs_seed/planH6/Minxiong.p01.hdf,H2,train,inflow,result_upstreamBC1_flow_per_face_sum,239,239,0.9873997928004911,0.15874638389272921,317.54926784616816,566.4416238877188,128,128,0,3347.0350952148438,3802.466187625,1.1360700080681176,0.0,/mnt/8tb_hdd2/joyce/train/M80_US_InF_H2.txt
/mnt/8tb_hdd2/joyce/hecras-dataset/origin/Linux_RAS_v66/Minxiong_hgn_h1h6/outputs_seed/planH6/Minxiong.p01.hdf,H2,train,inflow,result_upstreamBC2_flow_per_face_sum,239,239,0.05456728341886038,1.375087427461352,1664.7630005057372,2522.062955078125,224,128,-96,3000.0,3802.466187625,1.2674887292083334,0.0,/mnt/8tb_hdd2/joyce/train/M80_US_InF_H2.txt
/mnt/8tb_hdd2/joyce/hecras-dataset/origin/Linux_RAS_v66/Minxiong_hgn_h1h6/outputs_seed/planH6/Minxiong.p01.hdf,H2,train,precipitation,Event Conditions/Unsteady/Boundary Conditions/Precipitation Hydrographs/2D: per2,239,239,0.9995882279024015,0.02869745973425942,6.381447339116256,14.258625030505854,87,87,0,57.48215103149414,71.740776062,1.2480530873434719,0.0,/mnt/8tb_hdd2/joyce/train/M80_Pr_H2.txt
/mnt/8tb_hdd2/joyce/hecras-dataset/origin/Linux_RAS_v66/Minxiong_hgn_h1h6/outputs_seed/planH6/Minxiong.p01.hdf,H3,train,inflow,event_upstreamBC1,239,239,0.9676272895584097,0.2544512151340219,403.43979113783615,806.0930156250001,128,96,-32,3347.03515625,3924.927,1.172657835000893,0.0,/mnt/8tb_hdd2/joyce/train/M80_US_InF_H3.txt
/mnt/8tb_hdd2/joyce/hecras-dataset/origin/Linux_RAS_v66/Minxiong_hgn_h1h6/outputs_seed/planH6/Minxiong.p01.hdf,H3,train,inflow,event_upstreamBC2,239,31,-0.05440103893977544,1.4521715042926406,1752.274629179314,2789.1530352383143,222,96,-126,2997.9831932773104,3924.927,1.309189127144299,0.0,/mnt/8tb_hdd2/joyce/train/M80_US_InF_H3.txt
/mnt/8tb_hdd2/joyce/hecras-dataset/origin/Linux_RAS_v66/Minxiong_hgn_h1h6/outputs_seed/planH6/Minxiong.p01.hdf,H3,train,inflow,result_upstreamBC1,239,239,0.9676272859596978,0.2544512292770512,403.43980164101197,806.0930156250001,128,96,-32,3347.03515625,3924.927,1.172657835000893,0.0,/mnt/8tb_hdd2/joyce/train/M80_US_InF_H3.txt
/mnt/8tb_hdd2/joyce/hecras-dataset/origin/Linux_RAS_v66/Minxiong_hgn_h1h6/outputs_seed/planH6/Minxiong.p01.hdf,H3,train,inflow,result_upstreamBC2,239,239,-0.06028470295894768,1.4562174995233015,1760.0139821068897,2796.355955078125,224,96,-128,3000.0,3924.927,1.308309,0.0,/mnt/8tb_hdd2/joyce/train/M80_US_InF_H3.txt
/mnt/8tb_hdd2/joyce/hecras-dataset/origin/Linux_RAS_v66/Minxiong_hgn_h1h6/outputs_seed/planH6/Minxiong.p01.hdf,H3,train,inflow,result_upstreamBC1_flow_per_face_sum,239,239,0.9676272910141775,0.2544512094128148,403.4397900412729,806.092985107422,128,96,-32,3347.0350952148438,3924.927,1.1726578563849992,0.0,/mnt/8tb_hdd2/joyce/train/M80_US_InF_H3.txt
/mnt/8tb_hdd2/joyce/hecras-dataset/origin/Linux_RAS_v66/Minxiong_hgn_h1h6/outputs_seed/planH6/Minxiong.p01.hdf,H3,train,inflow,result_upstreamBC2_flow_per_face_sum,239,239,-0.06028470295894768,1.4562174995233015,1760.0139821068897,2796.355955078125,224,96,-128,3000.0,3924.927,1.308309,0.0,/mnt/8tb_hdd2/joyce/train/M80_US_InF_H3.txt
/mnt/8tb_hdd2/joyce/hecras-dataset/origin/Linux_RAS_v66/Minxiong_hgn_h1h6/outputs_seed/planH6/Minxiong.p01.hdf,H3,train,precipitation,Event Conditions/Unsteady/Boundary Conditions/Precipitation Hydrographs/2D: per2,239,239,0.9995116335271872,0.031252727011059835,3.127453109749123,7.377456664593751,87,87,0,57.48215103149414,50.866661072,0.8849122755362868,0.0,/mnt/8tb_hdd2/joyce/train/M80_Pr_H3.txt
/mnt/8tb_hdd2/joyce/hecras-dataset/origin/Linux_RAS_v66/Minxiong_hgn_h1h6/outputs_seed/planH6/Minxiong.p01.hdf,H4,train,inflow,event_upstreamBC1,239,239,0.85736492536527,0.5341068706443117,300.3739290500819,536.8285491055001,128,112,-16,3347.03515625,3313.656858284,0.9900275030264705,0.0,/mnt/8tb_hdd2/joyce/train/M80_US_InF_H4.txt
/mnt/8tb_hdd2/joyce/hecras-dataset/origin/Linux_RAS_v66/Minxiong_hgn_h1h6/outputs_seed/planH6/Minxiong.p01.hdf,H4,train,inflow,event_upstreamBC2,239,31,-0.3429125937969653,1.638848738472813,1545.3961585033003,2193.858132432345,222,112,-110,2997.9831932773104,3313.656858284,1.1052953417866243,0.0,/mnt/8tb_hdd2/joyce/train/M80_US_InF_H4.txt
/mnt/8tb_hdd2/joyce/hecras-dataset/origin/Linux_RAS_v66/Minxiong_hgn_h1h6/outputs_seed/planH6/Minxiong.p01.hdf,H4,train,inflow,result_upstreamBC1,239,239,0.8573649195517279,0.5341068815289175,300.3739337293263,536.8285491055001,128,112,-16,3347.03515625,3313.656858284,0.9900275030264705,0.0,/mnt/8tb_hdd2/joyce/train/M80_US_InF_H4.txt
/mnt/8tb_hdd2/joyce/hecras-dataset/origin/Linux_RAS_v66/Minxiong_hgn_h1h6/outputs_seed/planH6/Minxiong.p01.hdf,H4,train,inflow,result_upstreamBC2,239,239,-0.3485565945485672,1.6422890090045463,1550.971448089331,2199.8605656321874,224,112,-112,3000.0,3313.656858284,1.1045522860946666,0.0,/mnt/8tb_hdd2/joyce/train/M80_US_InF_H4.txt
/mnt/8tb_hdd2/joyce/hecras-dataset/origin/Linux_RAS_v66/Minxiong_hgn_h1h6/outputs_seed/planH6/Minxiong.p01.hdf,H4,train,inflow,result_upstreamBC1_flow_per_face_sum,239,239,0.8573649295417076,0.5341068628248341,300.37392457084496,536.828533846711,128,112,-16,3347.0350952148438,3313.656858284,0.9900275210802051,0.0,/mnt/8tb_hdd2/joyce/train/M80_US_InF_H4.txt
/mnt/8tb_hdd2/joyce/hecras-dataset/origin/Linux_RAS_v66/Minxiong_hgn_h1h6/outputs_seed/planH6/Minxiong.p01.hdf,H4,train,inflow,result_upstreamBC2_flow_per_face_sum,239,239,-0.3485565945485672,1.6422890090045463,1550.971448089331,2199.8605656321874,224,112,-112,3000.0,3313.656858284,1.1045522860946666,0.0,/mnt/8tb_hdd2/joyce/train/M80_US_InF_H4.txt
/mnt/8tb_hdd2/joyce/hecras-dataset/origin/Linux_RAS_v66/Minxiong_hgn_h1h6/outputs_seed/planH6/Minxiong.p01.hdf,H4,train,precipitation,Event Conditions/Unsteady/Boundary Conditions/Precipitation Hydrographs/2D: per2,239,239,0.9995821883174193,0.028907150761753424,2.58245120321384,6.062614440484374,87,88,1,57.48215103149414,63.224048615,1.0998900959770956,0.0,/mnt/8tb_hdd2/joyce/train/M80_Pr_H4.txt
/mnt/8tb_hdd2/joyce/hecras-dataset/origin/Linux_RAS_v66/Minxiong_hgn_h1h6/outputs_seed/planH6/Minxiong.p01.hdf,H5,train,inflow,event_upstreamBC1,239,239,0.8813245900450876,0.48718663765524706,307.3450592284862,620.2465251545,128,120,-8,3347.03515625,3273.61,0.9780626277220629,0.0,/mnt/8tb_hdd2/joyce/train/M80_US_InF_H5.txt
/mnt/8tb_hdd2/joyce/hecras-dataset/origin/Linux_RAS_v66/Minxiong_hgn_h1h6/outputs_seed/planH6/Minxiong.p01.hdf,H5,train,inflow,event_upstreamBC2,239,31,-0.2970331542499765,1.6106105390503171,1455.9438448549533,2010.2768732356226,222,120,-102,2997.9831932773104,3273.61,1.0919374089023435,0.0,/mnt/8tb_hdd2/joyce/train/M80_US_InF_H5.txt
/mnt/8tb_hdd2/joyce/hecras-dataset/origin/Linux_RAS_v66/Minxiong_hgn_h1h6/outputs_seed/planH6/Minxiong.p01.hdf,H5,train,inflow,result_upstreamBC1,239,239,0.8813245861701791,0.4871866456088901,307.3450601259787,620.2465251545,128,120,-8,3347.03515625,3273.61,0.9780626277220629,0.0,/mnt/8tb_hdd2/joyce/train/M80_US_InF_H5.txt
/mnt/8tb_hdd2/joyce/hecras-dataset/origin/Linux_RAS_v66/Minxiong_hgn_h1h6/outputs_seed/planH6/Minxiong.p01.hdf,H5,train,inflow,result_upstreamBC2,239,239,-0.30264786672109556,1.614092851555384,1461.0099418079972,2015.6789892578126,224,120,-104,3000.0,3273.61,1.0912033333333333,0.0,/mnt/8tb_hdd2/joyce/train/M80_US_InF_H5.txt
/mnt/8tb_hdd2/joyce/hecras-dataset/origin/Linux_RAS_v66/Minxiong_hgn_h1h6/outputs_seed/planH6/Minxiong.p01.hdf,H5,train,inflow,result_upstreamBC1_flow_per_face_sum,239,239,0.8813245957737831,0.48718662589651823,307.345052966129,620.2465098957109,128,120,-8,3347.0350952148438,3273.61,0.9780626455576109,0.0,/mnt/8tb_hdd2/joyce/train/M80_US_InF_H5.txt
/mnt/8tb_hdd2/joyce/hecras-dataset/origin/Linux_RAS_v66/Minxiong_hgn_h1h6/outputs_seed/planH6/Minxiong.p01.hdf,H5,train,inflow,result_upstreamBC2_flow_per_face_sum,239,239,-0.30264786672109556,1.614092851555384,1461.0099418079972,2015.6789892578126,224,120,-104,3000.0,3273.61,1.0912033333333333,0.0,/mnt/8tb_hdd2/joyce/train/M80_US_InF_H5.txt
/mnt/8tb_hdd2/joyce/hecras-dataset/origin/Linux_RAS_v66/Minxiong_hgn_h1h6/outputs_seed/planH6/Minxiong.p01.hdf,H5,train,precipitation,Event Conditions/Unsteady/Boundary Conditions/Precipitation Hydrographs/2D: per2,239,239,0.9995011987568548,0.031584845832827356,2.0801708195006734,5.148715973021481,87,87,0,57.48215103149414,53.548282623,0.9315636534488976,0.0,/mnt/8tb_hdd2/joyce/train/M80_Pr_H5.txt
/mnt/8tb_hdd2/joyce/hecras-dataset/origin/Linux_RAS_v66/Minxiong_hgn_h1h6/outputs_seed/planH6/Minxiong.p01.hdf,H6,train,inflow,event_upstreamBC1,239,239,0.9999999999999936,1.1777766575889182e-07,6.562070976307433e-05,0.00012432025005182368,128,128,0,3347.03515625,3347.03503992,0.9999999652438668,1.0,/mnt/8tb_hdd2/joyce/train/M80_US_InF_H6.txt
/mnt/8tb_hdd2/joyce/hecras-dataset/origin/Linux_RAS_v66/Minxiong_hgn_h1h6/outputs_seed/planH6/Minxiong.p01.hdf,H6,train,inflow,event_upstreamBC2,239,31,0.17156709166326917,1.2871929989995528,1376.8444598455887,1983.060035238314,222,128,-94,2997.9831932773104,3347.03503992,1.1164288870682815,0.0,/mnt/8tb_hdd2/joyce/train/M80_US_InF_H6.txt
/mnt/8tb_hdd2/joyce/hecras-dataset/origin/Linux_RAS_v66/Minxiong_hgn_h1h6/outputs_seed/planH6/Minxiong.p01.hdf,H6,train,inflow,result_upstreamBC1,239,239,0.99999999999998,1.9897915287768926e-07,0.0001111883859307632,0.00035676949983098893,128,128,0,3347.03515625,3347.03503992,0.9999999652438668,1.0,/mnt/8tb_hdd2/joyce/train/M80_US_InF_H6.txt
/mnt/8tb_hdd2/joyce/hecras-dataset/origin/Linux_RAS_v66/Minxiong_hgn_h1h6/outputs_seed/planH6/Minxiong.p01.hdf,H6,train,inflow,result_upstreamBC2,239,239,0.16589431802471474,1.29159256886627,1384.1514429724812,1990.2629550781248,224,128,-96,3000.0,3347.03503992,1.11567834664,0.0,/mnt/8tb_hdd2/joyce/train/M80_US_InF_H6.txt
/mnt/8tb_hdd2/joyce/hecras-dataset/origin/Linux_RAS_v66/Minxiong_hgn_h1h6/outputs_seed/planH6/Minxiong.p01.hdf,H6,train,inflow,result_upstreamBC1_flow_per_face_sum,239,239,0.9999999999999827,1.8979439719295341e-07,0.00010564591928689176,0.0003067765469495498,128,128,0,3347.0350952148438,3347.03503992,0.9999999834794551,1.0,/mnt/8tb_hdd2/joyce/train/M80_US_InF_H6.txt
/mnt/8tb_hdd2/joyce/hecras-dataset/origin/Linux_RAS_v66/Minxiong_hgn_h1h6/outputs_seed/planH6/Minxiong.p01.hdf,H6,train,inflow,result_upstreamBC2_flow_per_face_sum,239,239,0.16589431802471474,1.29159256886627,1384.1514429724812,1990.2629550781248,224,128,-96,3000.0,3347.03503992,1.11567834664,0.0,/mnt/8tb_hdd2/joyce/train/M80_US_InF_H6.txt
/mnt/8tb_hdd2/joyce/hecras-dataset/origin/Linux_RAS_v66/Minxiong_hgn_h1h6/outputs_seed/planH6/Minxiong.p01.hdf,H6,train,precipitation,Event Conditions/Unsteady/Boundary Conditions/Precipitation Hydrographs/2D: per2,239,239,1.0,1.4691809432603257e-11,2.620262227952008e-10,4.960938326803443e-10,87,87,0,57.48215103149414,57.482151031,0.9999999999914035,1.0,/mnt/8tb_hdd2/joyce/train/M80_Pr_H6.txt
/mnt/8tb_hdd2/joyce/hecras-dataset/origin/Linux_RAS_v66/Minxiong_hgn_h1h6/outputs_seed/planH6/Minxiong.p01.hdf,H7,train,inflow,event_upstreamBC1,239,239,0.990959151268734,0.1344682024217281,407.72035047254036,747.8949726552501,128,112,-16,3347.03515625,3812.946467066,1.1392012001863776,0.0,/mnt/8tb_hdd2/joyce/train/M80_US_InF_H7.txt
/mnt/8tb_hdd2/joyce/hecras-dataset/origin/Linux_RAS_v66/Minxiong_hgn_h1h6/outputs_seed/planH6/Minxiong.p01.hdf,H7,train,inflow,event_upstreamBC2,239,31,0.141055556596071,1.3106826033818628,1719.3877718762553,2508.949645755909,222,112,-110,2997.9831932773104,3812.946467066,1.2718371722750703,0.0,/mnt/8tb_hdd2/joyce/train/M80_US_InF_H7.txt
/mnt/8tb_hdd2/joyce/hecras-dataset/origin/Linux_RAS_v66/Minxiong_hgn_h1h6/outputs_seed/planH6/Minxiong.p01.hdf,H7,train,inflow,result_upstreamBC1,239,239,0.9909591488642118,0.13446822030344427,407.7203596893579,747.8949726552501,128,112,-16,3347.03515625,3812.946467066,1.1392012001863776,0.0,/mnt/8tb_hdd2/joyce/train/M80_US_InF_H7.txt
/mnt/8tb_hdd2/joyce/hecras-dataset/origin/Linux_RAS_v66/Minxiong_hgn_h1h6/outputs_seed/planH6/Minxiong.p01.hdf,H7,train,inflow,result_upstreamBC2,239,239,0.13524589417308336,1.3151076806306898,1728.0729974145913,2515.5522432890625,224,112,-112,3000.0,3812.946467066,1.2709821556886667,0.0,/mnt/8tb_hdd2/joyce/train/M80_US_InF_H7.txt
/mnt/8tb_hdd2/joyce/hecras-dataset/origin/Linux_RAS_v66/Minxiong_hgn_h1h6/outputs_seed/planH6/Minxiong.p01.hdf,H7,train,inflow,result_upstreamBC1_flow_per_face_sum,239,239,0.9909591500910165,0.13446821118006475,407.72035229415803,747.8950031728282,128,112,-16,3347.0350952148438,3812.946467066,1.1392012209603826,0.0,/mnt/8tb_hdd2/joyce/train/M80_US_InF_H7.txt
/mnt/8tb_hdd2/joyce/hecras-dataset/origin/Linux_RAS_v66/Minxiong_hgn_h1h6/outputs_seed/planH6/Minxiong.p01.hdf,H7,train,inflow,result_upstreamBC2_flow_per_face_sum,239,239,0.13524589417308336,1.3151076806306898,1728.0729974145913,2515.5522432890625,224,112,-112,3000.0,3812.946467066,1.2709821556886667,0.0,/mnt/8tb_hdd2/joyce/train/M80_US_InF_H7.txt
/mnt/8tb_hdd2/joyce/hecras-dataset/origin/Linux_RAS_v66/Minxiong_hgn_h1h6/outputs_seed/planH6/Minxiong.p01.hdf,H7,train,precipitation,Event Conditions/Unsteady/Boundary Conditions/Precipitation Hydrographs/2D: per2,239,239,0.9995247790176008,0.030829238796951083,0.9997377353273273,2.4374504086074253,87,87,0,57.48215103149414,59.882778168,1.0417630010956023,0.0,/mnt/8tb_hdd2/joyce/train/M80_Pr_H7.txt
/mnt/8tb_hdd2/joyce/hecras-dataset/origin/Linux_RAS_v66/Minxiong_hgn_h1h6/outputs_seed/planH6/Minxiong.p01.hdf,H8,train,inflow,event_upstreamBC1,239,239,0.990342910623648,0.1389754609731662,202.2576729170443,485.466977322375,128,112,-16,3347.03515625,3664.160580838,1.094748160620848,0.0,/mnt/8tb_hdd2/joyce/train/M80_US_InF_H8.txt
/mnt/8tb_hdd2/joyce/hecras-dataset/origin/Linux_RAS_v66/Minxiong_hgn_h1h6/outputs_seed/planH6/Minxiong.p01.hdf,H8,train,inflow,event_upstreamBC2,239,31,0.09293890371387944,1.3468935342380415,1525.2689320466484,2330.0429337791766,222,112,-110,2997.9831932773104,3664.160580838,1.2222085130612235,0.0,/mnt/8tb_hdd2/joyce/train/M80_US_InF_H8.txt
/mnt/8tb_hdd2/joyce/hecras-dataset/origin/Linux_RAS_v66/Minxiong_hgn_h1h6/outputs_seed/planH6/Minxiong.p01.hdf,H8,train,inflow,result_upstreamBC1,239,239,0.9903429109750234,0.13897545844483541,202.25767855645566,485.466977322375,128,112,-16,3347.03515625,3664.160580838,1.094748160620848,0.0,/mnt/8tb_hdd2/joyce/train/M80_US_InF_H8.txt
/mnt/8tb_hdd2/joyce/hecras-dataset/origin/Linux_RAS_v66/Minxiong_hgn_h1h6/outputs_seed/planH6/Minxiong.p01.hdf,H8,train,inflow,result_upstreamBC2,239,239,0.08701354753216779,1.3512856489046514,1532.985959082716,2344.160580838,224,112,-112,3000.0,3664.160580838,1.2213868602793334,0.0,/mnt/8tb_hdd2/joyce/train/M80_US_InF_H8.txt
/mnt/8tb_hdd2/joyce/hecras-dataset/origin/Linux_RAS_v66/Minxiong_hgn_h1h6/outputs_seed/planH6/Minxiong.p01.hdf,H8,train,inflow,result_upstreamBC1_flow_per_face_sum,239,239,0.9903429134111003,0.13897544091601352,202.25766789921437,485.46691628721874,128,112,-16,3347.0350952148438,3664.160580838,1.0947481805842254,0.0,/mnt/8tb_hdd2/joyce/train/M80_US_InF_H8.txt
/mnt/8tb_hdd2/joyce/hecras-dataset/origin/Linux_RAS_v66/Minxiong_hgn_h1h6/outputs_seed/planH6/Minxiong.p01.hdf,H8,train,inflow,result_upstreamBC2_flow_per_face_sum,239,239,0.08701354753216779,1.3512856489046514,1532.985959082716,2344.160580838,224,112,-112,3000.0,3664.160580838,1.2213868602793334,0.0,/mnt/8tb_hdd2/joyce/train/M80_US_InF_H8.txt
/mnt/8tb_hdd2/joyce/hecras-dataset/origin/Linux_RAS_v66/Minxiong_hgn_h1h6/outputs_seed/planH6/Minxiong.p01.hdf,H8,train,precipitation,Event Conditions/Unsteady/Boundary Conditions/Precipitation Hydrographs/2D: per2,239,239,0.999625756262778,0.027358499126320244,2.553589549989106,5.823478699228517,87,87,0,57.48215103149414,63.256023407,1.100446351987461,0.0,/mnt/8tb_hdd2/joyce/train/M80_Pr_H8.txt
/mnt/8tb_hdd2/joyce/hecras-dataset/origin/Linux_RAS_v66/Minxiong_hgn_h1h6/outputs_seed/planH6/Minxiong.p01.hdf,H9,train,inflow,event_upstreamBC1,239,239,0.9304951580245706,0.37284002460956356,445.3667840760654,755.6794354848748,128,104,-24,3347.03515625,3766.986391217,1.125469621728596,0.0,/mnt/8tb_hdd2/joyce/train/M80_US_InF_H9.txt
/mnt/8tb_hdd2/joyce/hecras-dataset/origin/Linux_RAS_v66/Minxiong_hgn_h1h6/outputs_seed/planH6/Minxiong.p01.hdf,H9,train,inflow,event_upstreamBC2,239,31,-0.17335190446880708,1.5318954954361652,1779.5331507554827,2553.877147519521,222,104,-118,2997.9831932773104,3766.986391217,1.2565068408869353,0.0,/mnt/8tb_hdd2/joyce/train/M80_US_InF_H9.txt
/mnt/8tb_hdd2/joyce/hecras-dataset/origin/Linux_RAS_v66/Minxiong_hgn_h1h6/outputs_seed/planH6/Minxiong.p01.hdf,H9,train,inflow,result_upstreamBC1,239,239,0.9304951552778586,0.3728400319765619,445.36678993700065,755.6794354848748,128,104,-24,3347.03515625,3766.986391217,1.125469621728596,0.0,/mnt/8tb_hdd2/joyce/train/M80_US_InF_H9.txt
/mnt/8tb_hdd2/joyce/hecras-dataset/origin/Linux_RAS_v66/Minxiong_hgn_h1h6/outputs_seed/planH6/Minxiong.p01.hdf,H9,train,inflow,result_upstreamBC2,239,239,-0.1792305075361108,1.5357281709574198,1787.129409227326,2566.986391217,224,104,-120,3000.0,3766.986391217,1.2556621304056665,0.0,/mnt/8tb_hdd2/joyce/train/M80_US_InF_H9.txt
/mnt/8tb_hdd2/joyce/hecras-dataset/origin/Linux_RAS_v66/Minxiong_hgn_h1h6/outputs_seed/planH6/Minxiong.p01.hdf,H9,train,inflow,result_upstreamBC1_flow_per_face_sum,239,239,0.9304951612479829,0.3728400159639979,445.36678234044,755.6793744497186,128,104,-24,3347.0350952148438,3766.986391217,1.1254696422521975,0.0,/mnt/8tb_hdd2/joyce/train/M80_US_InF_H9.txt
/mnt/8tb_hdd2/joyce/hecras-dataset/origin/Linux_RAS_v66/Minxiong_hgn_h1h6/outputs_seed/planH6/Minxiong.p01.hdf,H9,train,inflow,result_upstreamBC2_flow_per_face_sum,239,239,-0.1792305075361108,1.5357281709574198,1787.129409227326,2566.986391217,224,104,-120,3000.0,3766.986391217,1.2556621304056665,0.0,/mnt/8tb_hdd2/joyce/train/M80_US_InF_H9.txt
/mnt/8tb_hdd2/joyce/hecras-dataset/origin/Linux_RAS_v66/Minxiong_hgn_h1h6/outputs_seed/planH6/Minxiong.p01.hdf,H9,train,precipitation,Event Conditions/Unsteady/Boundary Conditions/Precipitation Hydrographs/2D: per2,239,239,0.9995979082543212,0.02835812919349171,2.2739126899490083,5.492107391828128,87,87,0,57.48215103149414,62.166553497,1.0814931658166256,0.0,/mnt/8tb_hdd2/joyce/train/M80_Pr_H9.txt
/mnt/8tb_hdd2/joyce/hecras-dataset/origin/Linux_RAS_v66/Minxiong_hgn_h1h6/outputs_seed/planH6/Minxiong.p01.hdf,H10,train,inflow,event_upstreamBC1,239,239,0.9854869188000929,0.1703706617930801,227.63378699238808,468.74295843362506,128,144,16,3347.03515625,3176.331,0.9489983976023557,0.0,/mnt/8tb_hdd2/joyce/train/M80_US_InF_H10.txt
/mnt/8tb_hdd2/joyce/hecras-dataset/origin/Linux_RAS_v66/Minxiong_hgn_h1h6/outputs_seed/planH6/Minxiong.p01.hdf,H10,train,inflow,event_upstreamBC2,239,31,0.052834200564095476,1.3763471941598926,1299.363393318363,1813.8927232513452,222,144,-78,2997.9831932773104,3176.331,1.0594892616885303,0.0,/mnt/8tb_hdd2/joyce/train/M80_US_InF_H10.txt
/mnt/8tb_hdd2/joyce/hecras-dataset/origin/Linux_RAS_v66/Minxiong_hgn_h1h6/outputs_seed/planH6/Minxiong.p01.hdf,H10,train,inflow,result_upstreamBC1,239,239,0.9854869169268867,0.1703706727879699,227.63378600528907,468.74295843362506,128,144,16,3347.03515625,3176.331,0.9489983976023557,0.0,/mnt/8tb_hdd2/joyce/train/M80_US_InF_H10.txt
/mnt/8tb_hdd2/joyce/hecras-dataset/origin/Linux_RAS_v66/Minxiong_hgn_h1h6/outputs_seed/planH6/Minxiong.p01.hdf,H10,train,inflow,result_upstreamBC2,239,239,0.04702766895254076,1.3805595467399872,1305.3903761183199,1819.8951564511876,224,144,-80,3000.0,3176.331,1.058777,0.0,/mnt/8tb_hdd2/joyce/train/M80_US_InF_H10.txt
/mnt/8tb_hdd2/joyce/hecras-dataset/origin/Linux_RAS_v66/Minxiong_hgn_h1h6/outputs_seed/planH6/Minxiong.p01.hdf,H10,train,inflow,result_upstreamBC1_flow_per_face_sum,239,239,0.985486920364802,0.1703706526089408,227.63378424726105,468.7429889512032,128,144,16,3347.0350952148438,3176.331,0.9489984149079004,0.0,/mnt/8tb_hdd2/joyce/train/M80_US_InF_H10.txt
/mnt/8tb_hdd2/joyce/hecras-dataset/origin/Linux_RAS_v66/Minxiong_hgn_h1h6/outputs_seed/planH6/Minxiong.p01.hdf,H10,train,inflow,result_upstreamBC2_flow_per_face_sum,239,239,0.04702766895254076,1.3805595467399872,1305.3903761183199,1819.8951564511876,224,144,-80,3000.0,3176.331,1.058777,0.0,/mnt/8tb_hdd2/joyce/train/M80_US_InF_H10.txt
/mnt/8tb_hdd2/joyce/hecras-dataset/origin/Linux_RAS_v66/Minxiong_hgn_h1h6/outputs_seed/planH6/Minxiong.p01.hdf,H10,train,precipitation,Event Conditions/Unsteady/Boundary Conditions/Precipitation Hydrographs/2D: per2,239,239,0.9996239288027677,0.027425214574510755,1.7377138269449581,4.205753326484377,87,87,0,57.48215103149414,61.519306183,1.0702331955060957,0.0,/mnt/8tb_hdd2/joyce/train/M80_Pr_H10.txt
/mnt/8tb_hdd2/joyce/hecras-dataset/origin/Linux_RAS_v66/Minxiong_hgn_h1h6/outputs_seed/planH6/Minxiong.p01.hdf,H11,test,inflow,event_upstreamBC1,239,239,0.9611363380815366,0.27879620484670653,382.60561793736247,724.3410822921251,128,128,0,3347.03515625,3754.147968064,1.121633861853464,0.0,/mnt/8tb_hdd2/joyce/test/M80_US_InF_H11.txt
/mnt/8tb_hdd2/joyce/hecras-dataset/origin/Linux_RAS_v66/Minxiong_hgn_h1h6/outputs_seed/planH6/Minxiong.p01.hdf,H11,test,inflow,event_upstreamBC2,239,31,-0.07126433602144461,1.463737910980955,1743.159251242987,2544.666407881345,222,128,-94,2997.9831932773104,3754.147968064,1.2522244876096424,0.0,/mnt/8tb_hdd2/joyce/test/M80_US_InF_H11.txt
/mnt/8tb_hdd2/joyce/hecras-dataset/origin/Linux_RAS_v66/Minxiong_hgn_h1h6/outputs_seed/planH6/Minxiong.p01.hdf,H11,test,inflow,result_upstreamBC1,239,239,0.9611363353291482,0.2787962147191081,382.60562628214495,724.3410822921251,128,128,0,3347.03515625,3754.147968064,1.121633861853464,0.0,/mnt/8tb_hdd2/joyce/test/M80_US_InF_H11.txt
/mnt/8tb_hdd2/joyce/hecras-dataset/origin/Linux_RAS_v66/Minxiong_hgn_h1h6/outputs_seed/planH6/Minxiong.p01.hdf,H11,test,inflow,result_upstreamBC2,239,239,-0.0771626930978824,1.4677620332314651,1750.9486148047486,2550.6688410811876,224,128,-96,3000.0,3754.147968064,1.2513826560213333,0.0,/mnt/8tb_hdd2/joyce/test/M80_US_InF_H11.txt
/mnt/8tb_hdd2/joyce/hecras-dataset/origin/Linux_RAS_v66/Minxiong_hgn_h1h6/outputs_seed/planH6/Minxiong.p01.hdf,H11,test,inflow,result_upstreamBC1_flow_per_face_sum,239,239,0.9611363382197001,0.27879620435113434,382.6056183620847,724.3409907393907,128,128,0,3347.0350952148438,3754.147968064,1.1216338823071181,0.0,/mnt/8tb_hdd2/joyce/test/M80_US_InF_H11.txt
/mnt/8tb_hdd2/joyce/hecras-dataset/origin/Linux_RAS_v66/Minxiong_hgn_h1h6/outputs_seed/planH6/Minxiong.p01.hdf,H11,test,inflow,result_upstreamBC2_flow_per_face_sum,239,239,-0.0771626930978824,1.4677620332314651,1750.9486148047486,2550.6688410811876,224,128,-96,3000.0,3754.147968064,1.2513826560213333,0.0,/mnt/8tb_hdd2/joyce/test/M80_US_InF_H11.txt
/mnt/8tb_hdd2/joyce/hecras-dataset/origin/Linux_RAS_v66/Minxiong_hgn_h1h6/outputs_seed/planH6/Minxiong.p01.hdf,H11,test,precipitation,Event Conditions/Unsteady/Boundary Conditions/Precipitation Hydrographs/2D: per2,239,239,0.9996302835227951,0.02719251651473498,0.5992736639378405,2.0293334723652956,87,88,1,57.48215103149414,58.689632416,1.0210061969296225,0.0,/mnt/8tb_hdd2/joyce/test/M80_Pr_H11.txt
/mnt/8tb_hdd2/joyce/hecras-dataset/origin/Linux_RAS_v66/Minxiong_hgn_h1h6/outputs_seed/planH6/Minxiong.p01.hdf,H12,test,inflow,event_upstreamBC1,239,239,0.9889135461755633,0.14890570052510443,341.6338969282907,745.9324833258752,128,104,-24,3347.03515625,3770.593860279,1.1265474320573177,0.0,/mnt/8tb_hdd2/joyce/test/M80_US_InF_H12.txt
/mnt/8tb_hdd2/joyce/hecras-dataset/origin/Linux_RAS_v66/Minxiong_hgn_h1h6/outputs_seed/planH6/Minxiong.p01.hdf,H12,test,inflow,event_upstreamBC2,239,31,0.14264311918438172,1.309470794493423,1659.270576468561,2557.4846165815215,222,104,-118,2997.9831932773104,3770.593860279,1.2577101395145227,0.0,/mnt/8tb_hdd2/joyce/test/M80_US_InF_H12.txt
/mnt/8tb_hdd2/joyce/hecras-dataset/origin/Linux_RAS_v66/Minxiong_hgn_h1h6/outputs_seed/planH6/Minxiong.p01.hdf,H12,test,inflow,result_upstreamBC1,239,239,0.9889135449432013,0.14890570880122106,341.6339047537708,745.9324833258752,128,104,-24,3347.03515625,3770.593860279,1.1265474320573177,0.0,/mnt/8tb_hdd2/joyce/test/M80_US_InF_H12.txt
/mnt/8tb_hdd2/joyce/hecras-dataset/origin/Linux_RAS_v66/Minxiong_hgn_h1h6/outputs_seed/planH6/Minxiong.p01.hdf,H12,test,inflow,result_upstreamBC2,239,239,0.1372464941374143,1.3135855555407003,1667.6075650509197,2570.593860279,224,104,-120,3000.0,3770.593860279,1.256864620093,0.0,/mnt/8tb_hdd2/joyce/test/M80_US_InF_H12.txt
/mnt/8tb_hdd2/joyce/hecras-dataset/origin/Linux_RAS_v66/Minxiong_hgn_h1h6/outputs_seed/planH6/Minxiong.p01.hdf,H12,test,inflow,result_upstreamBC1_flow_per_face_sum,239,239,0.9889135475347784,0.14890569139707943,341.6338960422767,745.9324222907189,128,104,-24,3347.0350952148438,3770.593860279,1.1265474526005734,0.0,/mnt/8tb_hdd2/joyce/test/M80_US_InF_H12.txt
/mnt/8tb_hdd2/joyce/hecras-dataset/origin/Linux_RAS_v66/Minxiong_hgn_h1h6/outputs_seed/planH6/Minxiong.p01.hdf,H12,test,inflow,result_upstreamBC2_flow_per_face_sum,239,239,0.1372464941374143,1.3135855555407003,1667.6075650509197,2570.593860279,224,104,-120,3000.0,3770.593860279,1.256864620093,0.0,/mnt/8tb_hdd2/joyce/test/M80_US_InF_H12.txt
/mnt/8tb_hdd2/joyce/hecras-dataset/origin/Linux_RAS_v66/Minxiong_hgn_h1h6/outputs_seed/planH6/Minxiong.p01.hdf,H12,test,precipitation,Event Conditions/Unsteady/Boundary Conditions/Precipitation Hydrographs/2D: per2,239,239,0.9995800860246837,0.028979785206832993,3.572145929996728,8.211708068587889,87,87,0,57.48215103149414,65.425270081,1.1381840955317393,0.0,/mnt/8tb_hdd2/joyce/test/M80_Pr_H12.txt
/mnt/8tb_hdd2/joyce/hecras-dataset/origin/Linux_RAS_v66/Minxiong_hgn_h1h6/outputs_seed/planH6/Minxiong.p01.hdf,H13,test,inflow,event_upstreamBC1,239,239,0.9881548891902839,0.15391628120323353,144.13383252000557,316.01306054687507,128,112,-16,3347.03515625,3179.972728543,0.9500864437007659,0.0,/mnt/8tb_hdd2/joyce/test/M80_US_InF_H13.txt
/mnt/8tb_hdd2/joyce/hecras-dataset/origin/Linux_RAS_v66/Minxiong_hgn_h1h6/outputs_seed/planH6/Minxiong.p01.hdf,H13,test,inflow,event_upstreamBC2,239,31,0.1989160873956243,1.265767682163181,1393.7128692375495,1980.6040352383143,222,112,-110,2997.9831932773104,3179.972728543,1.0607039878254767,0.0,/mnt/8tb_hdd2/joyce/test/M80_US_InF_H13.txt
/mnt/8tb_hdd2/joyce/hecras-dataset/origin/Linux_RAS_v66/Minxiong_hgn_h1h6/outputs_seed/planH6/Minxiong.p01.hdf,H13,test,inflow,result_upstreamBC1,239,239,0.9881548892130745,0.15391628105516203,144.1338308005412,316.01306054687507,128,112,-16,3347.03515625,3179.972728543,0.9500864437007659,0.0,/mnt/8tb_hdd2/joyce/test/M80_US_InF_H13.txt
/mnt/8tb_hdd2/joyce/hecras-dataset/origin/Linux_RAS_v66/Minxiong_hgn_h1h6/outputs_seed/planH6/Minxiong.p01.hdf,H13,test,inflow,result_upstreamBC2,239,239,0.19337700931354335,1.2701362058349934,1401.0553755802557,1987.8069550781252,224,112,-112,3000.0,3179.972728543,1.0599909095143334,0.0,/mnt/8tb_hdd2/joyce/test/M80_US_InF_H13.txt
/mnt/8tb_hdd2/joyce/hecras-dataset/origin/Linux_RAS_v66/Minxiong_hgn_h1h6/outputs_seed/planH6/Minxiong.p01.hdf,H13,test,inflow,result_upstreamBC1_flow_per_face_sum,239,239,0.9881548899059501,0.1539162765535205,144.1338312943212,316.01303002929694,128,112,-16,3347.0350952148438,3179.972728543,0.9500864610261518,0.0,/mnt/8tb_hdd2/joyce/test/M80_US_InF_H13.txt
/mnt/8tb_hdd2/joyce/hecras-dataset/origin/Linux_RAS_v66/Minxiong_hgn_h1h6/outputs_seed/planH6/Minxiong.p01.hdf,H13,test,inflow,result_upstreamBC2_flow_per_face_sum,239,239,0.19337700931354335,1.2701362058349934,1401.0553755802557,1987.8069550781252,224,112,-112,3000.0,3179.972728543,1.0599909095143334,0.0,/mnt/8tb_hdd2/joyce/test/M80_US_InF_H13.txt
/mnt/8tb_hdd2/joyce/hecras-dataset/origin/Linux_RAS_v66/Minxiong_hgn_h1h6/outputs_seed/planH6/Minxiong.p01.hdf,H13,test,precipitation,Event Conditions/Unsteady/Boundary Conditions/Precipitation Hydrographs/2D: per2,239,239,0.9996387550104563,0.026879173705531577,4.2258562832770945,9.349231720228516,87,87,0,57.48215103149414,66.705032349,1.1604477416381427,0.0,/mnt/8tb_hdd2/joyce/test/M80_Pr_H13.txt
/mnt/8tb_hdd2/joyce/hecras-dataset/origin/Linux_RAS_v66/Minxiong_hgn_h1h6/outputs_seed/planH6/Minxiong.p01.hdf,H14,test,inflow,event_upstreamBC1,239,239,0.9907484065731785,0.13602641968986381,203.06461789359514,422.44797265524994,128,120,-8,3347.03515625,3567.069,1.0657399260773002,0.0,/mnt/8tb_hdd2/joyce/test/M80_US_InF_H14.txt
/mnt/8tb_hdd2/joyce/hecras-dataset/origin/Linux_RAS_v66/Minxiong_hgn_h1h6/outputs_seed/planH6/Minxiong.p01.hdf,H14,test,inflow,event_upstreamBC2,239,31,0.18047763732947839,1.28025182106531,1525.2716856826917,2343.2940352383143,222,120,-102,2997.9831932773104,3567.069,1.1898228809283553,0.0,/mnt/8tb_hdd2/joyce/test/M80_US_InF_H14.txt
/mnt/8tb_hdd2/joyce/hecras-dataset/origin/Linux_RAS_v66/Minxiong_hgn_h1h6/outputs_seed/planH6/Minxiong.p01.hdf,H14,test,inflow,result_upstreamBC1,239,239,0.9907484073012739,0.13602641433726242,203.06462256890288,422.44797265524994,128,120,-8,3347.03515625,3567.069,1.0657399260773002,0.0,/mnt/8tb_hdd2/joyce/test/M80_US_InF_H14.txt
/mnt/8tb_hdd2/joyce/hecras-dataset/origin/Linux_RAS_v66/Minxiong_hgn_h1h6/outputs_seed/planH6/Minxiong.p01.hdf,H14,test,inflow,result_upstreamBC2,239,239,0.17459091638683574,1.2848416895580286,1533.4432511942261,2350.496955078125,224,120,-104,3000.0,3567.069,1.189023,0.0,/mnt/8tb_hdd2/joyce/test/M80_US_InF_H14.txt
/mnt/8tb_hdd2/joyce/hecras-dataset/origin/Linux_RAS_v66/Minxiong_hgn_h1h6/outputs_seed/planH6/Minxiong.p01.hdf,H14,test,inflow,result_upstreamBC1_flow_per_face_sum,239,239,0.9907484078368478,0.13602641039998584,203.06461635220273,422.44800317282807,128,120,-8,3347.0350952148438,3567.069,1.0657399455116954,0.0,/mnt/8tb_hdd2/joyce/test/M80_US_InF_H14.txt
/mnt/8tb_hdd2/joyce/hecras-dataset/origin/Linux_RAS_v66/Minxiong_hgn_h1h6/outputs_seed/planH6/Minxiong.p01.hdf,H14,test,inflow,result_upstreamBC2_flow_per_face_sum,239,239,0.17459091638683574,1.2848416895580286,1533.4432511942261,2350.496955078125,224,120,-104,3000.0,3567.069,1.189023,0.0,/mnt/8tb_hdd2/joyce/test/M80_US_InF_H14.txt
/mnt/8tb_hdd2/joyce/hecras-dataset/origin/Linux_RAS_v66/Minxiong_hgn_h1h6/outputs_seed/planH6/Minxiong.p01.hdf,H14,test,precipitation,Event Conditions/Unsteady/Boundary Conditions/Precipitation Hydrographs/2D: per2,239,239,0.9995660917644515,0.02945872487225007,1.5508261514651338,3.8379440309687496,87,87,0,57.48215103149414,61.225719452,1.0651257538788828,0.0,/mnt/8tb_hdd2/joyce/test/M80_Pr_H14.txt
/mnt/8tb_hdd2/joyce/hecras-dataset/origin/Linux_RAS_v66/Minxiong_hgn_h1h6/outputs_seed/planH6/Minxiong.p01.hdf,H15,test,inflow,event_upstreamBC1,239,239,0.9485924948995696,0.32064779774834107,190.04540342518047,364.15304411550005,128,128,0,3347.03515625,3395.156836327,1.0143774050258005,0.0,/mnt/8tb_hdd2/joyce/test/M80_US_InF_H15.txt
/mnt/8tb_hdd2/joyce/hecras-dataset/origin/Linux_RAS_v66/Minxiong_hgn_h1h6/outputs_seed/planH6/Minxiong.p01.hdf,H15,test,inflow,event_upstreamBC2,239,31,-0.12526719302685668,1.5001781181092175,1520.884770086989,2136.933393909345,222,128,-94,2997.9831932773104,3395.156836327,1.1324802767208013,0.0,/mnt/8tb_hdd2/joyce/test/M80_US_InF_H15.txt
/mnt/8tb_hdd2/joyce/hecras-dataset/origin/Linux_RAS_v66/Minxiong_hgn_h1h6/outputs_seed/planH6/Minxiong.p01.hdf,H15,test,inflow,result_upstreamBC1,239,239,0.9485924919082384,0.3206478070773632,190.0454096323348,364.15304411550005,128,128,0,3347.03515625,3395.156836327,1.0143774050258005,0.0,/mnt/8tb_hdd2/joyce/test/M80_US_InF_H15.txt
/mnt/8tb_hdd2/joyce/hecras-dataset/origin/Linux_RAS_v66/Minxiong_hgn_h1h6/outputs_seed/planH6/Minxiong.p01.hdf,H15,test,inflow,result_upstreamBC2,239,239,-0.13134462555330126,1.5042238035301139,1527.5340029405434,2142.9358271091874,224,128,-96,3000.0,3395.156836327,1.1317189454423333,0.0,/mnt/8tb_hdd2/joyce/test/M80_US_InF_H15.txt
/mnt/8tb_hdd2/joyce/hecras-dataset/origin/Linux_RAS_v66/Minxiong_hgn_h1h6/outputs_seed/planH6/Minxiong.p01.hdf,H15,test,inflow,result_upstreamBC1_flow_per_face_sum,239,239,0.948592496585286,0.3206477924911182,190.04540071042845,364.153028856711,128,128,0,3347.0350952148438,3395.156836327,1.0143774235235699,0.0,/mnt/8tb_hdd2/joyce/test/M80_US_InF_H15.txt
/mnt/8tb_hdd2/joyce/hecras-dataset/origin/Linux_RAS_v66/Minxiong_hgn_h1h6/outputs_seed/planH6/Minxiong.p01.hdf,H15,test,inflow,result_upstreamBC2_flow_per_face_sum,239,239,-0.13134462555330126,1.5042238035301139,1527.5340029405434,2142.9358271091874,224,128,-96,3000.0,3395.156836327,1.1317189454423333,0.0,/mnt/8tb_hdd2/joyce/test/M80_US_InF_H15.txt
/mnt/8tb_hdd2/joyce/hecras-dataset/origin/Linux_RAS_v66/Minxiong_hgn_h1h6/outputs_seed/planH6/Minxiong.p01.hdf,H15,test,precipitation,Event Conditions/Unsteady/Boundary Conditions/Precipitation Hydrographs/2D: per2,239,239,0.9996057085514304,0.028081718201340693,8.210708802406561,18.62987136822852,87,88,1,57.48215103149414,75.930831909,1.3209462510788426,0.0,/mnt/8tb_hdd2/joyce/test/M80_Pr_H15.txt
