hydrograph_id,transition_index,all_face_abs_max,all_face_count,all_face_mae,all_face_near_zero_fraction,all_face_negative_fraction,all_face_positive_fraction,all_face_rms,zone3_internal_abs_max,zone3_internal_count,zone3_internal_mae,zone3_internal_near_zero_fraction,zone3_internal_negative_fraction,zone3_internal_positive_fraction,zone3_internal_rms,zone3_touch_abs_max,zone3_touch_count,zone3_touch_mae,zone3_touch_near_zero_fraction,zone3_touch_negative_fraction,zone3_touch_positive_fraction,zone3_touch_rms
H10,0,1464764.625,28633,792.4910059617475,0.24195857926169106,0.4082003282925296,0.35012049034331016,22475.4380287873,5.77079963684082,2015,0.21767065252780418,0.22133995037220844,0.39602977667493794,0.38312655086848635,0.5687733059028389,20.963869094848633,3564,0.2685904214888938,0.26402918069584735,0.38047138047138046,0.356341189674523,0.8861746673077214
H10,1,2590429.5,28633,3818.0457436929487,0.22498515698669366,0.4165822652184542,0.3585722767436175,65629.36445217977,22.92599105834961,2015,1.3150707300503846,0.20794044665012407,0.40397022332506205,0.3880893300248139,2.777066849975993,75.8964614868164,3564,1.5318161365019898,0.24831649831649832,0.3886083052749719,0.3633557800224467,3.8464204745347503
H10,2,2283163.75,28633,3699.0463700894493,0.202633325184228,0.4281772779659833,0.3691893968497887,59612.558413305465,87.52484893798828,2015,5.020569019378258,0.19503722084367245,0.4099255583126551,0.39503722084367243,10.93623386851322,248.843017578125,3564,5.609586854747958,0.23232323232323232,0.3950617283950617,0.372615039281706,13.580919870600976
H10,3,1809543.375,28633,3618.61942726008,0.19320364614256277,0.4346732790835749,0.3722627737226277,53488.46688369598,303.6801452636719,2015,9.534615638498359,0.19255583126550868,0.4143920595533499,0.3930521091811414,22.587469027082356,700.5748901367188,3564,10.683931184638206,0.22783389450056116,0.39590347923681257,0.37626262626262624,30.30716966857317
H10,4,1742431.25,28633,3775.7691478471434,0.18056089127929312,0.44141375336150596,0.3780952048335836,49552.10948777844,358.4801940917969,2015,14.70699947880233,0.1870967741935484,0.4148883374689826,0.39851116625310173,33.434725330660605,1224.55615234375,3564,16.77384941583134,0.22053872053872053,0.39758698092031425,0.38215488215488214,48.971090325264136
H10,5,1769939.5,28633,5013.301515836535,0.1742395138476583,0.44633814130548666,0.3794921943212377,55466.257100248986,411.9779357910156,2015,18.820829671802098,0.18511166253101738,0.4163771712158809,0.39851116625310173,43.16026486467496,1893.9105224609375,3564,21.81093500517755,0.2185746352413019,0.398989898989899,0.3824354657687991,68.57072329712082
H10,6,1784148.5,28633,6277.304258948769,0.16473998533161038,0.45070373345440573,0.3846261306883666,62927.82623583371,588.8535766601562,2015,24.359147426893813,0.18064516129032257,0.41885856079404465,0.40148883374689825,56.368901005681984,2487.421142578125,3564,28.30522093633033,0.21296296296296297,0.40235690235690236,0.38524130190796857,88.75539897328997
H10,7,1636682.0,28633,5618.339688293329,0.16026961897111724,0.45224042189082525,0.38752488387524886,54283.887816531125,1439.055908203125,2015,29.253840405329203,0.17866004962779156,0.41935483870967744,0.40198511166253104,74.7416247939675,2941.583740234375,3564,34.12448733769204,0.2107182940516274,0.40263748597081933,0.3866442199775533,110.53621475152741
H10,8,1531977.875,28633,6077.555518559339,0.15345929521880347,0.45566304613557784,0.39091258338281004,54003.05023496272,2282.857177734375,2015,35.64078380981964,0.17667493796526054,0.4218362282878412,0.40148883374689825,97.96925958526691,3557.413330078125,3564,42.14803361343236,0.2059483726150393,0.4054433221099888,0.3886083052749719,140.48683802622273
H10,9,1574592.875,28633,7703.974677625561,0.1493032514930325,0.45894597143156496,0.3917507770754025,66508.27968968486,3830.204833984375,2015,40.82004386802913,0.17667493796526054,0.4228287841191067,0.40049627791563275,130.65285335387318,4038.6455078125,3564,49.48461351251536,0.2048260381593715,0.4074074074074074,0.3877665544332211,183.41102163799658
H10,10,1950336.75,28633,8802.9550398309,0.14165473404812629,0.4642894562218419,0.39409073446722315,73240.11552848283,4836.5322265625,2015,47.24280246701183,0.169727047146402,0.4272952853598015,0.40297766749379654,157.25930673558497,4998.25390625,3564,58.63586061396431,0.20033670033670034,0.4107744107744108,0.3888888888888889,223.73604363280015
H10,11,2300848.5,28633,10641.05997874496,0.13697481926448504,0.4690392204798659,0.3939859602556491,82868.04624750864,5512.1083984375,2015,52.518291477388416,0.169727047146402,0.4267990074441687,0.40347394540942927,177.32742208272077,6291.591796875,3564,65.65203327757085,0.20033670033670034,0.4107744107744108,0.3888888888888889,259.16781620153455
H10,12,2595990.0,28633,12546.53065766799,0.1317710334229735,0.47364928578912446,0.3946146055250934,90769.7863470752,6410.0224609375,2015,59.83472381888378,0.1687344913151365,0.426302729528536,0.40496277915632756,203.4415260542541,110318.203125,3564,137.46870615822132,0.19809203142536475,0.4110549943883277,0.39085297418630754,2583.744885614625
H10,13,2778095.5,28633,13704.701767099052,0.1293263018195788,0.4768972863479202,0.3938113365696923,92804.02024653746,7335.2724609375,2015,68.66883817677633,0.16823821339950373,0.4277915632754342,0.40397022332506205,244.88676744935307,363515.125,3564,293.3206598694801,0.1972502805836139,0.4127384960718294,0.3900112233445567,8617.203077099295
H10,14,2893293.0,28633,15487.859877506275,0.12510040861942515,0.4774910068801732,0.397443509237593,96839.8761941116,19952.404296875,2015,94.08007186729154,0.16674937965260547,0.4272952853598015,0.40595533498759306,624.1471202687615,362403.125,3564,319.54190832819995,0.19584736251402918,0.41245791245791247,0.39197530864197533,8567.011217629863
H10,15,2982037.0,28633,17087.7212860202,0.12276045122760451,0.4769322110851116,0.40041211189885795,100687.69246729005,44476.65234375,2015,153.7969149295095,0.1662531017369727,0.430272952853598,0.40347394540942927,1516.4285876725378,373929.03125,3564,385.62865008316516,0.19444444444444445,0.41386083052749717,0.39197530864197533,8892.70445257593
H10,16,3065582.25,28633,17324.90987128663,0.11940767645723466,0.47763070582893863,0.40299654245101807,101881.3042953156,343647.125,2015,1156.2548964041005,0.16476426799007443,0.430272952853598,0.40496277915632756,17535.40564955614,401117.25,3564,1183.1399044415823,0.1919191919191919,0.414983164983165,0.3930976430976431,17674.187810910204
H10,17,3164703.75,28633,17919.280672439116,0.11689309537945727,0.4774910068801732,0.40565082247756085,105310.3715937288,690462.5,2015,2287.0314715972454,0.16476426799007443,0.4297766749379653,0.4054590570719603,35987.42986913146,690462.5,3564,2082.535774204476,0.19079685746352412,0.4158249158249158,0.39337822671156003,32285.380210463005
H10,18,3244272.5,28633,18940.927574019162,0.11388956798100094,0.48094855586211716,0.4051968008940733,108736.42894751554,774446.625,2015,2534.847448158934,0.16228287841191066,0.4312655086848635,0.4064516129032258,39779.23105194822,774446.625,3564,2503.254731950586,0.1893939393939394,0.41778900112233447,0.39281705948372614,36145.85325652558
H10,19,3233807.25,28633,22406.415942210962,0.11088604058254461,0.48520937379946216,0.40393951035518455,129755.22552913321,1824648.75,2015,6202.394553327141,0.15930521091811414,0.4307692307692308,0.4099255583126551,89165.35441084542,1824648.75,3564,6613.599569044634,0.18462401795735128,0.41891133557800225,0.39646464646464646,79623.56362325403
H10,20,3198761.25,28633,21917.56081662601,0.10879055635106345,0.48699053539622117,0.40425383298990675,118438.12437517256,1382828.125,2015,5982.548507401669,0.15781637717121588,0.430272952853598,0.4119106699751861,67018.02246512001,1382828.125,3564,8097.487520668915,0.18237934904601572,0.41975308641975306,0.3978675645342312,68223.74078347674
H10,21,3249674.5,28633,23189.21566499893,0.106764921593965,0.49135612754514024,0.4019138755980861,121147.39190068135,1301911.875,2015,7879.824744331514,0.15533498759305212,0.4317617866004963,0.4129032258064516,71824.5800236133,1301911.875,3564,11461.476805776192,0.18013468013468015,0.4214365881032548,0.3984287317620651,82179.7552867773
H10,22,3331855.0,28633,24663.023554000338,0.1047742115740579,0.49317221387909055,0.40205357454685153,127275.31261412238,1498505.625,2015,9425.863780149686,0.1523573200992556,0.4347394540942928,0.4129032258064516,82439.12624741328,1498505.625,3564,13244.645024390158,0.17620650953984288,0.42368125701459036,0.4001122334455668,93467.8431294456
H10,23,3404988.0,28633,24110.26228480852,0.10316767366325569,0.494010407571683,0.40285684350225265,120326.37398295218,1170080.875,2015,6914.758255594306,0.1513647642679901,0.43622828784119105,0.41240694789081883,60476.79100507457,1170080.875,3564,9920.687567524064,0.17368125701459033,0.42368125701459036,0.40263748597081933,66972.64143453448
H10,24,3476883.25,28633,24869.067504758794,0.10086264100862641,0.494604128103936,0.4046030803618203,119356.98208080242,1004989.875,2015,6961.264673921907,0.1488833746898263,0.43722084367245656,0.4138957816377171,54479.377059415674,1004989.875,3564,10547.6181858977,0.17031425364758698,0.4234006734006734,0.4062850729517396,64489.498162460906
H10,25,3483491.25,28633,26514.59781845758,0.09929102783501555,0.49456920336674465,0.4061397687982398,122362.60530856113,1103878.75,2015,8350.069402043353,0.14689826302729528,0.43622828784119105,0.41687344913151364,61742.63763456228,1103878.75,3564,12808.332298847368,0.16778900112233447,0.4234006734006734,0.40881032547699214,73590.2197072725
H10,26,3451439.75,28633,28156.34250704017,0.09757971571263926,0.49537247232214576,0.40711766143959766,126567.90378239055,1228434.5,2015,10180.050734755416,0.14540942928039702,0.43722084367245656,0.4173697270471464,71405.188325152,1228434.5,3564,15719.690400084408,0.16554433221099887,0.42536475869809204,0.40937149270482603,86677.58960311199
H10,27,3471514.0,28633,28847.50986406451,0.09614780148779381,0.49512799916180633,0.40875912408759124,128537.16044710285,1294157.75,2015,11400.406121496642,0.14540942928039702,0.43821339950372207,0.4163771712158809,76917.28879890968,1294157.75,3564,17812.836294762936,0.1644219977553311,0.4270482603815937,0.40852974186307517,95493.58793739919
H10,28,3486683.25,28633,28436.96212563319,0.09468096252575699,0.49575664443125067,0.40956239304299236,128486.37348285332,1327886.375,2015,12214.470314237287,0.14292803970223325,0.43870967741935485,0.41836228287841193,80286.54382331207,1327886.375,3564,19438.225935249375,0.16245791245791247,0.4273288439955107,0.4102132435465769,102336.91417504306
H10,29,3396711.75,28633,28600.97353699544,0.0934236719868683,0.49383578388572624,0.41274054412740546,128282.01024652616,1344940.375,2015,12681.452204830142,0.14292803970223325,0.4392059553349876,0.41786600496277915,82534.96689177054,1358550.875,3564,20447.574074220618,0.16245791245791247,0.4278900112233446,0.409652076318743,106709.64117623508
H10,30,3171977.75,28633,29007.623623935953,0.09108371459504767,0.49163552544267103,0.4172807599622813,127428.4303227601,1358882.25,2015,12970.098978119977,0.141439205955335,0.4421836228287841,0.4163771712158809,84001.47986772732,1390977.75,3564,20833.253761475324,0.16021324354657687,0.43041526374859707,0.40937149270482603,108471.03494308858
H10,31,2815266.25,28633,29358.274891013392,0.08972164984458492,0.49118150385918347,0.4190968462962316,127084.98784417189,1376971.25,2015,13222.988976660425,0.141439205955335,0.4411910669975186,0.4173697270471464,85413.94146880478,1417876.0,3564,21239.89939036277,0.16021324354657687,0.4292929292929293,0.4104938271604938,110334.79714665833
H10,32,2444334.25,28633,29488.10150558573,0.08745154192714699,0.4941151817832571,0.4184682010267873,126700.4843632822,1393794.75,2015,13460.948785224255,0.14044665012406948,0.4411910669975186,0.41836228287841193,86634.2350216223,1439579.75,3564,21566.81502013003,0.15881032547699214,0.43013468013468015,0.4110549943883277,111615.99517507329
H10,33,2203498.0,28633,29817.573556716754,0.0856005308560053,0.49362623546257817,0.42077323368141656,126037.88091169269,1410349.625,2015,13920.334764428699,0.13895781637717122,0.4411910669975186,0.41985111662531016,87947.10754079724,1458994.875,3564,21945.134873489125,0.1579685746352413,0.4292929292929293,0.4127384960718294,112295.2141870141
H10,34,2119462.25,28633,30283.666371283427,0.08357489609890685,0.4944295044179793,0.4219955994831139,125481.47871302467,1425231.0,2015,14598.849637643476,0.13548387096774195,0.4476426799007444,0.41687344913151364,90003.47424448842,1476724.875,3564,22579.740333037327,0.15432098765432098,0.4337822671156005,0.4118967452300786,113821.99688834007
H10,35,2131541.5,28633,30497.41303405947,0.08277162714350575,0.49383578388572624,0.423392588970768,124648.9413890164,1439546.125,2015,15214.70748529297,0.13548387096774195,0.4481389578163772,0.4163771712158809,92688.83439005491,1493305.125,3564,23206.038442626,0.15432098765432098,0.4340628507295174,0.4116161616161616,116031.89113291011
H10,36,2193534.75,28633,30941.490981591975,0.08168896029057382,0.49184507386581916,0.426465965843607,125359.59839684275,1452830.125,2015,15709.28151935413,0.13548387096774195,0.4476426799007444,0.41687344913151364,95445.06129687006,1508994.375,3564,23781.94963640688,0.15404040404040403,0.4337822671156005,0.4121773288439955,118456.0414439761
H10,37,2222814.0,28633,31978.41010338814,0.08116508923270352,0.48964481542276395,0.4291900953445325,128264.25646075222,1469144.625,2015,16124.794489690748,0.13548387096774195,0.4476426799007444,0.41687344913151364,98002.48459832963,1525916.125,3564,24420.387649709784,0.15404040404040403,0.4337822671156005,0.4121773288439955,121147.56076478491
H10,38,2152551.5,28633,33118.0823414719,0.07966332553347535,0.4884224496210666,0.4319491495826494,131461.7242197024,1480955.125,2015,16493.293204076814,0.13399503722084366,0.4496277915632754,0.41687344913151364,100270.4794893412,1540918.375,3564,25054.267237011012,0.15151515151515152,0.43658810325476993,0.4121773288439955,123767.44232701647
H10,39,2139168.0,28633,34363.31831898846,0.07924422868717913,0.4883526001466839,0.4324380959033283,135277.67171799473,1493406.625,2015,16888.76060392445,0.13300248138957815,0.4501240694789082,0.41687344913151364,102817.77603165926,1555397.25,3564,25801.785984169077,0.15151515151515152,0.4351851851851852,0.4132996632996633,126843.09583618585
H10,40,2203585.25,28633,35669.33963888821,0.07802186288548178,0.4894352669996158,0.4325428701149024,139634.3920560398,1504295.0,2015,17284.389911622788,0.1315136476426799,0.4481389578163772,0.42034739454094294,105467.49742938555,1568802.0,3564,26597.995830715874,0.14927048260381592,0.43602693602693604,0.41470258136924804,130199.29956680282
H10,41,2266649.0,28633,36359.79563458718,0.0775678413019942,0.4881081269863444,0.4343240317116614,141828.299664256,1514437.375,2015,17654.118397009777,0.1315136476426799,0.4501240694789082,0.41836228287841193,108201.5092505901,1580904.125,3564,27074.597949968185,0.14870931537598203,0.4371492704826038,0.41414141414141414,132516.0143331504
H10,42,2330529.0,28633,37408.66612466561,0.07638040023748821,0.48685083644745575,0.4368036880522474,145362.6234499925,1523471.375,2015,18022.80778888549,0.13101736972704714,0.4481389578163772,0.42133995037220845,111002.24349648917,1592171.0,3564,27712.140398540112,0.1478675645342312,0.43658810325476993,0.4158249158249158,135536.06468765138
H10,43,2395833.25,28633,38770.71876759818,0.07571683023085252,0.48667621276149897,0.43764188174483987,150255.06215740638,1532462.75,2015,18386.579659400217,0.13101736972704714,0.45062034739454093,0.41885856079404465,113814.52546839934,1602898.5,3564,28418.244593325002,0.1478675645342312,0.43799102132435463,0.41442199775533106,138909.51598495207
H10,44,2462125.0,28633,40570.929039232964,0.07487863653826005,0.48513952432507945,0.4399818391366605,157177.63506329496,1580084.125,2015,18782.708480868885,0.12903225806451613,0.4511166253101737,0.41985111662531016,116961.19387101608,1613611.25,3564,29308.123056010612,0.14646464646464646,0.4382716049382716,0.4152637485970819,143147.54460241817
H10,45,2529803.0,28633,42978.6925422184,0.074180141794433,0.48210107218943177,0.44371878601613524,167389.582897209,1687647.75,2015,19186.211747125395,0.12903225806451613,0.4496277915632754,0.42133995037220845,120246.1281772856,1687647.75,3564,30430.63985321158,0.14562289562289563,0.4382716049382716,0.4161054994388328,148569.45833651948
H10,46,2598572.75,28633,44612.2062921946,0.07327209862745783,0.4778751789892781,0.44885272238326407,174495.01452965513,1726907.75,2015,19429.423289082246,0.12803970223325062,0.4476426799007444,0.42431761786600497,121836.16837385313,1726907.75,3564,31165.61859041693,0.1442199775533109,0.43602693602693604,0.41975308641975306,151913.0746190926
H10,47,2669995.75,28633,43355.4518856284,0.07257360388363078,0.4792721684769322,0.448154227639437,168242.0229936705,1867780.375,2015,19820.44514605244,0.12803970223325062,0.45260545905707195,0.41935483870967744,125771.75961030622,1867780.375,3564,30901.70974066699,0.143658810325477,0.4388327721661055,0.4175084175084175,151728.54306556875
H10,48,2744193.5,28633,43424.92778972709,0.07215450703733454,0.47770055530332134,0.45017986239653546,168523.75756657255,2010869.875,2015,20265.783177346704,0.12754342431761787,0.45260545905707195,0.41985111662531016,130017.64175975727,2010869.875,3564,31267.344203147048,0.1425364758698092,0.4391133557800225,0.41835016835016836,154478.82605549428
H10,49,2832532.0,28633,46186.280138683534,0.07163063597946426,0.4676422309922118,0.4607620577655153,177906.629135025,2141080.5,2015,20710.194632816107,0.1270471464019851,0.4511166253101737,0.42233250620347396,134160.9011784881,2141080.5,3564,32031.440664260004,0.1414141414141414,0.4393939393939394,0.41947250280583614,158756.76544057825
H10,50,2921735.25,28633,45456.972492789246,0.07075751754968043,0.4742080815841861,0.4551042503405162,180729.69063587394,2281161.25,2015,21199.05596038854,0.1250620347394541,0.45260545905707195,0.4228287841191067,138746.14945391592,2281161.25,3564,32844.145363419644,0.1388888888888889,0.44191919191919193,0.41947250280583614,163381.54989127698
H10,51,3006468.25,28633,48081.241648225834,0.07023364649181014,0.46862012363356964,0.46118115461181153,190997.55821452555,2438456.75,2015,21719.278068474116,0.12406947890818859,0.45359801488833745,0.42233250620347396,143911.77669759392,2438456.75,3564,33781.043533955926,0.13804713804713806,0.4424803591470258,0.41947250280583614,168819.5746410459
H10,52,3089556.25,28633,49994.16064781382,0.06943037753640904,0.4670834351971501,0.4634861872664408,201310.71594456595,2641823.0,2015,22356.413751687098,0.12258064516129032,0.45558312655086847,0.4218362282878412,150587.42928012722,2641823.0,3564,34910.703546365825,0.13720538720538722,0.44332210998877664,0.41947250280583614,175732.45156333767
H10,53,3164673.0,28633,51390.791565885615,0.06862710858100793,0.4634861872664408,0.46795655362693395,208027.9030371273,2805517.5,2015,22872.738573304734,0.12258064516129032,0.45459057071960296,0.42332506203473946,156171.37391830795,2805517.5,3564,35790.309304034396,0.13720538720538722,0.44276094276094274,0.42031425364758696,181277.93581311204
H10,54,3285202.0,28633,52887.179131114164,0.0682778612090944,0.46034296091921906,0.47137917787168654,214770.3298356844,2962117.5,2015,23370.18242489036,0.12158808933002481,0.45558312655086847,0.4228287841191067,161596.02286155414,2962117.5,3564,36650.38928883501,0.1360830527497194,0.44332210998877664,0.42059483726150393,186730.66285566497
H10,55,3478888.75,28633,54539.93170281059,0.0682080117347117,0.4573394335207628,0.4744525547445255,221897.584741763,3126084.0,2015,23882.421951020202,0.12158808933002481,0.45707196029776676,0.42133995037220845,167358.77199387588,3126084.0,3564,37533.40389609184,0.1360830527497194,0.4444444444444444,0.41947250280583614,192485.70703128108
H10,56,3675099.5,28633,56133.55900675497,0.06757936646526735,0.4538469598016275,0.47857367373310516,228802.46390856933,3285915.75,2015,24385.334301833976,0.12158808933002481,0.456575682382134,0.4218362282878412,173060.31644176895,3285915.75,3564,38401.27860843333,0.13580246913580246,0.44388327721661053,0.42031425364758696,198198.57607092094
H10,57,3857452.0,28633,57664.07822276639,0.06729996856773653,0.4508783571403625,0.481821674291901,235236.37758386735,3440279.0,2015,24870.31216091556,0.12158808933002481,0.45707196029776676,0.42133995037220845,178653.09088352093,3440279.0,3564,39233.78216368154,0.13580246913580246,0.4444444444444444,0.41975308641975306,203768.1805092507
H10,58,4033266.0,28633,59095.5780802852,0.06646177487514407,0.44916704501798627,0.4843711801068697,241156.07655653925,3594283.75,2015,25313.071985199567,0.1205955334987593,0.4575682382133995,0.4218362282878412,184059.30844363064,3594283.75,3564,40006.28941117968,0.13468013468013468,0.4452861952861953,0.42003367003367004,209118.12804653365
H10,59,4208573.5,28633,60255.40835137485,0.0662173017148046,0.4477700555303321,0.4860126427548633,246745.02627220936,3749817.75,2015,25687.94545694623,0.1205955334987593,0.45806451612903226,0.42133995037220845,189402.12724780897,3749817.75,3564,40683.55373535976,0.13468013468013468,0.44668911335578004,0.4186307519640853,214305.45544808483
H10,60,4393572.0,28633,61456.66995657266,0.06586805434289107,0.4466175392030175,0.48751440645409144,252871.8727797296,3902420.0,2015,26092.727573086777,0.12009925558312655,0.458560794044665,0.42133995037220845,195085.86979820632,3902420.0,3564,41400.57902613607,0.13411896745230079,0.44668911335578004,0.41919191919191917,219852.73216410406
H10,61,4596073.0,28633,62836.72602382336,0.06579820486850836,0.4466175392030175,0.48758425592847415,259793.46180947067,4059616.0,2015,26521.194206269534,0.12009925558312655,0.45905707196029777,0.42084367245657567,201256.88223824126,4059616.0,3564,42176.57803799843,0.13383838383838384,0.44668911335578004,0.41947250280583614,225952.05014471058
H10,62,4796489.0,28633,64177.924035875585,0.06544895749659484,0.4458841197219991,0.48866692278140605,266492.8751847721,4216757.5,2015,26958.147906183844,0.12009925558312655,0.45905707196029777,0.42084367245657567,207547.29939403228,4216757.5,3564,42954.42747297642,0.1335578002244669,0.44696969696969696,0.41947250280583614,232117.0158953193
H10,63,4977562.0,28633,65433.49398623522,0.06513463486187267,0.44532532392693747,0.4895400412111899,272684.01093052217,4367499.0,2015,27378.993671972104,0.12009925558312655,0.4575682382133995,0.42233250620347396,213647.88359540995,4367499.0,3564,43699.52647247095,0.132996632996633,0.44556677890011226,0.4214365881032548,238045.76995850046
H10,64,5164698.0,28633,66648.53953247532,0.06450598959242831,0.4447665281318758,0.49072748227569585,278878.8236084459,4511568.0,2015,27824.775174975966,0.11910669975186104,0.45508684863523574,0.4258064516129032,219520.97475121333,4511568.0,3564,44442.96389198015,0.13215488215488216,0.44388327721661053,0.4239618406285073,243717.0721196607
H10,65,5362114.0,28633,67911.05557596261,0.06426151643208886,0.44452205497153635,0.4912164285963748,285538.56328486797,4656464.0,2015,28258.60797080155,0.11910669975186104,0.45558312655086847,0.4253101736972705,225502.16926053356,4656464.0,3564,45179.0793796272,0.13187429854096522,0.4436026936026936,0.4245230078563412,249513.61569870156
H10,66,5569883.5,28633,69166.18726692583,0.06338839800230503,0.44438235602277093,0.49226417071211537,292024.07283248234,4806707.5,2015,28680.118788858887,0.11662531017369727,0.45806451612903226,0.4253101736972705,231771.5828516859,4806707.5,3564,45873.094960744034,0.13019079685746351,0.44556677890011226,0.42424242424242425,255398.4931647224
H10,67,5778079.0,28633,70449.73627397092,0.06331854852792233,0.4432298396954563,0.4934516117766214,298735.933482011,4957506.0,2015,29104.402688416285,0.11761786600496278,0.456575682382134,0.4258064516129032,238114.22558544576,4957506.0,3564,46595.71397453677,0.13047138047138046,0.4452861952861953,0.42424242424242425,261467.33533640837
H10,68,5980138.0,28633,71662.20151123113,0.06275975273286069,0.4435092375929871,0.4937310096741522,305176.4724085596,5102782.5,2015,29522.707463796465,0.11761786600496278,0.45607940446650125,0.426302729528536,244179.65294089462,5102782.5,3564,47307.169111784424,0.13019079685746351,0.44556677890011226,0.42424242424242425,267289.8619554843
H10,69,6177171.5,28633,72888.78602158163,0.06262005378409527,0.4427758181119687,0.494604128103936,311827.97271951684,5244878.5,2015,29919.391482753184,0.11712158808933003,0.45508684863523574,0.4277915632754342,250091.3383243681,5244878.5,3564,48017.10072413632,0.12991021324354657,0.4452861952861953,0.42480359147025815,273056.09720275406
H10,70,6372750.5,28633,73998.2641468112,0.061991408514650924,0.4424964202144379,0.49554709600810254,317905.339947163,5385019.5,2015,30316.43166412679,0.11662531017369727,0.45607940446650125,0.4272952853598015,255924.32854431373,5385019.5,3564,48707.38840185417,0.12850729517396184,0.44612794612794615,0.42536475869809204,278696.48560522904
H10,71,6568985.0,28633,74999.58089314117,0.06185170956588552,0.4417979254706108,0.496385289700695,323312.608582097,5525048.0,2015,30690.109924015207,0.11662531017369727,0.45558312655086847,0.428287841191067,261466.79211176248,5525048.0,3564,49375.10802200048,0.12850729517396184,0.44556677890011226,0.42620650953984285,284088.8207188674
H10,72,6762779.5,28633,76055.96111658827,0.06132783850801523,0.4416233017846541,0.4970488597073307,329028.5332614987,5662985.5,2015,31023.30834167352,0.11513647642679901,0.45607940446650125,0.4287841191066998,266163.4808665231,5662985.5,3564,50069.19519778407,0.12682379349046016,0.44612794612794615,0.4270482603815937,289129.3725593565
H10,73,6960635.5,28633,77251.17229060778,0.06111829008486711,0.4408549575664443,0.4980267523486886,335406.4081188788,5802298.5,2015,31210.6958196268,0.11513647642679901,0.45607940446650125,0.4287841191066998,268397.92182096146,5802298.5,3564,50913.93158054957,0.12682379349046016,0.44612794612794615,0.4270482603815937,293814.54528021807
H10,74,7163207.5,28633,78439.69972231826,0.060419795341040056,0.440820032829253,0.49879509656689835,341484.75961252104,5943895.0,2015,31364.749375320775,0.11364764267990074,0.45558312655086847,0.4307692307692308,270199.9560421732,5943895.0,3564,51823.68780310157,0.12598204264870932,0.4452861952861953,0.4287317620650954,299297.5954358484
H10,75,7357482.5,28633,79479.18611126325,0.06028009639227465,0.4405057101945308,0.49931896762476863,346607.17265641317,6080845.5,2015,31752.361917579885,0.11364764267990074,0.45607940446650125,0.4307692307692308,275811.74910333054,6080845.5,3564,52485.22719754413,0.12598204264870932,0.4458473625140292,0.42845117845117847,304775.2669472681
H10,76,7545721.0,28633,80508.86296809823,0.05979115007159571,0.44043586072014806,0.49980791394544755,351969.4729823972,6213606.0,2015,32164.11797673768,0.11364764267990074,0.45607940446650125,0.4307692307692308,281592.78773380525,6213606.0,3564,53139.44770184111,0.12598204264870932,0.4458473625140292,0.42845117845117847,310170.3354902412
H10,77,7744509.0,28633,81660.0987083466,0.0596514511228303,0.44008661334823457,0.5002968602661265,357679.63257947715,6352465.0,2015,32591.82852978219,0.11364764267990074,0.45607940446650125,0.4307692307692308,287644.52445965365,6352465.0,3564,53859.173375081824,0.12598204264870932,0.4458473625140292,0.42845117845117847,316008.7429938406
H10,78,7946204.5,28633,82825.95049775734,0.0589878811161946,0.4394230433415989,0.5015890755422066,362994.00457521743,6494086.0,2015,33059.11762179601,0.11265508684863523,0.45607940446650125,0.4312655086848635,293776.56423605105,6494086.0,3564,54632.187147277364,0.12542087542087543,0.44556677890011226,0.42901234567901236,322006.63603917084
H10,79,8137497.0,28633,83831.27302672499,0.0589180316418119,0.4386546991233891,0.502427269234799,367077.44148413505,6624086.0,2015,33599.14990512532,0.11265508684863523,0.45607940446650125,0.4312655086848635,299638.80835946795,6624086.0,3564,55500.80886342213,0.12542087542087543,0.4458473625140292,0.4287317620650954,327740.49756920204
H10,80,8330063.5,28633,84810.40766258801,0.05853385953270702,0.43854992491181505,0.5029162155554779,371581.50223075575,6743843.0,2015,34169.5968536069,0.11166253101736973,0.45508684863523574,0.43325062034739453,305410.5462085332,6743843.0,3564,56440.934696352684,0.12457912457912458,0.4450056116722783,0.43041526374859707,333467.54537905595
H10,81,8529868.0,28633,85908.836813281,0.058359235846750256,0.4387594733349632,0.5028812908182866,377380.94515111553,6865314.5,2015,34694.238507386915,0.11166253101736973,0.45558312655086847,0.4327543424317618,311249.72782416746,6865314.5,3564,57584.36857863406,0.12457912457912458,0.4452861952861953,0.43013468013468015,339723.00668979937
H10,82,8727536.0,28633,87033.28112086012,0.05821953689798484,0.4383403764886669,0.5034750113505396,383115.66892597766,6986117.0,2015,35230.70035102612,0.11166253101736973,0.45558312655086847,0.4327543424317618,317071.1116374171,6986117.0,3564,58664.878409129386,0.12429854096520764,0.4450056116722783,0.43069584736251404,346078.2317405465
H10,83,8915006.0,28633,88094.29726744341,0.057975063737645376,0.4384102259630496,0.503614710299305,388516.8554158723,7103598.5,2015,35765.636493761835,0.11166253101736973,0.45558312655086847,0.4327543424317618,322778.75142967445,7103598.5,3564,59542.120197287746,0.12429854096520764,0.4450056116722783,0.43069584736251404,351876.2703890646
H10,84,9090105.0,28633,89158.6511038337,0.05783536478887996,0.4380260538539448,0.5041735060943666,393957.2440362997,7215827.0,2015,36330.19185161585,0.11215880893300248,0.45558312655086847,0.4327543424317618,328329.38347450725,7215827.0,3564,60459.58770452657,0.12457912457912458,0.4447250280583614,0.43097643097643096,357594.1393987716
H10,85,9260637.0,28633,90199.16079969179,0.057695665840114554,0.437851430167988,0.5044529039918975,399487.98018238606,7324787.5,2015,36923.02428775816,0.11166253101736973,0.45607940446650125,0.432258064516129,333830.83975345676,7324787.5,3564,61407.89217466384,0.12429854096520764,0.4450056116722783,0.43069584736251404,363260.6040687424
H10,86,9426347.0,28633,91250.90402853505,0.05738134320539238,0.43809590332832743,0.5045576782034715,404815.73819791706,7430280.0,2015,37556.81829813373,0.11215880893300248,0.45607940446650125,0.432258064516129,339263.8794067625,7430280.0,3564,62406.13221442741,0.12429854096520764,0.4452861952861953,0.43069584736251404,368881.47230387945
H10,87,9591700.0,28633,92288.94390081424,0.05724164425662697,0.4385848496490064,0.5041735060943666,409971.9993642714,7534129.0,2015,38218.6887127487,0.11166253101736973,0.45558312655086847,0.4327543424317618,344719.8475999766,7534129.0,3564,63441.48707052162,0.12401795735129069,0.4450056116722783,0.43097643097643096,374523.0849336792
H10,88,9749196.0,28633,93252.6880919815,0.05713687004505291,0.4385848496490064,0.504313205043132,415406.44018288655,7631448.5,2015,38874.851250899905,0.11166253101736973,0.45558312655086847,0.4327543424317618,349975.8184507645,7631448.5,3564,64481.74794113167,0.12429854096520764,0.4450056116722783,0.43097643097643096,380040.1735836114
H10,89,9895272.0,28633,94276.38857984873,0.05706702057067021,0.4380260538539448,0.5049418503125764,421098.16685325204,7721218.5,2015,39537.2704548931,0.11166253101736973,0.45409429280397023,0.43424317617866004,354961.0821319259,7721218.5,3564,65548.3284056759,0.12401795735129069,0.4441638608305275,0.4318181818181818,385406.71749999153
H10,90,10033368.0,28633,95280.030667836,0.0569971710962875,0.4380609785911361,0.5049767750497678,426467.9794202322,7810590.5,2015,40188.26226226988,0.11215880893300248,0.45459057071960296,0.43325062034739453,359747.9271722356,7810590.5,3564,66597.66315477222,0.12429854096520764,0.4444444444444444,0.43125701459034793,390580.68573055434
H10,91,10158659.0,28633,96230.23997979691,0.05696224635909615,0.4379212796423707,0.5051164739985332,431272.71675236063,7901498.0,2015,40820.42860658555,0.11215880893300248,0.45459057071960296,0.43325062034739453,364202.36188988615,7901498.0,3564,67602.89188142608,0.12457912457912458,0.4441638608305275,0.43125701459034793,395396.43952158105
H10,92,10273727.0,28633,97104.17008942862,0.05685747214752209,0.4379212796423707,0.5052212482101072,435626.4896977729,7986326.0,2015,41423.69815221368,0.11215880893300248,0.45409429280397023,0.4337468982630273,368362.9112312169,7986326.0,3564,68558.2058192983,0.12429854096520764,0.4444444444444444,0.43125701459034793,399892.1217589944
H10,93,10379131.0,28633,97932.50068845849,0.05696224635909615,0.43795620437956206,0.5051164739985332,439586.84580123867,8065128.0,2015,42035.96298396046,0.11166253101736973,0.45508684863523574,0.4337468982630273,372299.7039129058,8065128.0,3564,69512.34999037406,0.12401795735129069,0.4447250280583614,0.43153759820426485,404168.9307282137
H10,94,10475346.0,28633,98670.23111571737,0.056927321621904795,0.4382006775399015,0.5049069255753851,443304.9789084303,8137683.0,2015,42613.99207968046,0.11166253101736973,0.45508684863523574,0.4337468982630273,375932.8104818391,8137683.0,3564,70419.72156460445,0.12401795735129069,0.4450056116722783,0.43125701459034793,408152.94830659765
H10,95,10560297.0,28633,99330.73240397358,0.0569971710962875,0.43823560227709285,0.504802151363811,446809.5590657811,8203906.0,2015,43151.4921165189,0.11116625310173697,0.45508684863523574,0.4337468982630273,379216.4140341692,8203906.0,3564,71263.05778976857,0.12401795735129069,0.4447250280583614,0.43125701459034793,411791.1244652946
H10,96,10641943.0,28633,99932.07226149236,0.05706702057067021,0.4382705270142842,0.504697377152237,450125.015527243,8275080.0,2015,43653.0074238181,0.11215880893300248,0.45459057071960296,0.43325062034739453,382368.6578968252,8275080.0,3564,72058.4162116614,0.12429854096520764,0.4450056116722783,0.43069584736251404,415344.65605137293
H10,97,10714377.0,28633,100461.45530772695,0.057311493731009674,0.4381308280655188,0.5045926029406629,453142.9744938542,8371317.0,2015,44098.35942512854,0.11265508684863523,0.45558312655086847,0.4317617866004963,385393.49027135555,8371317.0,3564,72770.9397206234,0.12485970819304153,0.4452861952861953,0.4298540965207632,418886.3734723389
H10,98,10783690.0,28633,100939.95478499743,0.057311493731009674,0.4383403764886669,0.5044529039918975,455722.2878419239,8421941.0,2015,44520.88608882715,0.11265508684863523,0.45607940446650125,0.4317617866004963,387930.8712930572,8421941.0,3564,73435.54751079287,0.12485970819304153,0.44556677890011226,0.4298540965207632,421737.2066122521
H10,99,10839287.0,28633,101316.44805220784,0.05741626794258373,0.43837530122585827,0.504313205043132,457572.7246325258,8463039.0,2015,44843.104645079016,0.11265508684863523,0.4575682382133995,0.4307692307692308,389933.08864112664,8463039.0,3564,73944.37069576286,0.1251402918069585,0.44612794612794615,0.4292929292929293,423972.0319082267
H10,100,10884920.0,28633,101552.21003153858,0.05727656899381832,0.4387594733349632,0.5039988824084098,459167.41260803025,8495712.0,2015,45089.77912051603,0.11166253101736973,0.4575682382133995,0.4312655086848635,391516.8185756967,8495712.0,3564,74339.36725896686,0.12457912457912458,0.44668911335578004,0.42901234567901236,425751.27051999664
H10,101,10917774.0,28633,101695.14249874509,0.05755596689134914,0.4387245485977718,0.5037544092480704,460565.4453657997,8518533.0,2015,45281.10537191746,0.11166253101736973,0.45806451612903226,0.4307692307692308,392678.7891053496,8518533.0,3564,74648.6682480867,0.12457912457912458,0.44696969696969696,0.4287317620650954,427100.99614393193
H10,102,10947577.0,28633,101781.82466420175,0.05752104215415779,0.43868962386058047,0.5038242587224531,461656.1737181952,8537216.0,2015,45422.01677058215,0.11166253101736973,0.4575682382133995,0.4312655086848635,393640.3373399866,8537216.0,3564,74883.84467103297,0.12457912457912458,0.44668911335578004,0.42901234567901236,428203.1987899199
H10,103,10962997.0,28633,101780.0471626652,0.05780044005168861,0.4386546991233891,0.503614710299305,462130.1134739407,8547575.0,2015,45495.64394947467,0.11116625310173697,0.4575682382133995,0.4317617866004963,394150.12310536107,8547575.0,3564,75002.91062354718,0.12429854096520764,0.44668911335578004,0.4292929292929293,428779.9890211326
H10,104,10971798.0,28633,101687.77344934137,0.0577305905773059,0.43914364544406803,0.5031606887158174,462337.9329736887,8552645.0,2015,45514.46704877837,0.11066997518610422,0.45806451612903226,0.4317617866004963,394386.1428828414,8552645.0,3564,75041.96123471025,0.12401795735129069,0.44725028058361394,0.42901234567901236,429047.63871292945
H10,105,10967010.0,28633,101508.37435666262,0.058009988474836724,0.43896902175811126,0.5030559145042434,462168.8345309806,8549848.0,2015,45479.88403113911,0.11166253101736973,0.45707196029776676,0.4317617866004963,394219.49004746537,8549848.0,3564,74993.14051799016,0.12457912457912458,0.44668911335578004,0.42901234567901236,428878.671998594
H10,106,10957462.0,28633,101278.16370688866,0.058009988474836724,0.4392484196556421,0.5027415918695212,461637.793233453,8543146.0,2015,45399.19945182461,0.11166253101736973,0.4575682382133995,0.4307692307692308,393837.8356742999,8543146.0,3564,74871.99040862455,0.12457912457912458,0.44668911335578004,0.4287317620650954,428443.5165980838
H10,107,10931654.0,28633,100949.48119449987,0.058394160583941604,0.43914364544406803,0.5024621939719903,460413.1431745776,8527296.0,2015,45245.220882844085,0.11265508684863523,0.456575682382134,0.4307692307692308,392964.58344802324,8527296.0,3564,74624.39672715044,0.12542087542087543,0.44612794612794615,0.42845117845117847,427434.16509606683
H10,108,10899359.0,28633,100518.78209073257,0.05842908532113296,0.4394230433415989,0.5021478713372682,458954.59293330176,8505644.0,2015,45034.95856052736,0.11265508684863523,0.456575682382134,0.4307692307692308,391789.9617774934,8505644.0,3564,74292.5892565378,0.12542087542087543,0.44696969696969696,0.4276094276094276,426093.0192479827
H10,109,10855423.0,28633,99998.24039238447,0.05870848321866378,0.43914364544406803,0.5021478713372682,457199.8135200326,8475086.0,2015,44758.526305642255,0.11265508684863523,0.456575682382134,0.4307692307692308,390202.68999965925,8475086.0,3564,73862.26204937251,0.12570145903479238,0.44640852974186307,0.4278900112233446,424314.6461616493
H10,110,10809981.0,28633,99433.5373557735,0.05881325743023784,0.4391087207068767,0.5021129466000769,455359.62888867094,8441790.0,2015,44448.339041710344,0.11315136476426799,0.456575682382134,0.430272952853598,388474.89173231286,8441790.0,3564,73377.84763098566,0.12598204264870932,0.44640852974186307,0.4276094276094276,422369.00300959207
H10,111,10756605.0,28633,98809.56865568517,0.05909265532776866,0.43889917228372854,0.5020780218628855,453303.926445953,8403292.0,2015,44087.70178403444,0.11315136476426799,0.45707196029776676,0.430272952853598,386477.0677981309,8403292.0,3564,72820.93907632382,0.12626262626262627,0.44668911335578004,0.4273288439955107,420134.30403835257
H10,112,10703658.0,28633,98168.69359213914,0.059162504802151364,0.43896902175811126,0.5019033981769288,451168.2756517919,8363685.5,2015,43713.83910783758,0.11315136476426799,0.45707196029776676,0.430272952853598,384437.24818144465,8363685.5,3564,72249.93840890528,0.12626262626262627,0.44668911335578004,0.4273288439955107,417846.33000133047
H10,113,10645300.0,28633,97490.69091172752,0.05940697796249083,0.43861977438619776,0.5019732476513115,448759.85611707065,8296208.0,2015,43332.98388036092,0.11215880893300248,0.45707196029776676,0.4307692307692308,382061.5237958087,8296208.0,3564,71655.40608407102,0.12598204264870932,0.44640852974186307,0.4276094276094276,415101.4078689628
H10,114,10587418.0,28633,96794.87246340804,0.059546676911256244,0.43848007543743234,0.5019732476513115,446293.0838135868,8224985.0,2015,42956.61557436748,0.11215880893300248,0.45707196029776676,0.4307692307692308,379645.4261678128,8224985.0,3564,71062.68920515534,0.12654320987654322,0.4458473625140292,0.4276094276094276,412313.61843985587
H10,115,10524576.0,28633,96071.76222097293,0.05979115007159571,0.43837530122585827,0.5019033981769288,443661.5944167467,8177837.0,2015,42537.95137479101,0.11315136476426799,0.45607940446650125,0.4317617866004963,377238.64695540635,8177837.0,3564,70408.64972969296,0.12738496071829405,0.4450056116722783,0.4281705948372615,409627.01128936704
H10,116,10460772.0,28633,95323.66603377918,0.05979115007159571,0.43848007543743234,0.5017986239653547,440993.70011516317,8129828.0,2015,42112.863917612485,0.11265508684863523,0.45707196029776676,0.4307692307692308,374782.3370457939,8129828.0,3564,69743.890378736,0.1271043771043771,0.44556677890011226,0.4276094276094276,406892.40957122337
H10,117,10390386.0,28633,94530.38033656002,0.060140397443509234,0.4385150001746237,0.5013795271190584,438126.6175036802,8078659.5,2015,41672.13788586627,0.11315136476426799,0.4575682382133995,0.4297766749379653,372154.4216003142,8078659.5,3564,69048.9211644107,0.12738496071829405,0.44556677890011226,0.4273288439955107,403976.91942641913
H10,118,10320344.0,28633,93729.31992125942,0.06028009639227465,0.43861977438619776,0.5011350539587189,435238.2251047935,8026448.5,2015,41233.0144251396,0.11315136476426799,0.4575682382133995,0.4297766749379653,369521.47486063896,8026448.5,3564,68361.44017525368,0.12738496071829405,0.44556677890011226,0.4273288439955107,401068.89702054515
H10,119,10246726.0,28633,92924.74361343344,0.06066426850137953,0.43848007543743234,0.5008556560611881,432262.41887893825,7972037.5,2015,40811.165437824886,0.11364764267990074,0.45806451612903226,0.428287841191067,366829.2691491172,7972037.5,3564,67692.27856748004,0.127665544332211,0.4458473625140292,0.4264870931537598,398114.320472903
H11,0,1251251.25,28633,498.73344666748636,0.24105053609471588,0.408933747773548,0.3501903398176929,16946.236735717568,6.237447738647461,2015,0.2441248971314044,0.22084367245657568,0.3970223325062035,0.3826302729528536,0.6265536670206001,23.02277946472168,3564,0.3002160493492025,0.2623456790123457,0.38103254769921435,0.3569023569023569,0.9737499127227383
H11,1,2012224.0,28633,2721.99006038208,0.2233436943387001,0.41710613627632454,0.3596549435965494,48559.57001784733,25.25798988342285,2015,1.4651331690483742,0.20794044665012407,0.40297766749379654,0.3890818858560794,3.083308494440361,82.55715942382812,3564,1.7013003695124016,0.2474747474747475,0.3886083052749719,0.36391694725028056,4.227509236030425
H11,2,2143726.25,28633,3417.583593801845,0.20221422833793176,0.42849160060070546,0.36936402053574546,55904.190567761325,96.31961822509766,2015,5.504631385866722,0.19404466501240694,0.4104218362282878,0.39602977667493794,12.026359856606192,280.4595031738281,3564,6.139969250735657,0.23120089786756454,0.3950617283950617,0.3740179573512907,14.929762323213968
H11,3,1689551.0,28633,3109.479588168725,0.19299409771941467,0.434882827506723,0.372192924248245,46740.368963265144,323.08721923828125,2015,10.26378162496945,0.19156327543424317,0.4148883374689826,0.3935483870967742,24.268801206543944,766.617431640625,3564,11.513644331265263,0.22699214365881032,0.39646464646464646,0.3765432098765432,32.83368420370321
H11,4,1456285.5,28633,3136.3555912285574,0.180351342856145,0.4422519470540984,0.37739671008975656,43755.83673796958,372.5417785644531,2015,15.717231446567656,0.18511166253101738,0.41588089330024813,0.3990074441687345,35.607898709698866,1324.378662109375,3564,17.936362712934844,0.21885521885521886,0.39870931537598203,0.3824354657687991,52.47490209988622
H11,5,1445362.875,28633,3648.6064175689235,0.17416966437327558,0.4464778402542521,0.3793874201096637,44594.45250454571,431.21649169921875,2015,20.044488735888432,0.18362282878411912,0.4163771712158809,0.4,45.93095982622671,2030.64111328125,3564,23.22261422325136,0.21689113355780024,0.3992704826038159,0.3838383838383838,73.07755720137668
H11,6,1461544.125,28633,4425.124361450789,0.16404149058778333,0.45140222819823284,0.3845562812139839,48390.006800411946,809.2064819335938,2015,26.004433514380935,0.1781637717121588,0.41935483870967744,0.40248138957816376,61.09492522475863,2601.44482421875,3564,30.162489931857834,0.21043771043771045,0.40347923681257014,0.38608305274971944,94.18517175083967
H11,7,1523465.125,28633,5706.637986810572,0.15939650054133342,0.45335801348094856,0.387245485977718,56617.68194925943,1470.6527099609375,2015,31.127134141720664,0.17766749379652605,0.41985111662531016,0.40248138957816376,79.39590644075464,3081.631591796875,3564,36.31705644238058,0.2084736251402918,0.4037598204264871,0.3877665544332211,116.99050534652318
H11,8,1442531.875,28633,5391.651955991883,0.15272587573778507,0.4570251108860406,0.3902839381133657,50911.561559617345,2607.197998046875,2015,37.97521214527043,0.1761786600496278,0.42233250620347396,0.40148883374689825,106.78690291948722,3806.944091796875,3564,45.04423985795967,0.2048260381593715,0.4065656565656566,0.3886083052749719,151.99637524872838
H11,9,1320153.875,28633,5548.808391759043,0.15010652044843362,0.4580030035273985,0.39189047602416793,50271.11412320346,4084.44921875,2015,43.29975985071019,0.17667493796526054,0.42332506203473946,0.4,139.4187580429844,4153.2939453125,3564,52.744042689598736,0.20454545454545456,0.4079685746352413,0.38748597081930414,195.95625001078776
H11,10,1303787.625,28633,6128.920184570862,0.1436454440680334,0.46170502566968186,0.3946495302622848,53270.23372691774,5082.1064453125,2015,50.05642664795748,0.169727047146402,0.426302729528536,0.40397022332506205,165.78661538709414,5303.18115234375,3564,62.121700435681284,0.2000561167227834,0.4104938271604938,0.3894500561167228,236.4673210278412
H11,11,1520923.625,28633,7323.6718464291325,0.14015297034889812,0.4643243809590333,0.39555757342925996,63438.116467945525,5751.40771484375,2015,55.888275936431704,0.16923076923076924,0.426302729528536,0.4044665012406948,186.88830881949994,6841.1259765625,3564,69.98288147800051,0.1994949494949495,0.4110549943883277,0.3894500561167228,276.3456352223058
H11,12,1845694.625,28633,9052.049486054882,0.1333775713337757,0.47043620996752,0.39622114343589565,72726.10659893395,6899.95703125,2015,64.0460724427439,0.16823821339950373,0.4258064516129032,0.40595533498759306,219.22814881920215,8754.1904296875,3564,83.09934505306676,0.19753086419753085,0.4110549943883277,0.39169472502805835,341.3229795076672
H11,13,2159686.25,28633,10788.253741660716,0.1291866028708134,0.47392868368665525,0.3969894876541054,81152.62134777257,7682.6650390625,2015,72.87086433264653,0.16774193548387098,0.4277915632754342,0.4044665012406948,260.5711484602404,9631.482421875,3564,95.32232469634289,0.19640852974186307,0.4127384960718294,0.39113355780022446,398.3768592501372
H11,14,2442673.0,28633,12154.22447477472,0.12544965599133867,0.47752593161736456,0.3970942618656795,86577.82132749185,20265.26953125,2015,98.44650176246459,0.16575682382133994,0.4292803970223325,0.40496277915632756,636.3750466222074,111117.0625,3564,186.22250989055107,0.19528619528619529,0.4132996632996633,0.39169472502805835,2705.5674169938143
H11,15,2625326.0,28633,13769.967666358047,0.12324939754828344,0.4799357384835679,0.39688471344253134,90294.54929411046,45186.12890625,2015,160.5542463976271,0.1662531017369727,0.4297766749379653,0.40397022332506205,1564.2035024751856,340217.40625,3564,374.16379032182425,0.1941638608305275,0.4132996632996633,0.3925364758698092,8215.245836933887
H11,16,2736315.75,28633,16086.196333575528,0.11933782698285196,0.48070408270177767,0.3999580903153704,96027.43147176284,351020.8125,2015,1183.3662553193337,0.16377171215880892,0.4287841191066998,0.4074441687344913,17936.899290848258,351020.8125,3564,1170.2956345143982,0.19079685746352412,0.41470258136924804,0.3945005611672278,17329.919388944934
H11,17,2805663.0,28633,17709.82002065663,0.11720741801417944,0.48101840533649987,0.40180910138651205,100811.82122910794,695666.25,2015,2308.5793483779917,0.16327543424317617,0.430272952853598,0.4064516129032258,36250.83025114736,695666.25,3564,2060.1441602943746,0.18995510662177328,0.4161054994388328,0.3939393939393939,32054.97706012802
H11,18,2870699.25,28633,17866.603743649674,0.11430866482729718,0.48220584640100583,0.40352041350888834,103048.14490682314,778918.75,2015,2538.1139490457977,0.16129032258064516,0.4327543424317618,0.40595533498759306,39973.52889442833,778918.75,3564,2323.5718676325,0.18771043771043772,0.41891133557800225,0.39337822671156003,35338.56218139755
H11,19,2980790.5,28633,20908.44882254366,0.11186393322390249,0.48269479272168475,0.4054412740544127,126312.5261602131,1843697.625,2015,6266.616864492336,0.1588089330024814,0.430272952853598,0.4109181141439206,89954.4402300309,1843697.625,3564,5781.252928923706,0.18434343434343434,0.41891133557800225,0.39674523007856344,78130.42886180314
H11,20,3099480.25,28633,20722.84459527648,0.10889533056263752,0.485593545908567,0.4055111235287954,116100.60931901039,1373361.125,2015,5957.088312085703,0.15632754342431762,0.430272952853598,0.4133995037220844,66591.66702810371,1373361.125,3564,6765.142569007607,0.18153759820426488,0.41919191919191917,0.3992704826038159,62111.91271716696
H11,21,3165286.0,28633,21948.16995557777,0.10641567422205148,0.48884154646736283,0.4048126287849684,118385.11163127882,1305857.625,2015,7938.650965976451,0.15483870967741936,0.432258064516129,0.4129032258064516,72341.6866699581,1305857.625,3564,10790.760026060112,0.17845117845117844,0.4219977553310887,0.3998316498316498,79296.24829514188
H11,22,3191097.75,28633,23380.15054004623,0.10459958788810114,0.49177522439143645,0.4036251877204624,124368.81341134587,1501821.75,2015,9415.095513225539,0.15186104218362284,0.43573200992555833,0.41240694789081883,82304.65232232683,1501821.75,3564,13243.91821812163,0.17536475869809204,0.42480359147025815,0.3998316498316498,93636.04358429936
H11,23,3187874.0,28633,22812.276508985975,0.10299304997729893,0.4941850312576398,0.40285684350225265,116587.34608262344,1151328.0,2015,6835.816888812045,0.15086848635235733,0.43771712158808934,0.4114143920595533,59524.34880714918,1151328.0,3564,10486.225189613075,0.1734006734006734,0.4245230078563412,0.4020763187429854,69784.16243237647
H11,24,3177572.5,28633,23031.622264946225,0.100722942059861,0.49488352600146684,0.40439353193867217,113523.56178910178,1010131.75,2015,7004.700289242025,0.14789081885856079,0.43722084367245656,0.4148883374689826,54796.19204574539,1010131.75,3564,10921.030985257998,0.16947250280583614,0.4239618406285073,0.4065656565656566,66511.55623304473
H11,25,3191262.0,28633,23988.542630745447,0.09887193098871931,0.4958963433800161,0.405266650368456,115458.62752370539,1107469.625,2015,8424.485326445487,0.14590570719602977,0.43672456575682383,0.4173697270471464,62090.23916975476,1107469.625,3564,12683.350121951516,0.16722783389450055,0.42312008978675647,0.409652076318743,73249.48780025031
H11,26,3234386.0,28633,25805.703564033396,0.09702091991757762,0.4963154402263123,0.40676841406768416,120817.29018573336,1233521.75,2015,10250.325165795673,0.1444168734491315,0.43771712158808934,0.41786600496277915,71781.24938732703,1233521.75,3564,15513.914906072969,0.16526374859708193,0.42508417508417506,0.409652076318743,86328.14928819575
H11,27,3312181.25,28633,27578.024546406854,0.0960779520134111,0.49603604232878146,0.4078860056578074,124410.71596960997,1294905.875,2015,11437.026343625503,0.1444168734491315,0.43771712158808934,0.41786600496277915,77020.0432432572,1294905.875,3564,17481.829676694135,0.1644219977553311,0.42592592592592593,0.409652076318743,94762.31703088272
H11,28,3371620.25,28633,28559.25290556572,0.09433171515384346,0.49642021443788636,0.4092829951454615,125577.06452481472,1327158.25,2015,12221.312468693779,0.14292803970223325,0.43970223325062036,0.4173697270471464,80315.70596179194,1327158.25,3564,18883.016898272715,0.16189674523007858,0.42845117845117847,0.409652076318743,100801.03176337612
H11,29,3359124.0,28633,28094.836193740593,0.093493521461251,0.4957217196940593,0.4107847588446897,124662.17617342746,1343434.75,2015,12676.213613534987,0.1424317617866005,0.4411910669975186,0.4163771712158809,82490.66037423968,1359827.5,3564,19953.07395750838,0.16133557800224466,0.42957351290684626,0.4090909090909091,105013.3726231349
H11,30,3255329.75,28633,27728.163849457425,0.0915726609157266,0.49191492334020187,0.41651241574407155,124203.53300833191,1357551.0,2015,12981.127361045123,0.141439205955335,0.4411910669975186,0.4173697270471464,84002.63157121684,1391737.5,3564,20733.8588740774,0.16021324354657687,0.4287317620650954,0.4110549943883277,108216.23359346588
H11,31,3058529.75,28633,28298.01193325821,0.09062969301156008,0.49226417071211537,0.41717598575070725,123904.53304033513,1375658.75,2015,13243.047711246467,0.141439205955335,0.43970223325062036,0.41885856079404465,85414.02109192527,1418320.375,3564,21233.689105012912,0.16021324354657687,0.42901234567901236,0.4110549943883277,110356.83907165076
H11,32,2746835.5,28633,28524.21202369786,0.08849928404288758,0.4953375475849544,0.41619809310934935,122552.85468621136,1392407.125,2015,13443.252097024197,0.13995037220843673,0.4411910669975186,0.41935483870967744,86572.87028464997,1439890.25,3564,21353.123068253786,0.15824915824915825,0.43069584736251404,0.4113355780022447,111153.17734961107
H11,33,2294869.0,28633,28755.26954485564,0.08689274613208535,0.4961408165403555,0.41700136206475047,121878.41606788106,1408640.125,2015,13648.433901470124,0.13796526054590572,0.4426799007444169,0.41985111662531016,87679.70736510071,1459002.75,3564,21707.394460794185,0.15684624017957352,0.43125701459034793,0.4121773288439955,112649.63994723289
H11,34,1885233.375,28633,28999.27368917068,0.08455278874026473,0.49470890231551007,0.4207383089442252,121685.82769568227,1423287.875,2015,13939.802700180308,0.13647642679900746,0.4441687344913151,0.41935483870967744,88719.0473494874,1476527.75,3564,22040.58597001272,0.15488215488215487,0.43209876543209874,0.41301907968574636,113616.28838136733
H11,35,1890261.625,28633,29586.91321242668,0.08312087451541927,0.49421995599483115,0.4226591694897496,121791.67132663584,1438011.625,2015,14486.588888151833,0.1359801488833747,0.4456575682382134,0.41836228287841193,90152.96126849815,1493207.125,3564,22573.26600249319,0.15460157126823793,0.4323793490460157,0.41301907968574636,114599.56169460557
H11,36,1936862.5,28633,30307.554037328737,0.08158418607899975,0.4945342786295533,0.4239164600286383,122633.94658392928,1453362.25,2015,15155.98922937623,0.1344913151364764,0.4481389578163772,0.4173697270471464,92524.02244149304,1510904.625,3564,23233.390604275035,0.15235690235690236,0.4351851851851852,0.41245791245791247,116510.14929250721
H11,37,2001759.625,28633,31058.304077057728,0.08102539028393811,0.49463905284112736,0.4243355568749345,124398.2111475514,1466759.25,2015,15716.627903979872,0.13399503722084366,0.4496277915632754,0.4163771712158809,95318.59294961701,1526262.5,3564,23849.19463921936,0.15179573512906847,0.43630751964085296,0.4118967452300786,118866.71203401497
H11,38,2095331.125,28633,31836.52704853296,0.07962840079628401,0.4930325149303251,0.42733908427339085,126480.97517466993,1478884.0,2015,16169.215272978514,0.1325062034739454,0.4491315136476427,0.41836228287841193,97972.03454203105,1540924.625,3564,24437.19713344693,0.1495510662177329,0.43658810325476993,0.41386083052749717,121342.27272561083
H11,39,2134381.0,28633,32661.93987763821,0.07889498131526561,0.4918799986030105,0.4292599448189152,128553.5010504923,1490709.125,2015,16545.68550051566,0.1325062034739454,0.4496277915632754,0.41786600496277915,100305.15267623661,1554782.0,3564,25047.334477426113,0.14927048260381592,0.4371492704826038,0.41358024691358025,123871.2413926129
H11,40,2197821.0,28633,33940.44759651925,0.07791708867390773,0.49153075123109696,0.43058708483218666,132311.51281954578,1500927.5,2015,16908.20598868701,0.13101736972704714,0.4486352357320099,0.42034739454094294,102563.7792907419,1567637.375,3564,25715.88470131142,0.14870931537598203,0.43546576879910215,0.4158249158249158,126581.4991389915
H11,41,2260561.25,28633,35778.93863520079,0.07746306709042014,0.49184507386581916,0.43069185904376067,138461.86534434324,1511189.875,2015,17318.815175234173,0.13101736972704714,0.45062034739454093,0.41836228287841193,105284.63535475216,1579579.125,3564,26562.880726512332,0.14814814814814814,0.4377104377104377,0.41414141414141414,130032.65097003402
H11,42,2324312.25,28633,36767.84008625896,0.07606607760276604,0.49044808437816506,0.4334858380190689,141676.94908047613,1520304.0,2015,17685.99419651531,0.12903225806451613,0.45062034739454093,0.42034739454094294,107894.55739305326,1590876.875,3564,27121.517707505867,0.14646464646464646,0.4385521885521885,0.414983164983165,132552.5998385371
H11,43,2388960.75,28633,37253.94442550616,0.0755771312820871,0.4889463206789369,0.435476548038976,143172.21008854904,1528842.25,2015,18071.950566522268,0.12903225806451613,0.4521091811414392,0.41885856079404465,110856.21619647343,1601463.375,3564,27708.584364414233,0.14646464646464646,0.4393939393939394,0.41414141414141414,135391.47139074127
H11,44,2454886.5,28633,38176.676549726566,0.07452938916634652,0.4862221911780114,0.4392484196556421,146107.37808962533,1540027.375,2015,18369.13105592601,0.12853598014888337,0.4481389578163772,0.42332506203473946,112863.29316226848,1613881.125,3564,28267.50270471849,0.14534231200897868,0.43742985409652074,0.4172278338945006,137881.77178276502
H11,45,2523620.75,28633,39849.58702745818,0.07411029232005029,0.48482520169035725,0.4410645059895924,152236.51591239756,1549095.75,2015,18744.214717892464,0.12803970223325062,0.45062034739454093,0.42133995037220845,115837.76936867803,1625475.375,3564,29079.354793264087,0.14534231200897868,0.4382716049382716,0.4163860830527497,141709.2615082674
H11,46,2591366.75,28633,42261.564799276035,0.07323717389026647,0.48189152376628364,0.4449062270806412,161907.93410827685,1614090.75,2015,19132.035898010614,0.1270471464019851,0.4481389578163772,0.4248138957816377,118867.78887539859,1635557.875,3564,30146.13876553436,0.14393939393939395,0.43742985409652074,0.4186307519640853,146660.66206225223
H11,47,2660738.25,28633,44715.721252999494,0.07274822756958754,0.4778751789892781,0.4494115181783257,172638.4013604776,1711919.875,2015,19507.993399541898,0.1270471464019851,0.4491315136476427,0.42431761786600497,121887.40284747948,1711919.875,3564,31208.222901820525,0.143658810325477,0.43686868686868685,0.41975308641975306,151820.0394446323
H11,48,2732346.0,28633,43949.882735486084,0.07166556071665561,0.4783292005727657,0.45011001292215275,168742.1056786363,1850416.75,2015,19911.45907360248,0.1250620347394541,0.4531017369727047,0.4228287841191067,125738.32995452784,1850416.75,3564,31100.232817937547,0.14113355780022446,0.4405162738496072,0.41891133557800225,152218.21279416044
H11,49,2807270.0,28633,43679.49402416184,0.07138616281912478,0.47696713582230293,0.4516816260957636,167791.07875575696,2001278.625,2015,20377.203742114645,0.12406947890818859,0.4521091811414392,0.4238213399503722,130214.57822303657,2001278.625,3564,31394.48112761977,0.13973063973063973,0.44079685746352415,0.41947250280583614,154776.7083000177
H11,50,2908230.25,28633,46656.31329712278,0.0702685712290015,0.46631509097894036,0.4634163377920581,178435.99307171095,2135907.5,2015,20851.389968270443,0.12307692307692308,0.4531017369727047,0.4238213399503722,134534.73941431858,2135907.5,3564,32214.36005910288,0.138327721661055,0.44163860830527496,0.42003367003367004,159293.49238221708
H11,51,2988043.5,28633,46046.78040210598,0.06984947438270526,0.4715188768204519,0.4586316487968428,180830.2288561362,2280099.5,2015,21335.86114399342,0.12307692307692308,0.45260545905707195,0.42431761786600497,139169.19337577376,2280099.5,3564,33009.1907376362,0.1377665544332211,0.44163860830527496,0.42059483726150393,163875.5224902595
H11,52,3073621.75,28633,47572.74390898764,0.06922082911326093,0.4660356930814096,0.46477840254252084,188474.77271985402,2439574.5,2015,21849.827149013483,0.12208436724565756,0.45508684863523574,0.4228287841191067,144312.0962167066,2439574.5,3564,33915.662639985996,0.1366442199775533,0.4430415263748597,0.42031425364758696,169181.14454045412
H11,53,3159763.75,28633,49495.18032833379,0.06908113016449552,0.46198442356721264,0.46893444626829184,198675.082557914,2643808.25,2015,22477.606352055784,0.12208436724565756,0.45707196029776676,0.42084367245657567,150989.28688769654,2643808.25,3564,35019.18727745403,0.1366442199775533,0.44388327721661053,0.41947250280583614,175996.47512154756
H11,54,3229788.0,28633,51310.17566013282,0.06789368909998952,0.4593650682778612,0.472811092096532,206320.03358953123,2805533.5,2015,22983.387407672253,0.12208436724565756,0.45558312655086847,0.4228287841191067,156456.0348772114,2805533.5,3564,35895.45258925799,0.1366442199775533,0.4430415263748597,0.42059483726150393,181474.57839894475
H11,55,3300480.75,28633,53137.6117347864,0.06771906541403276,0.45786330457863306,0.47441763000733417,214144.2515248481,2963853.25,2015,23479.70600582979,0.12158808933002481,0.456575682382134,0.4218362282878412,161922.55024024675,2963853.25,3564,36775.127091411254,0.1360830527497194,0.44332210998877664,0.42059483726150393,187037.93817874187
H11,56,3448235.0,28633,54907.99921229079,0.06716026961897112,0.4560472182446827,0.47679251213634616,221683.55408797995,3132378.0,2015,24004.922520555203,0.12109181141439206,0.456575682382134,0.42233250620347396,167813.39226850818,3132378.0,3564,37681.35892400923,0.13496071829405162,0.4441638608305275,0.4208754208754209,192929.25057249254
H11,57,3649539.25,28633,56543.03085097318,0.06705549540739705,0.45279921768588693,0.48014528690671604,228689.1746261428,3297503.75,2015,24517.047687490052,0.12158808933002481,0.456575682382134,0.4218362282878412,173693.12784109006,3297503.75,3564,38568.76059512047,0.13524130190796857,0.4441638608305275,0.42059483726150393,198806.44340225952
H11,58,3842324.75,28633,58142.89955215633,0.06642685013795271,0.4508783571403625,0.48269479272168475,235313.3645894324,3457543.25,2015,24976.734365544315,0.1205955334987593,0.4575682382133995,0.4218362282878412,179234.3387668934,3457543.25,3564,39376.905163270676,0.13439955106621773,0.4450056116722783,0.42059483726150393,204328.1638805507
H11,59,4033923.75,28633,59488.99681467121,0.06625222645199595,0.45108790556351064,0.4826598679844934,241618.7256603641,3619763.25,2015,25365.941911077553,0.12009925558312655,0.458560794044665,0.42133995037220845,184709.08797435864,3619763.25,3564,40092.84643136807,0.13411896745230079,0.4458473625140292,0.42003367003367004,209690.17451885506
H11,60,4220768.0,28633,60671.78966925702,0.06572835539412566,0.4499703139733873,0.484301330632487,247653.5309213352,3783154.5,2015,25771.25550206809,0.12009925558312655,0.45806451612903226,0.4218362282878412,190419.33488889673,3783154.5,3564,40813.041581232246,0.13383838383838384,0.44640852974186307,0.41975308641975306,215214.7180003169
H11,61,4413847.5,28633,61871.61187246649,0.06548388223378619,0.4486780986973073,0.4858380190689065,253884.05885346356,3944849.75,2015,26201.341778040463,0.12009925558312655,0.458560794044665,0.42133995037220845,196557.41783773812,3944849.75,3564,41575.96830684183,0.1335578002244669,0.44640852974186307,0.42003367003367004,221195.72415800465
H11,62,4621798.0,28633,63221.68470874786,0.06492508643872455,0.44738588342122726,0.4876890301400482,260700.80742450565,4108566.25,2015,26657.521803255164,0.11910669975186104,0.4595533498759305,0.42133995037220845,203046.85483655694,4108566.25,3564,42382.07076272975,0.13271604938271606,0.4478114478114478,0.41947250280583614,227547.49177999125
H11,63,4841679.0,28633,64653.374948083656,0.06485523696434184,0.4467921628889743,0.48838752488387527,267849.6439764785,4271111.0,2015,27105.58268667574,0.11910669975186104,0.458560794044665,0.42233250620347396,209598.9453199387,4271111.0,3564,43190.88819721206,0.13271604938271606,0.44668911335578004,0.4208754208754209,233987.48496674676
H11,64,5050516.5,28633,65998.02007471048,0.06384241958579262,0.4467921628889743,0.4893654175252331,274604.10998713085,4425863.0,2015,27557.37669276238,0.11712158808933003,0.4575682382133995,0.4253101736972705,215897.92232069978,4425863.0,3564,43979.67793668911,0.1307519640852974,0.4458473625140292,0.4234006734006734,240122.8195568547
H11,65,5253774.0,28633,67296.08189477856,0.0634931722138791,0.4458142702476164,0.49072748227569585,281304.26134297607,4578423.0,2015,28029.759499353477,0.11662531017369727,0.45707196029776676,0.426302729528536,222161.34683893208,4578423.0,3564,44769.08088573258,0.13019079685746351,0.4450056116722783,0.42480359147025815,246182.68010254056
H11,66,5464839.0,28633,68586.14664438218,0.0629693011560088,0.44591904445919045,0.49111165438480076,288058.7864709352,4731911.0,2015,28483.96535013869,0.11761786600496278,0.45707196029776676,0.4253101736972705,228549.22897479337,4731911.0,3564,45523.99963697661,0.13019079685746351,0.4447250280583614,0.42508417508417506,252288.23251777457
H11,67,5686206.0,28633,69951.65973014844,0.06275975273286069,0.4450459260294066,0.4921943212377327,295085.5781026053,4891778.5,2015,28922.17621520625,0.11712158808933003,0.456575682382134,0.426302729528536,235254.73980745862,4891778.5,3564,46262.70981864944,0.12962962962962962,0.44556677890011226,0.42480359147025815,258600.47537300896
H11,68,5900530.0,28633,71250.44771075947,0.0622358816749904,0.4441728075996228,0.4935913107253868,301915.663233854,5046811.0,2015,29372.7553075564,0.11712158808933003,0.456575682382134,0.426302729528536,241776.6079048668,5046811.0,3564,47015.87183671831,0.12878787878787878,0.44612794612794615,0.42508417508417506,264877.117217171
H11,69,6108405.0,28633,72443.67221114146,0.06209618272622498,0.4438235602277093,0.4941151817832571,308040.68796885427,5196325.0,2015,29795.832384670157,0.11662531017369727,0.45558312655086847,0.428287841191067,248007.2012773403,5196325.0,3564,47738.42409139833,0.12850729517396184,0.4458473625140292,0.42592592592592593,270831.56591782137
H11,70,6308326.5,28633,73608.31180178221,0.06143261271958929,0.4431599902210736,0.4954073970593371,314396.3537140472,5340415.0,2015,30210.394340763396,0.11513647642679901,0.45607940446650125,0.4287841191066998,254030.02757652392,5340415.0,3564,48462.30203469905,0.12682379349046016,0.44640852974186307,0.42676767676767674,276666.9794971785
H11,71,6511530.0,28633,74764.72248764276,0.061188139559249816,0.44256626968882057,0.4962455907519296,320903.30744256184,5485177.5,2015,30601.10254283259,0.11513647642679901,0.45607940446650125,0.4287841191066998,259897.04582494055,5485177.5,3564,49172.60823978233,0.12682379349046016,0.44640852974186307,0.42676767676767674,282409.291024644
H11,72,6717202.0,28633,75910.58788331208,0.06066426850137953,0.44239164600286385,0.496979010232948,327217.84451641934,5631664.0,2015,30974.341201273648,0.11364764267990074,0.45707196029776676,0.4292803970223325,265198.09936902276,5631664.0,3564,49910.70314212153,0.12598204264870932,0.44640852974186307,0.4276094276094276,287905.27725170925
H11,73,6925977.0,28633,77121.20845432578,0.06045472007823141,0.44148360283588867,0.49806167708587995,333548.2536083159,5779148.0,2015,31232.035849374723,0.11364764267990074,0.45707196029776676,0.4292803970223325,268458.8303266977,5779148.0,3564,50757.955055393504,0.12598204264870932,0.44640852974186307,0.4276094276094276,292959.30875891546
H11,74,7138426.5,28633,78354.01241536246,0.06003562323193518,0.4412042049383578,0.4988300213040897,339783.0749782307,5927770.0,2015,31374.17239889344,0.11364764267990074,0.456575682382134,0.430272952853598,269899.9336333863,5927770.0,3564,51732.89777587649,0.12598204264870932,0.4458473625140292,0.42845117845117847,298497.69320521783
H11,75,7343354.0,28633,79497.68519952541,0.059826074808787065,0.440820032829253,0.49938881709915134,345543.9969681702,6071929.5,2015,31759.842741829067,0.11364764267990074,0.456575682382134,0.430272952853598,275444.54594337463,6071929.5,3564,52464.963272547844,0.12598204264870932,0.44612794612794615,0.4281705948372615,304352.9891837805
H11,76,7543616.0,28633,80636.01630697679,0.059337128488108126,0.44075018335487026,0.4999126881570216,351506.31617076596,6213132.0,2015,32202.458987228667,0.11265508684863523,0.45607940446650125,0.4312655086848635,281614.2213343735,6213132.0,3564,53173.61372304345,0.12542087542087543,0.4458473625140292,0.4287317620650954,310136.38993251976
H11,77,7756132.5,28633,81903.42295158445,0.059162504802151364,0.44054063493172213,0.5002968602661265,357861.0557425357,6361612.0,2015,32664.60194190937,0.11265508684863523,0.45607940446650125,0.4312655086848635,288081.63229109946,6361612.0,3564,53954.48589743455,0.12542087542087543,0.4458473625140292,0.4287317620650954,316400.2625609077
H11,78,7975133.5,28633,83206.86834748568,0.05853385953270702,0.4401564628226173,0.5013096776446757,363927.2258874598,6515124.0,2015,33179.464215654676,0.11166253101736973,0.45607940446650125,0.432258064516129,294727.1824613765,6515124.0,3564,54815.203816240275,0.12429854096520764,0.44556677890011226,0.43013468013468015,322947.47068469494
H11,79,8188124.0,28633,84362.9151168277,0.05842908532113296,0.4392484196556421,0.5023224950232249,368795.4842187442,6656463.5,2015,33804.3357747151,0.11166253101736973,0.45558312655086847,0.4327543424317618,301232.2906926536,6656463.5,3564,55831.32043160535,0.12429854096520764,0.44556677890011226,0.43013468013468015,329384.323714984
H11,80,8407069.0,28633,85492.65947685433,0.058009988474836724,0.4393881186044075,0.5026368176579471,374202.6865889049,6791115.5,2015,34428.77203706574,0.11166253101736973,0.45558312655086847,0.4327543424317618,307723.6616963027,6791115.5,3564,56916.38554990722,0.12429854096520764,0.4452861952861953,0.43041526374859707,335889.5249262142
H11,81,8627145.0,28633,86695.84561820522,0.057975063737645376,0.4390039464953026,0.503020989767052,380234.4640606043,6924979.5,2015,35009.81654514754,0.11166253101736973,0.45558312655086847,0.4327543424317618,314170.8947640556,6924979.5,3564,58229.26757043829,0.12429854096520764,0.4452861952861953,0.43041526374859707,342988.06814732763
H11,82,8837194.0,28633,87905.23743843852,0.05776551531449726,0.43879439807215453,0.5034400866133483,386502.29206586553,7054900.5,2015,35601.15672238065,0.11166253101736973,0.45558312655086847,0.4327543424317618,320459.65758793196,7054900.5,3564,59257.93800441896,0.12401795735129069,0.4450056116722783,0.43097643097643096,349538.6414903893
H11,83,9037709.0,28633,89105.69381661915,0.057695665840114554,0.43889917228372854,0.5034051618761569,392803.8811095192,7182471.0,2015,36214.24913362514,0.11166253101736973,0.45607940446650125,0.432258064516129,326728.6883375514,7182471.0,3564,60270.37396190747,0.12401795735129069,0.4452861952861953,0.43069584736251404,356000.5633786857
H11,84,9228037.0,28633,90269.52795245792,0.05745119267977508,0.4386546991233891,0.5038941081968358,398770.06101593253,7304437.5,2015,36872.848293464296,0.11215880893300248,0.456575682382134,0.4312655086848635,332860.24943758175,7304437.5,3564,61315.12252300399,0.12401795735129069,0.4458473625140292,0.43013468013468015,362293.4077892291
H11,85,9413631.0,28633,91415.2174715336,0.05724164425662697,0.43816575280271014,0.5045926029406629,404510.72168490285,7422479.5,2015,37561.41027543129,0.11166253101736973,0.45607940446650125,0.432258064516129,338915.5306526476,7422479.5,3564,62399.161232930936,0.12373737373737374,0.4452861952861953,0.43097643097643096,368516.5261182646
H11,86,9594215.0,28633,92577.71031762937,0.05685747214752209,0.4382006775399015,0.5049418503125764,410302.010856029,7536112.5,2015,38295.82919582979,0.11166253101736973,0.45607940446650125,0.432258064516129,344891.19126606476,7536112.5,3564,63546.77616714318,0.12373737373737374,0.4452861952861953,0.43097643097643096,374718.46597448795
H11,87,9775239.0,28633,93764.88622143398,0.05664792372437397,0.43854992491181505,0.5048370761010024,416275.3248913748,7648408.0,2015,39066.83124567537,0.11166253101736973,0.45558312655086847,0.4327543424317618,350939.43667851633,7648408.0,3564,64755.154849830185,0.12345679012345678,0.4452861952861953,0.43125701459034793,381028.5585266894
H11,88,9945904.0,28633,94900.02271756303,0.056508224775608566,0.43823560227709285,0.5052910976844899,422387.2142469352,7753032.0,2015,39829.81690342593,0.11215880893300248,0.45558312655086847,0.432258064516129,356753.5084304535,7753032.0,3564,65965.77112071,0.12373737373737374,0.4450056116722783,0.43125701459034793,387190.09721017507
H11,89,10101871.0,28633,96076.67145914584,0.056508224775608566,0.4379212796423707,0.5055704955820207,428353.3844549359,7861155.5,2015,40593.06760870964,0.11215880893300248,0.45459057071960296,0.43325062034739453,362226.80262489367,7861155.5,3564,67180.79505951426,0.12401795735129069,0.4444444444444444,0.43153759820426485,393089.4688840328
H11,90,10247236.0,28633,97184.87297767011,0.056438375301225856,0.4380260538539448,0.5055704955820207,434106.8766148876,7967174.5,2015,41338.7102962784,0.11215880893300248,0.45508684863523574,0.4327543424317618,367432.0418758636,7967174.5,3564,68371.87811503532,0.12373737373737374,0.4450056116722783,0.43125701459034793,398740.58832521114
H11,91,10384898.0,28633,98286.5834930915,0.05647330003841721,0.43809590332832743,0.5054657213704467,439818.5824958227,8069096.0,2015,42140.44785014021,0.11166253101736973,0.45607940446650125,0.4327543424317618,372566.4940305644,8069096.0,3564,69637.49174923495,0.12373737373737374,0.44556677890011226,0.43097643097643096,404384.12773445813
H11,92,10518901.0,28633,99364.18971390146,0.056438375301225856,0.43823560227709285,0.5053260224216812,445413.3519419523,8169956.0,2015,42960.03931589983,0.11116625310173697,0.45508684863523574,0.4337468982630273,377654.2484965032,8169956.0,3564,70934.12975684254,0.12345679012345678,0.4450056116722783,0.43153759820426485,410018.5359411264
H11,93,10647490.0,28633,100426.05298103175,0.056543149512799915,0.43816575280271014,0.5052910976844899,450892.7056331726,8286312.5,2015,43777.023256694076,0.11166253101736973,0.45409429280397023,0.43424317617866004,382734.0715570388,8286312.5,3564,72223.63229307173,0.12373737373737374,0.44388327721661053,0.4323793490460157,415742.6545439424
H11,94,10778957.0,28633,101466.38418527383,0.05636852582684315,0.43837530122585827,0.5052561729472985,455963.6807368576,8417586.0,2015,44569.49888392239,0.11116625310173697,0.45558312655086847,0.43325062034739453,387844.17010566354,8417586.0,3564,73480.92227972804,0.12345679012345678,0.4450056116722783,0.43153759820426485,421568.1224923072
H11,95,10899856.0,28633,102412.32997751406,0.05640345056403451,0.4385150001746237,0.5051863234729159,460155.562502146,8505283.0,2015,45271.93541698564,0.11116625310173697,0.456575682382134,0.4327543424317618,392185.54124442866,8505283.0,3564,74589.31363732374,0.12345679012345678,0.4452861952861953,0.43153759820426485,426411.06375262514
H11,96,11012786.0,28633,103196.1891279583,0.0563336010896518,0.43882932280934583,0.5048720008381937,464011.98309913266,8579381.0,2015,45861.69049944614,0.11116625310173697,0.456575682382134,0.4327543424317618,395953.26391852985,8579381.0,3564,75530.33330957076,0.12345679012345678,0.44612794612794615,0.43069584736251404,430639.17760975694
H11,97,11105349.0,28633,103816.62293957129,0.05636852582684315,0.43882932280934583,0.5048720008381937,467417.10349732515,8640630.0,2015,46331.74516599936,0.11017369727047147,0.45707196029776676,0.43325062034739453,399024.5892978613,8640630.0,3564,76287.36044153244,0.12289562289562289,0.44612794612794615,0.43125701459034793,434108.38451175316
H11,98,11179413.0,28633,104311.09229637036,0.05626375161526909,0.4393182691300248,0.5044529039918975,470148.4738600255,8690599.0,2015,46704.72397200575,0.11017369727047147,0.45707196029776676,0.43325062034739453,401522.1476590366,8690599.0,3564,76890.58217899835,0.12289562289562289,0.44640852974186307,0.43097643097643096,436905.4515878435
H11,99,11231787.0,28633,104662.1048233161,0.056438375301225856,0.43928334439283345,0.5042782803059407,472018.7027983108,8727682.0,2015,46982.78595297785,0.10967741935483871,0.456575682382134,0.4337468982630273,403362.74920715945,8727682.0,3564,77332.81973754537,0.12289562289562289,0.44612794612794615,0.43097643097643096,438946.98094671936
H11,100,11272515.0,28633,104873.73201281966,0.05647330003841721,0.43963259176474695,0.5039639576712185,473536.9784347925,8756187.0,2015,47188.812068418374,0.11017369727047147,0.45707196029776676,0.43325062034739453,404780.7406756665,8756187.0,3564,77668.50769472342,0.12317620650953984,0.44668911335578004,0.43041526374859707,440525.4933677031
H11,101,11299549.0,28633,105003.568131359,0.05664792372437397,0.439737365976321,0.5036496350364964,474809.50137251586,8776083.0,2015,47348.19960325393,0.11017369727047147,0.4575682382133995,0.4327543424317618,405803.1580590185,8776083.0,3564,77933.17308542668,0.12373737373737374,0.44668911335578004,0.4298540965207632,441701.6274061034
H11,102,11322638.0,28633,105066.98374279599,0.05664792372437397,0.4401215380854259,0.5033003876645828,475806.3250341593,8792957.0,2015,47466.191560214385,0.10967741935483871,0.45806451612903226,0.432258064516129,406650.8699995402,8792957.0,3564,78135.25101421698,0.12345679012345678,0.44640852974186307,0.43013468013468015,442668.6377351172
H11,103,11336284.0,28633,105065.17157960484,0.05675269793594803,0.44026123703419134,0.5029860650298607,476446.54556508525,8803655.0,2015,47544.27811225454,0.11017369727047147,0.45806451612903226,0.4317617866004963,407192.3085462675,8803655.0,3564,78267.36207658189,0.12373737373737374,0.44668911335578004,0.42957351290684626,443290.11528703885
H11,104,11345113.0,28633,105012.47361535954,0.05675269793594803,0.440331086508574,0.5029162155554779,476757.06540389825,8810237.0,2015,47579.118026026306,0.11017369727047147,0.45806451612903226,0.4317617866004963,407505.9693114812,8810237.0,3564,78327.47010889824,0.12373737373737374,0.44668911335578004,0.42957351290684626,443633.900264075
H11,105,11343304.0,28633,104877.93735290275,0.05703209583347885,0.44019138755980863,0.5027765166067125,476374.30553939263,8809409.0,2015,47554.195948764704,0.11017369727047147,0.45806451612903226,0.4317617866004963,407433.42811795627,8809409.0,3564,78284.00511355035,0.12373737373737374,0.44696969696969696,0.4292929292929293,443519.59604252415
H11,106,11334870.0,28633,104627.90625227209,0.057206719519435616,0.4405755596689135,0.5022526455488422,475710.684234629,8802799.0,2015,47473.75002896753,0.11017369727047147,0.458560794044665,0.4312655086848635,407060.53405221115,8802799.0,3564,78160.93955263587,0.12373737373737374,0.44725028058361394,0.42901234567901236,443088.4189616608
H11,107,11318509.0,28633,104321.87325648767,0.05741626794258373,0.44043586072014806,0.5021827960744596,475076.76072917937,8790390.0,2015,47360.14697406563,0.11017369727047147,0.45905707196029777,0.4312655086848635,406422.8578758422,8790390.0,3564,77991.67059426224,0.12373737373737374,0.44696969696969696,0.42957351290684626,442400.26549903303
H11,108,11299366.0,28633,103970.89510026098,0.05745119267977508,0.44061048440610484,0.5019732476513115,474256.28099485533,8775361.0,2015,47216.017613199554,0.11017369727047147,0.45905707196029777,0.4312655086848635,405640.16411306796,8775361.0,3564,77775.70817570698,0.12373737373737374,0.44725028058361394,0.4292929292929293,441543.4318400334
H11,109,11273539.0,28633,103567.5939679686,0.05783536478887996,0.4405755596689135,0.5016240002793979,473148.59244140174,8756183.0,2015,47044.16280631547,0.11116625310173697,0.45905707196029777,0.4297766749379653,404638.9774265764,8756183.0,3564,77507.9171177008,0.12457912457912458,0.44668911335578004,0.4287317620650954,440444.40398821695
H11,110,11241839.0,28633,103114.66843269882,0.05790521426326267,0.44061048440610484,0.5015192260678238,471735.4780763271,8733132.0,2015,46834.035364505864,0.11116625310173697,0.45905707196029777,0.4297766749379653,403439.1253146974,8733132.0,3564,77181.790511655,0.12457912457912458,0.44696969696969696,0.42845117845117847,439101.0932647061
H11,111,11198604.0,28633,102590.4253245995,0.05818461216079349,0.44075018335487026,0.5010652044843362,469838.76168817416,8702957.0,2015,46584.47458689493,0.11166253101736973,0.45806451612903226,0.430272952853598,401886.0407283011,8702957.0,3564,76777.63913888864,0.1251402918069585,0.44696969696969696,0.4278900112233446,437357.0289522196
H11,112,11149349.0,28633,101977.2095893559,0.058289386372367545,0.440820032829253,0.5009255055355708,467826.59583429183,8668232.0,2015,46283.84933728497,0.11166253101736973,0.4595533498759305,0.4287841191066998,400089.35124566837,8668232.0,3564,76310.46243434763,0.1251402918069585,0.4478114478114478,0.4270482603815937,435360.24312286504
H11,113,11088695.0,28633,101298.7116429339,0.05853385953270702,0.44061048440610484,0.5008556560611881,465687.6360950971,8627746.0,2015,45955.89503762141,0.11166253101736973,0.4575682382133995,0.4307692307692308,398018.5894967903,8627746.0,3564,75799.92408172549,0.1251402918069585,0.4458473625140292,0.42901234567901236,433093.4679873964
H11,114,11024454.0,28633,100620.191072153,0.058673558481472425,0.44068033388048755,0.500750881849614,463232.5011076115,8585461.0,2015,45605.675247951345,0.11215880893300248,0.456575682382134,0.4317617866004963,395833.6646008119,8585461.0,3564,75244.7206877026,0.12542087542087543,0.44556677890011226,0.4292929292929293,430657.7564309383
H11,115,10943575.0,28633,99855.87195960588,0.0589180316418119,0.44054063493172213,0.500541333426466,459992.5723263518,8534807.0,2015,45174.32080028339,0.11116625310173697,0.45607940446650125,0.4327543424317618,393155.2768821068,8534807.0,3564,74548.5723197332,0.1251402918069585,0.44556677890011226,0.4292929292929293,427619.6037952051
H11,116,10860283.0,28633,99001.48474839644,0.059057730590577305,0.4404009359829567,0.5005762581636574,456667.38272837136,8478078.0,2015,44663.14868341761,0.11166253101736973,0.4575682382133995,0.4312655086848635,390161.8617303993,8478078.0,3564,73752.00093758386,0.12542087542087543,0.44640852974186307,0.42845117845117847,424240.9949431624
H11,117,10773518.0,28633,98091.43985538992,0.059546676911256244,0.43994691439946915,0.5005064086892747,453240.1218722868,8416082.0,2015,44099.99970196197,0.11166253101736973,0.45558312655086847,0.4327543424317618,386941.5720954046,8416082.0,3564,72872.82015118824,0.12654320987654322,0.4450056116722783,0.42845117845117847,420612.761577186
H11,118,10690062.0,28633,97165.47471444846,0.05958160164844759,0.43994691439946915,0.5004714839520833,449910.35097059305,8354158.0,2015,43531.23151427593,0.11166253101736973,0.456575682382134,0.4317617866004963,383768.608976605,8354158.0,3564,71987.23268626795,0.12654320987654322,0.44556677890011226,0.4278900112233446,417038.4197579203
H11,119,10605940.0,28633,96237.07591552816,0.05975622533440436,0.44001676387385186,0.5002270107917438,446545.58140959614,8242974.5,2015,43016.03086447633,0.11215880893300248,0.45707196029776676,0.4307692307692308,380284.9212638419,8242974.5,3564,71161.48295810736,0.12654320987654322,0.44556677890011226,0.4278900112233446,412994.52228340623
H12,0,1166622.75,28633,426.8805805577574,0.24143470820382076,0.4087241993503999,0.34998079139454474,15218.199101242313,6.097156524658203,2015,0.23611910988733645,0.22084367245657568,0.3970223325062035,0.3826302729528536,0.6091514826154186,22.424346923828125,3564,0.2906666357287313,0.26262626262626265,0.38103254769921435,0.3569023569023569,0.9475808068673627
H12,1,1686913.875,28633,2215.742679804474,0.22383264065937905,0.4171410610135159,0.3590961478014878,40325.95839277163,24.564992904663086,2015,1.4198849084985603,0.20794044665012407,0.40297766749379654,0.3890818858560794,2.9909228995472534,80.56185150146484,3564,1.6502837069720422,0.24775533108866443,0.388327721661055,0.36391694725028056,4.11270248246243
H12,2,2047548.75,28633,3288.896609090371,0.2029127230817588,0.4280375790172179,0.369119547375406,53938.84333339119,93.71013641357422,2015,5.360403187927125,0.19404466501240694,0.4104218362282878,0.3955334987593052,11.701926515824033,270.9327087402344,3564,5.981812132148957,0.23120089786756454,0.3950617283950617,0.37373737373737376,14.526469111900756
H12,3,1728810.875,28633,3014.7531451486607,0.19386721614919847,0.43446373066042676,0.3717039779275661,46134.04760208773,317.5866394042969,2015,10.047777396368739,0.19156327543424317,0.4148883374689826,0.3935483870967742,23.77302213120849,747.08251953125,3564,11.267771347732676,0.22699214365881032,0.39646464646464646,0.3765432098765432,32.08750039122454
H12,4,1469629.375,28633,3204.4394761696117,0.18077043970244125,0.44158837704746273,0.37764118325009605,45153.10514935757,368.1167907714844,2015,15.417480765519246,0.18560794044665013,0.4153846153846154,0.3990074441687345,34.96010710844523,1294.7864990234375,3564,17.59143625526215,0.2191358024691358,0.3984287317620651,0.3824354657687991,51.42947546566897
H12,5,1447436.75,28633,3560.962540221831,0.1749729333286767,0.4464429155170607,0.3785841511542626,44564.240950224514,425.6545104980469,2015,19.681692102691837,0.18362282878411912,0.4163771712158809,0.4,45.110780697980864,1991.689453125,3564,22.80702606058657,0.21689113355780024,0.3992704826038159,0.3838383838383838,71.77427715902124
H12,6,1476142.75,28633,4229.6595244809405,0.16484475954318445,0.4509831313519366,0.384172109104879,47611.77612730447,748.02587890625,2015,25.519488246559757,0.1781637717121588,0.41935483870967744,0.40248138957816376,59.69375829190561,2566.443115234375,3564,29.613680017799926,0.2107182940516274,0.40347923681257014,0.38580246913580246,92.55806576827122
H12,7,1546531.875,28633,5607.68671590369,0.16012992002235182,0.45269444347431287,0.38721056124052666,56462.24597422013,1456.7398681640625,2015,30.570391681015373,0.17766749379652605,0.41935483870967744,0.40297766749379654,77.96391261789147,3040.732177734375,3564,35.66201975120134,0.20931537598204264,0.40291806958473625,0.3877665544332211,115.04950928751978
H12,8,1520280.875,28633,5717.742624196139,0.15345929521880347,0.45646631509097896,0.3901093144274089,54072.54671419594,2512.212158203125,2015,37.282251736080326,0.1761786600496278,0.4218362282878412,0.40198511166253104,104.17473477733833,3735.60693359375,3564,44.18946310963631,0.20510662177328845,0.4062850729517396,0.3886083052749719,148.57976715128123
H12,9,1424344.5,28633,5733.4245347617525,0.1505605420319212,0.45779345510425035,0.39164600286382845,52407.01987229657,4007.398681640625,2015,42.57102806482062,0.17667493796526054,0.4228287841191067,0.40049627791563275,136.80998783184006,4119.15673828125,3564,51.77199052275194,0.2048260381593715,0.4074074074074074,0.3877665544332211,192.18754431545335
H12,10,1401516.0,28633,6209.076301052814,0.14402961617713828,0.4614954772465337,0.39450983131351935,53733.20137156661,5014.044921875,2015,49.21245525495034,0.169727047146402,0.4267990074441687,0.40347394540942927,163.33148947138218,5218.626953125,3564,61.09016686193916,0.2000561167227834,0.4107744107744108,0.3891694725028058,232.73791433481534
H12,11,1556044.75,28633,7505.171340370417,0.1404672929836203,0.4640799077986938,0.3954527992176859,64830.345737868454,5672.84765625,2015,54.888714631455336,0.16923076923076924,0.426302729528536,0.4044665012406948,183.86478097775256,6674.1357421875,3564,68.667531749984,0.1994949494949495,0.4110549943883277,0.3894500561167228,270.98017563914544
H12,12,1912947.875,28633,9237.504646637126,0.1341109908147941,0.46959801627492753,0.39629099291027836,74283.07228061257,6754.84130859375,2015,62.6314996191194,0.16823821339950373,0.4258064516129032,0.40595533498759306,213.7587858238466,8555.0400390625,3564,81.17626120679655,0.1978114478114478,0.4107744107744108,0.39141414141414144,332.51320386226644
H12,13,2236903.25,28633,10983.896461979199,0.12953585024272693,0.47385883421227254,0.3966751650193832,82731.60973137352,7567.7705078125,2015,71.85686876691928,0.16774193548387098,0.4277915632754342,0.4044665012406948,257.34932965234304,9533.0458984375,3564,93.84567688800875,0.19668911335578002,0.4127384960718294,0.39085297418630754,392.76003196199696
H12,14,2497311.25,28633,12300.403748962437,0.12555443020291274,0.47777040477770405,0.39671008975657457,87685.31809847555,20173.013671875,2015,96.91618889511531,0.16575682382133994,0.4292803970223325,0.40496277915632756,632.2773172762757,129212.9921875,3564,193.92132474969551,0.19528619528619529,0.4132996632996633,0.39169472502805835,3116.65402631072
H12,15,2629956.75,28633,13702.972759009057,0.12363356965738832,0.4795864911116544,0.3967799392309573,89965.6038070561,45142.15234375,2015,158.26141003961325,0.1662531017369727,0.430272952853598,0.40347394540942927,1551.2561964966185,345722.78125,3564,374.4473046811674,0.1941638608305275,0.41386083052749717,0.39197530864197533,8338.353428034838
H12,16,2695965.5,28633,15891.132151887245,0.11965214961757413,0.4804596095414382,0.3998882408409877,94879.86784356234,348846.28125,2015,1174.6551356711943,0.16426799007444168,0.428287841191067,0.4074441687344913,17818.447247132146,348846.28125,3564,1161.340418091064,0.19107744107744107,0.41470258136924804,0.3942199775533109,17214.3901994727
H12,17,2761194.0,28633,17513.3789671344,0.11755666538609297,0.480739007438969,0.40173925191212934,99850.78941939147,694139.25,2015,2302.4242555667165,0.16377171215880892,0.430272952853598,0.40595533498759306,36173.70444033923,694139.25,3564,2052.644695541958,0.19023569023569023,0.4161054994388328,0.393658810325477,31968.72933390859
H12,18,2839092.0,28633,17682.785600934232,0.11483253588516747,0.4815073516571788,0.40366011245765376,102338.66364745305,777333.9375,2015,2532.094309079593,0.1617866004962779,0.4327543424317618,0.4054590570719603,39901.15403650308,777333.9375,3564,2313.5934043884095,0.18799102132435466,0.41891133557800225,0.3930976430976431,35243.68457366227
H12,19,2947067.75,28633,20699.251218592522,0.11235287954458142,0.4825550937729194,0.4050920266824992,125547.38411351225,1838366.5,2015,6238.352055836557,0.15930521091811414,0.430272952853598,0.4104218362282878,89729.46700969253,1838366.5,3564,5749.572905768541,0.18490460157126823,0.41835016835016836,0.39674523007856344,77918.56757323105
H12,20,3061098.0,28633,20524.069133881265,0.10913980372297699,0.48531414801103623,0.4055460482659868,115392.93334342312,1376311.625,2015,5953.613219371534,0.15682382133995038,0.4307692307692308,0.41240694789081883,66712.46423642307,1376311.625,3564,6737.354242919897,0.18209876543209877,0.41919191919191917,0.39870931537598203,62117.45891653179
H12,21,3144151.0,28633,21828.66273584936,0.10690462054273042,0.4887716969929801,0.40439353193867217,118105.12703871603,1304554.625,2015,7911.913059002458,0.15483870967741936,0.432258064516129,0.4129032258064516,72171.61125539376,1304554.625,3564,10721.893241148175,0.17901234567901234,0.4219977553310887,0.3992704826038159,78960.1660249398
H12,22,3215475.25,28633,23484.108311812164,0.10480913631124926,0.49128627807075753,0.40400935982956726,125182.92627405682,1500897.75,2015,9415.467403065642,0.15186104218362284,0.43573200992555833,0.41240694789081883,82338.19587576627,1500897.75,3564,13199.544089486204,0.17536475869809204,0.42480359147025815,0.3998316498316498,93457.42521688281
H12,23,3302079.75,28633,23474.35217195243,0.10316767366325569,0.4942548807320225,0.40261237034191316,120112.32468498676,1156725.75,2015,6856.603297275919,0.15086848635235733,0.43771712158808934,0.4114143920595533,59794.36036427077,1156725.75,3564,10521.290759788126,0.1734006734006734,0.42480359147025815,0.40179573512906847,70192.71357625815
H12,24,3372968.75,28633,24098.534732867094,0.10093249048300912,0.4947438270527014,0.40432368246428946,118672.8442288499,1008595.6875,2015,6991.382555974192,0.14838709677419354,0.43722084367245656,0.4143920595533499,54701.07226643431,1008595.6875,3564,11025.15421214913,0.17031425364758698,0.4234006734006734,0.4062850729517396,67202.3684669177
H12,25,3385869.75,28633,24939.83368825485,0.09901162993748472,0.4961408165403555,0.40484755352215973,119678.90976874708,1106335.0,2015,8403.177953488606,0.14640198511166252,0.43672456575682383,0.41687344913151364,61985.42365996849,1106335.0,3564,12749.02253978299,0.16778900112233447,0.4228395061728395,0.40937149270482603,73568.78710210868
H12,26,3390600.0,28633,26559.922063167018,0.09719554360353438,0.4961408165403555,0.4066636398561101,123920.36955796834,1231382.125,2015,10227.926936618322,0.1444168734491315,0.43771712158808934,0.41786600496277915,71644.56934039763,1231382.125,3564,15568.868878515279,0.16498316498316498,0.42536475869809204,0.409652076318743,86495.60506239752
H12,27,3438133.75,28633,28249.55091354588,0.09618272622498515,0.4961757412775469,0.4076764572346593,127080.17311081309,1294542.125,2015,11425.332249551138,0.1444168734491315,0.43722084367245656,0.41836228287841193,76981.86934961854,1294542.125,3564,17533.648682773503,0.1644219977553311,0.42620650953984285,0.40937149270482603,94922.76199865063
H12,28,3480018.75,28633,29239.746555260423,0.09454126357699158,0.4968742360213739,0.4086194251388258,128130.92152677587,1327382.875,2015,12216.809352077284,0.14292803970223325,0.43970223325062036,0.4173697270471464,80300.81643023991,1327382.875,3564,18970.2726475451,0.16189674523007858,0.4287317620650954,0.40937149270482603,101015.80347426955
H12,29,3469698.0,28633,28756.6531846909,0.09366814514720777,0.49547724653371983,0.4108546083190724,127311.9370391976,1343885.375,2015,12676.759910012135,0.1424317617866005,0.4411910669975186,0.4163771712158809,82502.75758728129,1359516.5,3564,20063.03985573191,0.16161616161616163,0.4292929292929293,0.4090909090909091,105376.93070000084
H12,30,3382879.75,28633,28515.103957512496,0.09171235986449201,0.4924737191352635,0.4158488457374358,127470.97466563604,1357931.125,2015,12980.44637917787,0.141439205955335,0.44168734491315137,0.41687344913151364,84013.4867760345,1391527.25,3564,20816.612653743865,0.16021324354657687,0.4292929292929293,0.4104938271604938,108535.69639737022
H12,31,3231847.75,28633,29392.708612237606,0.09038521985122062,0.4902734606922083,0.4194111689309538,128504.0659314057,1376040.5,2015,13241.612398756684,0.141439205955335,0.44069478908188586,0.41786600496277915,85422.28825142833,1418182.0,3564,21296.338627507186,0.15993265993265993,0.42957351290684626,0.4107744107744108,110591.03409786912
H12,32,2968651.75,28633,30004.258857869296,0.08846435930569622,0.4933468375650473,0.4182237278664478,128835.0829961804,1392847.25,2015,13442.119523131914,0.14044665012406948,0.44069478908188586,0.41885856079404465,86591.0434002229,1439857.625,3564,21480.0602587529,0.15824915824915825,0.43041526374859707,0.4113355780022447,111611.8756247328
H12,33,2584400.75,28633,30435.506115578562,0.08668319770893725,0.49470890231551007,0.4186078999755527,129255.66308056524,1409175.375,2015,13650.962115827742,0.13846153846153847,0.4421836228287841,0.41935483870967744,87719.65619915519,1459035.25,3564,21898.60226982819,0.15712682379349047,0.43125701459034793,0.4116161616161616,113256.62316645672
H12,34,2281192.25,28633,30764.81460660819,0.08416861663115985,0.49488352600146684,0.42094785736737333,128999.31497389571,1423838.75,2015,14022.307083929272,0.1359801488833747,0.4436724565756824,0.42034739454094294,88802.8158348097,1476560.875,3564,22220.01852487157,0.15460157126823793,0.43209876543209874,0.4132996632996633,113865.25548509831
H12,35,2213316.0,28633,31507.591973113867,0.0828764013550798,0.4952676981105717,0.42192575000873117,129545.76318398192,1438072.875,2015,14667.67986198677,0.13548387096774195,0.4476426799007444,0.41687344913151364,90548.40942344855,1493076.0,3564,22809.293394356773,0.15404040404040403,0.4337822671156005,0.4121773288439955,114991.02737374611
H12,36,2267803.0,28633,32144.803004224847,0.08151433660461704,0.49449935389236194,0.42398630950302096,130135.22763065776,1453996.125,2015,15331.528844789696,0.1344913151364764,0.4486352357320099,0.41687344913151364,93271.86110161885,1510173.375,3564,23479.24213691044,0.15291806958473625,0.4351851851851852,0.4118967452300786,117179.80347601243
H12,37,2376946.25,28633,32666.522467830702,0.0809555408095554,0.49268326755841163,0.4263961163692243,130950.02818894901,1466685.625,2015,15881.341012331588,0.1344913151364764,0.4491315136476427,0.4163771712158809,96271.23582667846,1525822.125,3564,24114.574327168233,0.1526374859708193,0.43546576879910215,0.4118967452300786,119775.94953944263
H12,38,2424652.5,28633,33634.17643825363,0.07945377711032725,0.4901686864806342,0.43037753640903853,133562.02987114832,1479253.625,2015,16315.27588477581,0.1325062034739454,0.4501240694789082,0.4173697270471464,98936.05287791423,1540813.25,3564,24746.291217425103,0.1501122334455668,0.43686868686868685,0.41301907968574636,122454.01964161418
H12,39,2399668.75,28633,35038.853060161186,0.07889498131526561,0.48800335277477036,0.4331365906471554,137691.7364403339,1491522.0,2015,16703.334695902897,0.1325062034739454,0.45062034739454093,0.41687344913151364,101412.711173252,1554848.25,3564,25415.012404551755,0.1501122334455668,0.43742985409652074,0.41245791245791247,125262.14174816763
H12,40,2338539.0,28633,36422.033300887735,0.07788216393671638,0.4882827506723012,0.4338350853909824,141889.1395934019,1501921.0,2015,17130.267184045144,0.13101736972704714,0.4501240694789082,0.41885856079404465,104188.83590405778,1567875.375,3564,26244.83353468799,0.14870931537598203,0.43602693602693604,0.4152637485970819,128658.9651917587
H12,41,2312937.0,28633,37490.18916981184,0.07714874445569797,0.48971466489714666,0.43317151538434673,145275.94493261763,1511580.125,2015,17509.227278577473,0.13101736972704714,0.4491315136476427,0.41985111662531016,106838.36467769505,1579665.0,3564,26980.284489006346,0.14814814814814814,0.4371492704826038,0.41470258136924804,131844.7412468476
H12,42,2326150.25,28633,38124.838059213114,0.0761010023399574,0.4881081269863444,0.43582579541088956,147133.82709765126,1520174.125,2015,17897.34222650775,0.13052109181141439,0.45260545905707195,0.4173697270471464,109783.86518865987,1590664.25,3564,27488.174303559572,0.14758698092031425,0.4393939393939394,0.4132996632996633,134343.3904345822
H12,43,2390686.5,28633,39283.45895065597,0.07533265812174764,0.48667621276149897,0.4380260538539448,151120.87785204512,1529601.125,2015,18272.946792435483,0.13002481389578163,0.45062034739454093,0.41985111662531016,112703.42853337617,1601292.875,3564,28178.928850761746,0.14702581369248036,0.4382716049382716,0.414983164983165,137661.5885964669
H12,44,2457287.75,28633,40521.98840329493,0.07459923864072923,0.48713023434498653,0.43830545175147556,155385.45299216558,1539786.25,2015,18598.103487285232,0.12853598014888337,0.4481389578163772,0.42332506203473946,114990.62618059877,1613375.125,3564,28892.70558208911,0.14534231200897868,0.43742985409652074,0.4172278338945006,140857.18956044686
H12,45,2526278.75,28633,42366.94516648804,0.07383089442251947,0.48489505116473997,0.4413089791499319,162962.81136084764,1607932.75,2015,19009.170896456573,0.12803970223325062,0.4511166253101737,0.42084367245657567,118300.5819257883,1626252.0,3564,29941.11677744147,0.14450056116722784,0.4393939393939394,0.4161054994388328,145839.51464551094
H12,46,2594532.5,28633,44836.52120984302,0.07302762546711836,0.48101840533649987,0.4459539691963818,173825.32992628924,1701177.875,2015,19374.734143877613,0.12803970223325062,0.4481389578163772,0.4238213399503722,121161.73437289256,1701177.875,3564,31040.069820150053,0.1442199775533109,0.43630751964085296,0.41947250280583614,151142.095322502
H12,47,2664933.0,28633,45307.42742119767,0.0722592812489086,0.48220584640100583,0.4455697970872769,174879.6643997493,1829691.625,2015,19764.532425411093,0.12803970223325062,0.45359801488833745,0.41885856079404465,124821.94969000644,1829691.625,3564,31198.57303347657,0.143658810325477,0.43967452300785637,0.4169472502805836,152536.4459956519
H12,48,2739440.5,28633,45091.286337042126,0.07170048545384695,0.48367268536304264,0.4446966786574931,173179.49875216372,1991865.875,2015,20239.63890135063,0.1260545905707196,0.4531017369727047,0.42133995037220845,129480.0879987201,1991865.875,3564,31297.367237483413,0.14113355780022446,0.4399551066217733,0.41919191919191917,154317.5305979943
H12,49,2828388.75,28633,47789.605902181785,0.07107184018440262,0.4748018021164391,0.4541263576991583,182546.1927373334,2136471.5,2015,20718.323644722466,0.12456575682382134,0.4531017369727047,0.42233250620347396,134005.2626299981,2136471.5,3564,32093.783114691527,0.1394500561167228,0.44163860830527496,0.41891133557800225,158862.8232743289
H12,50,2919766.75,28633,47177.10182701366,0.07019872175461879,0.4804246848042468,0.44937659344113434,185704.21637151178,2290120.25,2015,21256.441331005622,0.12357320099255584,0.45359801488833745,0.4228287841191067,139071.64425342958,2290120.25,3564,32995.84050616542,0.13804713804713806,0.4424803591470258,0.41947250280583614,163991.92081672666
H12,51,3006130.0,28633,49348.630519261125,0.06963992595955716,0.47295079104529736,0.4574442077323368,195158.95151545847,2465326.75,2015,21817.376860001186,0.12307692307692308,0.45508684863523574,0.4218362282878412,144747.30696294754,2465326.75,3564,33991.33844404907,0.13748597081930417,0.44332210998877664,0.41919191919191917,169879.02127260857
H12,52,3085791.25,28633,50882.58405000551,0.06904620542730416,0.4706108336534768,0.46034296091921906,204355.38639548118,2678525.75,2015,22466.746105294555,0.12258064516129032,0.45558312655086847,0.4218362282878412,151720.29946607322,2678525.75,3564,35122.13993916043,0.13692480359147025,0.44332210998877664,0.41975308641975306,176961.01593404292
H12,53,3160911.5,28633,52232.29257218354,0.06838263542066846,0.4659309188698355,0.465686445709496,210770.0018705947,2843309.5,2015,22984.59885175761,0.12208436724565756,0.45607940446650125,0.4218362282878412,157369.02545993603,2843309.5,3564,36003.13597275988,0.1366442199775533,0.44332210998877664,0.42003367003367004,182545.34122927324
H12,54,3343866.25,28633,53755.543346464845,0.06778891488841546,0.46296231620857053,0.469248768903014,217716.93683704064,3008791.75,2015,23504.29699807316,0.12158808933002481,0.456575682382134,0.4218362282878412,163106.90761707304,3008791.75,3564,36895.81673802198,0.1360830527497194,0.4436026936026936,0.42031425364758696,188284.28679521987
H12,55,3553767.25,28633,55564.92100351795,0.0676841406768414,0.4604477351307931,0.4719030489295568,225492.95929996113,3180203.0,2015,24037.056206487498,0.12158808933002481,0.456575682382134,0.42233250620347396,169153.3373266601,3180203.0,3564,37823.27465568757,0.1360830527497194,0.44332210998877664,0.4208754208754209,194347.48222608815
H12,56,3765655.0,28633,57342.3992933009,0.06716026961897112,0.45821255195054655,0.4746271784304823,233151.68271104753,3345151.0,2015,24554.232584682948,0.12158808933002481,0.4575682382133995,0.42084367245657567,175064.3123378617,3345151.0,3564,38725.84728651523,0.13524130190796857,0.4452861952861953,0.41947250280583614,200315.21509801794
H12,57,3968966.0,28633,59097.518952691564,0.06688087172144029,0.4564313903537876,0.4766877379247721,240571.49570422032,3509465.0,2015,25065.972423781932,0.12109181141439206,0.458560794044665,0.42034739454094294,181033.39385700933,3509465.0,3564,39620.2822641249,0.13496071829405162,0.4458473625140292,0.41919191919191917,206312.98775787142
H12,58,4162243.5,28633,60561.33973603962,0.06628715118918731,0.45388188453881884,0.4798658890091852,246978.19303874922,3675178.0,2015,25540.782560314394,0.1205955334987593,0.458560794044665,0.42084367245657567,186885.59430976532,3675178.0,3564,40451.16314231528,0.13468013468013468,0.44612794612794615,0.41919191919191917,212114.2238780911
H12,59,4347737.5,28633,61655.0167276508,0.06600775329165648,0.45143715293542414,0.4825550937729194,252608.53753778298,3840528.0,2015,25958.274698313347,0.1205955334987593,0.4575682382133995,0.4218362282878412,192807.26589910756,3840528.0,3564,41193.76282777721,0.13468013468013468,0.4458473625140292,0.41947250280583614,217856.85715498755
H12,60,4548961.0,28633,62945.16080395147,0.06565850591974295,0.45035448608249223,0.48398700799776484,259248.47122301196,4003407.75,2015,26406.151749378954,0.12009925558312655,0.45905707196029777,0.42084367245657567,199108.70174069033,4003407.75,3564,41984.95453698434,0.1335578002244669,0.44696969696969696,0.41947250280583614,224024.99199483308
H12,61,4771966.5,28633,64511.06277941105,0.06541403275940348,0.4505989592428317,0.48398700799776484,266977.72759038775,4171266.5,2015,26869.137296089186,0.12009925558312655,0.4600496277915633,0.41985111662531016,205807.3621817432,4171266.5,3564,42827.74972079834,0.1335578002244669,0.44696969696969696,0.41947250280583614,230661.50419919507
H12,62,4983252.0,28633,65947.29788892981,0.06492508643872455,0.44993538923619597,0.48520937379946216,274211.9520230617,4333700.5,2015,27328.629659344442,0.11910669975186104,0.45905707196029777,0.4218362282878412,212378.14173894614,4333700.5,3564,43652.09709074607,0.13215488215488216,0.44640852974186307,0.4214365881032548,237123.31046160308
H12,63,5180832.5,28633,67240.75295009134,0.06461076380400238,0.4483987007997765,0.48699053539622117,280964.43435663177,4491022.0,2015,27803.216930021623,0.11910669975186104,0.45806451612903226,0.4228287841191067,218789.71210583366,4491022.0,3564,44462.6066474478,0.13215488215488216,0.4447250280583614,0.42312008978675647,243346.56029467122
H12,64,5376256.0,28633,68505.1326155147,0.06366779589983586,0.44682708762616563,0.4895400412111899,287730.34530607366,4646282.5,2015,28283.522122621373,0.11811414392059554,0.45707196029776676,0.4248138957816377,225203.555167157,4646282.5,3564,45259.5249940829,0.13103254769921435,0.4444444444444444,0.4245230078563412,249529.83164887555
H12,65,5577239.0,28633,69801.37195051488,0.06345824747668774,0.44532532392693747,0.4912513533335662,294573.695781864,4807775.5,2015,28736.129753169018,0.11761786600496278,0.45905707196029777,0.42332506203473946,231942.4236263125,4807775.5,3564,46008.27483934629,0.1307519640852974,0.44640852974186307,0.4228395061728395,255865.38327314015
H12,66,5794269.5,28633,71181.2488592309,0.0629693011560088,0.4452205497153634,0.4918101491286278,301926.70464034914,4968597.0,2015,29198.70455755781,0.11761786600496278,0.4575682382133995,0.4248138957816377,238720.54118668183,4968597.0,3564,46792.47747465159,0.13019079685746351,0.4458473625140292,0.4239618406285073,262362.1469331779
H12,67,6011586.0,28633,72575.1778745578,0.06286452694443474,0.4450459260294066,0.49208954702615865,309395.84596411797,5125260.5,2015,29645.854086194075,0.11761786600496278,0.456575682382134,0.4258064516129032,245258.6349398386,5125260.5,3564,47582.12293037985,0.13019079685746351,0.4458473625140292,0.4239618406285073,268737.11881517706
H12,68,6226769.5,28633,73893.04823488313,0.0622358816749904,0.4445569797087277,0.4932071386162819,316598.49608813634,5279933.5,2015,30089.70363267578,0.11712158808933003,0.456575682382134,0.426302729528536,251719.12477393978,5279933.5,3564,48366.62506524886,0.12906846240179573,0.44612794612794615,0.42480359147025815,275025.7676178436
H12,69,6442264.0,28633,75135.89109343928,0.06192155904026822,0.44445220549715364,0.49362623546257817,323522.5520569908,5433873.5,2015,30520.029242764373,0.11662531017369727,0.45707196029776676,0.426302729528536,258078.65692486864,5433873.5,3564,49138.789584593345,0.12878787878787878,0.44640852974186307,0.42480359147025815,281236.232941359
H12,70,6659522.0,28633,76250.29768852667,0.061572311668354696,0.44354416233017846,0.4949184507386582,329556.72620689485,5588887.0,2015,30932.76066175853,0.11612903225806452,0.45707196029776676,0.4272952853598015,263968.1811955145,5588887.0,3564,49895.02334655849,0.12794612794612795,0.44640852974186307,0.42592592592592593,287115.28693448775
H12,71,6874760.0,28633,77339.16403950183,0.061292913770823874,0.4417630007334195,0.49694408549575664,334964.0573952785,5741467.0,2015,31241.58138272334,0.11563275434243177,0.45707196029776676,0.4272952853598015,268106.0709585605,5741467.0,3564,50700.94509440634,0.12738496071829405,0.44668911335578004,0.42592592592592593,292350.5272935364
H12,72,7088077.0,28633,78522.30279043951,0.06045472007823141,0.44134390388712325,0.4982013760346453,340856.032767913,5891105.0,2015,31366.75825589319,0.11364764267990074,0.45607940446650125,0.430272952853598,269246.497504552,5891105.0,3564,51668.924032651106,0.12598204264870932,0.4458473625140292,0.4281705948372615,297560.83309398626
H12,73,7297032.0,28633,79773.29943702814,0.06038487060384871,0.44099465651520975,0.4986903223553243,347351.9832721804,6037662.5,2015,31709.675681729597,0.11364764267990074,0.45707196029776676,0.4292803970223325,274115.974915788,6037662.5,3564,52469.48178778774,0.12598204264870932,0.44612794612794615,0.4278900112233446,303573.4381895672
H12,74,7503647.5,28633,80997.51875115818,0.05979115007159571,0.44109943072678376,0.49914434393881185,353887.998951042,6183309.0,2015,32164.699642627354,0.11364764267990074,0.45607940446650125,0.4307692307692308,280457.3171944275,6183309.0,3564,53209.46216846893,0.12598204264870932,0.4458473625140292,0.42845117845117847,309554.066726473
H12,75,7722783.5,28633,82317.13096003215,0.05961652638563895,0.44109943072678376,0.49931896762476863,360555.85441221495,6336384.0,2015,32641.826375662997,0.11364764267990074,0.45607940446650125,0.4307692307692308,287137.02762656676,6336384.0,3564,54016.47634906281,0.12598204264870932,0.4458473625140292,0.42845117845117847,316011.44122309686
H12,76,7950020.5,28633,83667.64268558232,0.058952956379003246,0.44061048440610484,0.5004365592148919,366766.550492398,6495776.5,2015,33173.743864149525,0.11265508684863523,0.45558312655086847,0.4317617866004963,294055.78117709374,6495776.5,3564,54903.79154204525,0.12542087542087543,0.4452861952861953,0.4292929292929293,322810.91259573377
H12,77,8168290.5,28633,84837.99398036639,0.05888310690462054,0.43970244123912966,0.5014493765934411,371620.0909939535,6642645.5,2015,33804.004769283325,0.11265508684863523,0.45607940446650125,0.4312655086848635,300751.5064836206,6642645.5,3564,55926.67583920341,0.12542087542087543,0.4458473625140292,0.4287317620650954,329413.26756336645
H12,78,8391090.0,28633,85960.84553505377,0.05842908532113296,0.43928334439283345,0.5022875702860335,376776.21085056046,6780220.0,2015,34451.76610884089,0.11166253101736973,0.45607940446650125,0.432258064516129,307399.9578848773,6780220.0,3564,57025.724968496594,0.12457912457912458,0.44556677890011226,0.4298540965207632,336032.72399977455
H12,79,8614035.0,28633,87141.33783178423,0.058464010058324314,0.4391785701812594,0.5023923444976076,382522.44105253596,6915889.5,2015,35038.57964139104,0.11166253101736973,0.45558312655086847,0.4327543424317618,313932.121943754,6915889.5,3564,58341.666520834064,0.12457912457912458,0.4452861952861953,0.43013468013468015,343152.6520779709
H12,80,8825160.0,28633,88320.7547589459,0.05804491321202808,0.43921349491845074,0.5027765166067125,388533.9730575949,7046148.5,2015,35627.30789110946,0.11166253101736973,0.45558312655086847,0.4327543424317618,320230.3862064107,7046148.5,3564,59370.33873168493,0.12429854096520764,0.4450056116722783,0.43069584736251404,349704.2266662781
H12,81,9024826.0,28633,89500.05753749813,0.05794013900045402,0.43882932280934583,0.5032305381902001,394651.469182949,7173056.5,2015,36231.66121052732,0.11166253101736973,0.45558312655086847,0.4327543424317618,326452.79296613747,7173056.5,3564,60364.86130692768,0.12429854096520764,0.4450056116722783,0.43069584736251404,356095.6192163818
H12,82,9213872.0,28633,90663.31264019379,0.057695665840114554,0.4385848496490064,0.503719484510879,400742.2936056202,7294222.0,2015,36876.33101903731,0.11166253101736973,0.45508684863523574,0.43325062034739453,332523.4172108831,7294222.0,3564,61399.469743922644,0.12429854096520764,0.4444444444444444,0.43125701459034793,362350.35313738434
H12,83,9401023.0,28633,91854.48751733353,0.05752104215415779,0.4387245485977718,0.5037893339852617,407080.42444246396,7413222.0,2015,37564.24993105145,0.11215880893300248,0.45607940446650125,0.432258064516129,338620.2980923325,7413222.0,3564,62503.87027272285,0.12457912457912458,0.4450056116722783,0.43069584736251404,368687.6734483155
H12,84,9587178.0,28633,93052.35427031419,0.05724164425662697,0.4385848496490064,0.5041735060943666,413186.7116203629,7530419.5,2015,38313.671141717925,0.11166253101736973,0.456575682382134,0.4317617866004963,344767.87177993346,7530419.5,3564,63683.86618093229,0.12401795735129069,0.4452861952861953,0.43069584736251404,375090.93354840454
H12,85,9772927.0,28633,94226.12117356858,0.05696224635909615,0.4380609785911361,0.5049767750497678,418942.5498164646,7645774.0,2015,39097.37716742822,0.11166253101736973,0.45558312655086847,0.4327543424317618,350962.22170681466,7645774.0,3564,64902.36857740482,0.12373737373737374,0.4450056116722783,0.43125701459034793,381504.1262018836
H12,86,9949575.0,28633,95448.18949685174,0.056543149512799915,0.4381308280655188,0.5053260224216812,424973.7704868722,7754834.5,2015,39912.73565275852,0.11166253101736973,0.45558312655086847,0.4327543424317618,357000.0990601813,7754834.5,3564,66173.82550908504,0.12345679012345678,0.4452861952861953,0.43125701459034793,387853.8591017889
H12,87,10125547.0,28633,96740.27322580713,0.056438375301225856,0.43809590332832743,0.5054657213704467,431511.5946038449,7876303.5,2015,40771.3919514784,0.11166253101736973,0.45558312655086847,0.4327543424317618,363141.212776245,7876303.5,3564,67531.17242410278,0.12373737373737374,0.4450056116722783,0.43125701459034793,394414.29444903665
H12,88,10294668.0,28633,97980.74895930277,0.05636852582684315,0.43788635490517935,0.5058149687423602,438036.1041392734,7999570.0,2015,41661.32345507328,0.11215880893300248,0.45607940446650125,0.432258064516129,369244.0406603058,7999570.0,3564,68935.51844050779,0.12401795735129069,0.4452861952861953,0.43097643097643096,400997.1705982223
H12,89,10455942.0,28633,99279.41550736537,0.056438375301225856,0.43757203227045716,0.505989592428317,444357.8651639258,8119620.5,2015,42627.229826829374,0.11166253101736973,0.45558312655086847,0.4327543424317618,375314.07103774016,8119620.5,3564,70444.6476142741,0.12373737373737374,0.4450056116722783,0.43125701459034793,407633.4983419548
H12,90,10611074.0,28633,100556.15308763555,0.0563336010896518,0.43757203227045716,0.506094366639891,450326.52934391523,8244027.5,2015,43586.766288197796,0.11166253101736973,0.45558312655086847,0.4327543424317618,381290.8722572399,8244027.5,3564,71944.69375635343,0.12345679012345678,0.4450056116722783,0.43153759820426485,414212.38829175907
H12,91,10759601.0,28633,101773.30438101228,0.05619390214088639,0.43809590332832743,0.5057101945307861,455809.1650392903,8402787.0,2015,44495.40418184289,0.11066997518610422,0.45607940446650125,0.43325062034739453,387221.8288927563,8402787.0,3564,73371.7991391025,0.12289562289562289,0.4452861952861953,0.4318181818181818,420921.3890408225
H12,92,10906695.0,28633,102887.41035122596,0.056158977403695035,0.4382705270142842,0.5055704955820207,461252.02742336196,8508336.0,2015,45333.370109793155,0.11066997518610422,0.45508684863523574,0.43424317617866004,392470.9173246725,8508336.0,3564,74712.6413997923,0.12317620650953984,0.4444444444444444,0.4323793490460157,426811.5275798905
H12,93,11047482.0,28633,103921.08734885631,0.05619390214088639,0.43830545175147556,0.505500646107638,466714.68979347305,8600935.0,2015,46076.72687382855,0.11066997518610422,0.45558312655086847,0.4337468982630273,397207.4961913385,8600935.0,3564,75924.00201964674,0.12317620650953984,0.4444444444444444,0.4323793490460157,432216.33111477614
H12,94,11172314.0,28633,104817.79408371195,0.05626375161526909,0.4385150001746237,0.5052561729472985,471374.3553959554,8684139.0,2015,46701.847083376524,0.11116625310173697,0.45508684863523574,0.4337468982630273,401369.6305929632,8684139.0,3564,76938.50867250962,0.12345679012345678,0.4441638608305275,0.4323793490460157,436902.0008717438
H12,95,11262948.0,28633,105518.93749841236,0.056228826878077745,0.43882932280934583,0.5049767750497678,474679.15298682224,8748349.0,2015,47196.921557867645,0.11116625310173697,0.45607940446650125,0.4327543424317618,404569.9252570212,8748349.0,3564,77721.62958905954,0.12345679012345678,0.4452861952861953,0.43125701459034793,440452.5663094513
H12,96,11332132.0,28633,106035.81715902998,0.05619390214088639,0.4392484196556421,0.5046275276778542,477401.8153615225,8799262.0,2015,47592.60762552742,0.11116625310173697,0.45707196029776676,0.432258064516129,407123.5448959281,8799262.0,3564,78350.80186337233,0.12345679012345678,0.44556677890011226,0.43125701459034793,443287.05220229534
H12,97,11383321.0,28633,106423.93654726954,0.05626375161526909,0.4395976670275556,0.5042433555687493,479641.27423856256,8839639.0,2015,47925.99570710083,0.11116625310173697,0.45707196029776676,0.4327543424317618,409171.4155829784,8839639.0,3564,78873.97484548428,0.12373737373737374,0.44556677890011226,0.43125701459034793,445579.0387942576
H12,98,11429024.0,28633,106708.54516672248,0.056158977403695035,0.43945796807879023,0.5044179792547061,481358.700945836,8873245.0,2015,48193.58643780224,0.11017369727047147,0.4575682382133995,0.4327543424317618,410867.57781710825,8873245.0,3564,79296.82868758631,0.12317620650953984,0.44668911335578004,0.43041526374859707,447464.5717721474
H12,99,11466145.0,28633,106907.4327835846,0.05626375161526909,0.43970244123912966,0.5040687318827926,482583.4755668396,8898672.0,2015,48401.702358976494,0.11066997518610422,0.45806451612903226,0.4317617866004963,412157.3626588217,8898672.0,3564,79620.29338029207,0.12345679012345678,0.44753086419753085,0.4292929292929293,448889.3643934554
H12,100,11494746.0,28633,107006.90625929208,0.05626375161526909,0.4398421401878951,0.5039290329340271,483507.7607355041,8917938.0,2015,48547.251732628865,0.11066997518610422,0.4575682382133995,0.4317617866004963,413126.31530670164,8917938.0,3564,79853.37601441798,0.12345679012345678,0.44725028058361394,0.4292929292929293,449958.88393535797
H12,101,11512991.0,28633,107040.91929461769,0.056508224775608566,0.43987706492508644,0.5036496350364964,484138.59539536707,8930893.0,2015,48653.15939811321,0.11116625310173697,0.45806451612903226,0.4312655086848635,413786.2138859035,8930893.0,3564,80018.81784891598,0.12429854096520764,0.44696969696969696,0.42901234567901236,450696.66997041553
H12,102,11525153.0,28633,106995.98812918611,0.056508224775608566,0.4404009359829567,0.5031606887158174,484524.1218344426,8939327.0,2015,48705.798136027784,0.11066997518610422,0.458560794044665,0.4312655086848635,414202.906492771,8939327.0,3564,80110.6506248625,0.12401795735129069,0.44753086419753085,0.4287317620650954,451161.952660389
H12,103,11528698.0,28633,106899.07970608507,0.05668284846156533,0.4401564628226173,0.5031606887158174,484676.3122615932,8942460.0,2015,48726.73794009528,0.11017369727047147,0.45806451612903226,0.4317617866004963,414360.29548797716,8942460.0,3564,80146.16903020868,0.12373737373737374,0.44696969696969696,0.4292929292929293,451349.1709516446
H12,104,11527230.0,28633,106742.54027804392,0.05671777319875668,0.4401564628226173,0.5031257639786261,484550.46092044294,8941862.0,2015,48702.75973564591,0.11017369727047147,0.45806451612903226,0.4317617866004963,414311.2254942303,8941862.0,3564,80115.75626504413,0.12373737373737374,0.44725028058361394,0.42901234567901236,451294.5932104566
H12,105,11516782.0,28633,106529.80733521385,0.0569971710962875,0.4401215380854259,0.5028812908182866,484075.5089552449,8935875.0,2015,48637.466298591105,0.11017369727047147,0.45806451612903226,0.4317617866004963,413987.9441348818,8935875.0,3564,80015.6102894556,0.12373737373737374,0.44725028058361394,0.42901234567901236,450928.2289963408
H12,106,11500571.0,28633,106244.81235600809,0.05703209583347885,0.4401564628226173,0.5028114413439039,483342.2431727849,8925627.0,2015,48527.55859749638,0.11017369727047147,0.45806451612903226,0.4317617866004963,413434.39443122427,8925627.0,3564,79848.21941984016,0.12373737373737374,0.44696969696969696,0.4292929292929293,450299.8930945879
H12,107,11475633.0,28633,105906.20136544478,0.057206719519435616,0.44043586072014806,0.5023574197604163,482317.052689011,8910014.0,2015,48380.6360106761,0.11017369727047147,0.458560794044665,0.4312655086848635,412611.89498139336,8910014.0,3564,79617.87781971638,0.12373737373737374,0.4478114478114478,0.42845117845117847,449375.758831587
H12,108,11445357.0,28633,105500.17945682186,0.05738134320539238,0.4405755596689135,0.5020430971256942,480989.4152003344,8890566.0,2015,48184.8775241736,0.11017369727047147,0.45905707196029777,0.4307692307692308,411569.6362850625,8890566.0,3564,79316.56777500671,0.12373737373737374,0.44809203142536475,0.4281705948372615,448193.2837232741
H12,109,11413530.0,28633,105035.10626874726,0.05783536478887996,0.4406454091432962,0.5015541508050152,479317.0617204095,8864969.0,2015,47952.5179931253,0.11265508684863523,0.45806451612903226,0.4297766749379653,410228.88192968786,8864969.0,3564,78945.91593409728,0.12542087542087543,0.44696969696969696,0.4278900112233446,446673.01254463394
H12,110,11376261.0,28633,104487.54990625165,0.05780044005168861,0.44075018335487026,0.5014843013306325,477481.08091771015,8834803.0,2015,47674.601425174435,0.11166253101736973,0.45806451612903226,0.430272952853598,408653.5481573541,8834803.0,3564,78513.15382909213,0.12485970819304153,0.44640852974186307,0.4287317620650954,444903.1601894512
H12,111,11331103.0,28633,103881.83148497963,0.05804491321202808,0.4407851080920616,0.5011699786959103,475403.3523535816,8799384.0,2015,47362.933336556016,0.11166253101736973,0.4575682382133995,0.4307692307692308,406816.82575411606,8799384.0,3564,78028.37320121695,0.1251402918069585,0.44640852974186307,0.42845117845117847,442870.47475635866
H12,112,11281727.0,28633,103229.20868627998,0.05821953689798484,0.44068033388048755,0.5011699786959103,473174.26934780594,8761417.0,2015,47023.35705661264,0.11166253101736973,0.4575682382133995,0.4307692307692308,404838.6642391581,8761417.0,3564,77498.58978827698,0.1251402918069585,0.4458473625140292,0.42901234567901236,440668.693693764
H12,113,11220099.0,28633,102511.55102558431,0.05842908532113296,0.44068033388048755,0.5008905807983794,470533.39766104077,8717475.0,2015,46655.68622135413,0.11166253101736973,0.458560794044665,0.4297766749379653,402569.10037450504,8717475.0,3564,76909.21691394693,0.1251402918069585,0.44668911335578004,0.4281705948372615,438128.70847362245
H12,114,11151075.0,28633,101719.31590205937,0.05860370900708972,0.440820032829253,0.5006111829008487,467715.9892796732,8668670.0,2015,46250.360335575606,0.11166253101736973,0.45806451612903226,0.430272952853598,400066.67148328846,8668670.0,3564,76268.955786781,0.12542087542087543,0.44640852974186307,0.42845117845117847,435344.5527168409
H12,115,11066259.0,28633,100842.03393319725,0.05909265532776866,0.44061048440610484,0.5003317850033179,464582.6430601971,8612540.0,2015,45795.115901670506,0.11215880893300248,0.4575682382133995,0.4307692307692308,397179.9610769965,8612540.0,3564,75551.17552834544,0.12598204264870932,0.44612794612794615,0.4281705948372615,432153.3590979247
H12,116,10973811.0,28633,99936.24904064016,0.059162504802151364,0.44054063493172213,0.5003317850033179,461131.8770132682,8552880.0,2015,45297.92460243498,0.11166253101736973,0.4575682382133995,0.4312655086848635,394063.5591211449,8552880.0,3564,74776.72619740626,0.12570145903479238,0.44640852974186307,0.4281705948372615,428685.3542351915
H12,117,10870506.0,28633,98955.02109871857,0.059441902699682185,0.44036601124576535,0.5001920860545525,457214.76062402007,8485234.0,2015,44711.72736296373,0.11116625310173697,0.4575682382133995,0.4312655086848635,390510.1004566091,8485234.0,3564,73850.33931604857,0.12598204264870932,0.44612794612794615,0.4278900112233446,424687.6730119708
H12,118,10773885.0,28633,97948.54829208137,0.059546676911256244,0.4400516886110432,0.5004016344777006,453282.92450876307,8415430.0,2015,44066.691112492124,0.11166253101736973,0.4575682382133995,0.4307692307692308,386873.26375738066,8415430.0,3564,72838.2126633928,0.12626262626262627,0.44612794612794615,0.4276094276094276,420575.4528290137
H12,119,10674059.0,28633,96908.38260640476,0.06000069849474383,0.43977229071351237,0.5002270107917438,449194.1624774486,8334515.5,2015,43407.03453854822,0.11215880893300248,0.458560794044665,0.4292803970223325,383073.63258713897,8334515.5,3564,71796.050367895,0.12682379349046016,0.44668911335578004,0.4264870931537598,416241.90474733844
H13,0,1804379.125,28633,1472.0221506567063,0.240666363985611,0.4088638982991653,0.3507491356127545,34513.42034251887,6.019212245941162,2015,0.2317348098687367,0.22084367245657568,0.3970223325062035,0.3826302729528536,0.599586669333601,22.085384368896484,3564,0.285442746233564,0.26290684624017957,0.38103254769921435,0.35662177328843997,0.9331893928041533
H13,1,3208771.5,28633,5059.000740828779,0.22351831802465685,0.41735060943666397,0.3592707714874446,84666.1541536215,24.182666778564453,2015,1.3950745013735892,0.20794044665012407,0.40297766749379654,0.3890818858560794,2.940310703515893,79.45921325683594,3564,1.6222778804930453,0.24803591470258138,0.388327721661055,0.36391694725028056,4.049719933450947
H13,2,2287626.75,28633,4338.006778474888,0.20088708832466035,0.42887577270981037,0.37027206370272064,67505.27964303005,92.26203918457031,2015,5.280672395626395,0.19404466501240694,0.4104218362282878,0.3955334987593052,11.522409015665376,265.705322265625,3564,5.8944296511086955,0.23120089786756454,0.3953423120089787,0.3734567901234568,14.304052833996463
H13,3,2012924.875,28633,4015.3170859681213,0.19124786085984702,0.4355463975133587,0.3732406663639856,55798.661097883974,314.42236328125,2015,9.92788744102812,0.19156327543424317,0.4148883374689826,0.3935483870967742,23.497102875271388,736.2208862304688,3564,11.131392607924306,0.22699214365881032,0.39646464646464646,0.3765432098765432,31.672661927930495
H13,4,1973485.5,28633,5056.849705747926,0.1782209338874725,0.44267104390039463,0.37917787168651557,58806.886786848256,365.76861572265625,2015,15.251194574731041,0.18560794044665013,0.4153846153846154,0.3990074441687345,34.6015492182384,1278.4044189453125,3564,17.400063525412047,0.21941638608305275,0.39814814814814814,0.3824354657687991,50.85152001709545
H13,5,2045095.25,28633,6741.62292655222,0.1723186533021339,0.4466873886774002,0.38102888275765723,68787.05109653204,422.4974365234375,2015,19.47925676050217,0.18411910669975187,0.41588089330024813,0.4,44.65267260313172,1969.391357421875,3564,22.574233176100673,0.21773288439955107,0.39870931537598203,0.3835578002244669,71.03570532260218
H13,6,1877323.375,28633,6204.028978541824,0.16299374847204276,0.4509831313519366,0.3860929696504034,60259.57042094486,711.7503051757812,2015,25.24914977648534,0.17965260545905706,0.41935483870967744,0.40198511166253104,58.90983774355313,2547.44091796875,3564,29.30826115260758,0.21156004489337824,0.40347923681257014,0.38552188552188554,91.65657921829352
H13,7,1724140.0,28633,6802.608607728609,0.15758041420738308,0.4537421855900534,0.3887123249397548,60388.97701174207,1451.245361328125,2015,30.2638284015143,0.1781637717121588,0.41935483870967744,0.40297766749379654,77.19361381449794,3017.80859375,3564,35.303543332342954,0.20987654320987653,0.40291806958473625,0.38748597081930414,113.98587323053316
H13,8,1931001.0,28633,8574.365168051538,0.15024621939719904,0.4591555198547131,0.3906331854852792,73367.84628873179,2458.580078125,2015,36.89622798869294,0.1761786600496278,0.4218362282878412,0.40198511166253104,102.71800054431118,3693.986083984375,3564,43.7136796290916,0.2053872053872054,0.4060044893378227,0.3886083052749719,146.66713486239854
H13,9,2392298.25,28633,10786.268417064724,0.14416931512590367,0.46362588621520623,0.39223972339608143,85611.77796277101,3964.775146484375,2015,42.16308357338733,0.17667493796526054,0.4228287841191067,0.40049627791563275,135.35605807883712,4100.40380859375,3564,51.23501145272575,0.2048260381593715,0.4074074074074074,0.3877665544332211,190.10432154935387
H13,10,2782135.25,28633,12839.010668393274,0.13711451821325044,0.4698774141724584,0.3930080676142912,95548.17665213245,4974.32666015625,2015,48.7462335175957,0.169727047146402,0.4277915632754342,0.40248138957816376,161.9406565815746,29518.76171875,3564,76.01808993159304,0.2000561167227834,0.4113355780022447,0.3886083052749719,700.1549975715947
H13,11,3058730.25,28633,14325.69257740508,0.13432053923794224,0.4730555652568714,0.39262389550518634,100020.96720226116,5673.0458984375,2015,54.350999332409074,0.16923076923076924,0.4267990074441687,0.40397022332506205,182.88664112025128,371550.5625,3564,276.24582789132364,0.19977553310886645,0.4110549943883277,0.3891694725028058,8801.431541771602
H13,12,3236463.25,28633,16424.895635083754,0.1298501728774491,0.47570984528341426,0.394474906576328,104870.22743566758,6780.1650390625,2015,61.98284009665291,0.16823821339950373,0.4258064516129032,0.40595533498759306,212.88422423024934,407017.6875,3564,307.3863469667659,0.19753086419753085,0.4107744107744108,0.39169472502805835,9602.466430663315
H13,13,3289681.25,28633,18004.98169878318,0.12639262389550518,0.4758146194949883,0.39786260608388924,107359.80416502352,7603.1845703125,2015,72.0732081521133,0.16774193548387098,0.428287841191067,0.40397022332506205,259.6999849508876,408742.90625,3564,323.1745333705763,0.19640852974186307,0.41245791245791247,0.39113355780022446,9580.62850818021
H13,14,3295054.0,28633,17825.122448170834,0.12258582754164775,0.4762686410784759,0.4011804561170677,105677.69047011105,20119.0703125,2015,99.20338182369578,0.1662531017369727,0.4292803970223325,0.4044665012406948,646.3138129678416,476292.78125,3564,394.2740750992112,0.19528619528619529,0.4132996632996633,0.39169472502805835,11108.485694342768
H13,15,3340172.25,28633,17487.499412882626,0.12021094541263577,0.47525582369992664,0.4045332308874376,105171.89700050621,44983.97265625,2015,159.35355238676863,0.16674937965260547,0.4312655086848635,0.40198511166253104,1547.5331840795716,525298.0,3564,478.8662729268054,0.1941638608305275,0.41414141414141414,0.39169472502805835,12198.099624867327
H13,16,3407116.0,28633,18779.864627511026,0.11647399853316104,0.4783990500471484,0.4051269514196906,108920.40577297515,347606.1875,2015,1191.2988602299465,0.16426799007444168,0.428287841191067,0.4074441687344913,17772.841567439347,682330.6875,3564,1538.5653025327847,0.19107744107744107,0.41470258136924804,0.3942199775533109,22315.98330926129
H13,17,3491135.75,28633,20465.79861841792,0.11371494429504418,0.48063423322739496,0.40565082247756085,113995.80724198745,693285.9375,2015,2344.3807291922158,0.16377171215880892,0.4297766749379653,0.4064516129032258,36192.667143335966,711843.4375,3564,3386.33094471585,0.18967452300785634,0.4161054994388328,0.3942199775533109,40532.08069467489
H13,18,3577974.5,28633,21981.11926030553,0.11120036321726678,0.48520937379946216,0.40359026298327105,118982.64320500496,776611.125,2015,2595.6746003488543,0.1617866004962779,0.4327543424317618,0.4054590570719603,39983.76950790401,776611.125,3564,4228.572282337954,0.18714927048260382,0.41947250280583614,0.39337822671156003,48832.1636552437
H13,19,3635399.0,28633,25691.86525071114,0.1092795026717424,0.48898124541612825,0.40173925191212934,139769.555549884,1835289.375,2015,6290.979141278798,0.15930521091811414,0.4297766749379653,0.4109181141439206,89659.97577432197,1835289.375,3564,7702.266774951696,0.1840628507295174,0.41835016835016836,0.39758698092031425,84823.43154869952
H13,20,3675859.75,28633,24804.492109770497,0.10700939475430447,0.4905877833269305,0.4024028219187651,128012.54455279722,1377676.125,2015,6004.233718920603,0.15732009925558313,0.430272952853598,0.41240694789081883,66836.27099119138,1377676.125,3564,7912.6429675390245,0.18181818181818182,0.41778900112233447,0.4003928170594837,66373.66000477287
H13,21,3751461.5,28633,26128.63770020297,0.10526315789473684,0.49212447176335,0.4026472950791045,130284.78708362103,1303991.75,2015,7941.911298635267,0.15533498759305212,0.4307692307692308,0.4138957816377171,72143.44644543034,1303991.75,3564,11034.703788814717,0.17901234567901234,0.42003367003367004,0.4012345679012346,79964.57334566012
H13,22,3834645.25,28633,28240.795635235583,0.10327244787482974,0.4929277407187511,0.40383473614361054,137379.59282706413,1500386.0,2015,9453.95749750544,0.1523573200992556,0.43573200992555833,0.4119106699751861,82417.61560459396,1500386.0,3564,13141.370113393436,0.1750841750841751,0.42508417508417506,0.3998316498316498,92784.88129114648
H13,23,3880383.5,28633,28324.821231115795,0.10173575943841022,0.4942548807320225,0.4040442845667586,132207.76285243218,1159872.25,2015,6900.448793527893,0.15086848635235733,0.43722084367245656,0.4119106699751861,60024.17558031507,1159872.25,3564,10371.450690963284,0.1728395061728395,0.42508417508417506,0.40235690235690236,68389.45754680174
H13,24,3900967.5,28633,29226.12658943386,0.09922117836063284,0.49512799916180633,0.40565082247756085,131789.55433052097,1007742.4375,2015,7030.7746792246,0.14838709677419354,0.43722084367245656,0.4143920595533499,54779.26571951462,1007742.4375,3564,11280.10102466998,0.16891133557800225,0.4245230078563412,0.4065656565656566,67500.2453643241
H13,25,3890222.25,28633,29843.266366714863,0.09737016728949115,0.4943247302064052,0.4083051025041037,133897.0218626532,1105823.375,2015,8438.019119904751,0.14640198511166252,0.43672456575682383,0.41687344913151364,62064.99479319204,1105823.375,3564,13666.893047536609,0.1669472502805836,0.4239618406285073,0.4090909090909091,77109.85105845277
H13,26,3791141.25,28633,29990.12579565546,0.09576362937868893,0.4954073970593371,0.4088638982991653,136189.52927283602,1231528.125,2015,10274.22768841981,0.14491315136476426,0.43771712158808934,0.4173697270471464,71771.50999035264,1231528.125,3564,16699.664225377448,0.16470258136924804,0.42592592592592593,0.40937149270482603,90607.91534771275
H13,27,3530600.75,28633,30170.678892903816,0.09359829567282506,0.4964551391750777,0.40998148988928856,134857.87078673654,1294689.75,2015,11470.648408503655,0.14491315136476426,0.43821339950372207,0.41687344913151364,77093.1688593479,1294689.75,3564,18657.17653747066,0.16358024691358025,0.4273288439955107,0.4090909090909091,98730.75061308728
H13,28,3194630.5,28633,30050.02708460851,0.09153773617853525,0.4962455907519296,0.4122515978067265,132099.78451036316,1327495.25,2015,12258.036445210064,0.14292803970223325,0.4392059553349876,0.41786600496277915,80382.00233978796,1327495.25,3564,19921.789750429292,0.16189674523007858,0.4281705948372615,0.4102132435465769,103930.37391059058
H13,29,2907639.0,28633,29592.93745992266,0.08989627353054168,0.4937310096741522,0.41637271679530613,129667.27159910389,1344123.5,2015,12708.91555976033,0.14193548387096774,0.44168734491315137,0.4163771712158809,82557.63429715145,1359255.625,3564,20531.952398803347,0.16077441077441076,0.42957351290684626,0.409652076318743,106510.11318682252
H13,30,2662747.0,28633,29349.461264799378,0.08759124087591241,0.4916704501798624,0.4207383089442252,126972.92592211612,1358144.625,2015,13235.355862381031,0.13995037220843673,0.4426799007444169,0.4173697270471464,84183.57586009189,1391386.875,3564,20918.341792764302,0.1585297418630752,0.43013468013468015,0.4113355780022447,107467.02632907429
H13,31,2493184.0,28633,29466.825096755627,0.0861244019138756,0.492229245974924,0.42168127684839174,125099.21245164119,1376262.75,2015,13932.35838724834,0.13945409429280398,0.4461538461538462,0.4143920595533499,86496.78951015498,1418109.25,3564,21586.554947581564,0.15824915824915825,0.43209876543209874,0.409652076318743,109369.48391213473
H13,32,2489058.0,28633,29903.789138918062,0.08458771347745608,0.4926483428212203,0.42283379317570635,125041.5970452706,1393061.875,2015,14530.5122496067,0.13846153846153847,0.44516129032258067,0.4163771712158809,89176.70909485535,1439792.375,3564,22219.794423313044,0.15684624017957352,0.43265993265993263,0.4107744107744108,111738.4099278507
H13,33,2589075.5,28633,30741.133640882093,0.08350504662452415,0.4906576328013132,0.4258373205741627,127073.58093448766,1409407.125,2015,15050.752354753426,0.1369727047146402,0.4461538461538462,0.41687344913151364,91985.49374634588,1458975.375,3564,22859.24262349678,0.15572390572390574,0.43265993265993263,0.4116161616161616,114365.76689344275
H13,34,2626976.5,28633,31733.69165166432,0.0821429818740614,0.48779380435162223,0.43006321377431633,129540.18154286919,1424240.125,2015,15509.776047407764,0.13548387096774195,0.4476426799007444,0.41687344913151364,94516.94545886658,1476695.625,3564,23500.762558360457,0.15432098765432098,0.4335016835016835,0.4121773288439955,116974.52966242081
H13,35,2541091.25,28633,32786.66502951819,0.08133971291866028,0.4852442985366535,0.4334159885446862,132113.79442288846,1438531.5,2015,15901.977613020179,0.13548387096774195,0.4481389578163772,0.4163771712158809,96856.20553591261,1493257.25,3564,24154.35968918737,0.15432098765432098,0.4337822671156005,0.4118967452300786,119661.82368874959
H13,36,2389997.0,28633,33795.55494926847,0.08008242237977159,0.4840568574721475,0.43586072014808086,134763.99719050236,1453715.625,2015,16288.86534504805,0.1344913151364764,0.4486352357320099,0.41687344913151364,99286.46542607616,1509793.5,3564,24852.16278225258,0.1531986531986532,0.4335016835016835,0.4132996632996633,122581.89002548177
H13,37,2242623.0,28633,34780.82898065559,0.07962840079628401,0.4853490727482276,0.4350574511926798,137891.7585949254,1467052.25,2015,16717.254562447775,0.1344913151364764,0.4501240694789082,0.4153846153846154,102100.14577063447,1526093.625,3564,25676.81657505343,0.1531986531986532,0.43490460157126826,0.4118967452300786,126057.13865417271
H13,38,2222668.25,28633,35615.275027368094,0.07833618552020397,0.48800335277477036,0.43366046170502565,140624.6320638514,1480049.875,2015,17099.851763936174,0.1325062034739454,0.4501240694789082,0.4173697270471464,104752.12673228185,1541313.75,3564,26310.00887564782,0.15039281705948374,0.43658810325476993,0.41301907968574636,128900.56113314713
H13,39,2210506.75,28633,36345.227350420915,0.07795201341109909,0.4868857611846471,0.4351622254042538,142949.08700245485,1492625.0,2015,17500.509867916135,0.1325062034739454,0.45161290322580644,0.41588089330024813,107752.82386253483,1555634.5,3564,26888.5855533081,0.15039281705948374,0.43742985409652074,0.4121773288439955,131727.05139598326
H13,40,2217617.25,28633,37489.48266707686,0.07669472287221038,0.4852792232738449,0.4380260538539448,146900.78901627215,1503332.375,2015,17876.143610662108,0.13101736972704714,0.4481389578163772,0.42084367245657567,110571.30799595214,1568850.875,3564,27561.58310516217,0.14842873176206509,0.43546576879910215,0.4161054994388328,134934.44613186058
H13,41,2264167.0,28633,39025.51315547436,0.07599622812838333,0.4870953096077952,0.43690846226382146,152542.18246387233,1513540.75,2015,18260.690172971626,0.13101736972704714,0.4501240694789082,0.41885856079404465,113563.91402179361,1580946.0,3564,28337.802644432963,0.14814814814814814,0.43658810325476993,0.4152637485970819,138657.11081998234
H13,42,2329560.25,28633,41048.999526537424,0.07512310969859952,0.4870953096077952,0.4377815806936053,160499.04546333302,1613105.25,2015,18664.072363827712,0.13052109181141439,0.45062034739454093,0.41885856079404465,116792.89106698417,1613105.25,3564,29296.14632567217,0.14758698092031425,0.4371492704826038,0.4152637485970819,143268.709256598
H13,43,2433684.75,28633,43496.69654314108,0.07449446442915517,0.4847553522159746,0.4407851080920616,171163.71275403176,1713991.5,2015,19053.542089641513,0.13002481389578163,0.4476426799007444,0.42233250620347396,119959.67695212094,1713991.5,3564,30427.609625615554,0.14646464646464646,0.43630751964085296,0.4175084175084175,148827.14970738714
H13,44,2602015.75,28633,44645.92312992521,0.07334194810184054,0.481926448503475,0.4447316033946845,176188.31653740563,1768282.25,2015,19317.12649103449,0.12853598014888337,0.4481389578163772,0.42332506203473946,121902.65307121194,1768282.25,3564,30988.071576175993,0.1442199775533109,0.43630751964085296,0.41947250280583614,151479.76784634913
H13,45,2532867.0,28633,43193.52042946827,0.07267837809520483,0.48409178220933885,0.44333461390703033,168484.75239153323,1909676.0,2015,19723.694882273452,0.12803970223325062,0.45260545905707195,0.41935483870967744,125998.2221608848,1909676.0,3564,30624.167880310913,0.14309764309764308,0.4393939393939394,0.41778900112233447,150963.82216739637
H13,46,2607177.75,28633,43992.366090586926,0.07204973282576049,0.4828694164076415,0.44511577550378933,171714.8258733575,2048636.375,2015,20167.352120215204,0.12803970223325062,0.4521091811414392,0.41985111662531016,130194.63589621645,2048636.375,3564,31186.985503168613,0.14225589225589225,0.4391133557800225,0.4186307519640853,154501.11830414165
H13,47,2688071.0,28633,46628.147561203106,0.07184018440261238,0.4756050710718402,0.45255474452554745,180960.56721446358,2183120.25,2015,20618.590063006966,0.12803970223325062,0.45161290322580644,0.42034739454094294,134493.3003948253,2183120.25,3564,31989.514796124236,0.1419753086419753,0.4393939393939394,0.4186307519640853,158998.35340935813
H13,48,2778570.75,28633,46260.92808704285,0.07093214123563721,0.47895784584221,0.4501449376593441,184708.21773741953,2332465.25,2015,21132.139198189165,0.1260545905707196,0.45359801488833745,0.42084367245657567,139417.67688270606,2332465.25,3564,32851.95512012968,0.13973063973063973,0.44163860830527496,0.41891133557800225,164005.28068658398
H13,49,2858062.5,28633,48117.537344940465,0.07044319491495826,0.4688645967939091,0.46072713302832397,192841.4856215683,2505673.25,2015,21684.7876649377,0.12555831265508685,0.45508684863523574,0.41985111662531016,145067.90194799338,2505673.25,3564,33805.14224657503,0.13916947250280584,0.44276094276094274,0.41835016835016836,169751.7340264104
H13,50,2971729.5,28633,49451.779846920566,0.06963992595955716,0.46722313414591554,0.4631369398945273,201192.73261016587,2699614.5,2015,22295.532866972684,0.12307692307692308,0.45459057071960296,0.42233250620347396,151574.91545727217,2699614.5,3564,34859.74187959258,0.13748597081930417,0.4430415263748597,0.41947250280583614,176359.15205755967
H13,51,3158207.25,28633,51339.54602050789,0.06897635595292145,0.466769112562428,0.46425453148465057,209165.93455854428,2849056.75,2015,22790.039198757742,0.12258064516129032,0.45459057071960296,0.4228287841191067,156809.0835204968,2849056.75,3564,35721.21235095722,0.13720538720538722,0.4430415263748597,0.41975308641975306,181680.74609265785
H13,52,3354378.0,28633,52881.72429979136,0.06838263542066846,0.4642196067474592,0.4673977578318723,216208.49449750292,3007674.5,2015,23303.960578021823,0.12208436724565756,0.45558312655086847,0.42233250620347396,162393.65721686438,3007674.5,3564,36609.53651208862,0.1366442199775533,0.44332210998877664,0.42003367003367004,187332.57803982715
H13,53,3533289.25,28633,54147.71128106891,0.0683477106834771,0.4584221003736947,0.47326511368001956,222157.85486768966,3170789.5,2015,23824.91584554881,0.12208436724565756,0.45558312655086847,0.42233250620347396,168220.42443533902,3170789.5,3564,37488.3261725768,0.13636363636363635,0.44388327721661053,0.42003367003367004,193087.9852777294
H13,54,3714435.0,28633,55626.71975359214,0.06778891488841546,0.4546502287570286,0.4775608563545559,228606.99161174402,3323699.5,2015,24315.294202925055,0.12158808933002481,0.45707196029776676,0.42133995037220845,173747.522846275,3323699.5,3564,38323.550628076744,0.13580246913580246,0.4444444444444444,0.41975308641975306,198608.86538192042
H13,55,3901129.5,28633,57325.11506865977,0.067544441728076,0.45269444347431287,0.47983096427199384,235643.5666965281,3474041.0,2015,24795.185820966988,0.12158808933002481,0.45707196029776676,0.42133995037220845,179249.8421163743,3474041.0,3564,39159.31671462264,0.13580246913580246,0.4450056116722783,0.41919191919191917,204159.61254698085
H13,56,4088553.25,28633,59035.52831056071,0.06688087172144029,0.4525896692627388,0.4805294590158209,242758.6413670415,3626250.25,2015,25280.85483833682,0.12109181141439206,0.45806451612903226,0.42084367245657567,184859.82639354107,3626250.25,3564,40002.10806841215,0.13496071829405162,0.44640852974186307,0.4186307519640853,209803.90611903198
H13,57,4287590.5,28633,60855.598861029124,0.06663639856110083,0.45150700240980685,0.4818565990290923,250384.16821872303,3781733.25,2015,25778.594958255722,0.12109181141439206,0.4575682382133995,0.42133995037220845,190730.03652447645,3781733.25,3564,40875.92082115861,0.13496071829405162,0.44612794612794615,0.41891133557800225,215745.56320800085
H13,58,4500465.0,28633,62622.43204251821,0.06600775329165648,0.4508085076659798,0.4831837390423637,257970.65211620214,3938175.25,2015,26272.658272028606,0.1205955334987593,0.45905707196029777,0.42034739454094294,196848.6907164427,3938175.25,3564,41755.11746470327,0.13439955106621773,0.44668911335578004,0.41891133557800225,221960.97580938568
H13,59,4715917.5,28633,64125.953283595336,0.06590297908008243,0.4491321202807949,0.4849649006391227,265208.01304094057,4102047.75,2015,26725.504263374918,0.1205955334987593,0.4595533498759305,0.41985111662531016,203303.7645786008,4102047.75,3564,42580.76223917254,0.13439955106621773,0.44696969696969696,0.4186307519640853,228385.0745218227
H13,60,4922759.5,28633,65476.30987026966,0.0656235811825516,0.44843362553696786,0.48594279328048057,272002.78341934993,4263125.5,2015,27175.082644284357,0.12009925558312655,0.4595533498759305,0.42034739454094294,209770.29903779863,4263125.5,3564,43384.72659759609,0.13383838383838384,0.44640852974186307,0.41975308641975306,234725.00621309777
H13,61,5115772.5,28633,66724.89895885866,0.06530925854782943,0.44658261446582614,0.4881430517235358,278364.735051307,4417287.0,2015,27619.715916530688,0.12009925558312655,0.458560794044665,0.42133995037220845,216018.47003653937,4417287.0,3564,44161.32118498282,0.13327721661054995,0.4452861952861953,0.4214365881032548,240789.47637670903
H13,62,5308527.5,28633,68003.24583798494,0.06464568854119372,0.4459539691963818,0.48940034226242446,284986.4172372712,4566544.5,2015,28090.205300803915,0.1196029776674938,0.45806451612903226,0.42233250620347396,222123.7555429016,4566544.5,3564,44941.318404542624,0.13215488215488216,0.4447250280583614,0.42312008978675647,246697.9134520381
H13,63,5513094.0,28633,69397.22176421691,0.06447106485523696,0.44591904445919045,0.48964481542276395,292342.1661708425,4720012.5,2015,28537.109443306745,0.1196029776674938,0.45806451612903226,0.42233250620347396,228483.5350085656,4720012.5,3564,45708.261111531734,0.13215488215488216,0.4444444444444444,0.4234006734006734,252855.50260265512
H13,64,5722405.0,28633,70763.42913958518,0.0636328711626445,0.44487130234344985,0.4914958264939056,299480.75464749784,4880097.0,2015,28987.720898232583,0.11861042183622829,0.4575682382133995,0.4238213399503722,235191.97796014306,4880097.0,3564,46461.91307511627,0.13103254769921435,0.44556677890011226,0.4234006734006734,259183.27635382357
H13,65,5907122.5,28633,72019.28866793764,0.06342332273949638,0.4443125065483882,0.49226417071211537,306212.9860249074,5037445.0,2015,29440.037801295224,0.11811414392059554,0.45707196029776676,0.4248138957816377,241799.85597668737,5037445.0,3564,47226.122664732764,0.1307519640852974,0.4452861952861953,0.4239618406285073,265527.7036678937
H13,66,6099090.5,28633,73198.10135567839,0.06286452694443474,0.4436838612789439,0.4934516117766214,312387.29396081454,5187832.0,2015,29871.513995356705,0.11761786600496278,0.45607940446650125,0.426302729528536,248056.44615392666,5187832.0,3564,47962.89770669635,0.13019079685746351,0.4452861952861953,0.4245230078563412,271514.21384126256
H13,67,6301839.0,28633,74288.36712235016,0.06275975273286069,0.44246149547724656,0.4947787517898928,318110.85235241096,5333018.5,2015,30283.549154651362,0.11761786600496278,0.456575682382134,0.4258064516129032,254106.47260474425,5333018.5,3564,48678.79689003116,0.13019079685746351,0.4458473625140292,0.4239618406285073,277327.4921183396
H13,68,6499953.5,28633,75353.45551777577,0.06202633325184228,0.44221702231690707,0.49575664443125067,323953.7267358679,5474930.0,2015,30677.857858640447,0.11712158808933003,0.45607940446650125,0.4267990074441687,259879.33850010284,5474930.0,3564,49367.22118717534,0.12906846240179573,0.44556677890011226,0.42536475869809204,282894.5741818463
H13,69,6703070.0,28633,76534.73189552942,0.06192155904026822,0.44200747389375894,0.4960709670659728,330535.8923798153,5619242.0,2015,31041.567541936365,0.11712158808933003,0.456575682382134,0.426302729528536,265113.9474408011,5619242.0,3564,50106.30634097763,0.12906846240179573,0.4458473625140292,0.42508417508417506,288374.805385983
H13,70,6908154.5,28633,77725.518235885,0.06153738693116334,0.44109943072678376,0.49739810707924426,336706.9868122395,5764431.5,2015,31308.040232600055,0.11662531017369727,0.456575682382134,0.4272952853598015,268492.29786308226,5764431.5,3564,50924.14402175591,0.1282267115600449,0.44612794612794615,0.42592592592592593,293354.9017020084
H13,71,7119014.5,28633,78910.20514980616,0.06108336534767576,0.4406454091432962,0.498271225509028,342623.38252897357,5911738.5,2015,31419.435415852095,0.11612903225806452,0.45508684863523574,0.4287841191066998,269603.6860008283,5911738.5,3564,51883.539508143156,0.127665544332211,0.4452861952861953,0.4270482603815937,298702.91043259826
H13,72,7319334.5,28633,80062.71645954208,0.06038487060384871,0.4408549575664443,0.498760171829707,348469.3471410893,6052887.5,2015,31798.939216884595,0.11364764267990074,0.45558312655086847,0.4307692307692308,274920.8240114962,6052887.5,3564,52615.689614073555,0.12598204264870932,0.44556677890011226,0.42845117845117847,304420.7168265072
H13,73,7520002.5,28633,81203.53167354023,0.06017532218070059,0.44054063493172213,0.49931896762476863,354456.25282824895,6194127.5,2015,32230.22991352213,0.11364764267990074,0.456575682382134,0.4297766749379653,281055.5600135587,6194127.5,3564,53315.68908412887,0.12598204264870932,0.44612794612794615,0.4278900112233446,310170.0308875086
H13,74,7727980.0,28633,82409.59765386404,0.05968637586002165,0.4407152586176789,0.49963329025949077,360363.07239705464,6339735.0,2015,32688.353423947985,0.11364764267990074,0.45607940446650125,0.4307692307692308,287365.0865655112,6339735.0,3564,54077.58705806621,0.12598204264870932,0.4458473625140292,0.42845117845117847,316251.5489087132
H13,75,7943984.5,28633,83682.18753536034,0.05940697796249083,0.4398072154507037,0.5008207313239967,366335.54501986713,6491067.5,2015,33177.07101446623,0.11364764267990074,0.45607940446650125,0.4307692307692308,293908.88055745256,6491067.5,3564,54903.100004192114,0.12598204264870932,0.4458473625140292,0.42845117845117847,322679.1991325333
H13,76,8148660.0,28633,84821.57094986737,0.05912758006496001,0.4393182691300248,0.5016240002793979,371117.98351544945,6629974.0,2015,33772.252302013534,0.11364764267990074,0.45607940446650125,0.4307692307692308,300201.36569163547,6629974.0,3564,55870.27708791223,0.12598204264870932,0.4458473625140292,0.42845117845117847,328911.20755559014
H13,77,8360652.0,28633,85850.72415826574,0.058952956379003246,0.4390737959696853,0.5019732476513115,375665.1633276274,6761287.0,2015,34388.60655005161,0.11315136476426799,0.45607940446650125,0.4307692307692308,306552.6854566998,6761287.0,3564,56893.97128903762,0.12598204264870932,0.44556677890011226,0.42845117845117847,335176.64174383756
H13,78,8568379.0,28633,86943.8221905684,0.05842908532113296,0.4387245485977718,0.5028463660810952,380971.6102445464,6888090.5,2015,34943.54073079202,0.11166253101736973,0.45607940446650125,0.432258064516129,312658.21624604415,6888090.5,3564,58105.5929471003,0.12457912457912458,0.44556677890011226,0.4298540965207632,341721.310348051
H13,79,8772763.0,28633,88090.30259212598,0.058359235846750256,0.4385848496490064,0.5030559145042434,386904.1827686444,7013090.0,2015,35491.137154527176,0.11166253101736973,0.45607940446650125,0.432258064516129,318686.38420652185,7013090.0,3564,59147.45332102918,0.12457912457912458,0.4452861952861953,0.43013468013468015,348156.3086484517
H13,80,8964849.0,28633,89266.17530825429,0.058079837949219434,0.4388642475465372,0.5030559145042434,393211.5564611417,7134510.0,2015,36065.621266747425,0.11166253101736973,0.45558312655086847,0.4327543424317618,324615.7876141976,7134510.0,3564,60101.4565371781,0.12429854096520764,0.4450056116722783,0.43069584736251404,354285.76186727086
H13,81,9155455.0,28633,90472.85474005199,0.058009988474836724,0.4385848496490064,0.5034400866133483,399840.2329414846,7256240.5,2015,36685.86483827867,0.11166253101736973,0.45558312655086847,0.4327543424317618,330671.4541837658,7256240.5,3564,61129.34514740287,0.12429854096520764,0.4450056116722783,0.43069584736251404,360604.5525526744
H13,82,9341772.0,28633,91677.59832416067,0.05762581636573185,0.4390737959696853,0.5033003876645828,406213.1561215407,7375269.0,2015,37360.98340953821,0.11166253101736973,0.45558312655086847,0.4327543424317618,336724.4976507997,7375269.0,3564,62213.8473347771,0.12429854096520764,0.4450056116722783,0.43069584736251404,366894.93093814154
H13,83,9530113.0,28633,92870.70421103804,0.05748611741696644,0.43868962386058047,0.5038591834596444,412461.64563308423,7494079.5,2015,38088.249186102905,0.11215880893300248,0.45558312655086847,0.4327543424317618,342903.07722205145,7494079.5,3564,63371.62873127117,0.12457912457912458,0.4447250280583614,0.43097643097643096,373326.2967785256
H13,84,9716845.0,28633,94091.08443499492,0.05710194530786156,0.4385848496490064,0.5043481297803234,418617.02440749237,7610574.0,2015,38876.94781815973,0.11166253101736973,0.45607940446650125,0.432258064516129,349130.85720555525,7610574.0,3564,64606.3137532892,0.12401795735129069,0.44556677890011226,0.43069584736251404,379821.85232023115
H13,85,9901552.0,28633,95315.31018409053,0.05685747214752209,0.4381308280655188,0.5050466245241505,424643.6612727659,7724640.5,2015,39693.73308240225,0.11215880893300248,0.456575682382134,0.4317617866004963,355368.31642619707,7724640.5,3564,65882.82290056064,0.12401795735129069,0.44556677890011226,0.43069584736251404,386341.117424879
H13,86,10077868.0,28633,96591.57841311481,0.05661299898718262,0.4380609785911361,0.5053609471588726,430896.0855123753,7840835.5,2015,40549.512056716085,0.11166253101736973,0.45508684863523574,0.43325062034739453,361501.22962731356,7840835.5,3564,67221.64145674059,0.12373737373737374,0.4447250280583614,0.43153759820426485,392845.62587595446
H13,87,10254091.0,28633,97925.35351059996,0.05636852582684315,0.43816575280271014,0.505500646107638,437571.4526941563,7968998.0,2015,41464.33410758685,0.11166253101736973,0.45607940446650125,0.4327543424317618,367795.53587074066,7968998.0,3564,68659.29434845068,0.12373737373737374,0.4452861952861953,0.43125701459034793,399597.43760434404
H13,88,10428179.0,28633,99230.33241229127,0.05636852582684315,0.437851430167988,0.5058498934795516,444099.0338674257,8097355.0,2015,42468.19453408405,0.11166253101736973,0.456575682382134,0.432258064516129,374263.43548661587,8097355.0,3564,70223.57212975636,0.12373737373737374,0.44556677890011226,0.43097643097643096,406598.8569025238
H13,89,10589411.0,28633,100533.53421582312,0.056438375301225856,0.4377117312192226,0.5058848182167429,449908.8756055255,8221334.0,2015,43474.69896901754,0.11166253101736973,0.45558312655086847,0.4327543424317618,380457.03075899923,8221334.0,3564,71777.09711464788,0.12401795735129069,0.4447250280583614,0.43125701459034793,413336.9414595275
H13,90,10745719.0,28633,101792.39297196455,0.05619390214088639,0.43781650543079664,0.505989592428317,455572.3328921715,8390112.0,2015,44423.98069491218,0.11116625310173697,0.45607940446650125,0.4327543424317618,386711.0100652736,8390112.0,3564,73264.73867758403,0.12345679012345678,0.4450056116722783,0.43153759820426485,420381.7030060554
H13,91,10895079.0,28633,102968.5185161963,0.056158977403695035,0.43837530122585827,0.5054657213704467,460924.6218888056,8500487.0,2015,45287.33423200878,0.11116625310173697,0.45558312655086847,0.43325062034739453,392103.6205438844,8500487.0,3564,74636.27385523432,0.12317620650953984,0.4450056116722783,0.4318181818181818,426411.7430996092
H13,92,11041066.0,28633,104003.77030826366,0.056158977403695035,0.4383403764886669,0.505500646107638,466293.6036753999,8596480.0,2015,46039.223727898956,0.11066997518610422,0.45558312655086847,0.4337468982630273,396979.9773130266,8596480.0,3564,75858.09199023672,0.12317620650953984,0.4444444444444444,0.4323793490460157,431926.2445101078
H13,93,11166604.0,28633,104918.5637083727,0.056158977403695035,0.43823560227709285,0.5056054203192121,471645.3449879918,8680475.0,2015,46691.53165699874,0.11066997518610422,0.45508684863523574,0.43424317617866004,401229.37912208046,8680475.0,3564,76932.98304287667,0.12317620650953984,0.4441638608305275,0.43265993265993263,436799.1704118717
H13,94,11272183.0,28633,105731.45968990674,0.056124052666503686,0.4382006775399015,0.5056752697935948,476067.7489034815,8753603.0,2015,47252.86433785395,0.11116625310173697,0.45508684863523574,0.4337468982630273,404911.10850354866,8753603.0,3564,77851.88035362352,0.12345679012345678,0.4444444444444444,0.43209876543209874,440968.6026413291
H13,95,11350906.0,28633,106378.10336370941,0.05619390214088639,0.43868962386058047,0.5051513987357246,479388.60682327277,8812836.0,2015,47732.25349520583,0.11116625310173697,0.45558312655086847,0.43325062034739453,407907.956904769,8812836.0,3564,78610.4011969352,0.12345679012345678,0.4447250280583614,0.4318181818181818,444317.70101235935
H13,96,11416601.0,28633,106871.84007942345,0.05619390214088639,0.4390039464953026,0.5048720008381937,482022.7551211346,8862857.0,2015,48131.86880520816,0.11116625310173697,0.45607940446650125,0.43325062034739453,410436.45780439465,8862857.0,3564,79243.73482418637,0.12345679012345678,0.4452861952861953,0.43153759820426485,447131.2637691096
H13,97,11476450.0,28633,107256.07423817093,0.05619390214088639,0.4392484196556421,0.5046275276778542,484119.7917019829,8903110.0,2015,48470.099301186885,0.11116625310173697,0.45707196029776676,0.432258064516129,412488.5029092625,8903110.0,3564,79770.34434742098,0.12373737373737374,0.44612794612794615,0.43041526374859707,449412.7627382184
H13,98,11526840.0,28633,107537.9191195046,0.05608912792931233,0.4391785701812594,0.5047672266266197,485873.1761522906,8936741.0,2015,48748.833205200426,0.11066997518610422,0.45707196029776676,0.4327543424317618,414200.7217586377,8936741.0,3564,80207.13160830703,0.12345679012345678,0.44640852974186307,0.43041526374859707,451317.36738598923
H13,99,11566473.0,28633,107750.76079500574,0.0563336010896518,0.43928334439283345,0.5044179792547061,487329.9775626768,8963722.0,2015,48977.77671511317,0.11116625310173697,0.4575682382133995,0.4317617866004963,415589.60946433205,8963722.0,3564,80568.41522843608,0.12373737373737374,0.44696969696969696,0.42957351290684626,452874.90426436765
H13,100,11598983.0,28633,107886.04715195742,0.0563336010896518,0.43952781755317294,0.5041735060943666,488431.2774578168,8985721.0,2015,49153.26511153555,0.11116625310173697,0.45707196029776676,0.432258064516129,416705.00946061575,8985721.0,3564,80847.90898586357,0.12373737373737374,0.44668911335578004,0.4298540965207632,454116.6319367803
H13,101,11621053.0,28633,107955.06296768824,0.056543149512799915,0.43977229071351237,0.503719484510879,489124.21967039135,9001410.0,2015,49280.63355722788,0.11116625310173697,0.45806451612903226,0.4312655086848635,417499.2956265631,9001410.0,3564,81046.11874927134,0.12401795735129069,0.44725028058361394,0.42901234567901236,454993.8301017896
H13,102,11636033.0,28633,107936.393138696,0.05657807424999127,0.439737365976321,0.5036845597736878,489581.2103488711,9011993.0,2015,49353.657918272234,0.11066997518610422,0.458560794044665,0.4307692307692308,418023.7236388597,9011993.0,3564,81166.9085384314,0.12373737373737374,0.44753086419753085,0.4287317620650954,455573.2742873477
H13,103,11642710.0,28633,107867.12990646958,0.05689239688471344,0.4398072154507037,0.5033702371389656,489862.0782386329,9017237.0,2015,49391.74131201482,0.11066997518610422,0.45905707196029777,0.4307692307692308,418291.178237958,9017237.0,3564,81231.65617049046,0.12373737373737374,0.44809203142536475,0.42845117845117847,455885.042731764
H13,104,11644339.0,28633,107734.42518418441,0.056822547410330736,0.44001676387385186,0.5031606887158174,489892.20797763235,9018785.0,2015,49389.21604426598,0.11017369727047147,0.45806451612903226,0.4317617866004963,418356.95302555803,9018785.0,3564,81235.1572872527,0.12345679012345678,0.44753086419753085,0.42901234567901236,455964.0796333197
H13,105,11638136.0,28633,107554.72867622224,0.05710194530786156,0.4401564628226173,0.5027415918695212,489641.29814509355,9015483.0,2015,49350.95772990039,0.11017369727047147,0.45806451612903226,0.4317617866004963,418179.6522082467,9015483.0,3564,81178.35269586541,0.12345679012345678,0.44753086419753085,0.42901234567901236,455771.57312818995
H13,106,11627072.0,28633,107301.90737296622,0.05713687004505291,0.4406454091432962,0.502217720811651,489256.0688633744,9008493.0,2015,49273.01330327635,0.11017369727047147,0.45806451612903226,0.4317617866004963,417808.440459559,9008493.0,3564,81066.94292626527,0.12345679012345678,0.44725028058361394,0.4292929292929293,455369.90956981987
H13,107,11610327.0,28633,107019.4558539047,0.05734641846820103,0.44054063493172213,0.5021129466000769,488795.5112555261,8997834.0,2015,49173.56288017854,0.11166253101736973,0.4575682382133995,0.4307692307692308,417261.07526868396,8997834.0,3564,80921.50682280204,0.12429854096520764,0.44753086419753085,0.4281705948372615,454792.75928860094
H13,108,11590587.0,28633,106701.94496354165,0.057311493731009674,0.4407851080920616,0.5019033981769288,488065.14606370043,8984970.0,2015,49043.20690615882,0.11166253101736973,0.45806451612903226,0.430272952853598,416586.5848200356,8984970.0,3564,80728.5723268669,0.12429854096520764,0.44809203142536475,0.4276094276094276,454051.41481606994
H13,109,11563096.0,28633,106340.77351786756,0.0576607411029232,0.4409597317780184,0.5014144518562498,486939.1558845032,8967617.0,2015,48883.613542649386,0.11265508684863523,0.45806451612903226,0.4297766749379653,415683.6397430687,8967617.0,3564,80475.86767140616,0.12542087542087543,0.44753086419753085,0.4273288439955107,453035.3055201044
H13,110,11530287.0,28633,105912.29561748501,0.057695665840114554,0.44102958125240105,0.5013096776446757,485606.7354327971,8946408.0,2015,48676.817497386684,0.11215880893300248,0.45707196029776676,0.4307692307692308,414563.5500564713,8946408.0,3564,80158.6659443063,0.12542087542087543,0.44640852974186307,0.4281705948372615,451779.1405300523
H13,111,11490022.0,28633,105433.37633902312,0.05794013900045402,0.4412042049383578,0.5008556560611881,484056.4140071652,8920592.0,2015,48435.59479492667,0.11166253101736973,0.458560794044665,0.4297766749379653,413204.03319752373,8920592.0,3564,79785.20002739341,0.1251402918069585,0.44725028058361394,0.4276094276094276,450262.71439776575
H13,112,11449387.0,28633,104897.32890576983,0.05814968742360214,0.4413089791499319,0.5006461076380401,482374.82545294246,8891957.0,2015,48169.326909556505,0.11166253101736973,0.458560794044665,0.4297766749379653,411698.46665229945,8891957.0,3564,79374.54472442987,0.1251402918069585,0.44725028058361394,0.4276094276094276,448589.3192394839
H13,113,11410050.0,28633,104332.65751291697,0.058289386372367545,0.44141375336150596,0.5002968602661265,480638.73375975294,8859700.0,2015,47887.42710949928,0.11166253101736973,0.45707196029776676,0.4312655086848635,410040.15707919403,8859700.0,3564,78937.76556487965,0.12542087542087543,0.4458473625140292,0.4287317620650954,446762.3200310579
H13,114,11368264.0,28633,103734.10916682247,0.0583243111095589,0.4415534523102714,0.5001222365801697,478775.2106846112,8825607.0,2015,47582.980249468754,0.11166253101736973,0.45806451612903226,0.430272952853598,408270.5570063698,8825607.0,3564,78469.67138499673,0.12542087542087543,0.44612794612794615,0.42845117845117847,444812.38627272286
H13,115,11320514.0,28633,103095.21184609737,0.05884818216742919,0.44127405441274054,0.4999126881570216,476633.60590358294,8788080.0,2015,47256.235515480555,0.11166253101736973,0.45806451612903226,0.430272952853598,406323.7914635974,8788080.0,3564,77959.89829909627,0.12598204264870932,0.4458473625140292,0.4281705948372615,442662.71674139675
H13,116,11269770.0,28633,102424.55994746555,0.058952956379003246,0.44148360283588867,0.4995634407851081,474410.0073653215,8749196.0,2015,46918.307783614866,0.11166253101736973,0.4595533498759305,0.4287841191066998,404314.36426008714,8749196.0,3564,77433.59518757202,0.12598204264870932,0.44696969696969696,0.4270482603815937,440436.5534011154
H13,117,11206157.0,28633,101690.06014492558,0.05923235427653407,0.44092480704082704,0.49987776341983026,471693.87593274255,8703701.0,2015,46538.73651572806,0.11166253101736973,0.45707196029776676,0.4317617866004963,401964.159785736,8703701.0,3564,76837.00270040438,0.12598204264870932,0.4458473625140292,0.42845117845117847,437816.2692276403
H13,118,11134218.0,28633,100886.70184713526,0.059337128488108126,0.44109943072678376,0.4995634407851081,468674.8980610158,8653206.0,2015,46115.37601595198,0.11116625310173697,0.45707196029776676,0.4317617866004963,399354.8083687531,8653206.0,3564,76167.67987028077,0.12598204264870932,0.44556677890011226,0.42845117845117847,434901.3576054288
H13,119,11041848.0,28633,99973.12296785632,0.05979115007159571,0.4410645059895924,0.49914434393881185,465060.75047873455,8593201.0,2015,45629.624945558906,0.11166253101736973,0.45707196029776676,0.4312655086848635,396254.0909113632,8593201.0,3564,75386.39548908861,0.12626262626262627,0.4458473625140292,0.4278900112233446,431430.29886072216
H14,0,1830792.0,28633,1529.3669022781892,0.24971187091817135,0.4036950371948451,0.34687248978451435,35463.78703375711,4.00588846206665,2015,0.12078004958259024,0.22679900744416873,0.3945409429280397,0.37866004962779154,0.3471102020834741,12.639336585998535,3564,0.15124778672876296,0.27048260381593714,0.3782267115600449,0.3515712682379349,0.5424039614452643
H14,1,3266640.75,28633,5173.814615748824,0.2319701044249642,0.4129151678133622,0.35521950197324764,86435.61895885038,13.953441619873047,2015,0.7530119483435503,0.21240694789081885,0.40198511166253104,0.38610421836228287,1.6294171088960847,48.46501159667969,3564,0.8919198692876149,0.2536475869809203,0.38580246913580246,0.3608305274971942,2.3895144982709478
H14,2,2384422.5,28633,4521.541585087093,0.20891977787867147,0.42471972898403937,0.3663954178744805,70262.57261919843,50.548988342285156,2015,3.0556993848005587,0.19950372208436726,0.4074441687344913,0.3930521091811414,6.524299398923666,144.63638305664062,3564,3.46202291340021,0.23709315375982043,0.39337822671156003,0.36980920314253646,8.297776817583223
H14,3,2226362.0,28633,4480.96196209303,0.19910592672790137,0.4304124611462299,0.37055146160025143,61401.67776185097,173.5208282470703,2015,6.407257396089358,0.1945409429280397,0.4114143920595533,0.3940446650124069,15.095849116905988,417.2411804199219,3564,7.134836262257477,0.23204264870931537,0.3947811447811448,0.37317620650953987,19.340871191069347
H14,4,2201385.5,28633,5981.073500568333,0.18653302133901442,0.437257709635735,0.3762092690252506,67619.2176115501,323.7253112792969,2015,10.415922414834606,0.1900744416873449,0.4143920595533499,0.3955334987593052,24.36078373005759,822.6804809570312,3564,11.848248126102414,0.22586980920314254,0.3953423120089787,0.3787878787878788,34.54804372418194
H14,5,2148536.25,28633,6881.910795431659,0.17996717074704013,0.44183285020780216,0.3781999790451577,69755.59897494306,335.6085205078125,2015,13.625720986928332,0.18759305210918115,0.4148883374689826,0.3975186104218362,31.584734197501493,1262.328125,3564,15.73033302576433,0.2222222222222222,0.39646464646464646,0.3813131313131313,48.47925853943604
H14,6,1935189.75,28633,6544.280832181821,0.1715153843467328,0.44640799077986937,0.3821115496105892,62366.71059260223,383.6474304199219,2015,17.52342965404071,0.18560794044665013,0.4153846153846154,0.39950372208436724,39.865218603883164,1844.17041015625,3564,20.49120636240301,0.21885521885521886,0.3984287317620651,0.382996632996633,65.12737159411866
H14,7,1821656.5,28633,7797.950563870919,0.16550832954982014,0.450529109768449,0.3839974854189222,68924.36364056835,750.85595703125,2015,21.200823438342614,0.18362282878411912,0.4163771712158809,0.4,51.249102699255765,2343.2109375,3564,24.871860298909322,0.21689113355780024,0.3998316498316498,0.3832772166105499,82.0307907932278
H14,8,2263955.5,28633,9632.365848583853,0.1569168442007474,0.4557678203471519,0.3873502601892921,80617.70358144931,1403.1708984375,2015,25.780103837535197,0.17965260545905706,0.41885856079404465,0.40148883374689825,66.72061181388199,2686.19140625,3564,30.317036930716384,0.21212121212121213,0.4020763187429854,0.38580246913580246,100.03515130572642
H14,9,2715669.5,28633,12228.795958515577,0.1504906925575385,0.4612160793490029,0.38832815283065,94394.1755160728,2203.031982421875,2015,29.805976918544598,0.1791563275434243,0.42084367245657567,0.4,85.8974910984955,2993.52099609375,3564,35.44785733369122,0.21099887766554434,0.40291806958473625,0.38608305274971944,122.32434877205358
H14,10,3015836.0,28633,13803.138379044147,0.14462333670939126,0.4659309188698355,0.38944574442077323,100181.1833660803,3595.738037109375,2015,35.12153569998834,0.1771712158808933,0.42233250620347396,0.40049627791563275,115.52728796204649,220445.671875,3564,165.1018440455338,0.20679012345679013,0.4057239057239057,0.38748597081930414,5176.653104733376
H14,11,3207597.0,28633,15151.906387349989,0.1419341319456571,0.4681661020500821,0.3898997660042608,102784.75261229872,4470.4677734375,2015,38.97553151958754,0.1761786600496278,0.4238213399503722,0.4,137.83194786088274,413486.96875,3564,280.3679546057025,0.2059483726150393,0.40712682379349047,0.38692480359147025,9783.866400646055
H14,12,3339953.5,28633,17681.02486733641,0.13645094820661474,0.4706108336534768,0.3930080676142912,109221.23749481827,5143.09228515625,2015,43.654557521894766,0.17320099255583127,0.4258064516129032,0.40099255583126553,156.05518679240149,405192.9375,3564,280.9960732732577,0.20230078563411896,0.4099326599326599,0.3877665544332211,9528.230840868884
H14,13,3440335.75,28633,18695.370119249194,0.13358711975692383,0.4705060594419027,0.39590682080117345,111351.72710425124,6149.41845703125,2015,52.4448415086741,0.17220843672456576,0.426302729528536,0.40148883374689825,223.23403095869105,463669.21875,3564,328.077046243494,0.20145903479236812,0.4107744107744108,0.3877665544332211,10825.058144903032
H14,14,3524976.0,28633,18332.399543319498,0.12922152760800476,0.47075053260224214,0.40006286452694445,111028.10189021494,18694.30859375,2015,77.2024476255809,0.16823821339950373,0.4277915632754342,0.40397022332506205,585.8892271178925,561775.0625,3564,410.3552580268519,0.1989337822671156,0.4116161616161616,0.3894500561167228,13019.809497861777
H14,15,3595783.5,28633,18761.047151266055,0.12663709705584467,0.4715188768204519,0.40187895086089476,112831.09900812486,42133.7890625,2015,123.95436756965428,0.16823821339950373,0.4272952853598015,0.4044665012406948,1359.6213721466781,725635.4375,3564,551.4129108826347,0.1978114478114478,0.41245791245791247,0.3897306397306397,16681.570364925938
H14,16,3660769.75,28633,20121.09755311681,0.12167778437467258,0.4748716515908218,0.403485488771697,116351.29173566663,311913.53125,2015,1071.6028941643535,0.16724565756823823,0.4277915632754342,0.40496277915632756,15927.90226523505,783086.125,3564,2005.0143752392714,0.19500561167227834,0.41358024691358025,0.39169472502805835,26476.333667179857
H14,17,3719205.25,28633,21641.221579321256,0.11954737540600006,0.4775957810917473,0.402891768239444,120163.35764372561,667947.625,2015,2256.8705754469643,0.16724565756823823,0.4292803970223325,0.40347394540942927,34926.59913583881,789777.0,3564,3861.4031199204237,0.1941638608305275,0.4155443322109989,0.39057239057239057,45786.1627643451
H14,18,3765585.25,28633,22855.34294341729,0.11706771906541404,0.480040512695142,0.402891768239444,123646.97759295524,773369.125,2015,2574.4524255142546,0.1662531017369727,0.430272952853598,0.40347394540942927,39976.63127298406,822741.125,3564,4352.302622003151,0.19248035914702583,0.414983164983165,0.3925364758698092,50428.24958504115
H14,19,3791369.5,28633,25716.02374940426,0.11549610589180316,0.4833932874655118,0.40114553137987635,140199.64397566096,1722598.125,2015,5756.882378334458,0.16426799007444168,0.4272952853598015,0.4084367245657568,84728.30538601069,1722598.125,3564,6946.237291606156,0.18995510662177328,0.41414141414141414,0.39590347923681257,79295.73075585107
H14,20,3819898.0,28633,25191.666269996407,0.11284182586526037,0.48587294380609786,0.40132015506583313,131132.23205234707,1421653.875,2015,5985.18690794583,0.16327543424317617,0.4277915632754342,0.4089330024813896,68626.33728721518,1421653.875,3564,7472.050549417396,0.18714927048260382,0.41442199775533106,0.3984287317620651,65969.6358403316
H14,21,3832104.5,28633,26324.055766108533,0.11085111584535326,0.48852722383264063,0.4006216603220061,131296.42779857013,1294121.125,2015,7557.792580428095,0.1607940446650124,0.4292803970223325,0.4099255583126551,69794.87139916615,1294121.125,3564,10623.133695468143,0.18462401795735128,0.41835016835016836,0.39702581369248036,77380.84633940575
H14,22,3803344.0,28633,28093.900772507226,0.10865085740229805,0.48978451437152937,0.4015646282261726,136513.25557928992,1474819.5,2015,9405.320238981021,0.15781637717121588,0.432258064516129,0.4099255583126551,82401.84813979885,1474819.5,3564,13111.998669903965,0.18153759820426488,0.4217171717171717,0.39674523007856344,92657.54781995792
H14,23,3792411.25,28633,28173.377059701885,0.10718401844026124,0.4902036112178256,0.4026472950791045,132536.6655022347,1254564.125,2015,7311.073425311955,0.15533498759305212,0.4337468982630273,0.4109181141439206,64966.701316680774,1254564.125,3564,10890.003691717493,0.1781705948372615,0.4222783389450056,0.3995510662177329,73675.80835238929
H14,24,3807028.25,28633,28302.849310170226,0.10473928683686655,0.49142597701952295,0.4038696608808019,129792.19353756832,986330.125,2015,6711.450026810321,0.1523573200992556,0.43325062034739453,0.4143920595533499,53178.29938240052,986330.125,3564,10904.467667741686,0.17536475869809204,0.4217171717171717,0.4031986531986532,65971.27930505203
H14,25,3857619.25,28633,28770.802152956017,0.10236440470785457,0.490343310166591,0.40729228512555443,133166.77810504322,1088796.25,2015,8039.104454341501,0.1513647642679901,0.43325062034739453,0.4153846153846154,60386.92055824945,1088796.25,3564,12996.9090692406,0.1728395061728395,0.42031425364758696,0.4068462401795735,74801.8550589236
H14,26,3866909.25,28633,29911.66688271666,0.10019907100199071,0.49215939650054136,0.4076764572346593,138324.76527358618,1205529.375,2015,9829.721944004072,0.15086848635235733,0.4337468982630273,0.4153846153846154,69697.52174309568,1205529.375,3564,16027.24855576592,0.17087542087542087,0.4214365881032548,0.40768799102132436,87817.9974099518
H14,27,3760550.0,28633,31059.551852073895,0.0979988125589355,0.49268326755841163,0.4093528446198442,141405.00130554033,1289871.375,2015,11188.68668939614,0.15086848635235733,0.43523573200992555,0.4138957816377171,76376.58768972999,1289871.375,3564,18192.943204925163,0.17003367003367004,0.42312008978675647,0.4068462401795735,97223.92424629825
H14,28,3539663.0,28633,31746.788256531574,0.09530960779520134,0.49243879439807214,0.4122515978067265,141292.25909173585,1330173.5,2015,12075.208919028006,0.14937965260545905,0.43672456575682383,0.4138957816377171,79883.83184760946,1330173.5,3564,19874.38333484341,0.1686307519640853,0.42424242424242425,0.40712682379349047,104024.94045594023
H14,29,3198662.25,28633,30779.84556788101,0.09387769357035589,0.4909021059616526,0.41522020046799146,136397.8953583222,1351882.5,2015,12619.514050557984,0.1488833746898263,0.43771712158808934,0.4133995037220844,82523.3902924745,1352604.0,3564,20664.670764137707,0.1675084175084175,0.42508417508417506,0.4074074074074074,107278.96571281584
H14,30,2877432.0,28633,29911.503086816367,0.09150281144134391,0.48786365382600494,0.42063353473265114,131861.7368761503,1365668.375,2015,13124.396362698892,0.14640198511166252,0.4392059553349876,0.4143920595533499,84181.72164227864,1388108.625,3564,20894.303360579594,0.16526374859708193,0.42564534231200896,0.4090909090909091,107694.26177983162
H14,31,2816259.25,28633,30741.31257294128,0.0901756714280725,0.4849649006391227,0.4248594279328048,133081.87874433547,1383221.625,2015,13812.095878095595,0.14540942928039702,0.4446650124069479,0.4099255583126551,86410.88529758145,1416040.375,3564,21557.814364381487,0.1644219977553311,0.4292929292929293,0.4062850729517396,109498.77416040737
H14,32,2883280.25,28633,31703.69457344808,0.0887088324660357,0.4838822337861908,0.42740893374777356,134556.9937216774,1400684.625,2015,14446.899510771787,0.14392059553349876,0.4456575682382134,0.4104218362282878,89137.57217323198,1438884.25,3564,22287.59664526169,0.16301907968574636,0.43013468013468015,0.4068462401795735,112066.74744534362
H14,33,2863971.75,28633,32052.19283004317,0.0875213914015297,0.4826598679844934,0.4298187406139769,134147.8721939579,1417663.25,2015,14998.141503912811,0.143424317617866,0.44516129032258067,0.4114143920595533,92143.15845260414,1458731.5,3564,22950.24246808769,0.16245791245791247,0.43069584736251404,0.4068462401795735,114816.64783792867
H14,34,2795316.25,28633,32308.740233445515,0.08615932665106694,0.47976111479761113,0.4340795585513219,133822.76404250308,1433316.125,2015,15410.989869151288,0.141439205955335,0.4456575682382134,0.4129032258064516,94682.46196417946,1476995.125,3564,23447.32230170466,0.16021324354657687,0.43125701459034793,0.40852974186307517,117148.9645427205
H14,35,2659278.25,28633,32922.2246209968,0.08542590717004854,0.47717668424545107,0.4373974085845004,134804.994064064,1448433.0,2015,15764.334810757668,0.14094292803970224,0.4456575682382134,0.4133995037220844,96852.74543696785,1494159.25,3564,24032.771178451527,0.15993265993265993,0.43069584736251404,0.40937149270482603,119644.91995300441
H14,36,2499984.5,28633,33613.960111833956,0.08437816505430797,0.47612894212971046,0.43956274229036424,136447.85545491055,1462198.125,2015,16082.528582967243,0.14044665012406948,0.4436724565756824,0.41588089330024813,98826.19950801578,1510185.875,3564,24590.581083755384,0.15937149270482603,0.4292929292929293,0.4113355780022447,122011.99015790706
H14,37,2339590.75,28633,34699.93229043073,0.08378444452205497,0.47672266266196345,0.43952781755317294,139963.5438035732,1475831.5,2015,16463.771932317042,0.14044665012406948,0.4446650124069479,0.4148883374689826,101262.25751288165,1525474.5,3564,25322.967332015316,0.15937149270482603,0.43013468013468015,0.4104938271604938,125049.30330706085
H14,38,2378534.0,28633,36017.857583981124,0.08238745503440087,0.4780498026752349,0.4395976670275556,144688.0242141451,1488584.5,2015,16853.887381917466,0.13796526054590572,0.4471464019851117,0.4148883374689826,103856.99122807971,1540158.375,3564,26090.47277412688,0.15684624017957352,0.4323793490460157,0.4107744107744108,128351.29493555706
H14,39,2450985.0,28633,37166.60176822588,0.08203820766248734,0.47651311423881537,0.4414486780986973,148541.92175781567,1501090.75,2015,17252.326470373067,0.13796526054590572,0.4481389578163772,0.4138957816377171,106589.07733536566,1554201.0,3564,26624.644397587337,0.1574074074074074,0.43265993265993263,0.4099326599326599,130845.03549809754
H14,40,2467080.75,28633,38274.16001485479,0.08081584186079,0.47438270527014287,0.44480145286906714,152260.86222787516,1512271.375,2015,17653.10036721626,0.13746898263027296,0.4486352357320099,0.4138957816377171,109496.12947097998,1567408.125,3564,27287.195368343608,0.15656565656565657,0.4329405162738496,0.4104938271604938,133980.40764051315
H14,41,2431164.5,28633,39192.43661647684,0.08001257290538889,0.4755002968602661,0.444487130234345,155693.60698120386,1522447.5,2015,18006.041675694636,0.13746898263027296,0.4486352357320099,0.4138957816377171,112175.97751033294,1579461.375,3564,27957.7339329991,0.15628507295173963,0.4332210998877666,0.4104938271604938,137219.74629024861
H14,42,2428859.5,28633,40661.37111689977,0.07913945447560507,0.4782942758355743,0.4426361191632033,161494.60617479918,1548141.75,2015,18390.865512107575,0.1359801488833747,0.4496277915632754,0.4148883374689826,115246.99191260498,1590666.875,3564,28786.359338113354,0.15460157126823793,0.43434343434343436,0.4113355780022447,141247.11712654002
H14,43,2459638.0,28633,42628.71459218932,0.07847588446896937,0.47843397478433974,0.4430901407466909,169429.8519389333,1648205.5,2015,18763.51656570265,0.13548387096774195,0.4491315136476427,0.4153846153846154,118286.46182460086,1648205.5,3564,29708.339857457588,0.15404040404040403,0.4335016835016835,0.41245791245791247,145772.7486965072
H14,44,2645976.0,28633,44712.24108290903,0.07739321761603744,0.47916739426535815,0.4434393881186044,179307.62250979978,1734457.5,2015,19112.23599612874,0.1349875930521092,0.4466501240694789,0.41836228287841193,121084.27902024995,1734457.5,3564,30771.442840360025,0.15235690235690236,0.4323793490460157,0.4152637485970819,151061.12500756176
H14,45,2711909.25,28633,45043.46299205432,0.07665979813501904,0.47661788845038944,0.44672231341459157,181434.760742912,1838726.75,2015,19473.03655029377,0.1349875930521092,0.4496277915632754,0.4153846153846154,124286.22376406565,1838726.75,3564,31229.935136376916,0.15179573512906847,0.4332210998877666,0.414983164983165,153621.83762566568
H14,46,2628529.0,28633,44048.02759896539,0.07575175496804387,0.47916739426535815,0.44511577550378933,175547.82909527145,1991721.0,2015,19916.74409929111,0.13399503722084366,0.4496277915632754,0.4163771712158809,128694.03057844054,1991721.0,3564,31008.03721662466,0.1501122334455668,0.4340628507295174,0.4158249158249158,153801.11257284286
H14,47,2702725.5,28633,45554.62494185124,0.07519295917298223,0.47892292110501866,0.44591904445919045,181418.80915490485,2124519.75,2015,20368.654469097703,0.13399503722084366,0.4501240694789082,0.41588089330024813,132939.08347613137,2124519.75,3564,31677.094310404926,0.14870931537598203,0.43574635241301907,0.4155443322109989,157796.64442536223
H14,48,2787881.5,28633,48530.61316894356,0.07470401285230328,0.47001711312122374,0.45527887402647294,191651.3114629707,2257359.0,2015,20820.366243208082,0.13300248138957815,0.4521091811414392,0.4148883374689826,137261.43393231067,2257359.0,3564,32497.68436168963,0.1473063973063973,0.43799102132435463,0.41470258136924804,162405.57698396686
H14,49,2875436.5,28633,47810.53747783801,0.07407536758285894,0.47431285579576016,0.4516117766213809,194261.50514756533,2398963.0,2015,21303.32455355116,0.13200992555831265,0.4521091811414392,0.41588089330024813,141979.2247242832,2398963.0,3564,33298.447287903924,0.14618406285072952,0.4382716049382716,0.4155443322109989,167164.14931486102
H14,50,2955554.0,28633,49519.66179476892,0.07327209862745783,0.46862012363356964,0.45814270247616384,201836.90490025186,2550583.0,2015,21799.09459726846,0.1315136476426799,0.4531017369727047,0.4153846153846154,146999.38904637806,2550583.0,3564,34163.97146164781,0.1442199775533109,0.4393939393939394,0.4163860830527497,172350.238798307
H14,51,3185016.5,28633,51034.59392836977,0.072992700729927,0.46621031676736635,0.4608668319770894,210790.22831042684,2748568.75,2015,22406.76925515676,0.1315136476426799,0.4531017369727047,0.4153846153846154,153606.60567300481,2748568.75,3564,35226.712372845665,0.1442199775533109,0.4393939393939394,0.4163860830527497,179114.56202195142
H14,52,3359541.75,28633,52597.23579869767,0.07173541019103831,0.4644640799077987,0.463800509901163,217651.75167202245,2897181.75,2015,22887.436262209423,0.12903225806451613,0.45409429280397023,0.41687344913151364,158802.07967938026,2897181.75,3564,36052.665532189916,0.14281705948372614,0.43967452300785637,0.4175084175084175,184327.6042684674
H14,53,3546599.0,28633,54151.68707098332,0.0714560122935075,0.4626829183110397,0.4658610693954528,224602.1884482068,3045209.0,2015,23370.467885065886,0.12903225806451613,0.45409429280397023,0.41687344913151364,164058.93140918887,3045209.0,3564,36893.34873432354,0.1425364758698092,0.44023569023569026,0.4172278338945006,189669.70298528028
H14,54,3729745.25,28633,55559.15882819307,0.07103691544721126,0.4600984877588796,0.4688995215311005,231003.92135364743,3198804.5,2015,23869.185393969838,0.12853598014888337,0.45409429280397023,0.4173697270471464,169561.64833413306,3198804.5,3564,37745.20593753314,0.1419753086419753,0.4405162738496072,0.4175084175084175,195182.26413801315
H14,55,3904904.25,28633,56785.041567392465,0.07079244228687179,0.45573289560996055,0.4734746621031677,236821.88940526472,3350627.5,2015,24351.37942573205,0.12853598014888337,0.45508684863523574,0.4163771712158809,175041.0373147999,3350627.5,3564,38564.911643756175,0.1419753086419753,0.44107744107744107,0.4169472502805836,200645.4981290608
H14,56,4071274.25,28633,58107.949412424125,0.07009394754304474,0.45262459399993016,0.47728145845702513,242597.47562668126,3493258.0,2015,24810.626859003285,0.1270471464019851,0.45558312655086847,0.4173697270471464,180261.29735167007,3493258.0,3564,39344.86065194793,0.14057239057239057,0.4424803591470258,0.4169472502805836,205854.6323260321
H14,57,4245922.0,28633,59568.329513406934,0.06977962490832257,0.45024971187091817,0.47997066322075926,248739.2962283773,3635286.75,2015,25284.868577221747,0.12655086848635236,0.456575682382134,0.41687344913151364,185589.16967457216,3635286.75,3564,40152.89310704646,0.14001122334455668,0.44332210998877664,0.4166666666666667,211197.8149313781
H14,58,4368508.0,28633,60483.638724695025,0.06911605490168686,0.448154227639437,0.4827297174588761,251813.2763584939,3716628.0,2015,25562.010502329016,0.1260545905707196,0.4491315136476427,0.4248138957816377,188585.9740271869,3716628.0,3564,40642.38455958658,0.1394500561167228,0.4399551066217733,0.42059483726150393,214247.31934606616
H14,59,4504690.0,28633,61316.98560372193,0.0688715817413474,0.4478748297419062,0.48325358851674644,256004.0851506894,3849856.25,2015,25888.91198438719,0.1260545905707196,0.45707196029776676,0.41687344913151364,193355.59414707797,3849856.25,3564,41209.495746939254,0.1394500561167228,0.4447250280583614,0.4158249158249158,218754.10840831752
H14,60,4682849.0,28633,62403.73364800722,0.06841756015785981,0.44717633499807913,0.4845108790556351,261753.5066460934,3992407.25,2015,26255.490914079342,0.12406947890818859,0.45806451612903226,0.41836228287841193,198779.11359642434,3992407.25,3564,41870.39473101202,0.13748597081930417,0.44612794612794615,0.4169472502805836,224063.21856683926
H14,61,4875597.5,28633,63628.89679964767,0.0682080117347117,0.4464778402542521,0.48538399748541894,268020.75346186914,4137713.25,2015,26649.674348602097,0.12406947890818859,0.45806451612903226,0.41836228287841193,204550.3257129599,4137713.25,3564,42581.94342771005,0.13748597081930417,0.44668911335578004,0.4163860830527497,229740.5756993253
H14,62,5058619.5,28633,64772.81538533723,0.067544441728076,0.4457094960360423,0.4868159117102644,273931.32070877415,4276205.0,2015,27037.558234396525,0.12208436724565756,0.4575682382133995,0.42084367245657567,210138.67595388464,4276205.0,3564,43277.820182368894,0.1360830527497194,0.4450056116722783,0.41919191919191917,235229.28308483184
H14,63,5231973.0,28633,65850.41186293469,0.06702057067020571,0.4444172807599623,0.488562148569832,279556.2217925125,4408667.5,2015,27418.98208130514,0.12158808933002481,0.45707196029776676,0.42133995037220845,215500.34514640184,4408667.5,3564,43948.80053406379,0.13524130190796857,0.4441638608305275,0.42059483726150393,240448.62257461084
H14,64,5395338.0,28633,66863.40744012395,0.06653162434952677,0.4435092375929871,0.48995913805748614,285014.9407057055,4537238.0,2015,27819.46840609615,0.12109181141439206,0.456575682382134,0.42233250620347396,220733.5630028592,4537238.0,3564,44609.964819353794,0.13468013468013468,0.44332210998877664,0.4219977553310887,245493.55529092092
H14,65,5554292.5,28633,67886.93066219364,0.06635700066357,0.4423567212656725,0.49128627807075753,290626.37787308136,4667094.0,2015,28191.513207273987,0.12109181141439206,0.4575682382133995,0.42133995037220845,226073.01490143072,4667094.0,3564,45243.081940726894,0.13439955106621773,0.44388327721661053,0.4217171717171717,250629.9138666745
H14,66,5721767.0,28633,68959.02638058428,0.06586805434289107,0.44200747389375894,0.49212447176335,296391.3610508063,4803065.0,2015,28563.016910205668,0.12109181141439206,0.45806451612903226,0.42084367245657567,231724.78240256087,4803065.0,3564,45842.40671270733,0.13411896745230079,0.4447250280583614,0.4211560044893378,255860.12299142164
H14,67,5893630.5,28633,70105.82769919239,0.0656235811825516,0.44193762441937623,0.49243879439807214,302685.33260916534,4935304.5,2015,28926.6571070259,0.12109181141439206,0.4575682382133995,0.42133995037220845,237255.44693081686,4935304.5,3564,46477.25540355003,0.1335578002244669,0.44556677890011226,0.4208754208754209,261197.5601401514
H14,68,6051294.0,28633,71147.4012338447,0.06499493591310726,0.44200747389375894,0.4929975901931338,308402.7574714289,5062779.5,2015,29286.13000800923,0.1205955334987593,0.45508684863523574,0.42431761786600497,242571.59029355904,5062779.5,3564,47095.79296821628,0.13327721661054995,0.4447250280583614,0.4219977553310887,266332.16013388074
H14,69,6194701.0,28633,72103.6898908265,0.0649600111759159,0.4413788286243146,0.4936611601997695,313573.4231234648,5187310.5,2015,29625.17309106574,0.1205955334987593,0.45459057071960296,0.4248138957816377,247704.66034055344,5187310.5,3564,47685.00696834322,0.13327721661054995,0.4447250280583614,0.4219977553310887,271247.4720502051
H14,70,6330367.0,28633,73024.55291055064,0.06464568854119372,0.4405755596689135,0.4947787517898928,318734.2145439998,5308397.5,2015,29957.952273798863,0.12009925558312655,0.45508684863523574,0.4248138957816377,252721.33069702113,5308397.5,3564,48268.3056776724,0.132996632996633,0.4444444444444444,0.4225589225589226,276079.4925045847
H14,71,6470904.0,28633,73956.45171023738,0.06450598959242831,0.4401564628226173,0.4953375475849544,324028.1664211249,5428274.0,2015,30277.43875749795,0.12009925558312655,0.45508684863523574,0.4248138957816377,257631.49281803344,5428274.0,3564,48844.3371413665,0.132996632996633,0.4441638608305275,0.4228395061728395,280856.9842294582
H14,72,6607294.0,28633,74815.0793762866,0.06433136590647155,0.44001676387385186,0.4956518702196766,328817.59218267543,5547746.5,2015,30582.820677519703,0.12009925558312655,0.45508684863523574,0.4248138957816377,262189.01290332037,5547746.5,3564,49415.20956557864,0.1324354657687991,0.4441638608305275,0.4234006734006734,285393.04611285817
H14,73,6774324.0,28633,75654.0745625535,0.06426151643208886,0.4396675165019383,0.4960709670659728,333211.3240877257,5666256.0,2015,30837.1952529578,0.12009925558312655,0.45508684863523574,0.4248138957816377,265889.1690588819,5666256.0,3564,50002.78006372657,0.1324354657687991,0.44388327721661053,0.42368125701459036,289569.497900623
H14,74,6937096.0,28633,76525.70201206404,0.06370272063702721,0.43921349491845074,0.4971187091817134,337766.4348581699,5781073.5,2015,30967.10440610004,0.11910669975186104,0.45459057071960296,0.426302729528536,267345.1755231914,5781073.5,3564,50689.97160808171,0.13131313131313133,0.4441638608305275,0.4245230078563412,293268.1552398446
H14,75,7104240.0,28633,77505.44013700358,0.06342332273949638,0.4393182691300248,0.49725840813047884,343027.4032718493,5897577.0,2015,31042.23815799951,0.12009925558312655,0.4531017369727047,0.4267990074441687,268250.9377542386,5897577.0,3564,51454.12024468592,0.13187429854096522,0.44332210998877664,0.42480359147025815,297748.9057095983
H14,76,7265062.0,28633,78435.5448153657,0.0629693011560088,0.43945796807879023,0.497572730765201,348120.0536537194,6010963.0,2015,31351.457957199593,0.11910669975186104,0.4531017369727047,0.4277915632754342,272746.59542840504,6010963.0,3564,52024.13835151623,0.13103254769921435,0.44332210998877664,0.42564534231200896,302351.0438308836
H14,77,7427370.0,28633,79366.10803324648,0.06262005378409527,0.4393881186044075,0.49799182761149724,353195.2531177986,6125226.0,2015,31684.449644000233,0.11861042183622829,0.4531017369727047,0.428287841191067,277682.7362913463,6125226.0,3564,52575.660093795435,0.1307519640852974,0.44388327721661053,0.42536475869809204,306990.0888656027
H14,78,7590790.5,28633,80256.1608254471,0.0622358816749904,0.43903887123249397,0.49872524709251564,357860.6906929211,6240048.5,2015,32027.551292319687,0.11811414392059554,0.45260545905707195,0.4292803970223325,282615.4745630137,6240048.5,3564,53141.68372602886,0.13047138047138046,0.4436026936026936,0.42592592592592593,311682.0245300909
H14,79,7766609.5,28633,81161.69746139081,0.062061257989033634,0.4384102259630496,0.4995634407851081,362056.3154624048,6362961.0,2015,32391.94240114087,0.11761786600496278,0.45359801488833745,0.4292803970223325,287881.9238230206,6362961.0,3564,53751.95014433488,0.13019079685746351,0.4441638608305275,0.42592592592592593,316755.71463116544
H14,80,7927662.0,28633,81985.54114464294,0.06153738693116334,0.43830545175147556,0.5001571613173611,365836.47434694576,6476549.5,2015,32746.887662371035,0.11612903225806452,0.45359801488833745,0.430272952853598,292731.25561024767,6476549.5,3564,54331.26031505738,0.12878787878787878,0.4444444444444444,0.42676767676767674,321440.04685295315
H14,81,8077225.5,28633,82722.072601616,0.061292913770823874,0.43774665595641393,0.5009604302727622,368936.5720936227,6580375.5,2015,33136.79213289759,0.11612903225806452,0.4531017369727047,0.4307692307692308,297249.15381729405,6580375.5,3564,54964.536244910225,0.12878787878787878,0.4441638608305275,0.4270482603815937,325845.5335774213
H14,82,8222148.5,28633,83422.97308412846,0.060908741661718994,0.437851430167988,0.5012747529074844,371822.79710440646,6673861.0,2015,33588.39240125405,0.11612903225806452,0.45359801488833745,0.430272952853598,301662.0715927907,6673861.0,3564,55688.64792086288,0.1282267115600449,0.4444444444444444,0.4273288439955107,330211.5493340229
H14,83,8375816.5,28633,84209.41231867585,0.060873816924527646,0.4379212796423707,0.5012747529074844,376131.6814099413,6768119.5,2015,33998.74258720323,0.11612903225806452,0.45409429280397023,0.4297766749379653,306182.58285448706,6768119.5,3564,56420.89996299934,0.12850729517396184,0.4441638608305275,0.4273288439955107,334789.41206537344
H14,84,8529707.0,28633,85027.24477650943,0.06045472007823141,0.4377815806936053,0.5017986239653547,380351.6885983541,6861934.5,2015,34394.87970638621,0.11612903225806452,0.45459057071960296,0.4297766749379653,310678.0179297635,6861934.5,3564,57332.88743678809,0.1282267115600449,0.4447250280583614,0.4273288439955107,339677.62834735465
H14,85,8680025.0,28633,85800.9117388352,0.060524569552614114,0.4371878601613523,0.5023224950232249,384377.367772359,6953546.0,2015,34780.49801961135,0.11612903225806452,0.45459057071960296,0.4297766749379653,315086.05268605857,6953546.0,3564,58137.25088675902,0.1282267115600449,0.4444444444444444,0.4276094276094276,344487.8538050183
H14,86,8821243.0,28633,86547.75364970052,0.060105472706317886,0.4376069570076485,0.5023224950232249,388465.9441490492,7040739.5,2015,35173.22611334267,0.11513647642679901,0.45558312655086847,0.4297766749379653,319321.1898313792,7040739.5,3564,58784.998292497905,0.1271043771043771,0.4450056116722783,0.4281705948372615,348798.43266039126
H14,87,8957157.0,28633,87332.11074824982,0.06003562323193518,0.43750218279607445,0.5024971187091817,392841.01867356396,7127042.0,2015,35582.66614174916,0.11464019851116625,0.45558312655086847,0.4297766749379653,323565.96003373107,7127042.0,3564,59460.02442102089,0.12682379349046016,0.4450056116722783,0.4281705948372615,353169.10796002985
H14,88,9085470.0,28633,88026.50175227111,0.05996577375755247,0.43732755911011767,0.5027066671323298,397019.6851148342,7209023.5,2015,35987.580093871315,0.11513647642679901,0.45607940446650125,0.4287841191066998,327661.2204375806,7209023.5,3564,60134.65624052047,0.1271043771043771,0.4452861952861953,0.4276094276094276,357430.348802209
H14,89,9200335.0,28633,88684.09530836978,0.060140397443509234,0.43690846226382146,0.5029511402926693,400759.66738226434,7282474.5,2015,36384.16823163408,0.11563275434243177,0.45508684863523574,0.4292803970223325,331393.14473488723,7282474.5,3564,60773.894921658015,0.127665544332211,0.4447250280583614,0.4276094276094276,361294.0592794049
H14,90,9305902.0,28633,89307.84203213552,0.06007054796912653,0.43690846226382146,0.5030559145042434,404290.7129373978,7349659.0,2015,36765.35753801823,0.11563275434243177,0.45508684863523574,0.4292803970223325,334844.34164325823,7349659.0,3564,61393.204721036745,0.12794612794612795,0.4447250280583614,0.4276094276094276,364895.29953280074
H14,91,9401318.0,28633,89883.75748591404,0.060140397443509234,0.43655921489190797,0.5033003876645828,407578.18515133555,7410256.0,2015,37133.855779853926,0.11563275434243177,0.45459057071960296,0.4297766749379653,338000.1011131999,7410256.0,3564,61987.17889524362,0.12794612794612795,0.4441638608305275,0.4278900112233446,368219.55861004477
H14,92,9490264.0,28633,90412.3074520066,0.06007054796912653,0.43641951594314254,0.5035448608249223,410622.8675306031,7466185.5,2015,37486.25288676992,0.11563275434243177,0.45409429280397023,0.430272952853598,340944.332667184,7466185.5,3564,62560.77601936325,0.12794612794612795,0.4441638608305275,0.4278900112233446,371333.00338896184
H14,93,9569907.0,28633,90880.75559028148,0.060140397443509234,0.4364544406803339,0.5034400866133483,413342.11515174573,7516008.0,2015,37811.761201233836,0.11563275434243177,0.45459057071960296,0.4297766749379653,343592.8463622153,7516008.0,3564,63084.28521466463,0.1282267115600449,0.44388327721661053,0.4278900112233446,374137.80529944843
H14,94,9643055.0,28633,91292.32333221508,0.06003562323193518,0.4365242901547166,0.5034400866133483,415868.3601327579,7561319.0,2015,38114.32739540296,0.11563275434243177,0.45508684863523574,0.4292803970223325,346025.723137583,7561319.0,3564,63567.354025284825,0.1282267115600449,0.4441638608305275,0.4276094276094276,376711.2125774956
H14,95,9707679.0,28633,91656.59517353389,0.06024517165508329,0.43641951594314254,0.5033353124017742,418183.6445523467,7601236.5,2015,38388.206315281845,0.11563275434243177,0.45459057071960296,0.4297766749379653,348202.41847720643,7601236.5,3564,64011.09841881123,0.12850729517396184,0.4441638608305275,0.4273288439955107,379032.5469299518
H14,96,9766733.0,28633,91977.15857917548,0.060210246917891945,0.43648936541752525,0.5033353124017742,420279.4941901872,7637428.0,2015,38641.42426986877,0.11563275434243177,0.45459057071960296,0.4297766749379653,350188.53192181134,7637428.0,3564,64420.214899997976,0.12850729517396184,0.4441638608305275,0.4273288439955107,381152.84857081954
H14,97,9817458.0,28633,92239.7956635289,0.060489644815422766,0.4362798169943771,0.5032654629273915,422077.60413237027,7668520.0,2015,38859.483474399574,0.11612903225806452,0.45409429280397023,0.4297766749379653,351891.27400813723,7668520.0,3564,64772.42581109511,0.12906846240179573,0.4441638608305275,0.42676767676767674,382973.67520666705
H14,98,9862224.0,28633,92453.86737864836,0.06045472007823141,0.4362798169943771,0.5032654629273915,423691.4169291066,7695736.0,2015,39055.2566941112,0.11563275434243177,0.45409429280397023,0.430272952853598,353402.8650189581,7695736.0,3564,65087.82035077166,0.12878787878787878,0.4441638608305275,0.4270482603815937,384594.7414187054
H14,99,9898943.0,28633,92616.35719338382,0.060489644815422766,0.43624489225718577,0.5032654629273915,425066.8700504394,7718104.5,2015,39220.63445916546,0.11563275434243177,0.45409429280397023,0.430272952853598,354660.70409594744,7718104.5,3564,65354.785199295104,0.12878787878787878,0.44388327721661053,0.4273288439955107,385952.3401166564
H14,100,9930414.0,28633,92734.92872790972,0.060524569552614114,0.43610519330842035,0.5033702371389656,426118.27916754154,7737140.0,2015,39353.5088601533,0.11563275434243177,0.45409429280397023,0.430272952853598,355729.76098802965,7737140.0,3564,65570.52500000403,0.12906846240179573,0.44332210998877664,0.4276094276094276,387090.85320095037
H14,101,9952836.0,28633,92791.26428801862,0.06083889218733629,0.4357210211993155,0.5034400866133483,426712.3050889096,7750804.0,2015,39450.13576403021,0.11662531017369727,0.45359801488833745,0.4297766749379653,356503.01466163126,7750804.0,3564,65719.51793200412,0.12962962962962962,0.4430415263748597,0.4273288439955107,387891.8138915326
H14,102,9968514.0,28633,92779.34795628113,0.06094366639891035,0.43568609646212414,0.5034400866133483,427056.17670753715,7760185.5,2015,39505.459297775364,0.11662531017369727,0.45359801488833745,0.4297766749379653,357023.770234681,7760185.5,3564,65807.71503393793,0.12962962962962962,0.44276094276094274,0.4276094276094276,388421.69341980916
H14,103,9975719.0,28633,92703.48242342986,0.06125798903363252,0.43561624698774143,0.5031606887158174,427135.2445843725,7764533.5,2015,39526.133906769384,0.11712158808933003,0.45409429280397023,0.4287841191066998,357262.5554609881,7764533.5,3564,65838.67803066847,0.12991021324354657,0.4430415263748597,0.4270482603815937,388655.77680957783
H14,104,9977627.0,28633,92563.6831505218,0.061292913770823874,0.43568609646212414,0.5030559145042434,427065.27121258306,7765781.5,2015,39511.405189260506,0.11712158808933003,0.45409429280397023,0.4287841191066998,357295.1535695524,7765781.5,3564,65820.12224692806,0.12991021324354657,0.4436026936026936,0.4264870931537598,388675.52230796195
H14,105,9973396.0,28633,92376.73430424048,0.06160723640554605,0.43551147277616736,0.5029162155554779,426888.8103839477,7762957.0,2015,39474.18524635674,0.11761786600496278,0.45409429280397023,0.428287841191067,357126.5948459247,7762957.0,3564,65766.14930402738,0.13047138047138046,0.4430415263748597,0.4264870931537598,388498.4038027416
H14,106,9965855.0,28633,92160.05672203812,0.061677085879928754,0.435476548038976,0.5028812908182866,426492.5124965256,7758043.0,2015,39421.13634563083,0.11761786600496278,0.45359801488833745,0.4287841191066998,356821.83151442657,7758043.0,3564,65677.87623946997,0.13047138047138046,0.4430415263748597,0.4264870931537598,388160.16045884235
H14,107,9951570.0,28633,91895.80035070966,0.0617120106171201,0.43537177382740194,0.5029511402926693,425760.93559498363,7749335.5,2015,39327.70646709436,0.11811414392059554,0.4521091811414392,0.4297766749379653,356293.4634386274,7749335.5,3564,65531.27309826239,0.1307519640852974,0.44219977553310885,0.4270482603815937,387567.66792381945
H14,108,9932711.0,28633,91586.32340463389,0.0617120106171201,0.4355813222505501,0.5027066671323298,424812.05749490304,7737698.5,2015,39202.870471453025,0.11761786600496278,0.4531017369727047,0.4292803970223325,355584.14834179357,7737698.5,3564,65337.0051913612,0.13019079685746351,0.44332210998877664,0.4264870931537598,386773.523625053
H14,109,9906532.0,28633,91221.22348095526,0.061956483777459576,0.4355813222505501,0.5024621939719903,423577.15617938316,7721747.0,2015,39047.38044375598,0.11811414392059554,0.4521091811414392,0.4297766749379653,354633.3351592969,7721747.0,3564,65089.6229056582,0.13131313131313133,0.44276094276094274,0.42592592592592593,385715.64143809146
H14,110,9876193.0,28633,90808.81917420562,0.06202633325184228,0.4358956448852722,0.5021478713372682,422194.7556981343,7703059.0,2015,38866.98040313566,0.11861042183622829,0.4521091811414392,0.4297766749379653,353513.75844136963,7703059.0,3564,64803.07810750256,0.13131313131313133,0.4430415263748597,0.42592592592592593,384480.2256953564
H14,111,9839315.0,28633,90347.55765787633,0.0622358816749904,0.43575594593650685,0.5020430971256942,420656.0139440365,7680520.5,2015,38659.00400042392,0.11861042183622829,0.4521091811414392,0.4292803970223325,352187.4253368726,7680520.5,3564,64474.89442359979,0.13159371492704827,0.4430415263748597,0.42564534231200896,383033.2095346477
H14,112,9798943.0,28633,89866.92880887465,0.062445430098138514,0.4356511717249328,0.5020430971256942,418946.56065639,7655637.0,2015,38432.276102445714,0.12009925558312655,0.45062034739454093,0.430272952853598,350725.3700319623,7655637.0,3564,64114.139442029256,0.1324354657687991,0.44276094276094274,0.42564534231200896,381434.70982285734
H14,113,9751874.0,28633,89338.6865815969,0.06275975273286069,0.4357210211993155,0.5015192260678238,416935.2423768594,7626745.0,2015,38175.58921758104,0.12009925558312655,0.45161290322580644,0.428287841191067,349052.49108253093,7626745.0,3564,63704.2500711917,0.1324354657687991,0.44332210998877664,0.42424242424242425,379596.1627076095
H14,114,9701632.0,28633,88767.52547850535,0.06279467747005203,0.4356511717249328,0.5015541508050152,414860.9868074333,7595663.0,2015,37901.31581859665,0.12009925558312655,0.4521091811414392,0.4277915632754342,347250.4577799243,7595663.0,3564,63266.86667507779,0.1324354657687991,0.4436026936026936,0.4239618406285073,377628.90852366
H14,115,9647070.0,28633,88167.06742069859,0.06317884957915691,0.43561624698774143,0.501239828170293,412746.46134279144,7561947.5,2015,37607.41230957398,0.12009925558312655,0.45062034739454093,0.4292803970223325,345316.9268876404,7561947.5,3564,62805.98018080162,0.13271604938271606,0.44276094276094274,0.4245230078563412,375540.0105488482
H14,116,9591467.0,28633,87551.48556754948,0.06328362379073098,0.43586072014808086,0.5009604302727622,410557.54427476035,7527288.0,2015,37302.512637085005,0.12009925558312655,0.4521091811414392,0.428287841191067,343321.5062447028,7527288.0,3564,62327.34999048323,0.13271604938271606,0.44332210998877664,0.42424242424242425,373380.75292288157
H14,117,9531625.0,28633,86908.30489414957,0.06370272063702721,0.436070268571229,0.5002968602661265,408199.6349142368,7489997.0,2015,36979.645196650396,0.12009925558312655,0.45260545905707195,0.4277915632754342,341199.4450522413,7489997.0,3564,61818.98796156054,0.132996632996633,0.44332210998877664,0.4239618406285073,371077.4040978411
H14,118,9470234.0,28633,86254.84682871308,0.06380749484860126,0.43603534383403764,0.5002619355289352,405754.7011285309,7451373.5,2015,36648.572394083945,0.12009925558312655,0.4521091811414392,0.428287841191067,339010.56041852594,7451373.5,3564,61293.947338081634,0.132996632996633,0.44276094276094274,0.4245230078563412,368691.56417235493
H14,119,9404368.0,28633,85569.93175055663,0.06398211853455803,0.4360004190968463,0.5000873118429784,403111.6219586551,7409867.0,2015,36295.97365125747,0.12009925558312655,0.4521091811414392,0.4287841191066998,336681.81838903413,7409867.0,3564,60736.87115959554,0.13327721661054995,0.44332210998877664,0.4239618406285073,366147.6140409473
H15,0,1517919.875,28633,887.2888620811503,0.2509342367198687,0.40317116613697485,0.34613907030349594,24177.213513502844,3.8324689865112305,2015,0.11147316300592033,0.228287841191067,0.3940446650124069,0.37766749379652603,0.3246217729166545,11.80430793762207,3564,0.13985747872515827,0.2716049382716049,0.377665544332211,0.351010101010101,0.5071441727123297
H15,1,2709874.75,28633,4052.9924194179935,0.234030663919254,0.4118325009604303,0.35413683512031574,69312.45695240462,13.128829956054688,2015,0.6977394918430244,0.2129032258064516,0.40148883374689825,0.38560794044665014,1.517190165556186,45.506778717041016,3564,0.8282138569192795,0.2547699214365881,0.38496071829405165,0.3602693602693603,2.2412209867789037
H15,2,2312620.5,28633,3820.481134311811,0.21122481053330075,0.423392588970768,0.36538260049593124,61224.97743075279,47.4138069152832,2015,2.848039521861649,0.20049627791563276,0.4074441687344913,0.3920595533498759,6.061821867760525,136.23046875,3564,3.234598182182199,0.2382154882154882,0.39281705948372614,0.36896745230078565,7.758297256746455
H15,3,1920375.25,28633,3769.7369578636317,0.20169035728006146,0.42932979429329793,0.3689798484266406,55672.143579908756,155.61041259765625,2015,6.054858568823104,0.19602977667493796,0.4104218362282878,0.3935483870967742,14.235299989149647,387.74127197265625,3564,6.735454062534557,0.23316498316498316,0.3942199775533109,0.372615039281706,18.126341292764845
H15,4,1835125.75,28633,4054.452449322908,0.18887297873083506,0.4368036880522474,0.3743233332169175,52163.12573973671,319.5283203125,2015,9.929658772227441,0.19106699751861042,0.4153846153846154,0.3935483870967742,23.33211664846744,777.2418823242188,3564,11.293109909518668,0.22643097643097643,0.3961840628507295,0.377384960718294,32.96947580394284
H15,5,1811715.625,28633,5479.508709228843,0.18209757971571264,0.4411343554639751,0.3767680648203122,59075.31159077916,326.6529846191406,2015,13.035658852834572,0.1890818858560794,0.4143920595533499,0.3965260545905707,30.273801109506735,1192.497802734375,3564,15.040446145521898,0.22362514029180697,0.39590347923681257,0.38047138047138046,46.20923167178193
H15,6,1762894.625,28633,6084.920560431386,0.17371564278978802,0.44605874340795587,0.3802256138022561,60758.080506192986,372.0924072265625,2015,16.775506286941226,0.18560794044665013,0.41588089330024813,0.39851116625310173,38.19707419633269,1749.3411865234375,3564,19.611355980154087,0.2191358024691358,0.3984287317620651,0.3824354657687991,62.20082186630754
H15,7,1608339.875,28633,5541.519213319543,0.16938497537806027,0.44745573289560997,0.38322914120071244,53439.56841969564,582.7847290039062,2015,20.25173201413627,0.18511166253101738,0.4153846153846154,0.4,48.151697434851144,2271.57568359375,3564,23.793341238828326,0.21801346801346802,0.398989898989899,0.3835578002244669,78.61546166434147
H15,8,1550580.625,28633,6356.362420407142,0.16138721056124053,0.4518562497817204,0.38679146439423046,56319.76643965289,1395.6871337890625,2015,24.72046410123245,0.18014888337468982,0.41885856079404465,0.40099255583126553,64.32868305304784,2611.444580078125,3564,29.083766080895565,0.21268237934904602,0.40179573512906847,0.38552188552188554,96.57283854242769
H15,9,1725233.875,28633,8148.907975121568,0.1567072957775993,0.45559319666119513,0.3876995075612056,70379.25780537598,1998.8179931640625,2015,28.526370978171325,0.1791563275434243,0.42034739454094294,0.40049627791563275,80.65843956294566,2906.474609375,3564,33.893482267023906,0.2112794612794613,0.4031986531986532,0.38552188552188554,116.37112431899624
H15,10,2122966.75,28633,9435.657971838807,0.14860475674920545,0.46072713302832397,0.3907030349596619,77796.59444489068,3415.036376953125,2015,33.68048853485652,0.1771712158808933,0.42233250620347396,0.40049627791563275,110.0165112733199,3415.036376953125,3564,40.75090658239716,0.20707070707070707,0.4057239057239057,0.3872053872053872,151.45648941452234
H15,11,2485073.25,28633,11367.455572782228,0.14469318618377397,0.4641497572730765,0.3911919812803409,87697.97203784234,4255.63623046875,2015,37.46191631496983,0.17667493796526054,0.4238213399503722,0.39950372208436724,131.71733429299616,4255.63623046875,3564,46.70666119355628,0.20650953984287318,0.4068462401795735,0.3866442199775533,187.46792193919552
H15,12,2756814.5,28633,13153.498363090357,0.1398037229769846,0.46907414521705726,0.3911221318059582,94251.32098503782,4942.33935546875,2015,41.86603895286953,0.17320099255583127,0.4258064516129032,0.40099255583126553,149.95267910319757,225030.8125,3564,177.9126432050008,0.20286195286195285,0.409652076318743,0.38748597081930414,5291.101766762419
H15,13,2959875.5,28633,14604.066237236982,0.13697481926448504,0.4715188768204519,0.3915412286522544,97822.30545751505,5424.865234375,2015,47.310012670188954,0.17220843672456576,0.4258064516129032,0.40198511166253104,169.25318172874657,379259.03125,3564,272.19454186383075,0.20202020202020202,0.4102132435465769,0.3877665544332211,8973.948314585818
H15,14,3103307.25,28633,16658.38794324382,0.13212028079488702,0.47291586630810606,0.394963852897007,103188.6659094497,18557.302734375,2015,72.35234919370691,0.16823821339950373,0.4287841191066998,0.40297766749379654,568.3757842724042,378868.59375,3564,297.6178815851986,0.1989337822671156,0.41301907968574636,0.38804713804713803,8933.255560357738
H15,15,3157616.75,28633,17490.480094350318,0.1298501728774491,0.4722522963014703,0.3979673802954633,104196.75421202437,41785.953125,2015,119.28520390625674,0.16823821339950373,0.4277915632754342,0.40397022332506205,1339.5561871187376,404875.28125,3564,359.0493515595526,0.1978114478114478,0.4127384960718294,0.3894500561167228,9566.756849234898
H15,16,3176460.25,28633,17250.39753015167,0.12572905388886949,0.4730904899940628,0.40121538085425906,103420.85456571596,308144.9375,2015,1013.6154805681127,0.16724565756823823,0.4287841191066998,0.40397022332506205,15594.208783767666,443879.40625,3564,1075.8604758161462,0.19640852974186307,0.4127384960718294,0.39113355780022446,16867.005039590375
H15,17,3220048.75,28633,17786.934000519785,0.12338909649704886,0.4733000384172109,0.403485488771697,105770.60908365896,664942.4375,2015,2179.385942745773,0.16724565756823823,0.4287841191066998,0.40397022332506205,34644.548376858744,664942.4375,3564,2012.0093573268405,0.19556677890011223,0.41414141414141414,0.39057239057239057,31595.26048390213
H15,18,3281822.0,28633,18945.51277928567,0.12000139698948765,0.47630356581566724,0.4037299619320365,110116.43538814207,774557.8125,2015,2521.4870102752297,0.16674937965260547,0.4292803970223325,0.40397022332506205,39915.347924415175,774557.8125,3564,2555.468331304123,0.19332210998877666,0.414983164983165,0.39169472502805835,36959.80648606836
H15,19,3351740.5,28633,22503.54764181446,0.11752174064890161,0.47850382425872245,0.4039744350923759,131014.20203509027,1710569.75,2015,5663.976945277196,0.16426799007444168,0.428287841191067,0.4074441687344913,84111.75769695811,1710569.75,3564,6280.1831268486085,0.18995510662177328,0.4158249158249158,0.3942199775533109,76142.23598819015
H15,20,3427006.5,28633,22843.135191790232,0.11521670799427235,0.48129780323403065,0.403485488771697,125061.93609157049,1426217.25,2015,5972.3736224897075,0.16327543424317617,0.4277915632754342,0.4089330024813896,68788.47820409136,1426217.25,3564,7971.279416187601,0.18855218855218855,0.414983164983165,0.39646464646464646,69481.42071923312
H15,21,3490740.25,28633,24141.04148466941,0.11294660007683442,0.485593545908567,0.4014947787517899,126525.39954155422,1294044.75,2015,7510.2814718665795,0.16129032258064516,0.4292803970223325,0.4094292803970223,69584.89886474877,1294044.75,3564,11098.614850395159,0.186307519640853,0.4175084175084175,0.3961840628507295,80234.9913852838
H15,22,3537553.25,28633,25366.927370225734,0.11050186847343973,0.4889463206789369,0.40055181084762337,131215.18657261677,1471080.0,2015,9361.773885743032,0.15781637717121588,0.4317617866004963,0.4104218362282878,82260.69213054038,1471080.0,3564,13144.789064549834,0.18209876543209877,0.42059483726150393,0.39730639730639733,93076.64460490712
H15,23,3582664.25,28633,24917.01233530431,0.10903502951140293,0.48999406279467744,0.40100583243111093,126142.52589839103,1264051.5,2015,7327.829003866778,0.15583126550868487,0.4337468982630273,0.4104218362282878,65404.751578268726,1264051.5,3564,10405.039952410667,0.17929292929292928,0.4217171717171717,0.398989898989899,72515.48986772166
H15,24,3653983.75,28633,25503.891698958767,0.106764921593965,0.49044808437816506,0.4028219187650613,123936.67680597136,984703.0625,2015,6645.595864491285,0.15384615384615385,0.4317617866004963,0.4143920595533499,52918.647275533905,984703.0625,3564,10160.654577032461,0.17676767676767677,0.4186307519640853,0.4046015712682379,62797.54001537122
H15,25,3756252.0,28633,27520.509231156713,0.10491391052282331,0.490937030698844,0.40418398351552404,129495.2774968814,1087049.5,2015,7968.295781806705,0.15285359801488835,0.4327543424317618,0.4143920595533499,60123.9605110214,1087049.5,3564,12273.423978167853,0.1745230078563412,0.41947250280583614,0.4060044893378227,71833.70334227878
H15,26,3842537.25,28633,29790.060611777564,0.10222470575908917,0.49201969755177594,0.40579052142632627,135692.735804621,1201316.5,2015,9740.87888652148,0.15086848635235733,0.43325062034739453,0.41588089330024813,69312.47019641046,1201316.5,3564,15303.554741938424,0.17143658810325477,0.4214365881032548,0.4074074074074074,84801.87858333079
H15,27,3846294.0,28633,30531.441591006474,0.10086264100862641,0.49184507386581916,0.40729228512555443,137384.43885963544,1288694.75,2015,11138.768198442045,0.15086848635235733,0.43523573200992555,0.4138957816377171,76223.10211253332,1288694.75,3564,17654.80680040865,0.17059483726150393,0.4228395061728395,0.4065656565656566,95083.50883398774
H15,28,3777092.5,28633,30010.401791684923,0.09862745782837984,0.49317221387909055,0.4082701777669123,135927.8819191826,1330368.625,2015,12027.9362361556,0.1498759305210918,0.43622828784119105,0.4138957816377171,79772.41242356446,1330368.625,3564,19361.782180784612,0.1697530864197531,0.42368125701459036,0.4065656565656566,102232.74239601311
H15,29,3630000.75,28633,29660.672892415125,0.0972653930779171,0.49184507386581916,0.41088953305626374,134644.75702339146,1352695.125,2015,12589.902995689321,0.14937965260545905,0.43722084367245656,0.4133995037220844,82486.07192896333,1352695.125,3564,20448.312137945173,0.16891133557800225,0.4234006734006734,0.40768799102132436,107051.60054664983
H15,30,3357366.25,28633,29870.4024981145,0.0954143820067754,0.487968428037579,0.41661718995564556,133007.61061580532,1366533.5,2015,12904.729364892666,0.1488833746898263,0.43771712158808934,0.4133995037220844,84075.6045312556,1387849.375,3564,20983.26508378754,0.16722783389450055,0.42508417508417506,0.40768799102132436,109394.31685940153
H15,31,2938071.75,28633,29749.91628078384,0.0941570914678867,0.48545384695980165,0.42038906157231165,130771.70158408955,1384020.375,2015,13167.1832452314,0.14838709677419354,0.4392059553349876,0.41240694789081883,85513.8411579372,1415895.625,3564,21405.91399427725,0.1669472502805836,0.4264870931537598,0.4065656565656566,111277.1591402939
H15,32,2558477.0,28633,29461.83947428148,0.09192190828764013,0.4870603848706038,0.4210875563161387,129431.05783166652,1401578.5,2015,13391.930698421613,0.14540942928039702,0.44069478908188586,0.4138957816377171,86776.2660499485,1438879.625,3564,21637.793330934423,0.1644219977553311,0.4278900112233446,0.40768799102132436,112231.47383552387
H15,33,2448574.0,28633,30103.2897074817,0.09000104774211574,0.4872350085565606,0.42276394370132364,130906.36146325992,1418603.5,2015,13804.856559523205,0.14491315136476426,0.44069478908188586,0.4143920595533499,88042.80697555252,1458775.875,3564,21881.47311080889,0.1638608305274972,0.4278900112233446,0.40824915824915825,112557.56398146527
H15,34,2448089.25,28633,31027.17211700978,0.08825481088254811,0.487374707505326,0.4244054063493172,132074.76108461566,1434316.625,2015,14439.00984473118,0.1424317617866005,0.4466501240694789,0.4109181141439206,89955.54449791143,1477088.0,3564,22515.285285294223,0.16161616161616163,0.4318181818181818,0.4065656565656566,114016.9494992974
H15,35,2395712.5,28633,31267.60347023284,0.08727691824119023,0.48555862117137566,0.42716446058743407,130935.37105821689,1449522.375,2015,15048.581782070129,0.14193548387096774,0.4461538461538462,0.4119106699751861,92568.68837033652,1494292.375,3564,23163.845464665435,0.16133557800224466,0.43097643097643096,0.40768799102132436,116221.22358136899
H15,36,2419354.25,28633,31513.617078343337,0.0861244019138756,0.48374253483742535,0.43013306324869904,130672.53874220196,1463361.0,2015,15517.958905298257,0.14044665012406948,0.4446650124069479,0.4148883374689826,95185.14501775609,1510366.625,3564,23638.13318576663,0.15965207631874298,0.43069584736251404,0.409652076318743,118328.64295329679
H15,37,2505452.75,28633,32618.73555537388,0.08542590717004854,0.4806691579645863,0.43390493486536513,133649.0725977551,1477063.375,2015,15904.944618737816,0.14044665012406948,0.4436724565756824,0.41588089330024813,97493.65379426492,1525701.625,3564,24202.60026840538,0.15965207631874298,0.43013468013468015,0.4102132435465769,120709.0602307201
H15,38,2462027.5,28633,33713.45289573793,0.08413369189396849,0.4774211574057905,0.43854992491181505,136473.48269472388,1489834.0,2015,16273.835739800244,0.14044665012406948,0.44516129032258067,0.4148883374689826,99728.83301142842,1540398.375,3564,24812.932301234225,0.15881032547699214,0.43153759820426485,0.4099326599326599,123236.44548522936
H15,39,2288620.25,28633,34566.3720568759,0.08329549820137604,0.4772116089826424,0.43952781755317294,138741.51456339538,1502431.5,2015,16639.482361027054,0.13895781637717122,0.4466501240694789,0.4148883374689826,102008.86489386679,1554545.125,3564,25480.82289013895,0.1579685746352413,0.43069584736251404,0.4116161616161616,125983.32739022038
H15,40,2247767.0,28633,35572.03075614733,0.08249222924597492,0.4791324695281668,0.43837530122585827,142156.02395551812,1514098.25,2015,17065.887488292057,0.13796526054590572,0.4461538461538462,0.41588089330024813,104623.24371213705,1568162.25,3564,26281.536439761352,0.15712682379349047,0.43125701459034793,0.4116161616161616,129246.53844569487
H15,41,2293188.5,28633,36404.36381927555,0.08172388502776516,0.4803199105926728,0.43795620437956206,145008.7676207473,1524725.125,2015,17415.13006203375,0.13796526054590572,0.4471464019851117,0.4148883374689826,107020.71050730858,1580665.25,3564,26848.091874497455,0.15684624017957352,0.4323793490460157,0.4107744107744108,131778.71937739337
H15,42,2357127.5,28633,37374.58743396561,0.08067614291202459,0.4795864911116544,0.439737365976321,148154.01896330406,1534229.0,2015,17775.01201745987,0.1369727047146402,0.4491315136476427,0.4138957816377171,109729.35409410819,1592087.625,3564,27376.923237597322,0.15572390572390574,0.4337822671156005,0.4104938271604938,134341.02499521436
H15,43,2422057.75,28633,38928.12650776524,0.08004749764258023,0.47717668424545107,0.4427758181119687,153639.20644360952,1543737.375,2015,18125.806474040815,0.1369727047146402,0.4481389578163772,0.4148883374689826,112392.09183416283,1602955.5,3564,28033.872337730456,0.15544332210998876,0.4335016835016835,0.4110549943883277,137451.07396140648
H15,44,2488306.25,28633,40466.676459162416,0.07886005657807425,0.4787133726818706,0.4424265707400552,159478.51659095302,1552639.375,2015,18495.41941531505,0.13548387096774195,0.4491315136476427,0.4153846153846154,115282.14680593944,1613479.625,3564,28811.068162522984,0.15404040404040403,0.43490460157126826,0.4110549943883277,141167.20846469444
H15,45,2555874.0,28633,41846.870222436715,0.07837111025739531,0.4792721684769322,0.4423567212656725,165044.8559380111,1608570.125,2015,18869.494574234017,0.1349875930521092,0.4481389578163772,0.41687344913151364,118344.5779469906,1623715.5,3564,29650.699810088234,0.15347923681257014,0.4337822671156005,0.4127384960718294,145285.76644877816
H15,46,2624112.75,28633,43972.03295707013,0.07735829287884609,0.4765829637131981,0.44605874340795587,174498.45048680995,1701400.875,2015,19226.407772443068,0.1349875930521092,0.4471464019851117,0.41786600496277915,121218.83275413245,1701400.875,3564,30699.318435875673,0.15291806958473625,0.4329405162738496,0.41414141414141414,150383.57554218304
H15,47,2757520.5,28633,45794.896745943646,0.07676457234659309,0.4733698878915936,0.4498655397618133,183043.16533345694,1789948.375,2015,19588.01950476626,0.1349875930521092,0.4491315136476427,0.41588089330024813,124161.3125197041,1789948.375,3564,31579.61351732373,0.1520763187429854,0.4332210998877666,0.41470258136924804,154834.30614210002
H15,48,2766184.75,28633,44655.7529513617,0.07575175496804387,0.4742779310585688,0.4499703139733873,177132.71605695406,1933470.75,2015,19994.735398656852,0.13399503722084366,0.4496277915632754,0.4163771712158809,128167.62282329252,1933470.75,3564,31322.435620934106,0.14983164983164984,0.43434343434343436,0.4158249158249158,154611.4939887074
H15,49,2841175.0,28633,44708.17566703643,0.07543743233332169,0.474103307372612,0.45049418503125765,177362.28369174642,2076256.0,2015,20433.15700637692,0.13399503722084366,0.4501240694789082,0.41588089330024813,132444.1180948131,2076256.0,3564,31705.236429034045,0.14927048260381592,0.43546576879910215,0.4152637485970819,157439.44268393712
H15,50,2931266.5,28633,47628.75139149852,0.07470401285230328,0.46477840254252084,0.46058743407955854,187191.60432740598,2203025.75,2015,20868.29519403892,0.1325062034739454,0.45161290322580644,0.4163771712158809,136538.445532394,2203025.75,3564,32457.805499153317,0.14646464646464646,0.4377104377104377,0.4161054994388328,161719.43085004317
H15,51,3019614.25,28633,46991.9615385153,0.07424999126881571,0.47099500576258163,0.454789927705794,190378.90185479718,2339750.75,2015,21341.679538265875,0.1325062034739454,0.4521091811414392,0.41588089330024813,141052.23047929953,2339750.75,3564,33261.18173181331,0.14618406285072952,0.4382716049382716,0.4158249158249158,166332.61833781126
H15,52,3103862.5,28633,48735.79309550267,0.07327209862745783,0.46491810149128626,0.46180979988125587,197486.6410374864,2476237.75,2015,21793.60886423186,0.13052109181141439,0.4521091811414392,0.4173697270471464,145550.09814934526,2476237.75,3564,34052.69070472578,0.143658810325477,0.4388327721661055,0.4175084175084175,170983.89578236552
H15,53,3189587.0,28633,49887.62404202479,0.0729228512555443,0.4604826598679845,0.4665944888764712,204972.57236471667,2656026.75,2015,22360.817872490068,0.13002481389578163,0.4531017369727047,0.41687344913151364,151481.45987154727,2656026.75,3564,35027.48097214677,0.14337822671156006,0.4391133557800225,0.4175084175084175,177023.33600409198
H15,54,3264022.5,28633,51376.59613334001,0.07191003387699507,0.4576537561554849,0.4705060594419027,212174.83262952938,2822578.25,2015,22879.45841082365,0.12952853598014888,0.4531017369727047,0.41786600496277915,157133.17733721432,2822578.25,3564,35910.26126548336,0.14309764309764308,0.4391133557800225,0.4180695847362514,182654.07829499434
H15,55,3407016.25,28633,53211.277766488995,0.07142108755631614,0.4572695840463801,0.47130932839730383,219729.04285562626,2959012.0,2015,23322.935024302926,0.12903225806451613,0.45359801488833745,0.4173697270471464,161895.6817960533,2959012.0,3564,36703.96690958072,0.1425364758698092,0.43967452300785637,0.41778900112233447,187575.33189510758
H15,56,3594527.25,28633,54843.83644594627,0.07096706597282855,0.4557678203471519,0.47326511368001956,226697.06882836352,3106013.75,2015,23796.245007207588,0.12853598014888337,0.45459057071960296,0.41687344913151364,167082.18941718445,3106013.75,3564,37528.632329859254,0.14225589225589225,0.4405162738496072,0.4172278338945006,192841.82042239816
H15,57,3770601.0,28633,56225.99038578679,0.07075751754968043,0.45143715293542414,0.4778053295148954,232837.3604039802,3257988.75,2015,24278.272637681435,0.12853598014888337,0.45508684863523574,0.4163771712158809,172497.32382546033,3257988.75,3564,38347.974223022684,0.1419753086419753,0.44107744107744107,0.4169472502805836,198221.86773080847
H15,58,3947734.0,28633,57619.91320345282,0.06998917333147069,0.44969091607585654,0.4803199105926728,238777.3538859062,3403320.5,2015,24697.733231700295,0.1270471464019851,0.45409429280397023,0.41885856079404465,177526.23006891823,3403320.5,3564,39086.91700026307,0.14001122334455668,0.44191919191919193,0.4180695847362514,203266.0630287727
H15,59,4117749.75,28633,58788.12268395145,0.06970977543393986,0.4494813676527084,0.48080885691335173,244272.36107847106,3546147.5,2015,25060.010616717194,0.12655086848635236,0.456575682382134,0.41687344913151364,182383.80745670028,3546147.5,3564,39744.14692021189,0.13973063973063973,0.4436026936026936,0.4166666666666667,208061.50990797882
H15,60,4221478.5,28633,59224.973355283546,0.06911605490168686,0.4488177976460727,0.48210107218943177,246156.4350776056,3621933.75,2015,25241.044332832134,0.1260545905707196,0.4496277915632754,0.4248138957816377,184898.40981350077,3621933.75,3564,40072.767731262546,0.1394500561167228,0.4399551066217733,0.4208754208754209,210440.24248344384
H15,61,4344976.5,28633,59853.93231698076,0.06880173226696469,0.4474906576328013,0.483707610100234,249804.62113680056,3761090.25,2015,25559.089922009294,0.12555831265508685,0.456575682382134,0.41786600496277915,189671.68044363917,3761090.25,3564,40609.779702935404,0.13916947250280584,0.4444444444444444,0.4163860830527497,214825.9499198934
H15,62,4508400.0,28633,60854.57618389944,0.0682080117347117,0.44665246394020885,0.4851744490622708,255153.7417724854,3898908.75,2015,25913.823102620838,0.12307692307692308,0.456575682382134,0.42084367245657567,194799.32891431797,3898908.75,3564,41239.83172415946,0.13692480359147025,0.4458473625140292,0.4175084175084175,219810.51233878284
H15,63,4701438.5,28633,62142.16569132388,0.06799846331156358,0.446966786574931,0.4850347501135054,261736.2141609885,4040635.75,2015,26293.69783800985,0.12258064516129032,0.45707196029776676,0.42034739454094294,200339.53286217264,4040635.75,3564,41936.73936803323,0.13636363636363635,0.4458473625140292,0.41778900112233447,225320.23586035921
H15,64,4896767.0,28633,63402.5968126459,0.06723011909335382,0.44707156078650506,0.4856983201201411,268214.533283702,4182717.5,2015,26679.896561294467,0.12158808933002481,0.45806451612903226,0.42034739454094294,206002.26441235584,4182717.5,3564,42639.6399640487,0.13580246913580246,0.44612794612794615,0.4180695847362514,230917.2026772712
H15,65,5082675.0,28633,64585.14241813397,0.06709042014458841,0.4463032165682953,0.48660636328711626,274308.2577970373,4319469.0,2015,27052.671067835967,0.12158808933002481,0.45707196029776676,0.42133995037220845,211508.6822503009,4319469.0,3564,43319.11576637256,0.13524130190796857,0.4447250280583614,0.42003367003367004,236336.1129188728
H15,66,5252447.5,28633,65600.3023209536,0.06656654908671812,0.44501100129221527,0.4884224496210666,279787.6358836652,4450443.0,2015,27438.03877442444,0.12109181141439206,0.45707196029776676,0.4218362282878412,216816.18527215402,4450443.0,3564,43978.84034263083,0.13468013468013468,0.4436026936026936,0.4217171717171717,241468.94445200672
H15,67,5403748.0,28633,66516.2059818056,0.06628715118918731,0.44281074284916006,0.4909021059616526,284865.088885073,4578963.0,2015,27829.609949479473,0.12109181141439206,0.45707196029776676,0.4218362282878412,222072.8444820615,4578963.0,3564,44619.35542658776,0.13439955106621773,0.44388327721661053,0.4217171717171717,246489.07351591613
H15,68,5554167.5,28633,67467.69458053591,0.06569343065693431,0.4422868717912898,0.49201969755177594,290090.83312350593,4707226.0,2015,28190.007583883,0.12109181141439206,0.4575682382133995,0.42133995037220845,227375.48249423897,4707226.0,3564,45218.88029298496,0.13383838383838384,0.4447250280583614,0.4214365881032548,251512.31172929602
H15,69,5706638.5,28633,68437.91514749241,0.06558865644536024,0.44232179652848114,0.49208954702615865,295235.7931394571,4840665.5,2015,28541.93078628441,0.12109181141439206,0.45806451612903226,0.42084367245657567,232923.2468808305,4840665.5,3564,45784.281370598816,0.13383838383838384,0.44612794612794615,0.42003367003367004,256582.4702385957
H15,70,5860295.5,28633,69466.80298255348,0.06506478538748996,0.4416233017846541,0.49331191282785597,300948.65433202306,4964568.5,2015,28889.79364746867,0.1205955334987593,0.45409429280397023,0.4253101736972705,238121.0877308141,4964568.5,3564,46377.43438115639,0.13327721661054995,0.44388327721661053,0.4228395061728395,261600.44039876474
H15,71,6019530.0,28633,70531.98149692996,0.0649600111759159,0.4414486780986973,0.4935913107253868,306888.79488712945,5086435.0,2015,29222.608732582663,0.1205955334987593,0.45459057071960296,0.4248138957816377,243169.5810143482,5086435.0,3564,46969.61202563973,0.13327721661054995,0.4444444444444444,0.4222783389450056,266519.1244327319
H15,72,6168783.0,28633,71524.43935499244,0.06482031222715048,0.44102958125240105,0.49415010652044844,312372.251299634,5206420.0,2015,29551.518838075408,0.12009925558312655,0.45508684863523574,0.4248138957816377,248132.7888302233,5206420.0,3564,47549.75381183844,0.13271604938271606,0.4444444444444444,0.4228395061728395,271323.663551065
H15,73,6295346.0,28633,72391.28861558794,0.06468061327838508,0.4405057101945308,0.49481367652708413,317198.3410782866,5324804.5,2015,29866.334385276587,0.12009925558312655,0.45508684863523574,0.4248138957816377,253025.24562662735,5324804.5,3564,48106.61010321817,0.13271604938271606,0.4441638608305275,0.42312008978675647,276024.76745561144
H15,74,6454689.0,28633,73240.20538830908,0.06426151643208886,0.44036601124576535,0.49537247232214576,322036.8335644743,5439813.0,2015,30173.055713117905,0.12009925558312655,0.45459057071960296,0.4253101736972705,257726.48785882554,5439813.0,3564,48646.41519029209,0.1324354657687991,0.44388327721661053,0.42368125701459036,280555.1463822603
H15,75,6617215.0,28633,74107.86165069725,0.06426151643208886,0.4401215380854259,0.4956518702196766,327041.0827770545,5555467.5,2015,30457.11704588894,0.1196029776674938,0.45508684863523574,0.4253101736972705,262086.50695550273,5555467.5,3564,49200.178000284744,0.13215488215488216,0.4441638608305275,0.42368125701459036,284959.3929134335
H15,76,6779475.5,28633,74986.38943326398,0.06391226906017532,0.4398421401878951,0.4962455907519296,331848.0068733685,5670687.5,2015,30708.060069902425,0.12009925558312655,0.45409429280397023,0.4258064516129032,265680.89074729325,5670687.5,3564,49786.47675443095,0.13215488215488216,0.44388327721661053,0.4239618406285073,289077.9236897967
H15,77,6942527.5,28633,75868.22590947988,0.06370272063702721,0.4392484196556421,0.4970488597073307,336472.97649571765,5785458.5,2015,30822.07141102336,0.12009925558312655,0.45359801488833745,0.426302729528536,266988.84308992274,5785458.5,3564,50476.41910547911,0.13159371492704827,0.44332210998877664,0.42508417508417506,292769.9770696746
H15,78,7105949.0,28633,76795.70686870234,0.0628994516816261,0.43952781755317294,0.49760765550239233,341434.0423225964,5899579.5,2015,30902.894505874076,0.11861042183622829,0.4531017369727047,0.428287841191067,267971.95190709596,5899579.5,3564,51212.02853104875,0.1307519640852974,0.4436026936026936,0.42564534231200896,297151.0693121975
H15,79,7264771.0,28633,77714.71919466673,0.06279467747005203,0.4395976670275556,0.49760765550239233,346549.7983035235,6011311.0,2015,31196.558677752757,0.11861042183622829,0.4531017369727047,0.428287841191067,272376.646400729,6011311.0,3564,51768.23355641481,0.1307519640852974,0.4436026936026936,0.42564534231200896,301697.0318439479
H15,80,7422950.5,28633,78613.15375931161,0.062270806412181745,0.43952781755317294,0.49823630077183667,351423.42423457495,6122914.0,2015,31524.836498471082,0.11761786600496278,0.45359801488833745,0.4292803970223325,277191.24401510064,6122914.0,3564,52306.44890125163,0.13019079685746351,0.4441638608305275,0.42592592592592593,306222.0961824437
H15,81,7583425.5,28633,79476.31502130843,0.06216603220060769,0.4390039464953026,0.4988300213040897,356032.93698910554,6235525.5,2015,31850.827329685362,0.11712158808933003,0.45260545905707195,0.430272952853598,282040.29641869746,6235525.5,3564,52848.72212105921,0.12991021324354657,0.4436026936026936,0.4264870931537598,310812.0280329957
H15,82,7754108.5,28633,80402.49715901985,0.06160723640554605,0.4391785701812594,0.49921419341319456,360566.8791038294,6354888.0,2015,32206.786150365668,0.11612903225806452,0.45409429280397023,0.4297766749379653,287156.7677508306,6354888.0,3564,53453.65036493725,0.12878787878787878,0.4447250280583614,0.4264870931537598,315790.6088274399
H15,83,7918608.0,28633,81297.61471051171,0.06143261271958929,0.43861977438619776,0.49994761289421297,364921.519094914,6470546.5,2015,32563.658816748415,0.11612903225806452,0.45409429280397023,0.4297766749379653,292107.4724411107,6470546.5,3564,54052.30579550572,0.12878787878787878,0.4447250280583614,0.4264870931537598,320629.362601191
H15,84,8071287.5,28633,82109.54538124068,0.060873816924527646,0.4383403764886669,0.5008207313239967,368647.87515063287,6576709.5,2015,32961.44426281228,0.11612903225806452,0.45459057071960296,0.4292803970223325,296731.87487694575,6576709.5,3564,54711.16126106026,0.1282267115600449,0.4447250280583614,0.4270482603815937,325204.44747478655
H15,85,8224577.5,28633,82857.34599652381,0.060908741661718994,0.4382705270142842,0.5009255055355708,371693.3833154677,6675405.5,2015,33441.52182592136,0.11612903225806452,0.45459057071960296,0.4297766749379653,301431.6748878195,6675405.5,3564,55483.264879572205,0.1282267115600449,0.4447250280583614,0.4273288439955107,329858.45780226786
H15,86,8380699.0,28633,83592.4958185009,0.060524569552614114,0.43816575280271014,0.5013446023818671,375452.32579382416,6771364.0,2015,33861.60593842773,0.11612903225806452,0.45508684863523574,0.4292803970223325,306050.66382460063,6771364.0,3564,56209.47968314457,0.1282267115600449,0.4450056116722783,0.4270482603815937,334455.4138329144
H15,87,8534300.0,28633,84347.97264182314,0.06045472007823141,0.43774665595641393,0.501833548702546,379216.9634532838,6864895.5,2015,34251.94361002048,0.11612903225806452,0.45508684863523574,0.4292803970223325,310552.2432029856,6864895.5,3564,57112.796755244526,0.1282267115600449,0.4450056116722783,0.4270482603815937,339307.95909852657
H15,88,8677533.0,28633,85049.69234387465,0.06055949428980547,0.43743233332169174,0.5020081723885028,383370.7918397235,6951785.0,2015,34613.88971018763,0.11563275434243177,0.45459057071960296,0.4297766749379653,314759.39125651453,6951785.0,3564,57880.90597298059,0.12794612794612795,0.4444444444444444,0.4276094276094276,343931.40688753803
H15,89,8809019.0,28633,85778.19631692661,0.060594419026996825,0.437257709635735,0.5021478713372682,387818.9353800968,7032317.5,2015,34977.55678410066,0.11563275434243177,0.45508684863523574,0.4292803970223325,318704.9415398308,7032317.5,3564,58505.476682440436,0.1282267115600449,0.4444444444444444,0.4273288439955107,348053.18675794185
H15,90,8931128.0,28633,86488.79225062761,0.06055949428980547,0.4371180106869696,0.5023224950232249,392030.28286003246,7109213.0,2015,35337.12245944947,0.11563275434243177,0.45607940446650125,0.428287841191067,322499.6917803017,7109213.0,3564,59116.06011180365,0.1282267115600449,0.4450056116722783,0.42676767676767674,352029.7918910373
H15,91,9041758.0,28633,87113.05400429659,0.06066426850137953,0.43669891384067333,0.5026717423951385,395664.0494954297,7180056.5,2015,35684.98091211949,0.11563275434243177,0.45459057071960296,0.4297766749379653,326021.0721410703,7180056.5,3564,59698.36037640613,0.12850729517396184,0.4441638608305275,0.4276094276094276,355721.5080694856
H15,92,9139964.0,28633,87660.91813560657,0.060594419026996825,0.436663989103482,0.5027765166067125,398921.4068845612,7242976.5,2015,36014.64539861145,0.11563275434243177,0.45459057071960296,0.4297766749379653,329192.1740502017,7242976.5,3564,60240.52456213293,0.12850729517396184,0.4441638608305275,0.4276094276094276,359027.3891946258
H15,93,9228969.0,28633,88183.72144483279,0.060908741661718994,0.43624489225718577,0.5028812908182866,402101.3084958891,7299747.0,2015,36336.50673243818,0.11563275434243177,0.45409429280397023,0.430272952853598,332102.2468082758,7299747.0,3564,60768.181372885796,0.12878787878787878,0.44388327721661053,0.4273288439955107,362099.237912629
H15,94,9311942.0,28633,88659.16952355418,0.06083889218733629,0.4359654943596549,0.5031956134530088,404935.9764458924,7352489.0,2015,36636.77653120615,0.11563275434243177,0.45459057071960296,0.4297766749379653,334809.3487292078,7352489.0,3564,61259.48107583416,0.12878787878787878,0.44388327721661053,0.4273288439955107,364945.858826152
H15,95,9385006.0,28633,89069.87601888989,0.06101351587329305,0.43568609646212414,0.5033003876645828,407307.4813567994,7399002.5,2015,36918.419270125334,0.11563275434243177,0.45409429280397023,0.430272952853598,337223.9748939185,7399002.5,3564,61708.50965866059,0.12906846240179573,0.44332210998877664,0.4276094276094276,367471.87353214936
H15,96,9451022.0,28633,89424.37550457685,0.0609785911361017,0.43582579541088956,0.5031956134530088,409476.88115204766,7440636.5,2015,37172.95686962782,0.11563275434243177,0.45409429280397023,0.430272952853598,339405.3745467021,7440636.5,3564,62120.983805430806,0.12906846240179573,0.4436026936026936,0.4273288439955107,369768.4271398105
H15,97,9508379.0,28633,89719.56030004798,0.06104844061048441,0.4358956448852722,0.5030559145042434,411415.1826171302,7476680.5,2015,37402.869580614715,0.11612903225806452,0.45359801488833745,0.430272952853598,341297.90987965773,7476680.5,3564,62487.8759554504,0.12934904601571268,0.44332210998877664,0.4273288439955107,371772.1388536313
H15,98,9560105.0,28633,89964.16365925028,0.0609785911361017,0.436070268571229,0.5029860650298607,413255.5123944643,7508876.0,2015,37604.07190102879,0.11662531017369727,0.45409429280397023,0.4297766749379653,343001.65670007427,7508876.0,3564,62820.24342965199,0.12962962962962962,0.4436026936026936,0.4270482603815937,373590.5275106576
H15,99,9605606.0,28633,90171.84720432182,0.06139768798239793,0.43586072014808086,0.5027765166067125,415032.0679802025,7537120.0,2015,37791.67160936406,0.11712158808933003,0.45359801488833745,0.4292803970223325,344520.2059439765,7537120.0,3564,63129.19052048286,0.12991021324354657,0.44332210998877664,0.42676767676767674,375231.23833500774
H15,100,9648123.0,28633,90351.07223496665,0.06136276324520658,0.43568609646212414,0.5029511402926693,416705.721112304,7563236.5,2015,37961.450628107166,0.11662531017369727,0.45359801488833745,0.4297766749379653,345928.66048815305,7563236.5,3564,63414.146675517644,0.12962962962962962,0.44332210998877664,0.4270482603815937,376758.5199656039
H15,101,9685084.0,28633,90497.14717884718,0.061572311668354696,0.43551147277616736,0.5029162155554779,418203.79875251075,7586002.0,2015,38117.07686237954,0.11662531017369727,0.45409429280397023,0.4292803970223325,347169.6761422451,7586002.0,3564,63672.675095611485,0.12962962962962962,0.4436026936026936,0.42676767676767674,378112.8644522186
H15,102,9718591.0,28633,90620.86957707547,0.061572311668354696,0.43575594593650685,0.5026717423951385,419231.4641550345,7606497.0,2015,38251.809856667234,0.11662531017369727,0.45359801488833745,0.4297766749379653,348276.3397326693,7606497.0,3564,63887.59193934826,0.12962962962962962,0.4436026936026936,0.42676767676767674,379277.81733400177
H15,103,9741151.0,28633,90667.60575107357,0.06185170956588552,0.4356511717249328,0.5024971187091817,419476.9842154109,7620484.0,2015,38339.30842588762,0.11761786600496278,0.4531017369727047,0.4292803970223325,349023.28413877124,7620484.0,3564,64010.957024487514,0.13047138047138046,0.44276094276094274,0.42676767676767674,379997.7610571359
H15,104,9754620.0,28633,90622.14216235795,0.06188663430307687,0.4356511717249328,0.502532043446373,419597.00470656814,7628652.0,2015,38375.326555313295,0.11761786600496278,0.45359801488833745,0.4287841191066998,349440.93189851433,7628652.0,3564,64064.651279469785,0.13047138047138046,0.44332210998877664,0.42620650953984285,380391.7183305775
H15,105,9760006.0,28633,90515.79122357206,0.06202633325184228,0.435476548038976,0.502532043446373,419741.03700435377,7631912.0,2015,38383.6721813033,0.11811414392059554,0.45260545905707195,0.4292803970223325,349601.14985690877,7631912.0,3564,64081.10637814245,0.13103254769921435,0.4430415263748597,0.42592592592592593,380561.2387197696
H15,106,9761751.0,28633,90375.99404478614,0.06209618272622498,0.43544162330178465,0.5024971187091817,419696.85432566644,7632767.0,2015,38365.46782063488,0.11811414392059554,0.45260545905707195,0.4292803970223325,349615.5781209442,7632767.0,3564,64058.385123247164,0.13103254769921435,0.4430415263748597,0.42592592592592593,380567.77747486846
H15,107,9756458.0,28633,90187.84773873951,0.062340655886564456,0.4353368490902106,0.5023923444976076,419353.6810485798,7629493.0,2015,38319.07037015362,0.11910669975186104,0.4511166253101737,0.4297766749379653,349405.466044382,7629493.0,3564,63986.78587461777,0.13215488215488216,0.44219977553310885,0.42564534231200896,380325.76262937667
H15,108,9746963.0,28633,89960.16499360168,0.06241050536094716,0.43519715014144517,0.5024971187091817,418796.3755408525,7623468.0,2015,38246.856105538885,0.1196029776674938,0.4511166253101737,0.4297766749379653,349028.9766367062,7623468.0,3564,63872.71155612278,0.1324354657687991,0.44219977553310885,0.42564534231200896,379896.97344705136
H15,109,9729801.0,28633,89677.3565417694,0.06251527957252122,0.43484790276953167,0.5026717423951385,417924.4580693595,7612911.0,2015,38139.990406309415,0.1196029776674938,0.45161290322580644,0.4287841191066998,348405.3547358915,7612911.0,3564,63702.8118605919,0.1324354657687991,0.4424803591470258,0.42508417508417506,379197.31886550575
H15,110,9708285.0,28633,89344.60953473883,0.06255020430971257,0.4349177522439144,0.5026368176579471,416964.18490157265,7599465.5,2015,38008.75672228999,0.12009925558312655,0.4496277915632754,0.4307692307692308,347610.0090764882,7599465.5,3564,63495.81763712133,0.1324354657687991,0.44191919191919193,0.42592592592592593,378322.9598159903
H15,111,9680857.0,28633,88963.90296617502,0.06272482799566934,0.43484790276953167,0.502427269234799,415913.4368472338,7582464.0,2015,37848.66066886523,0.1196029776674938,0.45161290322580644,0.4287841191066998,346629.2288851976,7582464.0,3564,63252.96134725444,0.13215488215488216,0.4430415263748597,0.42480359147025815,377268.57271332893
H15,112,9651908.0,28633,88565.95975388809,0.06282960220724339,0.434882827506723,0.5022875702860335,414786.00999415637,7564387.0,2015,37678.08095165655,0.1196029776674938,0.4496277915632754,0.4307692307692308,345575.5076568784,7564387.0,3564,62991.64208117947,0.13215488215488216,0.44191919191919193,0.42592592592592593,376134.7978148478
H15,113,9618765.0,28633,88143.29397989798,0.06314392484196557,0.4349876017182971,0.5018684734397374,413509.94924634526,7543832.5,2015,37497.8807538504,0.1196029776674938,0.45161290322580644,0.4287841191066998,344391.8822687604,7543832.5,3564,62707.6184592706,0.1324354657687991,0.44276094276094274,0.42480359147025815,374862.17565723055
H15,114,9584294.0,28633,87698.17213769362,0.06317884957915691,0.43502252645548845,0.5017986239653547,412188.54428356444,7522237.0,2015,37299.903403632095,0.1196029776674938,0.45161290322580644,0.4287841191066998,343140.1652389511,7522237.0,3564,62402.0138002182,0.1324354657687991,0.4430415263748597,0.4245230078563412,373517.5040967042
H15,115,9546355.0,28633,87228.61897977602,0.06373764537421855,0.4349876017182971,0.5013096776446757,410788.64688887104,7498552.5,2015,37090.82595612927,0.12009925558312655,0.4511166253101737,0.4287841191066998,341786.5248339293,7498552.5,3564,62077.984045640136,0.132996632996633,0.44191919191919193,0.42508417508417506,372068.2863746936
H15,116,9507302.0,28633,86762.31003411351,0.06377257011140991,0.43551147277616736,0.5007159571124228,409162.1796855539,7473979.5,2015,36869.26907013104,0.12009925558312655,0.45161290322580644,0.428287841191067,340375.3379542025,7473979.5,3564,61728.84018601974,0.132996632996633,0.4424803591470258,0.4245230078563412,370524.813691795
H15,117,9461290.0,28633,86253.66759756774,0.06394719379736667,0.435476548038976,0.5005762581636574,407043.6107104366,7445189.5,2015,36617.94317620559,0.12009925558312655,0.4511166253101737,0.4287841191066998,338740.86736019346,7445189.5,3564,61321.445912213734,0.13327721661054995,0.44219977553310885,0.4245230078563412,368698.404928933
H15,118,9410995.0,28633,85680.9996282774,0.06419166695770614,0.435476548038976,0.5003667097405092,404951.6593233616,7413347.0,2015,36344.16808951324,0.12009925558312655,0.45062034739454093,0.4292803970223325,336934.2770764297,7413347.0,3564,60882.97430845232,0.13327721661054995,0.44191919191919193,0.42480359147025815,366716.91112298466
H15,119,9357381.0,28633,85075.24595546412,0.06447106485523696,0.4352669996158279,0.5003317850033179,402975.07473123475,7379299.5,2015,36055.561759581615,0.12009925558312655,0.4511166253101737,0.4292803970223325,335025.9556665392,7379299.5,3564,60433.88188545176,0.13327721661054995,0.4424803591470258,0.4245230078563412,364667.64120923507
H16,0,1702571.5,28633,1250.6331144243877,0.24461285928823387,0.4064191666957706,0.3493521461251004,30634.03635562509,4.964756011962891,2015,0.17268259732003968,0.22332506203473945,0.3955334987593052,0.3826302729528536,0.4682512890370781,17.193788528442383,3564,0.2143985012913441,0.265993265993266,0.37962962962962965,0.3554994388327722,0.7311637456887451
H16,1,3029009.25,28633,4685.265698856985,0.2277791359620019,0.41508050151922604,0.3572102119931547,79018.44502481808,18.703718185424805,2015,1.0562117556739306,0.2109181141439206,0.40248138957816376,0.3870967741935484,2.2495703605807056,63.96379089355469,3564,1.2386287362715747,0.2505611672278339,0.3877665544332211,0.36195286195286197,3.1854959730057573
H16,2,2324431.75,28633,4172.26540200314,0.20437956204379562,0.4269898369014773,0.36870045052910977,65496.63137219149,71.73627471923828,2015,4.148797110071424,0.19751861042183622,0.4094292803970223,0.3930521091811414,8.976379374765148,195.76670837402344,3564,4.656669120626167,0.2351290684624018,0.3942199775533109,0.3706509539842873,11.193369427431666
H16,3,2065798.625,28633,4031.889313156159,0.19519435616246988,0.43299689169838995,0.3718436768763315,57655.99783339649,263.23681640625,2015,8.193418488693434,0.19305210918114143,0.4138957816377171,0.3930521091811414,19.458207482990016,579.2243041992188,3564,9.156537094624673,0.23007856341189675,0.39590347923681257,0.3740179573512907,25.63694045601717
H16,4,2000900.875,28633,4854.995651541986,0.1826563755107743,0.4396675165019383,0.3776761079872874,58262.420033308044,332.393798828125,2015,12.851933432306884,0.1880893300248139,0.4138957816377171,0.398014888337469,29.442250252186533,1046.02978515625,3564,14.642243505121513,0.2222222222222222,0.3956228956228956,0.38215488215488214,42.62132050687933
H16,5,1967301.5,28633,6504.163086021466,0.17598575070722594,0.4446966786574931,0.379317570635281,67123.73371302497,379.557373046875,2015,16.576725256393026,0.18660049627791564,0.4153846153846154,0.398014888337469,38.136182056293606,1618.7021484375,3564,19.18421062941415,0.21997755331088664,0.3984287317620651,0.38159371492704824,59.86166819270422
H16,6,1819256.0,28633,5981.490548345542,0.1670100932490483,0.44916704501798627,0.3838228617329655,58858.541216175785,441.8924865722656,2015,21.33016111386972,0.18163771712158808,0.4173697270471464,0.40099255583126553,48.57855004822552,2253.298828125,3564,24.90134450563981,0.21464646464646464,0.4009539842873176,0.38439955106621776,78.91768925356281
H16,7,1731578.125,28633,6434.195173432715,0.16208570530506758,0.4509831313519366,0.3869311633429958,58470.2548798848,1303.309814453125,2015,25.82408903995328,0.18064516129032257,0.4173697270471464,0.40198511166253104,65.7854610867497,2683.44775390625,3564,30.149490101802357,0.21296296296296297,0.4012345679012346,0.38580246913580246,98.68361191150593
H16,8,1793885.25,28633,8190.185766095465,0.15398316627667377,0.4566060140397443,0.38944574442077323,71185.12581791982,1763.7899169921875,2015,31.323119784414803,0.1771712158808933,0.42034739454094294,0.40248138957816376,82.71042883990162,3071.8125,3564,36.82383980529194,0.20763187429854096,0.40404040404040403,0.388327721661055,120.21856294874576
H16,9,2269287.75,28633,10145.990318748525,0.1484301330632487,0.4611462298746202,0.3904236370621311,82312.92480070666,3252.23388671875,2015,36.1800486229554,0.1771712158808933,0.42233250620347396,0.40049627791563275,112.95475867051518,3720.930419921875,3564,43.590566887863766,0.20707070707070707,0.4057239057239057,0.3872053872053872,158.65411328293763
H16,10,2676226.0,28633,12199.199770106583,0.1417944329968917,0.4663500157161317,0.3918555512869766,92892.40815256666,4320.482421875,2015,42.10264237043182,0.17568238213399504,0.4238213399503722,0.40049627791563275,140.04860828533037,4354.74951171875,3564,52.027592640795646,0.20398428731762064,0.40824915824915825,0.3877665544332211,198.74230597520986
H16,11,2972203.0,28633,13735.414381253966,0.13791778716865155,0.4709600810253903,0.3911919812803409,98431.84235759849,5139.6064453125,2015,46.486039639670615,0.17270471464019851,0.426302729528536,0.40099255583126553,161.53755863760867,279282.8125,3564,213.82835951871337,0.20230078563411896,0.4099326599326599,0.3877665544332211,6578.273487928929
H16,12,3170695.0,28633,15662.966812367178,0.13355219501973248,0.4744525547445255,0.391995250235742,103064.66765290477,5714.62744140625,2015,52.66673870746307,0.16923076923076924,0.426302729528536,0.4044665012406948,179.79405191479512,403465.8125,3564,291.9845624587126,0.1994949494949495,0.4110549943883277,0.3894500561167228,9536.089668762843
H16,13,3264635.75,28633,17586.253235461292,0.13002479656340585,0.4744525547445255,0.39555757342925996,107055.08154254458,6595.1435546875,2015,60.021107573545386,0.1687344913151365,0.426302729528536,0.40496277915632756,212.45256892641282,400084.46875,3564,301.25691224969484,0.1989337822671156,0.4113355780022447,0.3897306397306397,9399.787891313981
H16,14,3310403.5,28633,18088.056236793862,0.12618307547235708,0.4742779310585688,0.39960884294345683,107223.31037685086,19384.1875,2015,89.11722335873264,0.16724565756823823,0.4272952853598015,0.4054590570719603,621.0697658240314,450446.4375,3564,364.11256343141116,0.19612794612794612,0.41245791245791247,0.39141414141414144,10530.598756812742
H16,15,3359549.25,28633,17614.6506469894,0.12335417175985751,0.47368421052631576,0.4030314671882094,106358.38892904777,43359.265625,2015,140.51174250567914,0.16724565756823823,0.4287841191066998,0.40397022332506205,1438.8041980968794,510053.40625,3564,445.1910358106159,0.19584736251402918,0.4127384960718294,0.39169472502805835,11886.810280669808
H16,16,3406040.25,28633,18334.480230843987,0.11979184856633954,0.4755002968602661,0.40474277931058567,108085.86740380902,330327.4375,2015,1106.1809556185233,0.16575682382133994,0.430272952853598,0.40397022332506205,16808.629275946267,634357.6875,3564,1282.3572984343577,0.19332210998877666,0.4155443322109989,0.39113355780022446,20450.932646690093
H16,17,3439694.25,28633,19851.492366580213,0.11713756853979673,0.4786435232074879,0.4042189082527154,112583.7652692596,680595.0625,2015,2286.113555130767,0.16526054590570718,0.4292803970223325,0.4054590570719603,35515.937063692334,718293.625,3564,2949.364355234492,0.1919191919191919,0.4161054994388328,0.39197530864197533,37280.921244737336
H16,18,3474212.0,28633,21000.65061212318,0.11423881535291447,0.4815772011315615,0.40418398351552404,115680.8777916963,771858.3125,2015,2564.47239908157,0.16476426799007443,0.4297766749379653,0.4054590570719603,39782.718959850514,771858.3125,3564,4019.904756539127,0.19023569023569023,0.4155443322109989,0.3942199775533109,46873.835226849216
H16,19,3501708.0,28633,24396.403367127357,0.1121433311214333,0.48472042747878324,0.40317116613697485,135680.04551457046,1782595.0,2015,6031.3048401515825,0.16377171215880892,0.4277915632754342,0.4084367245657568,87376.13618617108,1782595.0,3564,7365.918544403329,0.1882716049382716,0.4166666666666667,0.3950617283950617,82640.7907795872
H16,20,3532009.5,28633,24056.90772120694,0.10983829846680404,0.48859707330702334,0.40159955296336397,126024.88001658455,1399909.75,2015,5975.948629777268,0.1598014888337469,0.4297766749379653,0.4104218362282878,67727.58381956232,1399909.75,3564,8020.130068105316,0.1840628507295174,0.41835016835016836,0.39758698092031425,68123.72263480118
H16,21,3599344.0,28633,24933.9500861111,0.10833653476757588,0.4901686864806342,0.4014947787517899,126991.17560662313,1297031.5,2015,7738.941907396783,0.15632754342431762,0.432258064516129,0.4114143920595533,70907.16084041396,1297031.5,3564,10703.126437297595,0.18125701459034793,0.42059483726150393,0.39814814814814814,78197.93110952251
H16,22,3723589.25,28633,27019.311710186525,0.1060315021129466,0.4917402996542451,0.4022281982328083,134826.52979564946,1490144.5,2015,9446.810426518898,0.1543424317617866,0.432258064516129,0.4133995037220844,82576.8662892034,1490144.5,3564,12970.051419573763,0.17845117845117844,0.4219977553310887,0.3995510662177329,92393.62645044498
H16,23,3835960.0,28633,27439.239554933472,0.10445988893933573,0.492229245974924,0.4033807145601229,131694.07363581352,1206014.625,2015,7079.055602905019,0.15285359801488835,0.43424317617866004,0.4133995037220844,62363.3426538404,1206014.625,3564,10400.026132467672,0.17536475869809204,0.42312008978675647,0.4020763187429854,70149.32952633669
H16,24,3886303.75,28633,28363.744753678187,0.1020500820731324,0.4927880417699857,0.4051968008940733,130557.66198432317,995996.75,2015,6859.110653662547,0.15086848635235733,0.43622828784119105,0.4129032258064516,53894.978314147535,995996.75,3564,10846.124154976593,0.17255892255892255,0.4234006734006734,0.404320987654321,65631.4097441699
H16,25,3823373.25,28633,29259.033693389996,0.10019907100199071,0.4929626654559424,0.40683826354206687,131477.39299200076,1097625.375,2015,8230.43044465105,0.1498759305210918,0.43573200992555833,0.4143920595533499,61193.82776607641,1097625.375,3564,13189.31106015041,0.17059483726150393,0.4214365881032548,0.4079685746352413,75206.19467284315
H16,26,3694542.25,28633,29099.15217251764,0.09824328571927496,0.49376593441134353,0.4079907798693815,132036.7232358507,1219109.25,2015,10052.978711916227,0.1488833746898263,0.43672456575682383,0.4143920595533499,70748.83261804077,1219109.25,3564,16158.388899121705,0.1686307519640853,0.4239618406285073,0.4074074074074074,88242.61397723656
H16,27,3552998.75,28633,28915.388591598028,0.09684629623162086,0.49470890231551007,0.40844480145286904,132161.65327833308,1292718.625,2015,11322.776948339226,0.1488833746898263,0.43672456575682383,0.4143920595533499,76734.96030385581,1292718.625,3564,18235.1810308009,0.16806958473625142,0.4239618406285073,0.4079685746352413,97239.012545272
H16,28,3369641.25,28633,29399.099278472382,0.09440156462822617,0.4949883002130409,0.4106101351587329,131640.6381684997,1329182.5,2015,12160.993691097614,0.14590570719602977,0.43870967741935485,0.4153846153846154,80130.99227708197,1329182.5,3564,19685.418037849216,0.16498316498316498,0.4273288439955107,0.40768799102132436,103176.08985311548
H16,29,3135951.75,28633,29790.524933278593,0.09289980092899801,0.49257849334683756,0.41455663046135577,131596.07692208813,1347910.375,2015,12654.40718002511,0.14590570719602977,0.4392059553349876,0.4148883374689826,82520.45331077502,1356211.25,3564,20532.73290415702,0.1644219977553311,0.4276094276094276,0.4079685746352413,106920.00190879546
H16,30,2877985.25,28633,29677.8928689783,0.09062969301156008,0.49037823490378235,0.4190269968218489,130596.12148045572,1361601.5,2015,12954.080770806244,0.1424317617866005,0.4411910669975186,0.4163771712158809,84029.9418502944,1389611.5,3564,20869.67046977527,0.16161616161616163,0.42901234567901236,0.40937149270482603,108405.62562983032
H16,31,2653717.75,28633,29794.812453520823,0.08912792931233192,0.4871651590821779,0.4237069116054902,129415.61643791468,1379540.625,2015,13416.629739899105,0.14193548387096774,0.4411910669975186,0.41687344913151364,85573.4395097321,1417045.5,3564,21254.123499022753,0.1610549943883277,0.4287317620650954,0.4102132435465769,109390.30690768854
H16,32,2558130.5,28633,30370.77589174963,0.08699752034365942,0.4896797401599553,0.42332273949638527,129430.12114612214,1396621.0,2015,14063.305096744403,0.14044665012406948,0.4456575682382134,0.4138957816377171,87601.79025353702,1439242.625,3564,21876.631440577214,0.15937149270482603,0.43125701459034793,0.40937149270482603,110964.51713354506
H16,33,2636366.75,28633,31222.3537931751,0.08594977822791884,0.48873677225578877,0.4253134495162924,130900.78727356668,1413308.625,2015,14673.04087685086,0.14044665012406948,0.4461538461538462,0.4133995037220844,90215.33747228302,1458774.375,3564,22534.065735170796,0.1590909090909091,0.4318181818181818,0.4090909090909091,113254.00936133314
H16,34,2727528.0,28633,31951.22890371654,0.08455278874026473,0.48618726644082005,0.4292599448189152,132148.69368268212,1428585.875,2015,15209.8565083322,0.13945409429280398,0.4446650124069479,0.41588089330024813,93078.57487597557,1476761.875,3564,23184.84736323618,0.15768799102132436,0.4318181818181818,0.4104938271604938,115872.43587395166
H16,35,2684276.5,28633,32488.49350428299,0.08385429399643768,0.4827995669332588,0.43338106380749486,132760.01483232854,1443378.5,2015,15635.004782262762,0.13796526054590572,0.4456575682382134,0.4163771712158809,95662.4294747863,1493737.875,3564,23773.237573516824,0.15712682379349047,0.4318181818181818,0.4110549943883277,118438.15705408515
H16,36,2566116.0,28633,33393.23841581842,0.0822826808228268,0.481821674291901,0.43593056962246357,134884.6279536989,1456763.875,2015,16034.209214824472,0.1369727047146402,0.4471464019851117,0.41588089330024813,97955.97332332867,1509461.75,3564,24407.54711111406,0.15544332210998876,0.4332210998877666,0.4113355780022447,121026.80558273426
H16,37,2473465.0,28633,34758.05428021053,0.08168896029057382,0.4797960395348025,0.4385150001746237,138974.4767026329,1470086.0,2015,16426.103701041975,0.1369727047146402,0.4476426799007444,0.4153846153846154,100325.20650772561,1524551.0,3564,25127.408943076392,0.15572390572390574,0.43209876543209874,0.4121773288439955,123954.65905393772
H16,38,2351079.0,28633,35805.38753285672,0.08050151922606782,0.4815772011315615,0.4379212796423707,142342.0430163598,1482556.0,2015,16848.19747439702,0.13548387096774195,0.4486352357320099,0.41588089330024813,103108.43594651543,1539148.625,3564,25950.606635364486,0.15460157126823793,0.4337822671156005,0.4116161616161616,127421.47025331062
H16,39,2241954.0,28633,35980.78001077835,0.07983794921943213,0.4840219327349562,0.4361401180456117,142759.47196804837,1494842.0,2015,17213.573538164317,0.13548387096774195,0.4486352357320099,0.41588089330024813,105695.59593101963,1553162.625,3564,26505.422462307277,0.15432098765432098,0.43434343434343436,0.4113355780022447,129984.92642720838
H16,40,2247950.5,28633,36785.224919021726,0.07879020710369154,0.4833234379911291,0.43788635490517935,145398.06523108267,1508417.125,2015,17611.145414497198,0.1344913151364764,0.45062034739454093,0.4148883374689826,108674.59320900589,1567743.0,3564,27095.300578617436,0.15347923681257014,0.4351851851851852,0.4113355780022447,132859.69668248817
H16,41,2360599.5,28633,38583.5335410276,0.0782314113086299,0.4819962979778577,0.4398072154507037,151751.3544585245,1517996.625,2015,17978.93472486056,0.13399503722084366,0.4496277915632754,0.4163771712158809,111438.4809007059,1580498.5,3564,27792.043468386462,0.15291806958473625,0.4346240179573513,0.4127384960718294,136161.09068099203
H16,42,2425224.75,28633,40440.21210739113,0.07728844340446338,0.4827297174588761,0.4399818391366605,158621.81390868092,1527903.25,2015,18369.700680813363,0.13300248138957815,0.4511166253101737,0.41588089330024813,114472.74230812768,1592429.625,3564,28616.38571785185,0.15067340067340068,0.43602693602693604,0.4132996632996633,140095.6780358654
H16,43,2442651.75,28633,42384.65262486011,0.07679949708378445,0.4828694164076415,0.44036601124576535,166325.72976403084,1627637.875,2015,18775.153865612436,0.13300248138957815,0.4511166253101737,0.4163771712158809,117783.9232791149,1627637.875,3564,29576.43735680392,0.15039281705948374,0.43574635241301907,0.41414141414141414,144788.56100686901
H16,44,2534824.5,28633,44457.17022017707,0.07554220654489575,0.4827995669332588,0.44165822652184544,175923.98548451526,1724110.0,2015,19154.21299348639,0.13101736972704714,0.4481389578163772,0.42084367245657567,120843.41307559275,1724110.0,3564,30694.26942747394,0.14702581369248036,0.43574635241301907,0.4172278338945006,150300.87608612332
H16,45,2687302.5,28633,45069.80589872576,0.07470401285230328,0.47801487793804354,0.4472811092096532,179718.58139468633,1825253.375,2015,19514.7338093808,0.13101736972704714,0.45161290322580644,0.4173697270471464,123977.6983865347,1825253.375,3564,31334.97460263088,0.14646464646464646,0.43686868686868685,0.4166666666666667,153692.82692146924
H16,46,2613908.25,28633,43486.428326257694,0.07390074389690218,0.4793769426885063,0.4467921628889743,171847.23728015696,1978921.5,2015,19946.221863170158,0.13052109181141439,0.4521091811414392,0.41786600496277915,128323.28989969468,1978921.5,3564,31017.326462917095,0.14534231200897868,0.43742985409652074,0.4175084175084175,153440.29372019073
H16,47,2688269.0,28633,44202.96333699326,0.07341179757622324,0.4778053295148954,0.44885272238326407,175023.862298273,2115082.75,2015,20384.14785440617,0.13052109181141439,0.4521091811414392,0.41786600496277915,132537.63649869274,2115082.75,3564,31589.241939192845,0.1447811447811448,0.4382716049382716,0.4172278338945006,157055.19730087352
H16,48,2772917.75,28633,47016.1935781114,0.07257360388363078,0.46862012363356964,0.4588062724827996,184444.3027124455,2237845.25,2015,20806.223744879295,0.12853598014888337,0.4521091811414392,0.41935483870967744,136544.87097560216,2237845.25,3564,32341.839956671745,0.14309764309764308,0.4391133557800225,0.41778900112233447,161276.26756540372
H16,49,2861320.75,28633,46571.89252720202,0.07201480808856914,0.47438270527014287,0.45360248664128805,188110.56842077812,2377434.0,2015,21291.56393521113,0.12803970223325062,0.4531017369727047,0.41885856079404465,141227.07386315713,2377434.0,3564,33159.7108491776,0.1419753086419753,0.44023569023569026,0.41778900112233447,166059.2007731154
H16,50,2942564.25,28633,48309.25278930069,0.07149093703069885,0.4683058009988475,0.46023818670764505,194676.62194882194,2477812.75,2015,21660.632945709644,0.12754342431761787,0.4511166253101737,0.42133995037220845,144712.04581650105,2477812.75,3564,33836.49079536686,0.14085297418630752,0.4393939393939394,0.41975308641975306,169815.7991861408
H16,51,3020898.5,28633,49461.42103730924,0.07110676492159397,0.4654419725491566,0.4634861872664408,202205.7223691781,2671806.25,2015,22265.442546873037,0.12754342431761787,0.45409429280397023,0.41836228287841193,151109.19036613393,2671806.25,3564,34843.70663814705,0.14085297418630752,0.44107744107744107,0.4180695847362514,176171.42458517052
H16,52,3162252.75,28633,51057.60502795503,0.07009394754304474,0.4638703593755457,0.46607061781860093,209096.99047795596,2818498.5,2015,22745.14712730852,0.1270471464019851,0.45359801488833745,0.41985111662531016,156178.9880799645,2818498.5,3564,35656.58347256552,0.14057239057239057,0.44079685746352415,0.41891133557800225,181226.77349583159
H16,53,3367554.0,28633,53036.519180822135,0.06977962490832257,0.4634861872664408,0.4667341878252366,217377.21744751724,2969210.0,2015,23236.22830116865,0.12655086848635236,0.45359801488833745,0.41985111662531016,161471.3750296307,2969210.0,3564,36528.91733307571,0.14001122334455668,0.44107744107744107,0.41891133557800225,186687.18086588682
H16,54,3564432.0,28633,54672.94707052978,0.06939545279921769,0.46139070303495966,0.46928369364020533,224513.87212369675,3129064.0,2015,23748.567708365103,0.12456575682382134,0.45558312655086847,0.42034739454094294,167129.5062480823,3129064.0,3564,37414.59795337541,0.138327721661055,0.44332210998877664,0.41891133557800225,192388.52427170856
H16,55,3741800.0,28633,55888.47947077009,0.06915097963887822,0.45601229350749134,0.47483672685363043,230245.7827535829,3284100.25,2015,24246.791726838943,0.12406947890818859,0.456575682382134,0.41935483870967744,172735.03892197268,3284100.25,3564,38257.158945174924,0.1377665544332211,0.44388327721661053,0.41835016835016836,197951.87632375094
H16,56,3914169.75,28633,57354.79822094244,0.06855725910662522,0.45224042189082525,0.4792023190025495,236451.8068868975,3431365.0,2015,24723.868863038628,0.12258064516129032,0.45558312655086847,0.4218362282878412,178120.555784129,3431365.0,3564,39069.48204274999,0.1366442199775533,0.4441638608305275,0.41919191919191917,203332.3164079454
H16,57,4100419.0,28633,59091.273399257465,0.06824293647190305,0.451122830300702,0.48063423322739496,243606.50231852668,3579572.5,2015,25200.128161976165,0.12208436724565756,0.456575682382134,0.42133995037220845,183584.25613440064,3579572.5,3564,39904.48732786759,0.13636363636363635,0.4450056116722783,0.4186307519640853,208871.72839325757
H16,58,4284469.5,28633,60592.29899561885,0.06736981804211924,0.45070373345440573,0.481926448503475,249984.59048973714,3730605.0,2015,25637.00287962896,0.12109181141439206,0.45707196029776676,0.4218362282878412,188973.78660413544,3730605.0,3564,40680.34603130521,0.13552188552188552,0.44556677890011226,0.41891133557800225,214275.8611393217
H16,59,4464883.5,28633,61724.65084632168,0.06716026961897112,0.4489225718576468,0.48391715852338213,255677.4357190765,3882003.75,2015,26028.403874326086,0.12109181141439206,0.458560794044665,0.42034739454094294,194529.2052235646,3882003.75,3564,41385.37505379355,0.13552188552188552,0.44612794612794615,0.41835016835016836,219723.21533494382
H16,60,4649516.0,28633,62851.8959501416,0.06660147382390948,0.44745573289560997,0.48594279328048057,261585.0868867406,4034064.0,2015,26444.10676626715,0.12109181141439206,0.458560794044665,0.42034739454094294,200451.68113138567,4034064.0,3564,42119.56211963804,0.13496071829405162,0.44640852974186307,0.4186307519640853,225510.2707055483
H16,61,4833938.0,28633,64000.369902117054,0.06642685013795271,0.44518562497817205,0.48838752488387527,267472.904156071,4186195.25,2015,26859.269338426813,0.12109181141439206,0.45905707196029777,0.41985111662531016,206517.11156881187,4186195.25,3564,42854.522434707644,0.13468013468013468,0.44696969696969696,0.41835016835016836,231407.65524568755
H16,62,5021859.5,28633,65237.78033424996,0.06579820486850836,0.4447316033946845,0.48947019173680717,273690.02759925195,4328926.0,2015,27257.94990763601,0.1205955334987593,0.4575682382133995,0.4218362282878412,212270.73908581873,4328926.0,3564,43564.59726071801,0.13383838383838384,0.4452861952861953,0.4208754208754209,237027.95052171586
H16,63,5225662.5,28633,66634.42548366003,0.06558865644536024,0.44518562497817205,0.48922571857646774,280818.1732335335,4468947.0,2015,27676.01616668392,0.1205955334987593,0.4575682382133995,0.4218362282878412,217952.7396657455,4468947.0,3564,44305.008463981976,0.13383838383838384,0.4441638608305275,0.4219977553310887,242649.14791834372
H16,64,5414618.0,28633,67875.4678663637,0.06509971012468131,0.4452205497153634,0.4896797401599553,287376.12207136,4609954.0,2015,28112.187533815824,0.12009925558312655,0.458560794044665,0.42133995037220845,223742.44787354633,4609954.0,3564,45040.47141468527,0.132996632996633,0.4450056116722783,0.4219977553310887,248289.09598631723
H16,65,5588804.0,28633,68975.63482067648,0.0650298606502986,0.4436489365417525,0.4913212028079489,293272.7657173262,4755597.5,2015,28519.386063220623,0.12009925558312655,0.45905707196029777,0.42084367245657567,229780.4901740183,4755597.5,3564,45712.88442333635,0.132996632996633,0.4452861952861953,0.4217171717171717,253973.99039756134
H16,66,5764292.0,28633,70133.71442613848,0.06457583906681102,0.4435790870673698,0.49184507386581916,299425.9364792226,4902883.5,2015,28928.016651295413,0.12009925558312655,0.4575682382133995,0.42233250620347396,235947.90740410003,4902883.5,3564,46387.64639099504,0.1324354657687991,0.44556677890011226,0.4219977553310887,259741.53944304906
H16,67,5937463.0,28633,71318.60745632838,0.06457583906681102,0.4430202912723082,0.4924038696608808,305808.8575920019,5043767.0,2015,29326.472044428687,0.12009925558312655,0.45607940446650125,0.4238213399503722,241844.31789834355,5043767.0,3564,47072.802227281514,0.1324354657687991,0.4444444444444444,0.42312008978675647,265443.3436918717
H16,68,6098414.5,28633,72420.0992736372,0.06394719379736667,0.4422868717912898,0.49376593441134353,311653.5757698738,5179982.0,2015,29712.928271287088,0.11910669975186104,0.45508684863523574,0.4258064516129032,247493.30611621778,5179982.0,3564,47737.620353913684,0.13159371492704827,0.4447250280583614,0.42368125701459036,270872.8181110686
H16,69,6275743.0,28633,73408.86768498844,0.06373764537421855,0.44134390388712325,0.49495337547584956,316953.881695498,5313153.0,2015,30079.450301297435,0.11861042183622829,0.45558312655086847,0.4258064516129032,253020.4134194959,5313153.0,3564,48377.864482829376,0.13131313131313133,0.4452861952861953,0.4234006734006734,276175.1368186577
H16,70,6456867.0,28633,74417.4105139883,0.0628994516816261,0.44127405441274054,0.4958264939056334,322660.0513927844,5442949.0,2015,30442.783991655935,0.11861042183622829,0.45508684863523574,0.426302729528536,258352.6426896511,5442949.0,3564,49013.317470679045,0.13103254769921435,0.4444444444444444,0.4245230078563412,281337.1102938378
H16,71,6643835.0,28633,75547.3836013245,0.06286452694443474,0.4414486780986973,0.49568679495686796,329189.0716677982,5575797.5,2015,30779.77375720478,0.11861042183622829,0.45508684863523574,0.426302729528536,263343.33368644404,5575797.5,3564,49689.492479258195,0.1307519640852974,0.4447250280583614,0.4245230078563412,286492.2274032784
H16,72,6834952.5,28633,76686.51320917203,0.06248035483532986,0.4412042049383578,0.4963154402263123,335335.58591165196,5711266.0,2015,31067.803426713752,0.11712158808933003,0.45607940446650125,0.4267990074441687,267271.32775990246,5711266.0,3564,50427.34646840593,0.12962962962962962,0.44556677890011226,0.42480359147025815,291345.30020356347
H16,73,7032591.5,28633,77811.85049902019,0.062270806412181745,0.4404009359829567,0.49732825760486155,341090.823073569,5849741.0,2015,31168.73931830446,0.11712158808933003,0.456575682382134,0.426302729528536,268155.0378525506,5849741.0,3564,51327.502829516205,0.12962962962962962,0.44556677890011226,0.42480359147025815,296015.63617828337
H16,74,7224836.5,28633,78917.1631597615,0.061572311668354696,0.44061048440610484,0.4978521286627318,346823.47096056346,5984525.0,2015,31424.77925388641,0.11662531017369727,0.45508684863523574,0.4287841191066998,271736.9925038493,5984525.0,3564,52097.35244639906,0.12878787878787878,0.4447250280583614,0.42676767676767674,301483.6178635893
H16,75,7413809.5,28633,79983.83936126079,0.061292913770823874,0.44075018335487026,0.4979569028743059,352386.52644905186,6117736.5,2015,31823.418758156353,0.11612903225806452,0.45459057071960296,0.4292803970223325,277511.97870185704,6117736.5,3564,52744.077915818714,0.1282267115600449,0.4450056116722783,0.42676767676767674,306866.49636865617
H16,76,7602097.5,28633,81004.1533527475,0.06083889218733629,0.4404707854573394,0.4986903223553243,357548.5422216715,6250149.5,2015,32227.047328653112,0.11612903225806452,0.45459057071960296,0.4292803970223325,283227.7323072433,6250149.5,3564,53391.51120821623,0.127665544332211,0.4452861952861953,0.4270482603815937,312257.0173300656
H16,77,7801068.0,28633,82044.11419808514,0.06069919323857088,0.43970244123912966,0.49959836552229947,362236.7875971833,6389375.5,2015,32648.564750929836,0.11612903225806452,0.45459057071960296,0.4292803970223325,289211.8783406603,6389375.5,3564,54087.47067107941,0.127665544332211,0.4447250280583614,0.4276094276094276,317996.0893197211
H16,78,7986250.5,28633,83049.8234952235,0.059826074808787065,0.4394928928159816,0.5006810323752314,366863.64919291204,6519656.5,2015,33083.418353541005,0.11364764267990074,0.45558312655086847,0.4307692307692308,294821.7933872973,6519656.5,3564,54798.062919836644,0.12598204264870932,0.44556677890011226,0.42845117845117847,323460.5059046202
H16,79,8164856.5,28633,84023.85232887659,0.05979115007159571,0.4391087207068767,0.5011350539587189,370954.8708726607,6639210.0,2015,33617.46399127452,0.11364764267990074,0.45607940446650125,0.4307692307692308,300296.4073494581,6639210.0,3564,55672.28544081136,0.12598204264870932,0.4458473625140292,0.42845117845117847,328911.0003439359
H16,80,8349877.5,28633,84968.31134206246,0.05951175217406489,0.4390039464953026,0.5015890755422066,375519.03920590936,6753740.0,2015,34156.35990173406,0.11364764267990074,0.45607940446650125,0.4307692307692308,305844.2098372537,6753740.0,3564,56575.37816424345,0.12626262626262627,0.44556677890011226,0.42845117845117847,334448.6747845447
H16,81,8539354.0,28633,85985.63413692561,0.05930220375091677,0.43879439807215453,0.5019033981769288,380729.6342747961,6869005.0,2015,34648.88391069051,0.11315136476426799,0.45607940446650125,0.4307692307692308,311400.0739818484,6869005.0,3564,57675.361483957364,0.12598204264870932,0.44556677890011226,0.42845117845117847,340421.08310460113
H16,82,8722941.0,28633,86991.24040762208,0.05919742953934272,0.43830545175147556,0.5024971187091817,385851.09629763465,6981234.0,2015,35142.30804489428,0.11315136476426799,0.456575682382134,0.430272952853598,316816.60453944944,6981234.0,3564,58655.206239096085,0.12598204264870932,0.44556677890011226,0.42845117845117847,346284.07751262904
H16,83,8896641.0,28633,87936.59916305465,0.05912758006496001,0.4382006775399015,0.5026717423951385,390725.3570505255,7089767.0,2015,35634.76086303701,0.11315136476426799,0.456575682382134,0.430272952853598,322095.31134279276,7089767.0,3564,59458.5702341573,0.12598204264870932,0.44556677890011226,0.42845117845117847,351628.5594715242
H16,84,9057581.0,28633,88877.77407388091,0.05863863374428108,0.4377815806936053,0.5035797855621137,395619.04823195643,7193025.0,2015,36148.7710280183,0.11265508684863523,0.45558312655086847,0.4317617866004963,327195.7671167444,7193025.0,3564,60294.31200097028,0.12570145903479238,0.4450056116722783,0.4292929292929293,356874.02770904795
H16,85,9213546.0,28633,89801.44568466081,0.05860370900708972,0.43764188174483987,0.5037893339852617,400544.2252961404,7292874.5,2015,36679.45772681417,0.11265508684863523,0.45558312655086847,0.4317617866004963,332208.9426610665,7292874.5,3564,61144.62468635997,0.12570145903479238,0.4450056116722783,0.4292929292929293,362022.5840366674
H16,86,9363437.0,28633,90724.6543257767,0.058079837949219434,0.4376069570076485,0.504313205043132,405383.4054460121,7388677.5,2015,37241.604860395266,0.11166253101736973,0.45558312655086847,0.4327543424317618,337114.3892534634,7388677.5,3564,62033.60674740354,0.12457912457912458,0.4450056116722783,0.43041526374859707,367091.40133740735
H16,87,9514157.0,28633,91649.08449605263,0.05787028952607132,0.43764188174483987,0.5044878287290888,410288.43411590107,7483802.5,2015,37831.57567680279,0.11166253101736973,0.45459057071960296,0.4337468982630273,342072.5543908585,7483802.5,3564,62969.71612977485,0.12457912457912458,0.4444444444444444,0.43097643097643096,372246.2426195214
H16,88,9660159.0,28633,92522.96282451572,0.05787028952607132,0.43750218279607445,0.5046624524150456,415405.64414591517,7574502.0,2015,38428.06282740407,0.11215880893300248,0.45558312655086847,0.432258064516129,346930.62443032046,7574502.0,3564,63922.08760591383,0.12485970819304153,0.4452861952861953,0.4298540965207632,377355.45366858784
H16,89,9797500.0,28633,93443.420611507,0.05794013900045402,0.43722278489854366,0.5048370761010024,420576.3961076717,7659161.0,2015,39032.386061951496,0.11265508684863523,0.45558312655086847,0.4317617866004963,351566.4277816104,7659161.0,3564,64891.39937306278,0.1251402918069585,0.4452861952861953,0.42957351290684626,382314.3363070002
H16,90,9926668.0,28633,94337.29713892874,0.05787028952607132,0.43690846226382146,0.5052910976844899,425296.8511408942,7738274.5,2015,39618.44865484035,0.11315136476426799,0.45459057071960296,0.4327543424317618,355979.1245184639,7738274.5,3564,65830.0207101041,0.12570145903479238,0.4450056116722783,0.4298540965207632,387035.6097501224
H16,91,10040689.0,28633,95158.69846783027,0.058009988474836724,0.4371180106869696,0.5049069255753851,429186.446887183,7812515.5,2015,40167.61148431005,0.11315136476426799,0.45459057071960296,0.432258064516129,359963.57439580845,7812515.5,3564,66692.42939744664,0.12598204264870932,0.4444444444444444,0.42957351290684626,391273.4533379835
H16,92,10141905.0,28633,95874.85199382971,0.05794013900045402,0.4371180106869696,0.5049418503125764,432882.88534189895,7886174.0,2015,40669.93099501423,0.11315136476426799,0.45459057071960296,0.432258064516129,363551.22028759716,7886174.0,3564,67490.16112913017,0.12598204264870932,0.4441638608305275,0.4298540965207632,395128.03869476856
H16,93,10232435.0,28633,96531.21370749784,0.05794013900045402,0.4369783117382042,0.5051164739985332,436588.6890261673,7953128.5,2015,41144.31454254667,0.11315136476426799,0.45459057071960296,0.432258064516129,366819.7465910028,7953128.5,3564,68250.47408930938,0.12598204264870932,0.4441638608305275,0.4298540965207632,398702.45738277835
H16,94,10319675.0,28633,97165.03303833432,0.05804491321202808,0.43715293542416095,0.5048720008381937,439977.28982721874,8017546.5,2015,41616.65314193486,0.11364764267990074,0.45558312655086847,0.4312655086848635,370007.32736148895,8017546.5,3564,69001.19765689445,0.12626262626262627,0.4447250280583614,0.4292929292929293,402173.9951119778
H16,95,10397520.0,28633,97744.02372155678,0.05818461216079349,0.437257709635735,0.5046275276778542,442819.21526563156,8076189.5,2015,42077.45091487261,0.11364764267990074,0.45558312655086847,0.4312655086848635,372933.8154070691,8076189.5,3564,69717.98435267048,0.12626262626262627,0.4444444444444444,0.42957351290684626,405357.71964000707
H16,96,10466259.0,28633,98228.97161904641,0.05818461216079349,0.43732755911011767,0.5045576782034715,445323.65986359795,8127994.0,2015,42485.991628279386,0.11364764267990074,0.45558312655086847,0.4312655086848635,375514.37144434126,8127994.0,3564,70356.73170237424,0.12626262626262627,0.4444444444444444,0.42957351290684626,408173.3965519001
H16,97,10523047.0,28633,98624.95563684503,0.058359235846750256,0.43732755911011767,0.504313205043132,447479.7939278671,8172063.0,2015,42838.21794834723,0.11315136476426799,0.45558312655086847,0.4312655086848635,377693.2132314586,8172063.0,3564,70906.28124806014,0.12598204264870932,0.4447250280583614,0.4292929292929293,410568.3900923235
H16,98,10573403.0,28633,98926.05784790487,0.058289386372367545,0.43722278489854366,0.5044878287290888,449493.50329707173,8210385.0,2015,43136.13931173646,0.11265508684863523,0.45607940446650125,0.4312655086848635,379587.34043169295,8210385.0,3564,71383.52639840462,0.12542087542087543,0.4452861952861953,0.4292929292929293,412678.95040054584
H16,99,10617473.0,28633,99182.3757328938,0.05860370900708972,0.43722278489854366,0.504208430831558,451507.67023219663,8243506.0,2015,43407.46140268681,0.11464019851116625,0.45508684863523574,0.430272952853598,381253.28949123004,8243506.0,3564,71824.21432663653,0.12654320987654322,0.4447250280583614,0.4287317620650954,414587.91098124615
H16,100,10658410.0,28633,99418.80106147425,0.05860370900708972,0.43729263437292637,0.5041385813571753,453025.00878130586,8280692.5,2015,43647.83902629677,0.11464019851116625,0.45459057071960296,0.4307692307692308,382809.622460559,8280692.5,3564,72207.92521087537,0.12654320987654322,0.4444444444444444,0.4292929292929293,416353.84077099577
H16,101,10684564.0,28633,99549.7708329832,0.058952956379003246,0.4374672580588831,0.5035797855621137,453636.59258113464,8345562.0,2015,43781.663366072265,0.11563275434243177,0.4531017369727047,0.4312655086848635,384080.099071027,8345562.0,3564,72416.25444387684,0.12738496071829405,0.4436026936026936,0.42901234567901236,417855.6861033891
H16,102,10700748.0,28633,99542.71094096065,0.0589878811161946,0.4377117312192226,0.5033003876645828,453926.66852860234,8357747.0,2015,43856.85377399269,0.11563275434243177,0.45558312655086847,0.4287841191066998,384626.82854265696,8357747.0,3564,72532.14284109193,0.12738496071829405,0.4452861952861953,0.4273288439955107,418435.0053411903
H16,103,10704807.0,28633,99437.76532474108,0.05919742953934272,0.43764188174483987,0.5031956134530088,454028.4396023807,8361207.0,2015,43872.98759532436,0.11563275434243177,0.45508684863523574,0.4292803970223325,384756.7312147043,8361207.0,3564,72557.28357970696,0.12738496071829405,0.4450056116722783,0.4276094276094276,418587.47549882176
H16,104,10704264.0,28633,99273.25197705676,0.05923235427653407,0.4377117312192226,0.5031606887158174,453891.53023338085,8360363.5,2015,43848.08308197179,0.11563275434243177,0.45558312655086847,0.4292803970223325,384678.3717452422,8360363.5,3564,72519.99509364556,0.12738496071829405,0.44556677890011226,0.4273288439955107,418499.7072535117
H16,105,10693330.0,28633,99037.64566215542,0.05937205322529948,0.4375371075332658,0.5031606887158174,453369.8868735475,8352636.5,2015,43770.609821576196,0.11563275434243177,0.45558312655086847,0.4292803970223325,384253.57671911345,8352636.5,3564,72395.90009859476,0.127665544332211,0.44556677890011226,0.4270482603815937,418024.8177127553
H16,106,10678104.0,28633,98733.3353554277,0.05923235427653407,0.4376768064820312,0.5030908392414347,452687.3838793594,8340874.5,2015,43644.7848709652,0.11464019851116625,0.45558312655086847,0.4297766749379653,383612.13901099266,8340874.5,3564,72217.07277790301,0.1271043771043771,0.44556677890011226,0.4273288439955107,417315.3735980806
H16,107,10655177.0,28633,98371.30543798584,0.059721300597213006,0.43732755911011767,0.5029860650298607,451797.2867407621,8307391.5,2015,43495.633881075235,0.11464019851116625,0.45607940446650125,0.4297766749379653,382616.54647530953,8307391.5,3564,71985.41326489551,0.12794612794612795,0.4458473625140292,0.4264870931537598,416166.6436557631
H16,108,10630931.0,28633,97995.84232036832,0.05979115007159571,0.4374672580588831,0.5028114413439039,450643.52014229953,8253703.5,2015,43333.40268139152,0.11464019851116625,0.45607940446650125,0.4297766749379653,381413.8073544214,8253703.5,3564,71725.19403344537,0.1282267115600449,0.4458473625140292,0.42620650953984285,414715.2124346796
H16,109,10595865.0,28633,97545.14594125736,0.06003562323193518,0.43757203227045716,0.5024621939719903,448938.4377030105,8227892.0,2015,43093.52217742434,0.11464019851116625,0.45607940446650125,0.4297766749379653,380056.3160159727,8227892.0,3564,71339.60972863752,0.1282267115600449,0.44556677890011226,0.4264870931537598,413162.3618332145
H16,110,10555723.0,28633,97018.39537074952,0.05996577375755247,0.4377117312192226,0.5023224950232249,447052.2063962461,8197485.5,2015,42806.404048391385,0.1141439205955335,0.456575682382134,0.4292803970223325,378471.0029564245,8197485.5,3564,70890.23806270547,0.12794612794612795,0.44612794612794615,0.42592592592592593,411366.89260689786
H16,111,10507461.0,28633,96433.33631267131,0.06034994586665735,0.4373974085845004,0.5023224950232249,444996.8426290593,8161687.5,2015,42485.4839978806,0.11513647642679901,0.456575682382134,0.4292803970223325,376623.9292250664,8161687.5,3564,70385.64909561322,0.12850729517396184,0.44612794612794615,0.42592592592592593,409305.6760697513
H16,112,10457549.0,28633,95807.98429366446,0.060524569552614114,0.4373974085845004,0.5021827960744596,442932.6055690274,8124403.0,2015,42150.63044592135,0.11464019851116625,0.45607940446650125,0.430272952853598,374705.2712275642,8124403.0,3564,69866.07895891248,0.1282267115600449,0.44556677890011226,0.42676767676767674,407179.18885714014
H16,113,10402335.0,28633,95146.41234305446,0.06076904271295359,0.43732755911011767,0.5020430971256942,440811.5980917587,8084157.0,2015,41803.494434714186,0.11513647642679901,0.45607940446650125,0.4297766749379653,372642.9596847395,8084157.0,3564,69326.39039948469,0.12850729517396184,0.44556677890011226,0.4264870931537598,404915.8014296881
H16,114,10347876.0,28633,94485.63456385289,0.06076904271295359,0.4376069570076485,0.5016938497537806,438575.8580759358,8043330.0,2015,41449.4856568786,0.11464019851116625,0.45607940446650125,0.4297766749379653,370568.08674104896,8043330.0,3564,68778.34114669524,0.1282267115600449,0.44612794612794615,0.42592592592592593,402631.7541660283
H16,115,10289379.0,28633,93815.57934303595,0.06101351587329305,0.43743233332169174,0.5015890755422066,436101.17573278985,8000154.5,2015,41103.8345414472,0.11513647642679901,0.45558312655086847,0.4292803970223325,368419.5713816025,8000154.5,3564,68228.8114119956,0.12878787878787878,0.44556677890011226,0.42564534231200896,400252.8191276176
H16,116,10228914.0,28633,93118.68991718096,0.06111829008486711,0.437257709635735,0.5016589250165893,433546.0593596055,7955252.0,2015,40749.04403733852,0.11513647642679901,0.45508684863523574,0.4297766749379653,366183.13562881097,7955252.0,3564,67665.94285082808,0.12878787878787878,0.4452861952861953,0.42592592592592593,397787.01410081016
H16,117,10164791.0,28633,92402.45691107212,0.06139768798239793,0.4371878601613523,0.5014144518562498,430909.48670923384,7908129.0,2015,40376.4282003893,0.11563275434243177,0.45508684863523574,0.4292803970223325,363831.6977930644,7908129.0,3564,67078.73244632127,0.12934904601571268,0.4452861952861953,0.42536475869809204,395209.4499933867
H16,118,10100515.0,28633,91677.53364722648,0.06143261271958929,0.437362483847309,0.5012049034331016,428238.08593445196,7860798.5,2015,39998.79596254112,0.11563275434243177,0.4531017369727047,0.4312655086848635,361452.01844927244,7860798.5,3564,66483.32162203235,0.12934904601571268,0.4444444444444444,0.42620650953984285,392604.3403838146
H16,119,10032098.0,28633,90930.32698657841,0.061677085879928754,0.43701323647539553,0.5013096776446757,425426.53685980913,7811051.0,2015,39605.74399098543,0.11612903225806452,0.4531017369727047,0.4307692307692308,358958.4460021963,7811051.0,3564,65866.56606623238,0.13019079685746351,0.4441638608305275,0.42564534231200896,389879.36013546126
H17,0,1498344.25,28633,848.6384345722478,0.24003771871616666,0.40924807040827016,0.35085390982432857,23479.729319492457,6.528642654418945,2015,0.2611792247895491,0.22084367245657568,0.3970223325062035,0.3826302729528536,0.6634017584500579,24.258289337158203,3564,0.32055056058790576,0.2620650953984287,0.38103254769921435,0.35718294051627386,1.0288595888391603
H17,1,2689906.0,28633,4003.117132880168,0.22205147906262004,0.418049104180491,0.360004190968463,68546.22210012557,26.702587127685547,2015,1.5610516371502368,0.2074441687344913,0.40347394540942927,0.3890818858560794,3.2792757969738773,86.75763702392578,3564,1.8093377289083543,0.24691358024691357,0.3891694725028058,0.36447811447811446,4.470654959157063
H17,2,2294190.25,28633,3773.9281707296554,0.20043306674117278,0.42905039639576714,0.37055146160025143,60456.35715122365,104.1802978515625,2015,5.8065952530031355,0.19255583126550868,0.4104218362282878,0.3970223325062035,12.706299844124048,300.5538024902344,3564,6.471324828329403,0.2303591470258137,0.3947811447811448,0.37514029180695846,15.777299846711818
H17,3,1785854.5,28633,3564.5696514714446,0.19128278559703837,0.435476548038976,0.37331051583836833,52410.045419600625,333.9517517089844,2015,10.7124575347229,0.19106699751861042,0.4153846153846154,0.3935483870967742,25.295534809134956,806.9005737304688,3564,12.024836155429647,0.22643097643097643,0.3961840628507295,0.377384960718294,34.38042095230358
H17,4,1680209.875,28633,3706.3649203158075,0.1780812349387071,0.44312506548388225,0.378828624314602,48032.687515554404,381.812255859375,2015,16.339834799715792,0.18411910669975187,0.4163771712158809,0.39950372208436724,36.956997014809495,1387.4324951171875,3564,18.652167375369302,0.21801346801346802,0.39870931537598203,0.3832772166105499,54.66061300268941
H17,5,1681388.0,28633,4880.003240307054,0.1717249327698809,0.44763035658156675,0.3807145601229351,53504.479531284785,442.8877258300781,2015,20.7967018950104,0.18362282878411912,0.4163771712158809,0.4,47.6377616053236,2107.80517578125,3564,24.086189013675245,0.21689113355780024,0.3995510662177329,0.3835578002244669,75.72994454384998
H17,6,1732489.25,28633,6135.359424122895,0.16205078056787622,0.4513323787238501,0.3866168407082737,61383.032530883145,921.2567138671875,2015,27.00913765098121,0.17766749379652605,0.41935483870967744,0.40297766749379654,63.97728546896853,2675.667724609375,3564,31.3035359839981,0.20959595959595959,0.4037598204264871,0.3866442199775533,97.57493679335207
H17,7,1679914.375,28633,5736.898219631133,0.1576502636817658,0.4538120350644361,0.38853770125379805,55347.63030307383,1517.120361328125,2015,32.30197667594509,0.17766749379652605,0.41985111662531016,0.40248138957816376,82.57725669932374,3203.474609375,3564,37.71523795644255,0.20819304152637486,0.4037598204264871,0.38804713804713803,121.63628242386234
H17,8,1603880.5,28633,6313.164421612786,0.1510145636154088,0.45730450878357143,0.3916809276010198,55821.07891058332,2803.237548828125,2015,39.40822484747463,0.1761786600496278,0.42233250620347396,0.40148883374689825,112.20986483707013,3937.618896484375,3564,46.80781538265345,0.2048260381593715,0.4068462401795735,0.388327721661055,158.9974817173961
H17,9,1626999.375,28633,7948.170034906544,0.14682359515244647,0.46065728355394125,0.3925540460308036,68000.76145103271,4245.6787109375,2015,44.793264504843314,0.17468982630272953,0.4248138957816377,0.40049627791563275,144.7566622163809,4346.41064453125,3564,54.76211483946554,0.20342312008978675,0.4090909090909091,0.38748597081930414,203.82485145485217
H17,10,2015003.5,28633,9069.037962237244,0.13917507770754026,0.46582614465826144,0.39503370237138963,74730.6325918077,5213.4794921875,2015,51.85193728541724,0.169727047146402,0.4267990074441687,0.40347394540942927,170.83046480071133,5464.68505859375,3564,64.29103744381048,0.2000561167227834,0.4110549943883277,0.3891694725028058,244.29691965065246
H17,11,2361144.5,28633,10927.51950562989,0.13425068976355953,0.47130932839730383,0.394474906576328,84241.83148753652,5976.794921875,2015,57.944519553897734,0.1687344913151365,0.4267990074441687,0.4044665012406948,193.98933581204463,7230.92578125,3564,72.8821296395888,0.1989337822671156,0.4116161616161616,0.3894500561167228,289.40903238265173
H17,12,2627820.0,28633,12725.543604790155,0.12960569971710964,0.47532567317430935,0.395068627108581,91140.07464969173,7161.91845703125,2015,66.92917558421941,0.16823821339950373,0.4258064516129032,0.40595533498759306,230.89435061702707,151942.90625,3564,170.97429185487542,0.19668911335578002,0.4110549943883277,0.39225589225589225,3572.7274550515167
H17,13,2785448.25,28633,13867.120571518159,0.12705619390214087,0.4781545768868089,0.3948590786854329,92739.36040150268,7969.2802734375,2015,74.68309962079793,0.16674937965260547,0.428287841191067,0.40496277915632756,265.80469740846246,365510.3125,3564,302.88964575643575,0.19584736251402918,0.4127384960718294,0.39169472502805835,8662.036629912756
H17,14,2884638.25,28633,15726.963253491922,0.12300492438794398,0.47745608214298185,0.3995739182062655,96926.61077909614,20483.8828125,2015,101.8914726971632,0.16575682382133994,0.428287841191067,0.40595533498759306,646.6528689362425,359645.84375,3564,330.858292275559,0.19444444444444445,0.41301907968574636,0.39281705948372614,8499.55356746886
H17,15,2969289.0,28633,17117.51834252539,0.1205601927845493,0.47818950162400026,0.40132015506583313,100173.53168984591,45804.53125,2015,167.91007402430418,0.16526054590570718,0.4307692307692308,0.40397022332506205,1604.1473455650848,377711.125,3564,404.9952689167632,0.19276094276094277,0.41386083052749717,0.39337822671156003,8986.897990044896
H17,16,3047761.75,28633,17178.210141328917,0.1172423427513708,0.4790276953165927,0.4037299619320365,100970.11482460966,355527.78125,2015,1203.267185400391,0.16277915632754342,0.430272952853598,0.40694789081885857,18182.45101606996,399984.875,3564,1223.4387715603184,0.19023569023569023,0.4152637485970819,0.3945005611672278,18126.04357853427
H17,17,3120781.0,28633,17809.176995669994,0.11483253588516747,0.4793769426885063,0.40589529563790033,103845.85019367066,698792.625,2015,2321.487680232078,0.1617866004962779,0.4327543424317618,0.4054590570719603,36408.3235351577,698792.625,3564,2114.3698983650606,0.18911335578002245,0.41778900112233447,0.3930976430976431,32626.480830919383
H17,18,3192271.75,28633,19006.92116655499,0.11196870743547654,0.4831837390423637,0.40484755352215973,108021.48453249462,782752.875,2015,2571.5613945495456,0.1607940446650124,0.4327543424317618,0.4064516129032258,40160.01929493309,782752.875,3564,2605.867028687285,0.18714927048260382,0.41947250280583614,0.39337822671156003,36662.39738554521
H17,19,3266689.25,28633,22893.876290001663,0.10924457793455104,0.4865714385499249,0.40418398351552404,131393.31176941007,1854037.625,2015,6357.087780126095,0.15831265508684864,0.430272952853598,0.4114143920595533,90390.76967854846,1854037.625,3564,6905.297369219812,0.1835016835016835,0.41975308641975306,0.39674523007856344,81132.24401681707
H17,20,3320233.25,28633,22708.62480552629,0.10683477106834771,0.48915586910208503,0.40400935982956726,121287.00701718994,1368009.125,2015,6006.712372135756,0.15632754342431762,0.430272952853598,0.4133995037220844,66427.76448210275,1368009.125,3564,8285.55976651087,0.18013468013468015,0.42059483726150393,0.3992704826038159,68707.74425301363
H17,21,3329080.75,28633,23842.449565236522,0.10512345894597143,0.4922990954493067,0.40261237034191316,122820.79249448223,1308586.875,2015,8022.3586578714385,0.15483870967741936,0.4327543424317618,0.41240694789081883,72725.02201111687,1308586.875,3564,11752.297736792003,0.1781705948372615,0.4225589225589226,0.3995510662177329,83766.87495444152
H17,22,3323308.5,28633,24686.34860092575,0.10295812524010757,0.49415010652044844,0.40292669297663536,126296.10200495108,1503242.25,2015,9409.526497909223,0.15037220843672455,0.43722084367245656,0.41240694789081883,82188.36680469359,1503242.25,3564,13126.12090354296,0.17368125701459033,0.42564534231200896,0.4009539842873176,92754.52529790725
H17,23,3373031.0,28633,24138.751754439072,0.10117696364334858,0.49547724653371983,0.40334578982293157,118856.23657449106,1139950.875,2015,6802.774398041008,0.1488833746898263,0.43771712158808934,0.4133995037220844,58971.164806595625,1139950.875,3564,9800.646066797663,0.17087542087542087,0.42536475869809204,0.4037598204264871,65383.944147844886
H17,24,3455972.75,28633,25209.38708363309,0.09929102783501555,0.49575664443125067,0.40498725247092515,119334.4813880972,1013341.1875,2015,7071.55645271409,0.14689826302729528,0.43722084367245656,0.4163771712158809,55065.08046805887,1013341.1875,3564,10723.100920570985,0.16806958473625142,0.4245230078563412,0.40768799102132436,65205.522433077655
H17,25,3518963.0,28633,27238.969731748402,0.09796388782174414,0.4957217196940593,0.40631439248419654,124106.11580310122,1109793.375,2015,8496.238924011,0.14540942928039702,0.43722084367245656,0.4173697270471464,62364.598459418834,1109793.375,3564,13080.877898312789,0.16610549943883277,0.4245230078563412,0.40937149270482603,74570.25412072586
H17,26,3543242.25,28633,28840.54848106539,0.09597317780183705,0.4968742360213739,0.40718751091398037,128707.26741261127,1236052.125,2015,10318.940624429159,0.143424317617866,0.43821339950372207,0.41836228287841193,72042.08599839058,1236052.125,3564,15952.068120626825,0.1632996632996633,0.4276094276094276,0.4090909090909091,87561.69753520384
H17,27,3527303.0,28633,28937.141672433983,0.09503020989767053,0.49586141864282474,0.4091432961966961,128947.79469993658,1295322.75,2015,11501.171180829968,0.14292803970223325,0.43870967741935485,0.41836228287841193,77176.30616303023,1295322.75,3564,18109.21813371637,0.16245791245791247,0.4278900112233446,0.409652076318743,96529.79713643614
H17,28,3439512.25,28633,28372.013337798177,0.09307442461495477,0.4964900639122691,0.4104355114727762,127449.37334621068,1326642.875,2015,12280.929940289894,0.1424317617866005,0.44069478908188586,0.41687344913151364,80457.51880641152,1326642.875,3564,19708.758187778334,0.16133557800224466,0.4287317620650954,0.4099326599326599,103307.94655063945
H17,29,3219890.75,28633,28295.60885511771,0.09153773617853525,0.495197848636189,0.4132993399224671,125223.89926449412,1342519.5,2015,12715.045188077156,0.14193548387096774,0.4411910669975186,0.41687344913151364,82554.2139554218,1360577.125,3564,20511.230368851266,0.16077441077441076,0.42901234567901236,0.4102132435465769,106774.92125891683
H17,30,2882510.25,28633,28391.25453029094,0.08937240247267139,0.4919847728145846,0.41864282471274405,123423.17540501662,1356780.5,2015,12996.532782101365,0.141439205955335,0.4411910669975186,0.4173697270471464,83995.11064583322,1392232.875,3564,20780.420033245387,0.15965207631874298,0.42957351290684626,0.4107744107744108,108156.16641397834
H17,31,2537527.25,28633,28844.33925526124,0.08804526245939999,0.4947787517898928,0.4172109104878986,124122.2517473246,1374877.125,2015,13247.837254863774,0.14094292803970224,0.44069478908188586,0.41885856079404465,85401.81131333308,1418653.5,3564,21221.984493876564,0.15937149270482603,0.4298540965207632,0.4110549943883277,110091.88707084468
H17,32,2245137.25,28633,29069.97577365166,0.08535605769566584,0.4953375475849544,0.41930639471937975,123574.51972113493,1391438.5,2015,13577.121504797551,0.1359801488833747,0.4436724565756824,0.42034739454094294,86625.594296972,1439975.75,3564,21524.740727849632,0.15516273849607182,0.4318181818181818,0.41301907968574636,110989.2953833584
H17,33,1992725.125,28633,29218.664695471176,0.08371459504767227,0.49596619285439875,0.42038906157231165,121612.25219860827,1407584.375,2015,14194.247503244424,0.13548387096774195,0.4471464019851117,0.4173697270471464,88285.33081412669,1458979.875,3564,22086.15165127711,0.15488215488215487,0.4332210998877666,0.4121773288439955,112106.05000992575
H17,34,1958912.125,28633,29559.22391632881,0.08238745503440087,0.49523277337338034,0.4223797715922188,121001.04106164315,1422280.125,2015,14846.891223282295,0.1344913151364764,0.4481389578163772,0.4173697270471464,90672.91447700173,1476544.625,3564,22719.96424486979,0.1531986531986532,0.4340628507295174,0.4127384960718294,114040.19457450796
H17,35,2086516.125,28633,30187.600561923962,0.08172388502776516,0.49495337547584956,0.42332273949638527,122384.05635300007,1439524.125,2015,15407.802205071795,0.1344913151364764,0.4481389578163772,0.4173697270471464,93582.30499807694,1495165.5,3564,23350.232127888085,0.1531986531986532,0.4346240179573513,0.4121773288439955,116576.6022505565
H17,36,2183468.25,28633,30999.234331680094,0.08043166975168511,0.49348653651381275,0.4261516432088849,124566.64170812875,1452290.75,2015,15848.715141977873,0.1334987593052109,0.4501240694789082,0.41687344913151364,96153.79660198765,1511047.375,3564,23935.40656120255,0.15067340067340068,0.43630751964085296,0.4132996632996633,119045.15081718251
H17,37,2152928.0,28633,32075.042359744304,0.07952362658470995,0.4915656759682883,0.4289106974470017,127520.8339339354,1465529.125,2015,16227.913504246066,0.1325062034739454,0.4496277915632754,0.41786600496277915,98488.72710758584,1526415.0,3564,24569.329516873444,0.1501122334455668,0.4371492704826038,0.4127384960718294,121647.12677260773
H17,38,2064779.5,28633,33086.752297991006,0.07837111025739531,0.490937030698844,0.43069185904376067,130220.15217717402,1477686.375,2015,16595.447209934504,0.13101736972704714,0.4491315136476427,0.41985111662531016,100773.33207184765,1541034.125,3564,25227.10238548365,0.14870931537598203,0.43658810325476993,0.41470258136924804,124357.82020168367
H17,39,2131519.25,28633,34042.42102290455,0.07788216393671638,0.4914609017567143,0.43069185904376067,133088.4568025349,1489418.125,2015,17004.417722811388,0.13101736972704714,0.45062034739454093,0.41836228287841193,103454.33694953745,1554838.5,3564,26015.351555669055,0.14870931537598203,0.43686868686868685,0.41442199775533106,127617.80080734467
H17,40,2194478.75,28633,35199.778466372496,0.07672964760940174,0.4915656759682883,0.4317046764223099,136905.5080125501,1499467.125,2015,17369.960255994338,0.13052109181141439,0.4481389578163772,0.42133995037220845,105965.29280629702,1567582.25,3564,26640.846096417903,0.14814814814814814,0.43658810325476993,0.4152637485970819,130354.10568511173
H17,41,2257104.75,28633,36532.4787808789,0.07627562602591416,0.49037823490378235,0.4333461390703035,141432.98397648885,1509873.5,2015,17755.090184298682,0.13052109181141439,0.45062034739454093,0.41885856079404465,108862.17579278401,1579542.75,3564,27203.983350346334,0.1478675645342312,0.4382716049382716,0.41386083052749717,133059.46605055677
H17,42,2321124.0,28633,37709.09712933372,0.07508818496140816,0.4887018475185974,0.4362099675199944,145170.18607340485,1518858.0,2015,18055.33138825766,0.12853598014888337,0.4481389578163772,0.42332506203473946,110946.90295686298,1590806.875,3564,27764.37362540087,0.14562289562289563,0.4371492704826038,0.4172278338945006,135574.34030345752
H17,43,2386566.25,28633,38785.78211415301,0.07449446442915517,0.48751440645409144,0.4379911291167534,148995.4574476735,1528648.375,2015,18407.924130683678,0.12853598014888337,0.45062034739454093,0.42084367245657567,113688.04148648576,1602057.375,3564,28477.36442419444,0.14562289562289563,0.4382716049382716,0.4161054994388328,138951.50640429356
H17,44,2454698.75,28633,40594.943806452284,0.0737261202109454,0.4850347501135054,0.4412391296755492,156111.43369403004,1573204.875,2015,18826.297927296666,0.12803970223325062,0.4481389578163772,0.4238213399503722,116898.91048388668,1616107.875,3564,29450.33486643513,0.1447811447811448,0.4377104377104377,0.4175084175084175,143489.81849122484
H17,45,2522955.0,28633,43215.249740614534,0.07316732441588376,0.4810533300736912,0.44577934551042503,167500.5822140348,1670548.5,2015,19208.524321705663,0.12803970223325062,0.4486352357320099,0.42332506203473946,119897.30461601843,1670548.5,3564,30623.974837761343,0.1442199775533109,0.4371492704826038,0.4186307519640853,149074.9263845319
H17,46,2590761.75,28633,43902.94649899843,0.07201480808856914,0.4787133726818706,0.449341668703943,170265.0673692961,1780965.5,2015,19566.195472090443,0.1260545905707196,0.4531017369727047,0.42133995037220845,123074.40375253324,1780965.5,3564,31036.665080433868,0.1419753086419753,0.44023569023569026,0.4180695847362514,151408.97342485905
H17,47,2663175.25,28633,42991.48670847217,0.07170048545384695,0.4812628784968393,0.4471064855236964,165466.60674443698,1935100.75,2015,20009.78476525092,0.12555831265508685,0.45359801488833745,0.42133995037220845,127478.67810464397,1935100.75,3564,30884.74177450934,0.14085297418630752,0.44135802469135804,0.4180695847362514,152081.47758387768
H17,48,2737827.75,28633,44082.153031874244,0.07079244228687179,0.47965634058603707,0.44962106660147383,170260.57950726495,2071255.0,2015,20470.227373424088,0.12357320099255584,0.4521091811414392,0.42431761786600497,131715.21124660055,2071255.0,3564,31572.1629310643,0.1388888888888889,0.44079685746352415,0.42031425364758696,156093.52848400988
H17,49,2845839.25,28633,46252.88476695081,0.07030349596619286,0.47343973736597633,0.4562916914050222,180329.89282187584,2210854.75,2015,20968.75936096397,0.12357320099255584,0.4531017369727047,0.42332506203473946,136337.2877832466,2210854.75,3564,32482.2613381495,0.138327721661055,0.44191919191919193,0.41975308641975306,161056.46438134485
H17,50,2917093.25,28633,47521.31407101119,0.0696050012223658,0.47155380155764326,0.45887612195718225,186523.26225965808,2363154.25,2015,21463.453434851996,0.12258064516129032,0.45409429280397023,0.42332506203473946,141202.0670067028,2363154.25,3564,33307.53510473013,0.13720538720538722,0.4424803591470258,0.42031425364758696,165926.60841116114
H17,51,2999980.75,28633,49333.63163700013,0.06929067858764362,0.4689693710054832,0.4617399504068732,196118.1503957574,2553782.75,2015,22057.22674846715,0.12258064516129032,0.456575682382134,0.42084367245657567,147388.15408970678,2553782.75,3564,34354.206818657956,0.13692480359147025,0.44332210998877664,0.41975308641975306,172271.84348704733
H17,52,3080821.0,28633,50726.18242243642,0.0682778612090944,0.4657912199210701,0.46596584360702686,204099.0031411707,2746540.0,2015,22653.20363233323,0.12208436724565756,0.45508684863523574,0.4228287841191067,153846.03447594694,2746540.0,3564,35387.63863083844,0.1366442199775533,0.44276094276094274,0.42059483726150393,178779.88871251594
H17,53,3155878.25,28633,51722.90477346337,0.06785876436279817,0.45926029406628716,0.4728809415709147,209323.43177947012,2901473.25,2015,23147.31778279966,0.12158808933002481,0.456575682382134,0.4218362282878412,159213.09421207188,2901473.25,3564,36225.241496910945,0.1360830527497194,0.4436026936026936,0.42031425364758696,184081.94841363977
H17,54,3342487.75,28633,53188.140184410986,0.06733489330492788,0.45548842244962107,0.4772116089826424,215746.09990405035,3061939.0,2015,23654.152030577607,0.12109181141439206,0.45607940446650125,0.4228287841191067,164826.5443443745,3061939.0,3564,37079.22153370047,0.13524130190796857,0.4436026936026936,0.4211560044893378,189630.2168868634
H17,55,3536261.75,28633,54973.3111048914,0.06726504383054517,0.4536723361156707,0.4790626200537841,223249.86283110754,3224356.5,2015,24165.43426323981,0.12109181141439206,0.45607940446650125,0.4228287841191067,170604.49700472062,3224356.5,3564,37968.66404835911,0.13496071829405162,0.44388327721661053,0.4211560044893378,195440.26602511335
H17,56,3734983.75,28633,56744.678820689114,0.06677609750986624,0.45196102399329446,0.48129780323403065,230650.85801188537,3380418.0,2015,24659.307777925627,0.12109181141439206,0.456575682382134,0.42233250620347396,176231.37423277038,3380418.0,3564,38827.65901997584,0.13496071829405162,0.4444444444444444,0.42059483726150393,201115.6656172074
H17,57,3930674.25,28633,58526.34662538348,0.06649669961233541,0.4506688087172144,0.48283449167045017,237997.7221466158,3537574.5,2015,25152.52752553444,0.1205955334987593,0.4575682382133995,0.4218362282878412,181965.1898092289,3537574.5,3564,39691.1496542971,0.13468013468013468,0.4452861952861953,0.42003367003367004,206891.69399894774
H17,58,4120606.5,28633,60091.69813629193,0.06600775329165648,0.44930674396675163,0.4846855027415919,244560.20024477516,3697147.75,2015,25612.66304419994,0.12009925558312655,0.45806451612903226,0.4218362282878412,187619.019664415,3697147.75,3564,40499.81043639942,0.13411896745230079,0.4458473625140292,0.42003367003367004,212518.21565274606
H17,59,4307184.5,28633,61326.96973606209,0.06586805434289107,0.4467921628889743,0.487374707505326,250539.87698647432,3856966.5,2015,26019.55388449579,0.12009925558312655,0.458560794044665,0.42133995037220845,193400.69309367286,3856966.5,3564,41231.84820155451,0.13411896745230079,0.44640852974186307,0.41947250280583614,218164.58794396566
H17,60,4504777.0,28633,62635.78733351707,0.06527433381063807,0.4464429155170607,0.4882827506723012,257091.00120790047,4016418.5,2015,26459.419697497848,0.1196029776674938,0.458560794044665,0.4218362282878412,199591.40596291097,4016418.5,3564,42009.81900849169,0.132996632996633,0.44668911335578004,0.42031425364758696,224229.06243999928
H17,61,4718662.0,28633,64086.23308420089,0.06513463486187267,0.4461285928823386,0.48873677225578877,264194.2596923205,4179920.75,2015,26909.793549678416,0.1196029776674938,0.458560794044665,0.4218362282878412,206119.43269355458,4179920.75,3564,42820.06529242364,0.132996632996633,0.44696969696969696,0.42003367003367004,230647.08355638623
H17,62,4930543.0,28633,65469.85354835196,0.0642265916948975,0.4460936681451472,0.4896797401599553,271024.5683366283,4336973.0,2015,27354.33062553283,0.11861042183622829,0.45707196029776676,0.42431761786600497,212473.48142837902,4336973.0,3564,43610.2066607941,0.13159371492704827,0.44612794612794615,0.4222783389450056,236865.81541166382
H17,63,5135184.0,28633,66793.71967325895,0.06398211853455803,0.44605874340795587,0.48995913805748614,277709.3807773799,4489476.5,2015,27814.09737262572,0.11861042183622829,0.45558312655086847,0.4258064516129032,218689.9204570806,4489476.5,3564,44396.413780470386,0.13159371492704827,0.4444444444444444,0.4239618406285073,242905.6224305407
H17,64,5338657.5,28633,68101.50629409733,0.06321377431634827,0.4455697970872769,0.4912513533335662,284475.30598444253,4640565.0,2015,28280.736227966107,0.11662531017369727,0.456575682382134,0.4267990074441687,224927.31227869808,4640565.0,3564,45175.16036481808,0.12991021324354657,0.4444444444444444,0.42564534231200896,248933.09103636054
H17,65,5555985.0,28633,69438.47569234802,0.06310900010477422,0.4453602486641288,0.49153075123109696,291373.10086830764,4797474.0,2015,28722.373647077544,0.11761786600496278,0.4575682382133995,0.4248138957816377,231472.03631315482,4797474.0,3564,45912.273767408,0.13047138047138046,0.4452861952861953,0.42424242424242425,255120.03030308793
H17,66,5774539.0,28633,70777.88178781712,0.06251527957252122,0.443998183913666,0.49348653651381275,298302.52173203224,4955679.5,2015,29174.8692870602,0.11712158808933003,0.45558312655086847,0.4272952853598015,238131.89348675116,4955679.5,3564,46670.08862725656,0.12934904601571268,0.4450056116722783,0.42564534231200896,261454.76262536272
H17,67,5985601.5,28633,72044.41429379855,0.062340655886564456,0.44378863549051795,0.4938707086229176,304798.72373773786,5108050.5,2015,29612.864733124145,0.11712158808933003,0.456575682382134,0.426302729528536,244509.32514039372,5108050.5,3564,47420.22870697005,0.12934904601571268,0.4458473625140292,0.42480359147025815,267589.0051739851
H17,68,6190558.5,28633,73286.6320199635,0.06185170956588552,0.44340446338141304,0.4947787517898928,311523.6903251225,5255559.5,2015,30034.094615499493,0.11612903225806452,0.45607940446650125,0.428287841191067,250660.6420281003,5255559.5,3564,48145.79786167318,0.12794612794612795,0.44612794612794615,0.42620650953984285,273529.1728996969
H17,69,6397555.0,28633,74606.61062654264,0.06153738693116334,0.4433695386442217,0.495093074424615,319034.5555243631,5403403.5,2015,30448.613274849195,0.11563275434243177,0.456575682382134,0.4277915632754342,256799.90038118363,5403403.5,3564,48909.81262944362,0.127665544332211,0.44668911335578004,0.42564534231200896,279611.31288785633
H17,70,6610316.5,28633,75797.62870464119,0.06083889218733629,0.44274089337477734,0.49642021443788636,325598.43964377936,5555281.5,2015,30861.296564460146,0.11364764267990074,0.456575682382134,0.4297766749379653,262728.45917815383,5555281.5,3564,49668.81276043774,0.12598204264870932,0.44640852974186307,0.4276094276094276,285504.7081708635
H17,71,6824595.0,28633,76929.9113294257,0.06076904271295359,0.4417979254706108,0.49743303181643556,331425.70312095387,5707382.5,2015,31205.874630159266,0.11364764267990074,0.456575682382134,0.4297766749379653,267500.9798192775,5707382.5,3564,50451.042527960744,0.12598204264870932,0.44612794612794615,0.4278900112233446,290924.75337359234
H17,72,7038184.5,28633,78152.93001398782,0.060140397443509234,0.44116928020116647,0.4986903223553243,337618.68385285937,5857680.5,2015,31371.416525761506,0.11364764267990074,0.45707196029776676,0.4292803970223325,269093.4397639909,5857680.5,3564,51408.636313310846,0.12598204264870932,0.44640852974186307,0.4276094276094276,295995.61293122894
H17,73,7252908.5,28633,79472.06388975833,0.06003562323193518,0.4412042049383578,0.49879509656689835,344508.4797080766,6007771.0,2015,31641.821451250333,0.11364764267990074,0.45707196029776676,0.4297766749379653,272821.75092202355,6007771.0,3564,52302.3340385306,0.12598204264870932,0.44612794612794615,0.4281705948372615,302152.8559788972
H17,74,7463460.5,28633,80693.83349896572,0.05937205322529948,0.4408549575664443,0.49980791394544755,350860.5637842379,6156316.5,2015,32105.535935994052,0.11315136476426799,0.45558312655086847,0.4317617866004963,279288.2618588042,6156316.5,3564,53050.17477237402,0.12570145903479238,0.44556677890011226,0.42901234567901236,308226.08693307865
H17,75,7678568.0,28633,81865.31962724592,0.05919742953934272,0.4406454091432962,0.5001571613173611,356513.16652603797,6307093.0,2015,32575.010438556663,0.11265508684863523,0.45607940446650125,0.4312655086848635,285885.115088106,6307093.0,3564,53805.37180225944,0.12542087542087543,0.4458473625140292,0.4287317620650954,314427.0833812609
H17,76,7900128.0,28633,83147.87152415983,0.05860370900708972,0.4401215380854259,0.5012747529074844,362378.56788417115,6462508.0,2015,33081.15183149386,0.11166253101736973,0.45607940446650125,0.432258064516129,292612.95664176735,6462508.0,3564,54641.086566077756,0.12429854096520764,0.44556677890011226,0.43013468013468015,320976.00667799707
H17,77,8117072.0,28633,84407.6961946658,0.05849893479551566,0.43935319386721616,0.5021478713372682,368155.89510593424,6610968.5,2015,33666.365887686276,0.11166253101736973,0.45607940446650125,0.432258064516129,299233.0355331419,6610968.5,3564,55614.650764295315,0.12429854096520764,0.4458473625140292,0.4298540965207632,327559.7642414447
H17,78,8339803.5,28633,85602.17708284938,0.05804491321202808,0.43977229071351237,0.5021827960744596,373547.79942886933,6749818.5,2015,34336.33810500129,0.11166253101736973,0.45558312655086847,0.4327543424317618,305916.9355224309,6749818.5,3564,56728.09128544827,0.12429854096520764,0.4452861952861953,0.43041526374859707,334242.82844559045
H17,79,8567471.0,28633,86794.35574805719,0.05794013900045402,0.43914364544406803,0.5029511402926693,379366.84958934557,6888465.5,2015,34938.92333519168,0.11166253101736973,0.45558312655086847,0.4327543424317618,312586.57641325454,6888465.5,3564,58026.07989504495,0.12429854096520764,0.4452861952861953,0.43041526374859707,341342.4161117212
H17,80,8785488.0,28633,88039.82622433531,0.05780044005168861,0.43889917228372854,0.5033353124017742,385794.9035467145,7022365.5,2015,35537.85340174413,0.11166253101736973,0.45558312655086847,0.4327543424317618,319046.5728989635,7022365.5,3564,59156.34087179459,0.12429854096520764,0.4450056116722783,0.43097643097643096,348247.56805293536
H17,81,8995903.0,28633,89351.08162691272,0.0576607411029232,0.43921349491845074,0.5031257639786261,392919.7642036082,7155393.5,2015,36166.78802895229,0.11166253101736973,0.45558312655086847,0.4327543424317618,325559.60382985516,7155393.5,3564,60215.21256189613,0.12401795735129069,0.4450056116722783,0.43097643097643096,355017.7592152472
H17,82,9200641.0,28633,90664.58166468606,0.05752104215415779,0.4393182691300248,0.5031606887158174,399961.2319183322,7286413.0,2015,36860.85692556385,0.11166253101736973,0.45707196029776676,0.4312655086848635,332119.629033996,7286413.0,3564,61344.78208062157,0.12401795735129069,0.4458473625140292,0.43013468013468015,361840.4301364084
H17,83,9404839.0,28633,91980.27811558374,0.05734641846820103,0.43914364544406803,0.503509936087731,406973.6657348568,7416191.5,2015,37609.77352459203,0.11215880893300248,0.456575682382134,0.4312655086848635,338764.40644042636,7416191.5,3564,62548.5239866434,0.12429854096520764,0.4452861952861953,0.43041526374859707,368755.86510232225
H17,84,9608582.0,28633,93306.00354964718,0.05685747214752209,0.4391087207068767,0.5040338071456012,413698.6037501102,7544273.0,2015,38434.36058710149,0.11166253101736973,0.45607940446650125,0.432258064516129,345498.5766390901,7544273.0,3564,63847.080130948896,0.12373737373737374,0.4452861952861953,0.43097643097643096,375776.87207754253
H17,85,9811192.0,28633,94601.448862452,0.05657807424999127,0.4385150001746237,0.5049069255753851,419969.01305303443,7669952.0,2015,39298.73223787275,0.11166253101736973,0.45607940446650125,0.432258064516129,352274.7935370779,7669952.0,3564,65189.746754963824,0.12345679012345678,0.44556677890011226,0.43097643097643096,382798.90873801615
H17,86,10002628.0,28633,95943.1595690893,0.05605420319212098,0.43879439807215453,0.5051863234729159,426404.56016023766,7789253.5,2015,40197.24155727205,0.11166253101736973,0.45508684863523574,0.43325062034739453,358858.9573861861,7789253.5,3564,66587.02708866876,0.12317620650953984,0.4447250280583614,0.43209876543209874,389721.054539495
H17,87,10190966.0,28633,97333.54818549183,0.055949428980546924,0.4383403764886669,0.5057101945307861,433149.6241940052,7924889.5,2015,41135.433306148756,0.11215880893300248,0.45508684863523574,0.4327543424317618,365490.0962490942,7924889.5,3564,68057.87472278104,0.12373737373737374,0.4447250280583614,0.43153759820426485,396777.6576134279
H17,88,10371566.0,28633,98682.7638151977,0.05591450424335557,0.43830545175147556,0.5058149687423602,440068.20091530134,8057480.5,2015,42139.983924888365,0.11215880893300248,0.45558312655086847,0.4327543424317618,372125.99817972496,8057480.5,3564,69628.35192541245,0.12373737373737374,0.4452861952861953,0.43125701459034793,403945.4530463375
H17,89,10544211.0,28633,100114.84097023917,0.05591450424335557,0.4380609785911361,0.5060245171655083,447017.5849485048,8188033.0,2015,43203.96320540371,0.11116625310173697,0.45558312655086847,0.43325062034739453,378703.29262859095,8188033.0,3564,71294.11001196738,0.12317620650953984,0.4452861952861953,0.43153759820426485,411180.9310193198
H17,90,10718481.0,28633,101550.77071945848,0.055739880557398806,0.4382006775399015,0.506094366639891,453933.77520140685,8360384.0,2015,44272.221022329395,0.11116625310173697,0.45558312655086847,0.43325062034739453,385601.1163703256,8360384.0,3564,72979.87802962387,0.12289562289562289,0.4452861952861953,0.4318181818181818,418951.7768310627
H17,91,10893924.0,28633,102961.8436414806,0.05577480529459016,0.43816575280271014,0.5060594419026997,460642.97353511176,8499813.0,2015,45301.11250817898,0.11066997518610422,0.45607940446650125,0.43325062034739453,392051.51470143505,8499813.0,3564,74622.3726855329,0.12261503928170595,0.4452861952861953,0.43209876543209874,426237.77412404964
H17,92,11071635.0,28633,104275.60527682702,0.05577480529459016,0.43830545175147556,0.5059546676911256,467231.6186380608,8616886.0,2015,46234.033762656654,0.11116625310173697,0.45508684863523574,0.4337468982630273,398020.4673538751,8616886.0,3564,76131.26774158122,0.12289562289562289,0.4444444444444444,0.43265993265993263,432992.50799087354
H17,93,11218018.0,28633,105407.5554713269,0.055844654768972865,0.43837530122585827,0.5058498934795516,473125.53194579727,8716798.0,2015,47011.9366860971,0.11116625310173697,0.456575682382134,0.4327543424317618,403042.4778176296,8716798.0,3564,77391.6879600052,0.12317620650953984,0.44556677890011226,0.43153759820426485,438684.92574273655
H17,94,11332533.0,28633,106347.62996147278,0.05577480529459016,0.4388642475465372,0.505500646107638,477912.0925149805,8799240.0,2015,47660.84005392248,0.11116625310173697,0.45707196029776676,0.432258064516129,407196.33409564395,8799240.0,3564,78435.75744568853,0.12317620650953984,0.44556677890011226,0.43153759820426485,443353.46096143726
H17,95,11422841.0,28633,107087.04807406345,0.05570495582020745,0.43914364544406803,0.5051513987357246,481493.9353476643,8866362.0,2015,48211.122080600915,0.11017369727047147,0.456575682382134,0.43325062034739453,410592.85832382564,8866362.0,3564,79298.99757818518,0.12261503928170595,0.4452861952861953,0.43209876543209874,447138.08075451915
H17,96,11507713.0,28633,107664.91794457444,0.05563510634582475,0.4394928928159816,0.5049069255753851,484330.18518161064,8922488.0,2015,48671.37635743263,0.11017369727047147,0.45707196029776676,0.43325062034739453,413445.2756693085,8922488.0,3564,80019.10831736875,0.12289562289562289,0.4458473625140292,0.43153759820426485,450291.757934221
H17,97,11575092.0,28633,108122.10969622422,0.0556700310830161,0.43994691439946915,0.5044179792547061,486466.1637084882,8968095.0,2015,49048.46712170913,0.11017369727047147,0.4575682382133995,0.4327543424317618,415760.79743362137,8968095.0,3564,80603.88617589996,0.12261503928170595,0.44668911335578004,0.43097643097643096,452837.7299813007
H17,98,11630584.0,28633,108440.07244728031,0.05563510634582475,0.4399818391366605,0.5044179792547061,488385.99736687995,9005511.0,2015,49352.302815914925,0.10967741935483871,0.4575682382133995,0.43325062034739453,417660.11389710725,9005511.0,3564,81085.03551768119,0.122334455667789,0.44696969696969696,0.43097643097643096,454945.38403193135
H17,99,11676524.0,28633,108705.04761240481,0.055739880557398806,0.43987706492508644,0.5044179792547061,490353.6949169075,9036616.0,2015,49622.42243738213,0.10918114143920596,0.45806451612903226,0.43325062034739453,419279.7965864609,9036616.0,3564,81522.04139282215,0.12205387205387205,0.44753086419753085,0.43069584736251404,456801.7937645318
H17,100,11717893.0,28633,108910.38128309361,0.05577480529459016,0.440226312297,0.5039988824084098,492095.24908349226,9064336.0,2015,49850.87554761636,0.1086848635235732,0.4575682382133995,0.4337468982630273,420711.89641521266,9064336.0,3564,81899.10531922635,0.12205387205387205,0.44725028058361394,0.43069584736251404,458441.579601574
H17,101,11752171.0,28633,109081.7926857098,0.055949428980546924,0.4398421401878951,0.504208430831558,493593.65384577983,9087742.0,2015,50051.73750609877,0.1086848635235732,0.4575682382133995,0.4337468982630273,421932.59674715996,9087742.0,3564,82228.31376215875,0.12205387205387205,0.44725028058361394,0.43069584736251404,459848.8374792822
H17,102,11781298.0,28633,109199.69527172446,0.05598435371773827,0.4401564628226173,0.5038941081968358,494653.5729858376,9107728.0,2015,50208.31610642072,0.10918114143920596,0.4575682382133995,0.43325062034739453,422955.7904168756,9107728.0,3564,82486.4562641433,0.122334455667789,0.44725028058361394,0.43041526374859707,461000.7141748628
H17,103,11799701.0,28633,109242.7601138514,0.056228826878077745,0.4405755596689135,0.5031956134530088,495097.47814643354,9121293.0,2015,50313.520025149955,0.10967741935483871,0.4575682382133995,0.4327543424317618,423636.2211557314,9121293.0,3564,82646.56831197353,0.12317620650953984,0.4478114478114478,0.42901234567901236,461734.0062115796
H17,104,11809998.0,28633,109179.2241749558,0.056228826878077745,0.44102958125240105,0.5027415918695212,495378.20134641434,9128901.0,2015,50358.404984886445,0.10967741935483871,0.458560794044665,0.4317617866004963,424007.7907170166,9128901.0,3564,82724.3767455347,0.12317620650953984,0.4483726150392817,0.42845117845117847,462140.70136290893
H17,105,11813142.0,28633,109073.39339754211,0.056438375301225856,0.4410645059895924,0.502532043446373,495681.7538748213,9131641.0,2015,50376.827250983246,0.11017369727047147,0.45905707196029777,0.4312655086848635,424157.5185490331,9131641.0,3564,82764.75654922,0.12345679012345678,0.4483726150392817,0.42845117845117847,462343.89880361274
H17,106,11812327.0,28633,108920.61141824549,0.05640345056403451,0.4413089791499319,0.5022875702860335,495717.94113640074,9131487.0,2015,50356.75240177313,0.10967741935483871,0.45905707196029777,0.4312655086848635,424143.71757146507,9131487.0,3564,82748.65673579441,0.12317620650953984,0.4489337822671156,0.4278900112233446,462349.27267276717
H17,107,11804136.0,28633,108726.90217410971,0.05664792372437397,0.4410645059895924,0.5022875702860335,495407.9363486055,9126829.0,2015,50304.7096621629,0.10918114143920596,0.45905707196029777,0.4317617866004963,423899.01948335,9126829.0,3564,82673.10925920148,0.12289562289562289,0.4478114478114478,0.4292929292929293,462083.8282568156
H17,108,11790384.0,28633,108466.1486249451,0.056822547410330736,0.4413089791499319,0.5019033981769288,494777.61775422277,9118244.0,2015,50209.644168562925,0.10967741935483871,0.45905707196029777,0.4317617866004963,423436.9835636221,9118244.0,3564,82529.43085705364,0.12317620650953984,0.4478114478114478,0.4292929292929293,461559.49592571234
H17,109,11767789.0,28633,108149.33945764086,0.05703209583347885,0.4414486780986973,0.5015192260678238,493770.91728319635,9104128.0,2015,50070.64892403987,0.10918114143920596,0.45806451612903226,0.4327543424317618,422692.72675380716,9104128.0,3564,82311.33940085565,0.12289562289562289,0.44696969696969696,0.43013468013468015,460710.29689356795
H17,110,11739603.0,28633,107740.55404707101,0.05703209583347885,0.4419026996821849,0.5010652044843362,492728.79469598905,9085587.0,2015,49891.15608223453,0.10918114143920596,0.4595533498759305,0.4312655086848635,421719.3180700991,9085587.0,3564,82038.61827277431,0.12289562289562289,0.44809203142536475,0.42901234567901236,459632.3415193768
H17,111,11707177.0,28633,107309.35049706876,0.05748611741696644,0.4417979254706108,0.5007159571124228,491860.16429844353,9064220.0,2015,49708.74537881131,0.11116625310173697,0.45905707196029777,0.4297766749379653,420627.33410966065,9064220.0,3564,81761.2722310714,0.12429854096520764,0.44753086419753085,0.4281705948372615,458472.8660443916
H17,112,11674376.0,28633,106867.03095295974,0.057590891628540496,0.44165822652184544,0.5007858065868054,490891.3083731595,9042308.0,2015,49504.22575404359,0.11116625310173697,0.45707196029776676,0.432258064516129,419507.1704592193,9042308.0,3564,81462.55286169624,0.12429854096520764,0.44696969696969696,0.42901234567901236,457270.655370831
H17,113,11638342.0,28633,106416.54717614179,0.05776551531449726,0.44172807599622815,0.500541333426466,489757.703855085,9018659.0,2015,49297.230106304,0.11166253101736973,0.45806451612903226,0.4307692307692308,418302.2129348735,9018659.0,3564,81147.15364382432,0.12485970819304153,0.44725028058361394,0.4281705948372615,455966.2795662831
H17,114,11600611.0,28633,105941.77667472696,0.05776551531449726,0.4417630007334195,0.5005064086892747,488416.1049423467,8993743.0,2015,49064.22479606211,0.11166253101736973,0.45508684863523574,0.4337468982630273,417003.33098748786,8993743.0,3564,80793.99203245905,0.12485970819304153,0.4452861952861953,0.43013468013468015,454538.1754671092
H17,115,11557055.0,28633,105433.74464659418,0.057975063737645376,0.4421820975797157,0.4999126881570216,486763.10259630426,8965536.0,2015,48808.754492293054,0.11166253101736973,0.458560794044665,0.430272952853598,415529.3953972261,8965536.0,3564,80393.7536189857,0.12542087542087543,0.44668911335578004,0.4281705948372615,452896.59744635795
H17,116,11509812.0,28633,104876.37875385738,0.05804491321202808,0.44207732336814165,0.49994761289421297,484947.4449489246,8934580.0,2015,48526.01227668072,0.11166253101736973,0.45558312655086847,0.43325062034739453,413908.90035382326,8934580.0,3564,79952.31264492455,0.1251402918069585,0.4452861952861953,0.4298540965207632,451088.87337670213
H17,117,11459266.0,28633,104278.64574728558,0.0583243111095589,0.44256626968882057,0.49914434393881185,482903.65657352103,8899869.0,2015,48218.82877250125,0.11166253101736973,0.45806451612903226,0.4307692307692308,412108.8877225912,8899869.0,3564,79469.99086375201,0.12542087542087543,0.44668911335578004,0.4281705948372615,449085.860913109
H17,118,11413430.0,28633,103631.33166742952,0.05860370900708972,0.44267104390039463,0.4988300213040897,480664.974753643,8862003.0,2015,47868.75201133377,0.11166253101736973,0.458560794044665,0.430272952853598,410112.61857914645,8862003.0,3564,78927.57605811398,0.12570145903479238,0.44668911335578004,0.4281705948372615,446857.8547285971
H17,119,11360492.0,28633,102938.46974408464,0.05881325743023784,0.4421820975797157,0.49900464499004643,478143.3440602723,8819484.0,2015,47500.20499115374,0.11116625310173697,0.45707196029776676,0.4317617866004963,407902.604915738,8819484.0,3564,78341.91061189256,0.12570145903479238,0.4452861952861953,0.42901234567901236,444390.1587712535
H18,0,1202043.25,28633,454.3757340590332,0.24087591240875914,0.4089686725107394,0.35022526455488423,15946.25911285901,6.316680431365967,2015,0.24901106866614495,0.22084367245657568,0.3970223325062035,0.3826302729528536,0.63712878126707,23.379606246948242,3564,0.3060466132524194,0.2623456790123457,0.38103254769921435,0.3569023569023569,0.989640610682735
H18,1,1869795.75,28633,2485.874455200379,0.22313414591555197,0.4173156846994726,0.35972479307093214,44813.28130058392,25.67534637451172,2015,1.4926578443977045,0.20794044665012407,0.40297766749379654,0.3890818858560794,3.139526539443881,83.76718139648438,3564,1.7323075963777188,0.2474747474747475,0.3886083052749719,0.36391694725028056,4.297331756696807
H18,2,2152123.5,28633,3438.9241127155356,0.20207452938916634,0.4286312995494709,0.3693989452729368,56342.748813947,98.27095031738281,2015,5.591868241835566,0.1935483870967742,0.4104218362282878,0.3965260545905707,12.22306046858131,286.2359619140625,3564,6.235549234250317,0.2309203142536476,0.3950617283950617,0.37429854096520765,15.174137712831675
H18,3,1756479.625,28633,3173.2734508843205,0.19292424824503196,0.43484790276953167,0.3722627737226277,48068.460674141206,326.316650390625,2015,10.393487976230412,0.19156327543424317,0.4148883374689826,0.3935483870967742,24.565748599192297,778.3250122070312,3564,11.661465714088157,0.22699214365881032,0.3961840628507295,0.37682379349046013,33.28135393705323
H18,4,1523469.5,28633,3265.3672176551645,0.1802116439073796,0.44221702231690707,0.3776761079872874,45716.938874775624,375.2486877441406,2015,15.897460234137236,0.18511166253101738,0.41588089330024813,0.3990074441687345,35.99822827572205,1342.424560546875,3564,18.14363688046719,0.2185746352413019,0.39870931537598203,0.38271604938271603,53.107132845180956
H18,5,1493045.625,28633,3732.0974223350095,0.17396011595012748,0.44665246394020885,0.37945726958404635,45708.63708735127,434.5390625,2015,20.2625606766597,0.18362282878411912,0.4163771712158809,0.4,46.424132755641615,2053.447998046875,3564,23.472622688588064,0.21689113355780024,0.3992704826038159,0.3838383838383838,73.8502618586542
H18,6,1488474.0,28633,4500.850000601154,0.1636922432158698,0.45150700240980685,0.3848007543743233,49121.27024004853,843.616455078125,2015,26.295796235247384,0.17766749379652605,0.41935483870967744,0.40297766749379654,61.933169636429625,2622.763427734375,3564,30.493197333662085,0.20987654320987653,0.40347923681257014,0.3866442199775533,95.16837122888182
H18,7,1518496.5,28633,5710.213820819173,0.15918695211818532,0.4533929382181399,0.3874201096636748,56541.234461152286,1481.7239990234375,2015,31.465289064709943,0.17766749379652605,0.41985111662531016,0.40248138957816376,80.29049362733092,3106.038818359375,3564,36.71368043223536,0.2084736251402918,0.4037598204264871,0.3877665544332211,118.17618299186896
H18,8,1492588.625,28633,5505.0200281746065,0.15255125205182832,0.4572695840463801,0.39017916390179164,52011.67710284078,2664.2216796875,2015,38.390946063553685,0.1761786600496278,0.42233250620347396,0.40148883374689825,108.35812417070598,3848.8779296875,3564,45.55803959820928,0.2048260381593715,0.4065656565656566,0.3886083052749719,154.0620478520873
H18,9,1503004.75,28633,6070.775153535366,0.14979219781371145,0.4581077777389725,0.392100024447316,54559.93896142573,4132.21923828125,2015,43.73686488546066,0.17667493796526054,0.42332506203473946,0.4,140.99996174899061,4200.66259765625,3564,53.33139020953989,0.20454545454545456,0.4079685746352413,0.38748597081930414,198.2587861561652
H18,10,1507972.375,28633,6936.885244579935,0.14277232563824957,0.4624035204135089,0.39482415394824155,59696.23338372673,5121.4365234375,2015,50.56756725387249,0.169727047146402,0.426302729528536,0.40397022332506205,167.24437628357123,5351.62890625,3564,62.743072436060665,0.2000561167227834,0.4104938271604938,0.3894500561167228,238.7152895329753
H18,11,1753443.75,28633,8150.88121791833,0.1390703034959662,0.46582614465826144,0.39510355184577234,69084.49729286798,5810.0810546875,2015,56.466356403957086,0.16923076923076924,0.426302729528536,0.4044665012406948,188.76024142736492,6949.220703125,3564,70.79150024530541,0.1994949494949495,0.4110549943883277,0.3894500561167228,279.8927648773338
H18,12,2108046.0,28633,10126.993965370986,0.1320504313205043,0.4712394789229211,0.3967450144937659,79189.08289250312,6979.12109375,2015,64.91658345239243,0.16823821339950373,0.4258064516129032,0.40595533498759306,222.7044891071421,8861.8134765625,3564,84.25981677844659,0.19696969696969696,0.4110549943883277,0.39197530864197533,346.3884619010078
H18,13,2448111.0,28633,11978.988701988963,0.12841825865260365,0.4751510494883526,0.3965005413334265,88030.07451256638,7750.00390625,2015,73.37637672474311,0.16724565756823823,0.428287841191067,0.4044665012406948,261.7143825789129,9689.6806640625,3564,98.60151278493085,0.19612794612794612,0.4127384960718294,0.39141414141414144,417.0854434811138
H18,14,2713809.5,28633,13467.905902036762,0.12496070967065973,0.47857367373310516,0.39657039080780915,92609.17650814661,20325.646484375,2015,99.4576605532895,0.16575682382133994,0.4292803970223325,0.40496277915632756,639.3125649353839,293772.28125,3564,290.7530582872496,0.19528619528619529,0.41358024691358025,0.39169472502805835,6980.7254442870135
H18,15,2899184.75,28633,15395.1055032736,0.12251597806726504,0.4803548353298641,0.3971641113400622,97396.25040584039,45434.765625,2015,162.04717745657913,0.1662531017369727,0.430272952853598,0.40347394540942927,1575.53564479232,364528.75,3564,388.7904857247617,0.19388327721661056,0.41386083052749717,0.39225589225589225,8751.787414564591
H18,16,3033720.75,28633,17976.653797104325,0.11849963329025949,0.4809136311249258,0.40065658505919743,104203.51306050779,352328.65625,2015,1189.2153804834568,0.16377171215880892,0.4292803970223325,0.40694789081885857,18008.145283078935,373384.65625,3564,1193.869816507825,0.19079685746352412,0.414983164983165,0.3942199775533109,17723.27716589589
H18,17,3133824.0,28633,18993.385789003107,0.1166486222191178,0.48115810428526523,0.40219327349561695,107826.61808103646,696575.0625,2015,2313.1600815197316,0.16377171215880892,0.4297766749379653,0.4064516129032258,36296.75351507501,696575.0625,3564,2093.8826076372457,0.19023569023569023,0.4161054994388328,0.393658810325477,32408.016688012038
H18,18,3219287.25,28633,19112.15309800877,0.1133307721859393,0.48115810428526523,0.4055111235287954,109969.58178640585,779979.9375,2015,2541.9980791755856,0.1607940446650124,0.43325062034739453,0.40595533498759306,40022.24493948227,779979.9375,3564,2359.434300695994,0.18742985409652077,0.41919191919191917,0.39337822671156003,35706.617206343086
H18,19,3308857.5,28633,22607.203921262626,0.11106066426850138,0.4842664058952956,0.404672929836203,132336.6499244509,1846814.375,2015,6297.680377202062,0.1588089330024814,0.430272952853598,0.4109181141439206,90088.34118173587,1846814.375,3564,6003.227415799205,0.18434343434343434,0.41947250280583614,0.3961840628507295,78725.35573921524
H18,20,3394693.5,28633,22764.241520339005,0.10760311528655747,0.4867111374986903,0.40572067195194356,123508.17304429148,1372036.75,2015,5979.541990991419,0.15632754342431762,0.430272952853598,0.4133995037220844,66558.94509942972,1372036.75,3564,7573.959779450143,0.18069584736251404,0.41947250280583614,0.3998316498316498,64918.766370497884
H18,21,3480182.5,28633,24380.22306143805,0.10585687842698983,0.4909021059616526,0.40327594034854886,127537.55064640437,1306626.5,2015,7987.054662816414,0.15483870967741936,0.432258064516129,0.4129032258064516,72483.14121045124,1306626.5,3564,11738.9234735633,0.1781705948372615,0.4222783389450056,0.3998316498316498,83977.13203212818
H18,22,3554948.5,28633,26035.670785478495,0.10372646945831733,0.49331191282785597,0.4029616177138267,133702.30904897957,1502165.625,2015,9429.695713356077,0.15186104218362284,0.43622828784119105,0.4119106699751861,82285.04572631755,1502165.625,3564,13738.776799377922,0.1750841750841751,0.42508417508417506,0.3998316498316498,95898.86664392037
H18,23,3586544.25,28633,25069.933146348772,0.10222470575908917,0.49512799916180633,0.40268221981629587,124974.44244560988,1147838.0,2015,6834.939671362407,0.15086848635235733,0.43771712158808934,0.4114143920595533,59372.98162582787,1147838.0,3564,10292.024678723106,0.1728395061728395,0.4239618406285073,0.4031986531986532,68159.01910805555
H18,24,3641820.0,28633,25606.295567753317,0.09988474836726853,0.49621066601473823,0.40390458561799325,123521.57993433754,1011050.8125,2015,7043.001292959895,0.14789081885856079,0.43722084367245656,0.4148883374689826,54909.49015760747,1011050.8125,3564,10705.569402547113,0.1691919191919192,0.42368125701459036,0.40712682379349047,65357.56180328663
H18,25,3726496.25,28633,27529.60971552618,0.09827821045646631,0.4961408165403555,0.40558097300317814,128264.19794253442,1107731.875,2015,8445.895040704454,0.14590570719602977,0.43622828784119105,0.41786600496277915,62159.72660539128,1107731.875,3564,13000.558729924047,0.16666666666666666,0.42368125701459036,0.409652076318743,74470.61188382022
H18,26,3790972.75,28633,29830.556539514793,0.09646212412251598,0.4965599133866518,0.40704781196521495,134351.54716985242,1232735.25,2015,10273.714639115955,0.1444168734491315,0.43771712158808934,0.41786600496277915,71802.35669938072,1232735.25,3564,15923.737801425657,0.16470258136924804,0.4264870931537598,0.4090909090909091,87614.591179122
H18,27,3863827.75,28633,31364.255975399883,0.09527468305800998,0.4961408165403555,0.40858450040163447,137703.7819235388,1294687.75,2015,11475.554265941024,0.14392059553349876,0.43870967741935485,0.4173697270471464,77092.20297500037,1294687.75,3564,18057.951346256323,0.1632996632996633,0.4273288439955107,0.40937149270482603,96408.46445472978
H18,28,3897189.5,28633,31423.844801209565,0.09331889777529424,0.4961757412775469,0.4105752104215416,138154.01106014382,1327021.5,2015,12268.749081222033,0.14292803970223325,0.43970223325062036,0.4173697270471464,80428.08486394331,1327021.5,3564,19719.922466459757,0.16161616161616163,0.42845117845117847,0.4099326599326599,103431.29933499728
H18,29,3775113.5,28633,31149.70321502604,0.09206160723640555,0.4951629238989977,0.4128103936017882,137635.97800146876,1343105.875,2015,12719.515233734532,0.1424317617866005,0.44069478908188586,0.41687344913151364,82589.42516368515,1360039.875,3564,20789.671540586158,0.1610549943883277,0.4292929292929293,0.409652076318743,108058.78156447694
H18,30,3497264.25,28633,31526.328913732774,0.08975657458177627,0.49212447176335,0.4181538783920651,136896.7830681677,1357320.75,2015,13005.18888970916,0.141439205955335,0.44069478908188586,0.41786600496277915,84038.76840974849,1391907.375,3564,21160.070711462802,0.15965207631874298,0.4292929292929293,0.4110549943883277,109688.93802697686
H18,31,3182368.25,28633,31928.47097909186,0.08856913351727028,0.4908322564872699,0.42063353473265114,137093.35712209958,1375437.625,2015,13264.198896971953,0.14094292803970224,0.44069478908188586,0.41836228287841193,85458.84253712135,1418430.75,3564,21591.63082526742,0.15965207631874298,0.4292929292929293,0.4110549943883277,111437.79944198822
H18,32,2898776.0,28633,31738.130068398063,0.08556560611881396,0.49355638598819546,0.4208780078929906,135178.6918558844,1392139.375,2015,13572.354638302928,0.13647642679900746,0.4431761786600496,0.42034739454094294,86664.40104887106,1439927.0,3564,21728.846228903218,0.15600448933782268,0.43153759820426485,0.41245791245791247,111660.52365266647
H18,33,2664859.25,28633,31783.853400259268,0.08381936925924632,0.495093074424615,0.4210875563161387,132833.92664292027,1408387.5,2015,14219.44000234253,0.13548387096774195,0.4476426799007444,0.41687344913151364,88396.28275332383,1459061.25,3564,22220.09041246873,0.15516273849607182,0.4329405162738496,0.4118967452300786,112465.65674620643
H18,34,2608418.0,28633,32162.103455733053,0.08252715398316628,0.4943945796807879,0.42307826633604584,132199.94332188106,1423097.625,2015,14912.351743760704,0.13548387096774195,0.4481389578163772,0.4163771712158809,90969.67112922031,1476653.875,3564,22889.242145571545,0.15404040404040403,0.4340628507295174,0.4118967452300786,114504.74035540738
H18,35,2703881.0,28633,32849.41632002558,0.08186358397653058,0.49257849334683756,0.42555792267663184,133505.4867418801,1439215.25,2015,15487.707354376984,0.13548387096774195,0.4476426799007444,0.41687344913151364,94033.82165834623,1494028.75,3564,23554.208736344783,0.15404040404040403,0.4335016835016835,0.41245791245791247,117175.19414586166
H18,36,2753608.0,28633,33794.640875164034,0.08046659448887647,0.48884154646736283,0.430726783780952,135743.96326402086,1452551.625,2015,15951.39605648729,0.13399503722084366,0.4481389578163772,0.41786600496277915,96814.99041569718,1510957.875,3564,24209.33738328181,0.15179573512906847,0.43490460157126826,0.4132996632996633,119956.15922543606
H18,37,2664802.75,28633,34834.24894655188,0.07980302448224078,0.48580309433171515,0.43439388118604405,138237.3196757213,1466487.625,2015,16350.827701234522,0.13399503722084366,0.45062034739454093,0.4153846153846154,99356.80820927625,1526675.125,3564,24870.00101076277,0.15151515151515152,0.43686868686868685,0.4116161616161616,122769.52899404932
H18,38,2526119.75,28633,36198.738829018075,0.07851080920616073,0.48513952432507945,0.43634966646875983,142302.99672302103,1479164.75,2015,16772.20310243132,0.1315136476426799,0.4496277915632754,0.41885856079404465,102059.36274689794,1541535.625,3564,25666.850048049502,0.14927048260381592,0.43602693602693604,0.41470258136924804,126051.44098932888
H18,39,2540759.5,28633,37928.21989777564,0.07777738972514232,0.4867460622358817,0.435476548038976,148200.95627587952,1491598.875,2015,17198.628569386856,0.1315136476426799,0.4491315136476427,0.41935483870967744,104969.1680096893,1555796.0,3564,26550.091475259258,0.14898989898989898,0.43574635241301907,0.4152637485970819,129815.98819800532
H18,40,2560959.75,28633,38827.867155122425,0.0769042712953585,0.4861523417036287,0.4369783117382042,150970.42024533966,1502103.75,2015,17603.14721704743,0.13052109181141439,0.4511166253101737,0.41836228287841193,107954.18993314577,1568942.125,3564,27096.984624648874,0.14814814814814814,0.4377104377104377,0.41414141414141414,132434.2370250745
H18,41,2533104.0,28633,39759.95450962698,0.07606607760276604,0.4847553522159746,0.4391785701812594,153916.91132282792,1511936.0,2015,18003.622450513547,0.13052109181141439,0.45062034739454093,0.41885856079404465,111070.19930858832,1580858.625,3564,27787.69109309605,0.14758698092031425,0.4377104377104377,0.41470258136924804,135794.45902269892
H18,42,2503898.75,28633,41049.8937907349,0.0749135612754514,0.48699053539622117,0.43809590332832743,158544.04292869038,1520579.125,2015,18410.663361610554,0.12853598014888337,0.45260545905707195,0.41885856079404465,114273.38383454009,1591999.25,3564,28604.611049666826,0.14618406285072952,0.43967452300785637,0.41414141414141414,139731.54524674435
H18,43,2473340.0,28633,42910.15024928491,0.07449446442915517,0.48744455697970873,0.43809590332832743,166016.18584710927,1631693.0,2015,18834.93826195108,0.12853598014888337,0.45161290322580644,0.41985111662531016,117738.14407991423,1631693.0,3564,29645.979019320916,0.14590347923681257,0.4388327721661055,0.4155443322109989,144776.38716938713
H18,44,2491946.5,28633,45156.81818056298,0.07344672231341459,0.486082492229246,0.4404707854573394,175529.1257534324,1684242.0,2015,19141.133583529234,0.12853598014888337,0.4481389578163772,0.42332506203473946,119808.69925058873,1684242.0,3564,30665.41016148202,0.14450056116722784,0.4371492704826038,0.41835016835016836,149487.0868686536
H18,45,2596150.25,28633,46288.532693194844,0.07260852862082212,0.48555862117137566,0.44183285020780216,180326.18158313778,1799301.75,2015,19509.632685068307,0.12803970223325062,0.4531017369727047,0.41885856079404465,123179.01033258495,1799301.75,3564,31217.348985254925,0.143658810325477,0.4391133557800225,0.4172278338945006,152520.72853824732
H18,46,2599482.75,28633,45375.64348866949,0.07194495861418643,0.4872350085565606,0.4408898823036357,175060.307125974,1966609.125,2015,19979.542809718172,0.1270471464019851,0.45260545905707195,0.42084367245657567,127907.01735738365,1966609.125,3564,31017.363173151403,0.1419753086419753,0.43967452300785637,0.4186307519640853,152949.34143290657
H18,47,2673957.0,28633,46383.13409190432,0.07152586176789019,0.4863618901267768,0.4421820975797157,179463.16160996296,2117395.25,2015,20461.30312106876,0.1270471464019851,0.4531017369727047,0.42084367245657567,132544.75992833887,2117395.25,3564,31719.697313445395,0.14113355780022446,0.44135802469135804,0.4180695847362514,157208.16161685387
H18,48,2777458.25,28633,48066.9858836912,0.07054796912653233,0.4828694164076415,0.44658261446582614,188518.1982214018,2271230.25,2015,20992.110722300946,0.12406947890818859,0.45359801488833745,0.42233250620347396,137597.84258372706,2271230.25,3564,32675.391839733406,0.138327721661055,0.4424803591470258,0.41919191919191917,162535.52910321325
H18,49,2851202.0,28633,49892.828110667884,0.07005902280585338,0.4779799532008522,0.4519959487304858,196788.31227953194,2447528.0,2015,21563.804354675398,0.12357320099255584,0.45508684863523574,0.42133995037220845,143339.56131035747,2447528.0,3564,33644.211993264704,0.1377665544332211,0.44332210998877664,0.41891133557800225,168350.1143935093
H18,50,3015386.5,28633,52273.67062039144,0.06925575385045228,0.474103307372612,0.45667586351412703,208301.37558456382,2667153.25,2015,22242.66704349975,0.12258064516129032,0.45607940446650125,0.42133995037220845,150570.6364758017,2667153.25,3564,34842.67967289795,0.13720538720538722,0.44332210998877664,0.41947250280583614,175800.2927497324
H18,51,3211857.25,28633,53380.17420540699,0.06848740963224252,0.4744525547445255,0.45706003562323194,214942.8724360336,2842799.5,2015,22794.52441557918,0.12208436724565756,0.45508684863523574,0.4228287841191067,156606.77176547243,2842799.5,3564,35806.4658790286,0.13692480359147025,0.44332210998877664,0.41975308641975306,181896.00424937773
H18,52,3431804.0,28633,55098.752165340695,0.06810323752313764,0.472322145775853,0.4595746167010093,222775.91421058026,3020179.75,2015,23354.54518511368,0.12158808933002481,0.456575682382134,0.4218362282878412,162803.25318046735,3020179.75,3564,36778.26578281406,0.1360830527497194,0.44388327721661053,0.42003367003367004,188144.50673984404
H18,53,3654753.25,28633,56818.0197358742,0.06803338804875493,0.469248768903014,0.46271784304823105,230561.86736793065,3203967.5,2015,23929.27281631897,0.12158808933002481,0.45707196029776676,0.42133995037220845,169340.37793655688,3203967.5,3564,37774.560445990646,0.13580246913580246,0.44332210998877664,0.4208754208754209,194694.12260164268
H18,54,3868560.25,28633,58355.460850802265,0.06736981804211924,0.4664547899277058,0.466175392030175,237718.63798304848,3378044.5,2015,24474.957835289097,0.12158808933002481,0.456575682382134,0.4218362282878412,175616.70329629173,3378044.5,3564,38715.90007426711,0.13552188552188552,0.4444444444444444,0.42003367003367004,200983.85005788977
H18,55,4065269.25,28633,59734.83071522594,0.06705549540739705,0.4637306604267803,0.4692138441658226,244197.91249974704,3549991.25,2015,25011.728269452935,0.12109181141439206,0.45806451612903226,0.42084367245657567,181898.23615487546,3549991.25,3564,39634.342252947914,0.13496071829405162,0.4458473625140292,0.41919191919191917,207215.76268490474
H18,56,4261950.5,28633,61221.30969826064,0.06628715118918731,0.46097160618866345,0.47277616735934064,251013.81458724302,3720444.75,2015,25544.160535007522,0.12109181141439206,0.458560794044665,0.42084367245657567,188201.75810067536,3720444.75,3564,40544.41848906848,0.13496071829405162,0.44640852974186307,0.41891133557800225,213463.38158231968
H18,57,4478348.0,28633,62960.87539024856,0.06614745224042189,0.4575140572067195,0.4763384905528586,258805.69107322377,3889116.0,2015,26102.858823927698,0.1205955334987593,0.45905707196029777,0.42034739454094294,194855.8901093286,3889116.0,3564,41512.22469071018,0.13468013468013468,0.44725028058361394,0.4180695847362514,220168.34958842516
H18,58,4712505.0,28633,64790.216943601874,0.06569343065693431,0.4554534977124297,0.478853071630636,266941.3717040959,4061539.25,2015,26655.39883552554,0.12009925558312655,0.4600496277915633,0.41985111662531016,201817.05326656238,4061539.25,3564,42492.3348502478,0.13383838383838384,0.44668911335578004,0.41947250280583614,227215.43616690018
H18,59,4948844.0,28633,66402.96350869063,0.06572835539412566,0.4543009813851151,0.47997066322075926,274779.2794568147,4237264.5,2015,27142.92616311804,0.12009925558312655,0.46054590570719606,0.41935483870967744,208844.8649536354,4237264.5,3564,43386.859290800654,0.13383838383838384,0.44668911335578004,0.41947250280583614,234199.90106006424
H18,60,5172603.0,28633,67794.373646588,0.06516955959906402,0.4521007229420599,0.4827297174588761,281909.8448104124,4404221.5,2015,27630.653718944424,0.12009925558312655,0.4595533498759305,0.42034739454094294,215616.44855417236,4404221.5,3564,44243.35300088339,0.132996632996633,0.44612794612794615,0.4208754208754209,240815.1312781604
H18,61,5381221.0,28633,69088.17610145448,0.06482031222715048,0.4510529808263193,0.48416163168372156,288832.8201148029,4567618.5,2015,28140.057301442626,0.1196029776674938,0.4600496277915633,0.42034739454094294,222302.9649457225,4567618.5,3564,45095.13409819304,0.1324354657687991,0.4450056116722783,0.4225589225589226,247287.60863249702
H18,62,5587774.0,28633,70383.02461979174,0.06405196800894074,0.4505989592428317,0.48538399748541894,295911.21227922855,4732415.0,2015,28629.419768780932,0.11910669975186104,0.4595533498759305,0.42133995037220845,229146.13472360224,4732415.0,3564,45906.05920917548,0.13187429854096522,0.4452861952861953,0.4228395061728395,253818.5056251045
H18,63,5806074.5,28633,71770.94624438082,0.06380749484860126,0.44920196975517757,0.48702546013341247,303407.3657099017,4903209.0,2015,29106.92999817445,0.11861042183622829,0.45905707196029777,0.42233250620347396,236308.72686657883,4903209.0,3564,46713.76460609004,0.13131313131313133,0.44556677890011226,0.42312008978675647,260595.19431822302
H18,64,6011964.0,28633,73138.52754720817,0.06307407536758286,0.44804945342786295,0.4888764712045542,310899.7222750601,5069106.5,2015,29592.6405672229,0.11662531017369727,0.4600496277915633,0.42332506203473946,243276.4300066394,5069106.5,3564,47541.76414125465,0.12991021324354657,0.44640852974186307,0.42368125701459036,267325.85785857664
H18,65,6214165.5,28633,74504.38804615523,0.0629693011560088,0.44658261446582614,0.49044808437816506,318413.158977977,5231670.0,2015,30057.840078075624,0.11712158808933003,0.458560794044665,0.42431761786600497,250050.19766677034,5231670.0,3564,48367.5450563053,0.13019079685746351,0.44640852974186307,0.4234006734006734,273924.9631717541
H18,66,6408987.0,28633,75807.01911538334,0.062270806412181745,0.4461285928823386,0.49163552544267103,325698.5234438319,5391164.5,2015,30523.848561540297,0.11761786600496278,0.45707196029776676,0.4253101736972705,256701.85053711804,5391164.5,3564,49190.22063821558,0.12962962962962962,0.44668911335578004,0.42368125701459036,280419.4092074168
H18,67,6612761.0,28633,77058.36450543167,0.06216603220060769,0.4447316033946845,0.4931372891418992,332661.71047560376,5553960.0,2015,30959.073356644076,0.11712158808933003,0.456575682382134,0.426302729528536,263053.9041484588,5553960.0,3564,50003.18384527887,0.12906846240179573,0.4458473625140292,0.42508417508417506,286743.49469955685
H18,68,6841741.5,28633,78296.62021464307,0.061677085879928754,0.44347431285579575,0.4948486012642755,339251.78448519774,5716537.5,2015,31326.696447515835,0.11712158808933003,0.456575682382134,0.426302729528536,267978.468598014,5716537.5,3564,50863.58186424436,0.12878787878787878,0.44612794612794615,0.42508417508417506,292543.09056797373
H18,69,7075749.5,28633,79567.88729196892,0.06132783850801523,0.4430202912723082,0.49568679495686796,345682.8067948639,5880518.5,2015,31474.764231777524,0.11662531017369727,0.456575682382134,0.4272952853598015,269368.661722287,5880518.5,3564,51925.828956747144,0.12850729517396184,0.4458473625140292,0.42592592592592593,298204.60824046057
H18,70,7300753.0,28633,80848.6148062441,0.060524569552614114,0.44267104390039463,0.4968043865469912,352165.06454727554,6038638.5,2015,31854.844157636544,0.11364764267990074,0.456575682382134,0.4297766749379653,274550.47410548676,6038638.5,3564,52797.61597920991,0.12598204264870932,0.44612794612794615,0.4278900112233446,304638.6780788587
H18,71,7524081.5,28633,82102.62053554127,0.06024517165508329,0.44207732336814165,0.49767750497677504,358688.4329600146,6195802.5,2015,32337.07708554536,0.11364764267990074,0.45707196029776676,0.4292803970223325,281377.16327821877,6195802.5,3564,53579.940108778166,0.12598204264870932,0.44668911335578004,0.4273288439955107,311030.7083369182
H18,72,7756056.5,28633,83425.11220591067,0.05975622533440436,0.44151852757308,0.498760171829707,364956.8058014079,6358208.0,2015,32849.51238260675,0.11364764267990074,0.4575682382133995,0.4287841191066998,288390.703803971,6358208.0,3564,54429.501972463644,0.12598204264870932,0.44668911335578004,0.4273288439955107,317786.35879044473
H18,73,7991326.5,28633,84757.32025844882,0.05947682743687354,0.4407851080920616,0.4997729892082562,370959.9270313889,6523127.5,2015,33400.72945875921,0.11364764267990074,0.456575682382134,0.430272952853598,295524.23141852784,6523127.5,3564,55344.91774022054,0.12598204264870932,0.44612794612794615,0.4281705948372615,324761.3742948253
H18,74,8214749.5,28633,85977.37524746163,0.05919742953934272,0.44026123703419134,0.5005762581636574,375978.7728684766,6670732.5,2015,34085.84542292223,0.11364764267990074,0.45607940446650125,0.4307692307692308,302374.6884927632,6670732.5,3564,56454.7201982604,0.12598204264870932,0.4458473625140292,0.42845117845117847,331570.0762878439
H18,75,8450516.0,28633,87205.39728254553,0.0589878811161946,0.44008661334823457,0.5009604302727622,381917.20429986954,6815176.5,2015,34741.602331007074,0.11364764267990074,0.45607940446650125,0.4307692307692308,309367.6609943052,6815176.5,3564,57665.10223839361,0.12626262626262627,0.44556677890011226,0.42845117845117847,338661.8667698206
H18,76,8682153.0,28633,88493.63156843167,0.058568784269898366,0.43921349491845074,0.502217720811651,388274.5198773723,6956460.0,2015,35365.53395280491,0.11215880893300248,0.45607940446650125,0.4317617866004963,316191.3808798765,6956460.0,3564,59011.755765179885,0.1251402918069585,0.4450056116722783,0.4298540965207632,346159.0960731241
H18,77,8903986.0,28633,89762.71607303144,0.058359235846750256,0.4393881186044075,0.5022526455488422,394839.8569896403,7094499.0,2015,35990.61363517195,0.11215880893300248,0.45607940446650125,0.4317617866004963,322898.22638828104,7094499.0,3564,60062.96494700216,0.1251402918069585,0.4450056116722783,0.4298540965207632,353042.272435414
H18,78,9111808.0,28633,91024.20505823412,0.058079837949219434,0.4389340970209199,0.5029860650298607,401270.88349339616,7227567.5,2015,36657.95772543125,0.11166253101736973,0.45607940446650125,0.432258064516129,329484.2893220814,7227567.5,3564,61150.3057323028,0.12429854096520764,0.4452861952861953,0.43041526374859707,359829.5846309977
H18,79,9312000.0,28633,92228.04806419984,0.05794013900045402,0.43889917228372854,0.5031606887158174,407367.1339029705,7355495.5,2015,37352.853216583106,0.11166253101736973,0.45558312655086847,0.4327543424317618,335940.5872084717,7355495.5,3564,62252.47843132851,0.12429854096520764,0.4450056116722783,0.43069584736251404,366433.0512592176
H18,80,9505770.0,28633,93457.51982347039,0.05752104215415779,0.43879439807215453,0.503719484510879,413703.3050319514,7478284.0,2015,38098.455145024986,0.11166253101736973,0.45508684863523574,0.43325062034739453,342293.6858262406,7478284.0,3564,63431.61495792564,0.12429854096520764,0.4447250280583614,0.43097643097643096,373023.9991315454
H18,81,9703939.0,28633,94777.5160173073,0.05727656899381832,0.4387594733349632,0.5039988824084098,420689.6602159297,7601683.0,2015,38905.962335651064,0.11166253101736973,0.45508684863523574,0.43325062034739453,348855.5510317661,7601683.0,3564,64720.843995295225,0.12429854096520764,0.4447250280583614,0.43125701459034793,379910.98887394235
H18,82,9901118.0,28633,96159.28481285268,0.056927321621904795,0.43848007543743234,0.5046275276778542,427658.10194936144,7723598.5,2015,39783.151823222164,0.11215880893300248,0.45607940446650125,0.432258064516129,355517.9211598507,7723598.5,3564,66104.44391385675,0.12401795735129069,0.4458473625140292,0.43041526374859707,386941.77837779024
H18,83,10096103.0,28633,97556.41254205718,0.056822547410330736,0.4382006775399015,0.5049767750497678,434503.45761433966,7850954.5,2015,40708.50367558871,0.11166253101736973,0.45607940446650125,0.432258064516129,362261.0776728363,7850954.5,3564,67560.4215567543,0.12401795735129069,0.4450056116722783,0.43097643097643096,394086.9069142907
H18,84,10284428.0,28633,98984.19780430982,0.05647330003841721,0.43823560227709285,0.5053609471588726,441178.9481110324,7988711.0,2015,41719.793408187754,0.11166253101736973,0.45558312655086847,0.43325062034739453,369066.9695249557,7988711.0,3564,69125.08590156192,0.12373737373737374,0.4450056116722783,0.43153759820426485,401338.54319800285
H18,85,10475017.0,28633,100442.94190136198,0.05629867635246045,0.4382006775399015,0.505500646107638,447774.2203075771,8130628.0,2015,42852.27751393353,0.11116625310173697,0.45607940446650125,0.4327543424317618,376196.0652478194,8130628.0,3564,70862.62954666858,0.12345679012345678,0.4450056116722783,0.43153759820426485,408982.40761417215
H18,86,10664714.0,28633,101967.04748925132,0.055949428980546924,0.43795620437956206,0.506094366639891,454503.7810034511,8300105.5,2015,44048.121181137474,0.11116625310173697,0.45607940446650125,0.4327543424317618,383648.0553798747,8300105.5,3564,72697.60030515019,0.12317620650953984,0.4452861952861953,0.43153759820426485,417128.8821535339
H18,87,10871641.0,28633,103544.44436421747,0.0556700310830161,0.43816575280271014,0.5061991408514651,461544.33803539746,8482318.0,2015,45255.3502920816,0.11066997518610422,0.45607940446650125,0.43325062034739453,391395.4707889745,8482318.0,3564,74586.67719668988,0.12289562289562289,0.4450056116722783,0.43209876543209874,425727.4495301291
H18,88,11084682.0,28633,105053.14359589337,0.055565256871442044,0.43816575280271014,0.5062689903258478,468894.4277917222,8624545.0,2015,46358.33733158306,0.11116625310173697,0.456575682382134,0.432258064516129,398562.54049068195,8624545.0,3564,76352.94695097956,0.12317620650953984,0.4450056116722783,0.4318181818181818,433723.2404788896
H18,89,11255793.0,28633,106400.52815360317,0.055565256871442044,0.43830545175147556,0.5061642161142738,475406.784273322,8742780.0,2015,47260.03129166726,0.11116625310173697,0.45607940446650125,0.4327543424317618,404461.92249767977,8742780.0,3564,77804.97131595045,0.12317620650953984,0.4447250280583614,0.43209876543209874,440338.18576993863
H18,90,11382978.0,28633,107486.37316606574,0.05549540739705934,0.4380260538539448,0.506478538748996,480887.33256650687,8837874.0,2015,48004.52174456967,0.11066997518610422,0.45508684863523574,0.43424317617866004,409248.5359076708,8837874.0,3564,79003.59898054894,0.12261503928170595,0.4441638608305275,0.4332210998877666,445704.88479686686
H18,91,11503875.0,28633,108389.44239083152,0.055460482659867985,0.43816575280271014,0.5063737645374219,485521.45939623844,8917192.0,2015,48662.34243869596,0.11066997518610422,0.45607940446650125,0.43325062034739453,413299.75765842403,8917192.0,3564,80053.51615792343,0.122334455667789,0.4452861952861953,0.4323793490460157,450267.66510562453
H18,92,11611174.0,28633,109162.28509965957,0.055460482659867985,0.43823560227709285,0.5063039150630392,489314.213107351,8988064.0,2015,49251.447459816605,0.11066997518610422,0.45607940446650125,0.43325062034739453,416925.7961160049,8988064.0,3564,80986.14627659495,0.122334455667789,0.4452861952861953,0.4323793490460157,454309.08379047434
H18,93,11699394.0,28633,109797.32094628269,0.05563510634582475,0.43861977438619776,0.5057800440051688,492057.9499217511,9048150.0,2015,49760.46445216871,0.11116625310173697,0.45558312655086847,0.43325062034739453,419981.4111923989,9048150.0,3564,81768.43715127032,0.12289562289562289,0.4450056116722783,0.43209876543209874,457660.70871045266
H18,94,11773197.0,28633,110276.55635232986,0.05563510634582475,0.4391087207068767,0.5053260224216812,494478.6615197449,9098445.0,2015,50181.889706035625,0.11116625310173697,0.456575682382134,0.4327543424317618,422530.63141192606,9098445.0,3564,82421.95767742622,0.12317620650953984,0.44556677890011226,0.43153759820426485,460470.667752113
H18,95,11835099.0,28633,110690.6080341411,0.05563510634582475,0.43928334439283345,0.5052212482101072,496802.63854669756,9140874.0,2015,50555.15817626756,0.11116625310173697,0.45707196029776676,0.432258064516129,424715.57145942614,9140874.0,3564,83005.09109674057,0.12317620650953984,0.44612794612794615,0.43097643097643096,462923.68461693835
H18,96,11889775.0,28633,111019.13321090917,0.05542555792267663,0.4393881186044075,0.5051863234729159,498860.39725343394,9178036.0,2015,50878.90713575809,0.11017369727047147,0.45707196029776676,0.4327543424317618,426630.9732378084,9178036.0,3564,83515.21415240491,0.12261503928170595,0.44640852974186307,0.43097643097643096,465077.99969959207
H18,97,11935768.0,28633,111297.93308412065,0.055460482659867985,0.439737365976321,0.5048370761010024,500690.75171234657,9209713.0,2015,51158.95641090727,0.11017369727047147,0.45806451612903226,0.432258064516129,428264.1620456189,9209713.0,3564,83957.2137646517,0.12261503928170595,0.44725028058361394,0.43041526374859707,466930.7382280841
H18,98,11975260.0,28633,111508.79808850748,0.05542555792267663,0.4399818391366605,0.5046275276778542,502065.29738489335,9236836.0,2015,51386.620711021074,0.11017369727047147,0.45707196029776676,0.43325062034739453,429659.2184170979,9236836.0,3564,84318.22392784337,0.12261503928170595,0.44696969696969696,0.43069584736251404,468486.332116914
H18,99,12003532.0,28633,111640.57648413903,0.055565256871442044,0.44029616177138264,0.5041385813571753,502823.02297153213,9257007.0,2015,51552.79830805885,0.10967741935483871,0.4575682382133995,0.4327543424317618,430680.16666541627,9257007.0,3564,84571.54352960023,0.12261503928170595,0.44725028058361394,0.43013468013468015,469593.29327153345
H18,100,12022197.0,28633,111659.14134929847,0.05560018160863339,0.4404707854573394,0.5039639576712185,503250.994455802,9270537.0,2015,51653.089004889734,0.10967741935483871,0.45806451612903226,0.432258064516129,431356.1421116117,9270537.0,3564,84726.91111569596,0.12261503928170595,0.4478114478114478,0.42957351290684626,470315.2241224303
H18,101,12030730.0,28633,111614.81516519544,0.055949428980546924,0.44029616177138264,0.5037893339852617,503410.45663826395,9277379.0,2015,51699.20988303676,0.11017369727047147,0.4575682382133995,0.4327543424317618,431691.8712892234,9277379.0,3564,84799.73111566981,0.12317620650953984,0.44696969696969696,0.43013468013468015,470678.1775278621
H18,102,12032229.0,28633,111475.67815746483,0.05591450424335557,0.440820032829253,0.5032654629273915,503392.36543310655,9279132.0,2015,51694.59737362491,0.10967741935483871,0.45707196029776676,0.43325062034739453,431762.93618210533,9279132.0,3564,84799.74580648784,0.12289562289562289,0.44696969696969696,0.43013468013468015,470751.17414516537
H18,103,12027009.0,28633,111297.77752624151,0.056124052666503686,0.4408898823036357,0.5029860650298607,503322.0580223122,9276305.0,2015,51664.661140132586,0.11017369727047147,0.4575682382133995,0.432258064516129,431622.56533187116,9276305.0,3564,84760.08401484402,0.12345679012345678,0.44725028058361394,0.4292929292929293,470615.69967418275
H18,104,12016917.0,28633,111084.65115950195,0.056158977403695035,0.44102958125240105,0.5028114413439039,502755.6600327072,9270234.0,2015,51589.04187433425,0.11017369727047147,0.4575682382133995,0.432258064516129,431284.0217402075,9270234.0,3564,84646.03811181418,0.12345679012345678,0.44725028058361394,0.4292929292929293,470221.26474496076
H18,105,11995126.0,28633,110794.01018409798,0.05636852582684315,0.4411343554639751,0.5024971187091817,501419.3134967104,9257194.0,2015,51453.03553163233,0.11017369727047147,0.45806451612903226,0.4317617866004963,430560.26706648996,9257194.0,3564,84414.40718432242,0.12345679012345678,0.4478114478114478,0.4287317620650954,469338.4845164091
H18,106,11963518.0,28633,110359.03623331182,0.05640345056403451,0.4412391296755492,0.5023574197604163,500005.8260691394,9237088.0,2015,51246.996528484204,0.11017369727047147,0.45806451612903226,0.4317617866004963,429477.5117495893,9237088.0,3564,84092.47318838439,0.12345679012345678,0.4478114478114478,0.4287317620650954,468094.3583162037
H18,107,11926243.0,28633,109890.90918316989,0.056822547410330736,0.4411343554639751,0.5020780218628855,498806.44938323053,9212617.0,2015,51024.72060958479,0.11017369727047147,0.458560794044665,0.4317617866004963,428215.88025532506,9212617.0,3564,83755.04665178464,0.12345679012345678,0.44865319865319864,0.4281705948372615,466723.84192304313
H18,108,11886665.0,28633,109399.69297405481,0.056822547410330736,0.4413788286243146,0.501833548702546,497346.7698492142,9186260.0,2015,50774.17939873659,0.10967741935483871,0.458560794044665,0.432258064516129,426849.33827376994,9186260.0,3564,83375.1343468952,0.12317620650953984,0.4478114478114478,0.4292929292929293,465209.90902900335
H18,109,11840130.0,28633,108868.21995785207,0.05706702057067021,0.4413089791499319,0.5016240002793979,495479.7187337409,9155756.0,2015,50492.69810463544,0.11066997518610422,0.45707196029776676,0.432258064516129,425255.9395011503,9155756.0,3564,82931.59601202498,0.12373737373737374,0.44725028058361394,0.42901234567901236,463415.45765013894
H18,110,11788358.0,28633,108263.82996385588,0.05724164425662697,0.44141375336150596,0.5013795271190584,493444.98913225415,9121478.0,2015,50171.990466899915,0.11066997518610422,0.45806451612903226,0.4312655086848635,423468.7089612076,9121478.0,3564,82433.16303220706,0.12373737373737374,0.44668911335578004,0.42957351290684626,461407.9089552564
H18,111,11730705.0,28633,107626.60458192985,0.0576607411029232,0.44165822652184544,0.5007159571124228,491314.713666851,9083299.0,2015,49828.0939002896,0.11166253101736973,0.45806451612903226,0.430272952853598,421503.9081940765,9083299.0,3564,81899.94288909876,0.12485970819304153,0.44753086419753085,0.4276094276094276,459223.66039009375
H18,112,11669821.0,28633,106950.65857380822,0.0577305905773059,0.4415534523102714,0.5007159571124228,489007.8232524431,9043013.0,2015,49459.04419316131,0.11166253101736973,0.45707196029776676,0.4312655086848635,419401.1685222441,9043013.0,3564,81326.53313553728,0.12485970819304153,0.44668911335578004,0.42845117845117847,456880.0723180295
H18,113,11603513.0,28633,106242.18581219597,0.05790521426326267,0.44200747389375894,0.5000873118429784,486491.1203816849,8999496.0,2015,49063.676497196844,0.11166253101736973,0.45806451612903226,0.430272952853598,417130.5984762642,8999496.0,3564,80709.32017237115,0.12485970819304153,0.44668911335578004,0.42845117845117847,454344.30060598947
H18,114,11533790.0,28633,105490.26003471737,0.057975063737645376,0.4419026996821849,0.5002270107917438,483824.2912563011,8953507.0,2015,48646.72960070034,0.11166253101736973,0.45806451612903226,0.4307692307692308,414731.13320015883,8953507.0,3564,80057.8882022599,0.1251402918069585,0.44668911335578004,0.42845117845117847,451662.3127107455
H18,115,11461240.0,28633,104705.1532186335,0.05814968742360214,0.4420423986309503,0.49980791394544755,480976.6840466251,8904324.0,2015,48216.67730951833,0.11116625310173697,0.45707196029776676,0.4317617866004963,412181.077172177,8904324.0,3564,79378.60980363339,0.1251402918069585,0.44612794612794615,0.4287317620650954,448817.97688736336
H18,116,11397862.0,28633,103878.5222340036,0.058359235846750256,0.44193762441937623,0.49973806447106484,477914.5243691491,8852228.0,2015,47745.19578100104,0.11116625310173697,0.4575682382133995,0.4312655086848635,409454.80362461036,8852228.0,3564,78643.77734868105,0.12542087542087543,0.4458473625140292,0.4287317620650954,445769.29403058125
H18,117,11324815.0,28633,102991.67596835546,0.05884818216742919,0.44151852757308,0.49963329025949077,474417.262742476,8794493.0,2015,47242.37597607661,0.11116625310173697,0.45707196029776676,0.4317617866004963,406444.34215696825,8794493.0,3564,77844.21909988773,0.12598204264870932,0.44556677890011226,0.42845117845117847,442396.7033823062
H18,118,11242270.0,28633,102012.2400092687,0.0589878811161946,0.4414486780986973,0.49959836552229947,470791.74109734775,8732537.0,2015,46713.121884809334,0.11116625310173697,0.45707196029776676,0.4317617866004963,403240.51061378134,8732537.0,3564,77015.03303156505,0.12598204264870932,0.4458473625140292,0.42845117845117847,438824.3940097642
H18,119,11141338.0,28633,100946.52362578805,0.05926727901372542,0.44158837704746273,0.49914434393881185,466779.0157756031,8661908.0,2015,46133.977964247395,0.11116625310173697,0.45806451612903226,0.4307692307692308,399607.5349309894,8661908.0,3564,76103.13094097901,0.12598204264870932,0.44612794612794615,0.4278900112233446,434795.17319804727
H19,0,1814453.25,28633,1488.1532516816549,0.2411902350434813,0.4085495756644431,0.3506094366639891,34813.711229108514,5.898975372314453,2015,0.22490380257798004,0.22084367245657568,0.3970223325062035,0.3826302729528536,0.5846499558626763,21.5455265045166,3564,0.2772539208444057,0.26290684624017957,0.38103254769921435,0.35662177328843997,0.9103969575789916
H19,1,3301823.25,28633,5230.647774606858,0.22390249013376173,0.4172109104878986,0.3589564488527224,87400.82874822948,23.578996658325195,2015,1.3562683990357043,0.20794044665012407,0.40397022332506205,0.3880893300248139,2.8611342826700694,77.73418426513672,3564,1.578430128521156,0.24803591470258138,0.3886083052749719,0.3633557800224467,3.951145085276627
H19,2,2389842.25,28633,4543.911538115556,0.2011664862221912,0.4287709984982363,0.3701323647539552,70496.41219449861,89.97490692138672,2015,5.155083619544376,0.19503722084367245,0.4104218362282878,0.39503722084367243,11.239313433613589,257.52862548828125,3564,5.756871547878459,0.23204264870931537,0.3953423120089787,0.37317620650953987,13.95431840521877
H19,3,2112239.25,28633,4274.4705713682,0.19117801138546434,0.4354066985645933,0.3734152900499424,58396.357717608495,309.2648620605469,2015,9.73806457393455,0.19156327543424317,0.4148883374689826,0.3935483870967742,23.058615165371624,719.0277709960938,3564,10.915632690162573,0.22699214365881032,0.39646464646464646,0.3765432098765432,31.015279783510824
H19,4,2033077.125,28633,5484.312588271301,0.17832570809904655,0.4425313449516292,0.3792477211608983,62197.1083086258,362.2480163574219,2015,14.988692075426478,0.18660049627791564,0.4148883374689826,0.3990074441687345,34.038097271884425,1252.4019775390625,3564,17.09776760082883,0.21997755331088664,0.3978675645342312,0.3824354657687991,49.94133564126994
H19,5,2006536.625,28633,6595.43025105184,0.1724583522508993,0.44682708762616563,0.38074948486012644,66673.09823181752,417.4166564941406,2015,19.161491193545753,0.18411910669975187,0.4173697270471464,0.39851116625310173,43.93093884847651,1933.564453125,3564,22.206971926824707,0.21801346801346802,0.3995510662177329,0.3824354657687991,69.85730579038713
H19,6,1834311.125,28633,6149.948436801751,0.16351761952991303,0.451122830300702,0.38542939964376766,59169.73500484568,653.1129150390625,2015,24.82096600559895,0.17965260545905706,0.41885856079404465,0.40148883374689825,57.67890074382774,2518.481201171875,3564,28.82509275220847,0.21184062850729518,0.40291806958473625,0.38524130190796857,90.25121439783324
H19,7,1754952.5,28633,7166.296571043273,0.15747563999580902,0.45409143296196697,0.388432927042224,63305.645424069015,1444.608642578125,2015,29.776468523234133,0.17866004962779156,0.41935483870967744,0.40198511166253104,75.99752276459849,2980.94482421875,3564,34.73429043053556,0.21043771043771045,0.40291806958473625,0.3866442199775533,112.3137109913433
H19,8,2051525.0,28633,8975.034440388235,0.14996682149966822,0.4592253693290958,0.390807809171236,76024.09817534588,2374.0234375,2015,36.292142237808655,0.1761786600496278,0.4218362282878412,0.40198511166253104,100.43089333505617,3630.89990234375,3564,42.964205489952306,0.20566778900112234,0.4054433221099888,0.3888888888888889,143.71164156771013
H19,9,2489011.25,28633,11204.485095981488,0.14406454091432963,0.46369573568958894,0.39223972339608143,87898.46633877138,3899.56494140625,2015,41.51631121980604,0.17667493796526054,0.4228287841191067,0.40049627791563275,133.083385449858,4070.583740234375,3564,50.38914027463765,0.2048260381593715,0.4074074074074074,0.3877665544332211,186.8700343704002
H19,10,2795980.5,28633,12856.22637224292,0.13749869032235532,0.469842489435267,0.39269374497956905,94912.85368137281,4910.6123046875,2015,48.02013103738886,0.169727047146402,0.4272952853598015,0.40297766749379654,159.72941836946433,85941.2578125,3564,106.51549553483468,0.20033670033670034,0.4107744107744108,0.3888888888888889,1999.1600336532515
H19,11,2973296.75,28633,13965.746203637045,0.13470471134704712,0.4728809415709147,0.39244927181922956,96676.65593209137,5628.01806640625,2015,53.48085857559597,0.16923076923076924,0.4267990074441687,0.40397022332506205,180.6823879726571,387284.96875,3564,283.98817204031246,0.2000561167227834,0.4107744107744108,0.3891694725028058,9174.391736590243
H19,12,3095756.75,28633,16110.625435952114,0.12988509761464045,0.474697027904865,0.3954527992176859,101755.23524721508,6645.23681640625,2015,60.96239520375046,0.1687344913151365,0.426302729528536,0.40496277915632756,209.0013173969503,389277.5,3564,295.7407637340645,0.1978114478114478,0.4110549943883277,0.39113355780022446,9176.758064982518
H19,13,3235663.0,28633,17893.340573240625,0.12677679600461006,0.4745573289560996,0.3987007997764817,106774.0819363687,7511.98193359375,2015,71.38232345416846,0.16774193548387098,0.428287841191067,0.40397022332506205,259.8459479578627,396881.625,3564,315.9745092111757,0.19668911335578002,0.41245791245791247,0.39085297418630754,9296.973516395601
H19,14,3360649.75,28633,17941.667116257624,0.12279537596479587,0.4755352215974575,0.40170432717493804,107411.41927985493,20029.416015625,2015,97.80374697959796,0.16674937965260547,0.428287841191067,0.40496277915632756,639.8493346649996,466460.0625,3564,386.22749202046555,0.19584736251402918,0.4127384960718294,0.39169472502805835,10876.165479182944
H19,15,3396301.75,28633,17638.33028386205,0.12045541857297525,0.47525582369992664,0.4043586072014808,106049.66237932863,44799.4296875,2015,157.13425079000638,0.1662531017369727,0.4317617866004963,0.40198511166253104,1534.599358467908,535911.25,3564,482.2368626737463,0.1941638608305275,0.41470258136924804,0.39141414141414144,12430.510915284305
H19,16,3384140.25,28633,18626.018155880134,0.11685817064226592,0.47836412530995703,0.4048126287849684,107815.86040719785,345694.8125,2015,1186.068251917176,0.16476426799007443,0.4287841191066998,0.4064516129032258,17674.829331691257,698608.3125,3564,1571.2586388411405,0.19163860830527496,0.4152637485970819,0.3930976430976431,22656.547585376517
H19,17,3398760.25,28633,19890.70645552656,0.1140641916669577,0.48063423322739496,0.40530157510564735,110872.2601144902,691934.0,2015,2338.750819640218,0.16476426799007443,0.4292803970223325,0.40595533498759306,36124.31668383365,691934.0,3564,3411.079939762839,0.19023569023569023,0.4161054994388328,0.393658810325477,40680.23306132253
H19,18,3434716.5,28633,21110.51556290869,0.1114099116404149,0.48472042747878324,0.4038696608808019,114715.40574853732,775472.125,2015,2587.723438879083,0.1617866004962779,0.4327543424317618,0.4054590570719603,39922.30241651759,775472.125,3564,4135.311378843844,0.18799102132435466,0.4186307519640853,0.39337822671156003,47804.48334562448
H19,19,3476779.0,28633,24726.666269109795,0.10945412635769916,0.4889463206789369,0.4016344777005553,135852.53481734474,1830238.5,2015,6259.153573342614,0.15930521091811414,0.4297766749379653,0.4109181141439206,89434.6341139241,1830238.5,3564,7542.307886884602,0.1840628507295174,0.4180695847362514,0.3978675645342312,83825.85568874628
H19,20,3511096.5,28633,23866.21812085942,0.10732371738902664,0.4898194391087207,0.40285684350225265,123965.85170154858,1379927.125,2015,5991.109230564204,0.15732009925558313,0.4307692307692308,0.4119106699751861,66907.05190321212,1379927.125,3564,7817.175061592295,0.18181818181818182,0.41835016835016836,0.3998316498316498,65935.21437876689
H19,21,3544974.25,28633,24944.055296820574,0.10585687842698983,0.49153075123109696,0.40268221981629587,125223.95999523673,1302893.125,2015,7914.720593772293,0.15533498759305212,0.4312655086848635,0.4133995037220844,71986.3170807238,1302893.125,3564,10920.517625675624,0.17985409652076317,0.42059483726150393,0.4001122334455668,79427.348003032
H19,22,3593332.5,28633,26826.028792807392,0.10355184577236057,0.49324206335347326,0.40320609087416615,131726.7061713103,1499639.125,2015,9449.177010256382,0.1523573200992556,0.43424317617866004,0.4133995037220844,82440.09536766817,1499639.125,3564,13010.56607175056,0.17536475869809204,0.4239618406285073,0.4006734006734007,92327.801919213
H19,23,3636139.0,28633,26836.177649907248,0.10198023259874969,0.49421995599483115,0.4037998114064192,126271.07395181563,1164893.25,2015,6912.34331118788,0.1513647642679901,0.43672456575682383,0.4119106699751861,60255.11429087197,1164893.25,3564,10240.472769846298,0.17312008978675644,0.42480359147025815,0.4020763187429854,67896.22313599936
H19,24,3661941.0,28633,27724.642356860455,0.09977997415569448,0.49502322495023227,0.405266650368456,125801.5137310279,1006435.5,2015,7003.121423030473,0.14838709677419354,0.43771712158808934,0.4138957816377171,54650.15946608722,1006435.5,3564,11037.819402066667,0.16891133557800225,0.42508417508417506,0.4060044893378227,66271.4116599739
H19,25,3664502.25,28633,28438.471448753775,0.0979988125589355,0.4944644291551706,0.4075367582858939,128057.39142036306,1104868.25,2015,8403.365235724004,0.14689826302729528,0.43672456575682383,0.4163771712158809,61930.13344584742,1104868.25,3564,13417.32876084172,0.16722783389450055,0.4239618406285073,0.40881032547699214,75841.68666506675
H19,26,3612916.5,28633,28479.732450665695,0.09639227464813327,0.49530262284776305,0.40834002724129503,130495.74853932741,1230062.375,2015,10236.467631142004,0.14540942928039702,0.43722084367245656,0.4173697270471464,71613.51598836012,1230062.375,3564,16379.451631251839,0.16498316498316498,0.42536475869809204,0.409652076318743,89094.94076537271
H19,27,3458060.5,28633,28823.180977577344,0.09468096252575699,0.4960709670659728,0.40924807040827016,130597.65528590963,1294496.5,2015,11447.574035883508,0.14540942928039702,0.43821339950372207,0.4163771712158809,77040.45767570249,1294496.5,3564,18462.89786517931,0.16414141414141414,0.4264870931537598,0.40937149270482603,97918.18356263533
H19,28,3231101.25,28633,29146.519820406447,0.09227115565955366,0.49603604232878146,0.41169280201166486,129349.14143918797,1327683.75,2015,12234.563498096355,0.14292803970223325,0.4392059553349876,0.41786600496277915,80320.7656344649,1327683.75,3564,19656.880760689615,0.16189674523007858,0.4278900112233446,0.4102132435465769,102980.80016714906
H19,29,3011181.75,28633,29695.022545998723,0.09090909090909091,0.4939405580973003,0.41515035099360875,130448.93625972241,1344518.375,2015,12691.444798811992,0.14292803970223325,0.4401985111662531,0.41687344913151364,82539.92003679585,1358918.625,3564,20513.576741977547,0.16189674523007858,0.4287317620650954,0.40937149270482603,106665.93756506254
H19,30,2794031.25,28633,29814.57553896483,0.08839450983131351,0.4919498480773932,0.4196905668284846,129840.67970481697,1358491.625,2015,13040.721494135581,0.14044665012406948,0.4431761786600496,0.4163771712158809,84034.68203781809,1391188.0,3564,20890.78813882806,0.15937149270482603,0.43041526374859707,0.4102132435465769,108081.5270595887
H19,31,2549600.0,28633,29804.53512497347,0.08682289665770265,0.49128627807075753,0.4219606747459225,127442.78709479506,1376612.0,2015,13638.402416769144,0.13995037220843673,0.4436724565756824,0.4163771712158809,85832.02673059783,1418013.125,3564,21425.095143101524,0.15881032547699214,0.43013468013468015,0.4110549943883277,109321.42007207705
H19,32,2425766.5,28633,30008.459178145287,0.08493696084936961,0.4935214612510041,0.4215765026368177,125879.91297448866,1393406.625,2015,14317.013656450938,0.13895781637717122,0.4456575682382134,0.41588089330024813,88258.07302970641,1439677.25,3564,22082.818759377125,0.1574074074074074,0.4323793490460157,0.4104938271604938,111311.7503410606
H19,33,2431727.75,28633,30275.65071084396,0.08392414347082038,0.49226417071211537,0.4238466105542556,125403.84423970476,1409870.5,2015,14888.520991039786,0.1369727047146402,0.4461538461538462,0.41687344913151364,91078.24544008997,1458987.5,3564,22708.061230293202,0.15628507295173963,0.43265993265993263,0.4110549943883277,113762.58836883039
H19,34,2459494.5,28633,30821.330333055106,0.08245730450878357,0.49069255753850455,0.4268501379527119,126387.6258893511,1424745.0,2015,15383.685759290502,0.13548387096774195,0.4476426799007444,0.41687344913151364,93786.80829120935,1476741.75,3564,23305.486719406843,0.15432098765432098,0.4340628507295174,0.4116161616161616,116272.58689836622
H19,35,2440929.0,28633,31871.292341873545,0.08179373450214787,0.4875493311912828,0.4306569343065693,129073.39722478314,1439015.25,2015,15795.79248907723,0.13548387096774195,0.4476426799007444,0.41687344913151364,96177.73275489236,1493276.625,3564,23952.74665046695,0.15432098765432098,0.4335016835016835,0.4121773288439955,118908.8262870499
H19,36,2312570.0,28633,32774.13377438544,0.08053644396325918,0.48520937379946216,0.4342541822372787,131251.52515491185,1452678.75,2015,16167.698731130406,0.1344913151364764,0.4491315136476427,0.4163771712158809,98465.74202912487,1509075.625,3564,24585.263774243253,0.15347923681257014,0.4346240179573513,0.4118967452300786,121551.1202780379
H19,37,2111720.25,28633,33524.199157162584,0.0801522718541543,0.4862221911780114,0.4336255369678343,133290.3592200202,1468379.875,2015,16574.140945862775,0.1344913151364764,0.4501240694789082,0.4153846153846154,101081.2647975633,1526372.875,3564,25328.17789205785,0.1537598204264871,0.4340628507295174,0.4121773288439955,124677.37649055588
H19,38,2095535.0,28633,34619.327624045734,0.07875528236650019,0.48884154646736283,0.43240317116613697,136956.0258667257,1480890.25,2015,16974.124765925666,0.1334987593052109,0.4486352357320099,0.41786600496277915,103757.34119669456,1541278.125,3564,26118.397924369856,0.15095398428731763,0.43546576879910215,0.41358024691358025,128040.83934622689
H19,39,2137891.25,28633,35499.89012164543,0.07833618552020397,0.48765410540285686,0.43404463381413055,139872.72232821758,1493049.375,2015,17350.562902626178,0.13300248138957815,0.4501240694789082,0.4173697270471464,106475.47603218048,1555534.25,3564,26624.066401932057,0.15067340067340068,0.43658810325476993,0.41301907968574636,130465.05482986859
H19,40,2202000.75,28633,36680.54759346684,0.07714874445569797,0.48660636328711626,0.4362798169943771,143850.20291455204,1503521.875,2015,17735.499713693534,0.13101736972704714,0.45062034739454093,0.41836228287841193,109360.77287159888,1568736.125,3564,27270.01307652495,0.14870931537598203,0.43742985409652074,0.41386083052749717,133530.03503528764
H19,41,2265315.0,28633,38161.03246194819,0.07631055076310551,0.48629204065239406,0.4373974085845004,149076.78024985673,1513438.125,2015,18095.098459182187,0.13101736972704714,0.4491315136476427,0.41985111662531016,112091.0252246884,1580688.625,3564,27958.056134083698,0.1478675645342312,0.43658810325476993,0.4155443322109989,136811.29546497896
H19,42,2330004.75,28633,39619.285361854636,0.07571683023085252,0.4870953096077952,0.43722278489854366,154678.63133601725,1550642.375,2015,18490.892702385332,0.13052109181141439,0.45062034739454093,0.41885856079404465,115214.0305156995,1592164.625,3564,28803.827849417696,0.1478675645342312,0.4371492704826038,0.414983164983165,140857.75849389806
H19,43,2396117.5,28633,41184.55070770253,0.07508818496140816,0.4832186637795551,0.4416931512590368,161651.0206279823,1657546.375,2015,18888.937383792825,0.13002481389578163,0.45062034739454093,0.41935483870967744,118455.78427601175,1657546.375,3564,29809.807019349024,0.1473063973063973,0.43742985409652074,0.4152637485970819,145740.05659410995
H19,44,2526782.25,28633,43284.82042395182,0.07393566863409352,0.47857367373310516,0.4474906576328013,171372.1716759612,1745352.0,2015,19249.130483061814,0.12853598014888337,0.4486352357320099,0.4228287841191067,121298.58757098776,1745352.0,3564,30848.27392269501,0.14506172839506173,0.43658810325476993,0.41835016835016836,150845.58556067047
H19,45,2531622.25,28633,43476.44009589035,0.07313239967869242,0.4790626200537841,0.44780498026752347,171450.29469912229,1862134.625,2015,19615.014034033364,0.12853598014888337,0.4531017369727047,0.41836228287841193,124739.12331030534,1862134.625,3564,30988.847827514463,0.1442199775533109,0.4393939393939394,0.4163860830527497,152111.99772786297
H19,46,2603823.0,28633,42775.90552555924,0.07246882967205671,0.4810882548108825,0.44651276499144343,166704.74325508895,1949902.875,2015,19919.57157296757,0.12803970223325062,0.4476426799007444,0.42431761786600497,127500.31044614186,1949902.875,3564,30788.72258274874,0.14281705948372614,0.43630751964085296,0.4208754208754209,151997.19397010704
H19,47,2677478.75,28633,43783.905667399304,0.07201480808856914,0.47916739426535815,0.4488177976460727,171173.0048985125,2081900.625,2015,20347.238698411667,0.12803970223325062,0.4511166253101737,0.42084367245657567,131563.8416175096,2081900.625,3564,31445.94091439567,0.1419753086419753,0.4391133557800225,0.41891133557800225,155879.72166560637
H19,48,2773348.5,28633,46174.272670940896,0.07142108755631614,0.46928369364020533,0.45933014354066987,180652.42850863357,2214561.0,2015,20812.0501468498,0.12655086848635236,0.45260545905707195,0.42084367245657567,135902.00549142156,2214561.0,3564,32289.193000660907,0.14057239057239057,0.4405162738496072,0.41891133557800225,160499.37856387364
H19,49,2850617.0,28633,46071.28235652769,0.07082736702406314,0.46928369364020533,0.45992386407292285,183554.10238107154,2359716.25,2015,21296.806225329925,0.1260545905707196,0.45260545905707195,0.4218362282878412,140632.66419298862,2359716.25,3564,33053.567135071076,0.14001122334455668,0.44135802469135804,0.41891133557800225,165092.2160489261
H19,50,2931492.0,28633,47371.18633161629,0.07016379701742745,0.4670834351971501,0.4627527677854224,191309.63746048222,2530943.25,2015,21850.49400164832,0.12357320099255584,0.45508684863523574,0.42133995037220845,146260.8079358112,2530943.25,3564,34016.03824201342,0.1377665544332211,0.4430415263748597,0.41919191919191917,170864.07831751162
H19,51,3010824.5,28633,49818.62470035841,0.06957007648517445,0.46565152097230467,0.4648133272797122,202338.72975320785,2717103.75,2015,22442.682537997665,0.12357320099255584,0.45409429280397023,0.42233250620347396,152555.83559125365,2717103.75,3564,35070.27005273747,0.1377665544332211,0.44276094276094274,0.41947250280583614,177381.18701681774
H19,52,3163813.5,28633,51361.11350336302,0.06859218384381657,0.46285754199699647,0.46855027415918693,209195.4438198316,2864474.75,2015,22929.452388454047,0.12208436724565756,0.45508684863523574,0.4228287841191067,157690.34069185457,2864474.75,3564,35919.96599966576,0.13692480359147025,0.4430415263748597,0.42003367003367004,182609.60813246056
H19,53,3339018.0,28633,52613.13414398115,0.06838263542066846,0.45772360562986764,0.4738937589494639,215130.517994874,3020513.5,2015,23429.56014144845,0.12208436724565756,0.45558312655086847,0.42233250620347396,163185.52615880477,3020513.5,3564,36767.07403433581,0.1366442199775533,0.44332210998877664,0.42003367003367004,188071.99300373252
H19,54,3518452.5,28633,54120.074381429324,0.06817308699752034,0.45370726085286206,0.47811965214961755,221584.37086943802,3178081.25,2015,23932.087362260743,0.12158808933002481,0.45558312655086847,0.4228287841191067,168783.81361372684,3178081.25,3564,37620.07552710357,0.1360830527497194,0.44332210998877664,0.42059483726150393,193630.0421482592
H19,55,3706527.75,28633,55770.60151000496,0.06785876436279817,0.45196102399329446,0.4801802116439074,228537.6108182966,3328353.0,2015,24410.149571259695,0.12158808933002481,0.456575682382134,0.4218362282878412,174214.61048175997,3328353.0,3564,38450.19302970443,0.13580246913580246,0.4441638608305275,0.42003367003367004,199107.2479079031
H19,56,3886137.25,28633,57377.986988624216,0.06719519435616247,0.44930674396675163,0.48349806167708587,235151.19806319076,3476555.5,2015,24884.175644545307,0.12158808933002481,0.456575682382134,0.4218362282878412,179619.0909456717,3476555.5,3564,39266.98067316929,0.13580246913580246,0.4444444444444444,0.41975308641975306,204526.71027847307
H19,57,4061072.0,28633,58943.35708692486,0.06698564593301436,0.4480145286906716,0.48499982537631403,241592.7500187752,3626020.75,2015,25358.18028119468,0.12109181141439206,0.45707196029776676,0.4218362282878412,185127.6522113144,3626020.75,3564,40082.44388264584,0.13524130190796857,0.44556677890011226,0.41919191919191917,210020.5323528999
H19,58,4241142.0,28633,60475.32968459544,0.0662173017148046,0.4464778402542521,0.4873048580309433,247930.93325179294,3776596.0,2015,25799.93574950676,0.1205955334987593,0.45806451612903226,0.42133995037220845,190574.8587063221,3776596.0,3564,40858.0979635419,0.13468013468013468,0.44612794612794615,0.41919191919191917,215454.55080634728
H19,59,4433796.5,28633,61819.35688731009,0.06604267802884783,0.4455697970872769,0.48838752488387527,254367.04692217425,3927500.5,2015,26199.826493790937,0.1205955334987593,0.45806451612903226,0.42133995037220845,196239.65094192998,3927500.5,3564,41587.75098419492,0.13468013468013468,0.44640852974186307,0.41891133557800225,221068.50584331385
H19,60,4632175.0,28633,63175.75459029446,0.06569343065693431,0.4455697970872769,0.48873677225578877,261079.41662307316,4082233.5,2015,26629.053569933927,0.12009925558312655,0.45905707196029777,0.42084367245657567,202332.60795248183,4082233.5,3564,42355.515215196894,0.13383838383838384,0.44668911335578004,0.41947250280583614,227074.20260055677
H19,61,4832510.5,28633,64551.08161428911,0.06569343065693431,0.4454650228757029,0.48884154646736283,267863.7770945444,4237647.0,2015,27055.68962466974,0.12009925558312655,0.45905707196029777,0.42084367245657567,208560.4458605421,4237647.0,3564,43125.77507255993,0.13383838383838384,0.44668911335578004,0.41947250280583614,233196.8386380327
H19,62,5009460.0,28633,65787.27269478916,0.06513463486187267,0.44487130234344985,0.48999406279467744,273932.1227444749,4385130.0,2015,27478.599778578064,0.1196029776674938,0.45707196029776676,0.42332506203473946,214530.80069955488,4385130.0,3564,43863.324446073035,0.13271604938271606,0.4452861952861953,0.4219977553310887,238988.6859917033
H19,63,5186384.5,28633,66915.40585149964,0.06482031222715048,0.44371878601613524,0.4914958264939056,279484.1901732373,4527899.5,2015,27916.16675902695,0.1196029776674938,0.45558312655086847,0.4248138957816377,220347.09190165432,4527899.5,3564,44583.21610269919,0.1324354657687991,0.44388327721661053,0.4239618406285073,244548.80705035437
H19,64,5377897.5,28633,68037.10426443318,0.06398211853455803,0.4433695386442217,0.4926483428212203,285201.07807122706,4668035.0,2015,28338.784787498826,0.11861042183622829,0.45459057071960296,0.4267990074441687,226133.14291262603,4668035.0,3564,45275.489530377585,0.13159371492704827,0.4430415263748597,0.42536475869809204,250059.13879718524
H19,65,5578387.0,28633,69205.57249934303,0.06384241958579262,0.4430202912723082,0.4931372891418992,291107.4027823248,4812825.0,2015,28735.631730914178,0.11861042183622829,0.45558312655086847,0.4258064516129032,232161.88435721182,4812825.0,3564,45922.79931679337,0.13159371492704827,0.44388327721661053,0.4245230078563412,255663.24933740214
H19,66,5774557.0,28633,70429.45419758488,0.06310900010477422,0.442705968637586,0.49421995599483115,297573.89250602946,4955078.5,2015,29142.885178474877,0.11662531017369727,0.456575682382134,0.4267990074441687,238146.18937485697,4955078.5,3564,46611.313435641765,0.12962962962962962,0.4452861952861953,0.42508417508417506,261396.9506020512
H19,67,5969667.5,28633,71644.34891426176,0.0630391506303915,0.4428456675863514,0.4941151817832571,304104.7888306397,5095511.5,2015,29537.712676134295,0.11761786600496278,0.456575682382134,0.4258064516129032,243993.1145179848,5095511.5,3564,47301.207210280176,0.13019079685746351,0.44556677890011226,0.42424242424242425,267052.8516869961
H19,68,6158975.5,28633,72833.7066441462,0.06241050536094716,0.44232179652848114,0.4952676981105717,310520.06033631164,5231867.0,2015,29929.406695158174,0.11712158808933003,0.45508684863523574,0.4277915632754342,249670.76767176756,5231867.0,3564,47990.11719891671,0.12906846240179573,0.4452861952861953,0.42564534231200896,272583.0929719999
H19,69,6349276.5,28633,73944.71214367838,0.0622358816749904,0.4418677749449935,0.4959312681172074,316668.98190242745,5368244.5,2015,30308.96180559301,0.11712158808933003,0.45558312655086847,0.4272952853598015,255345.79413913487,5368244.5,3564,48671.44924546318,0.12906846240179573,0.44556677890011226,0.42536475869809204,278110.16327575926
H19,70,6539736.5,28633,74983.24478134964,0.06174693535431146,0.44165822652184544,0.4966297628610345,322414.09472119535,5504323.0,2015,30678.683884945847,0.11662531017369727,0.45558312655086847,0.428287841191067,260789.2078775191,5504323.0,3564,49324.38674975098,0.12850729517396184,0.44556677890011226,0.42620650953984285,283415.96187423856
H19,71,6733183.0,28633,76031.94952552328,0.0616421611427374,0.44134390388712325,0.49701393497013935,328097.50511246145,5641802.0,2015,31011.541885051924,0.11612903225806452,0.45558312655086847,0.428287841191067,265605.77701528196,5641802.0,3564,50008.47686104443,0.1282267115600449,0.44556677890011226,0.42620650953984285,288490.82320054277
H19,72,6925035.0,28633,77127.48523323762,0.060908741661718994,0.44075018335487026,0.49834107498341074,333784.68048076465,5777568.0,2015,31245.956521329765,0.11364764267990074,0.456575682382134,0.4297766749379653,268450.4750769832,5777568.0,3564,50794.4632583017,0.12598204264870932,0.44640852974186307,0.4276094276094276,293082.9361682596
H19,73,7123957.0,28633,78299.67655432347,0.060489644815422766,0.4407152586176789,0.49879509656689835,339836.9163029732,5916396.5,2015,31348.140511523867,0.11364764267990074,0.45508684863523574,0.4312655086848635,269500.1492371671,5916396.5,3564,51711.40827562809,0.12598204264870932,0.4452861952861953,0.4287317620650954,298235.7567508549
H19,74,7315196.0,28633,79426.96112126787,0.060210246917891945,0.44054063493172213,0.4992840428875773,345707.29753163556,6051089.5,2015,31707.56724131586,0.11364764267990074,0.456575682382134,0.4297766749379653,274596.74947397574,6051089.5,3564,52411.5024251156,0.12598204264870932,0.4458473625140292,0.4281705948372615,303726.4708309796
H19,75,7507757.5,28633,80525.21366710935,0.05996577375755247,0.44061048440610484,0.4994935913107254,351572.8470398072,6186613.5,2015,32117.004350296556,0.11364764267990074,0.45558312655086847,0.4312655086848635,280502.72301660245,6186613.5,3564,53078.52175427676,0.12598204264870932,0.44556677890011226,0.4287317620650954,309256.9381181784
H19,76,7706029.0,28633,81666.08694673682,0.05958160164844759,0.440331086508574,0.5001571613173611,357189.5393391686,6325506.0,2015,32555.40758944758,0.11364764267990074,0.45607940446650125,0.4307692307692308,286555.99532742373,6325506.0,3564,53799.925285354264,0.12598204264870932,0.4458473625140292,0.42845117845117847,315056.8486116154
H19,77,7913379.0,28633,82852.88624052813,0.05930220375091677,0.43956274229036424,0.5011350539587189,362668.8877331597,6470788.0,2015,33019.26289037979,0.11315136476426799,0.45607940446650125,0.4307692307692308,292854.69904118514,6470788.0,3564,54574.4784519948,0.12570145903479238,0.44556677890011226,0.4287317620650954,321196.11400579306
H19,78,8108192.0,28633,83931.52101423875,0.05881325743023784,0.43868962386058047,0.5024971187091817,367316.9441540885,6604888.5,2015,33557.79466234412,0.11265508684863523,0.45607940446650125,0.4312655086848635,298827.45965677086,6604888.5,3564,55447.937926253224,0.1251402918069585,0.44556677890011226,0.4292929292929293,327078.5919951719
H19,79,8306601.5,28633,84921.49142783061,0.058743407955855136,0.4387245485977718,0.502532043446373,371503.3174544345,6729282.0,2015,34149.13787941887,0.11265508684863523,0.45607940446650125,0.4312655086848635,304806.0551220752,6729282.0,3564,56410.04298076017,0.1251402918069585,0.4458473625140292,0.42901234567901236,332966.05340797605
H19,80,8504954.0,28633,85950.16707983457,0.058289386372367545,0.4384102259630496,0.5033003876645828,376558.4554411068,6850334.5,2015,34679.44486330153,0.11166253101736973,0.45558312655086847,0.4327543424317618,310619.9725689097,6850334.5,3564,57489.71593909372,0.12457912457912458,0.4452861952861953,0.43013468013468015,339007.82817965484
H19,81,8701857.0,28633,87045.17892616022,0.058289386372367545,0.43816575280271014,0.5035797855621137,382198.0723724796,6970288.5,2015,35199.7171272454,0.11166253101736973,0.45558312655086847,0.4327543424317618,316393.5184307415,6970288.5,3564,58594.387474064104,0.12457912457912458,0.4450056116722783,0.43041526374859707,345372.95110613614
H19,82,8888161.0,28633,88139.61163019689,0.05787028952607132,0.43848007543743234,0.5036496350364964,387996.2486609111,7086609.5,2015,35735.07610707994,0.11166253101736973,0.45558312655086847,0.4327543424317618,322036.2666635156,7086609.5,3564,59484.98148320325,0.12429854096520764,0.4450056116722783,0.43069584736251404,351172.41716375254
H19,83,9069305.0,28633,89234.2343161303,0.05780044005168861,0.4382006775399015,0.5039988824084098,393820.7043622195,7202220.5,2015,36297.80038296067,0.11166253101736973,0.45508684863523574,0.43325062034739453,327733.1283806872,7202220.5,3564,60419.6271187791,0.12429854096520764,0.4447250280583614,0.43097643097643096,357073.4332885216
H19,84,9242215.0,28633,90306.71600142299,0.05762581636573185,0.43795620437956206,0.5044179792547061,399343.8900599068,7313026.0,2015,36901.915662819425,0.11166253101736973,0.45607940446650125,0.432258064516129,333313.452867446,7313026.0,3564,61378.325734216836,0.12401795735129069,0.4452861952861953,0.43069584736251404,362809.16244105215
H19,85,9412424.0,28633,91364.44382850872,0.05741626794258373,0.4381308280655188,0.5044529039918975,404685.6547807616,7421282.0,2015,37534.36448959948,0.11166253101736973,0.45607940446650125,0.432258064516129,338867.17485208437,7421282.0,3564,62377.13831500407,0.12401795735129069,0.4452861952861953,0.43069584736251404,368529.4333535818
H19,86,9578811.0,28633,92426.01840707223,0.057206719519435616,0.4381308280655188,0.5046624524150456,410075.7477199329,7526071.5,2015,38206.549503873546,0.11166253101736973,0.45607940446650125,0.432258064516129,344365.33264870854,7526071.5,3564,63430.99904222413,0.12401795735129069,0.4450056116722783,0.43097643097643096,374242.2917400354
H19,87,9746620.0,28633,93508.65882298461,0.0569971710962875,0.4383403764886669,0.504697377152237,415643.8222225726,7630247.5,2015,38915.23284685884,0.11166253101736973,0.45558312655086847,0.4327543424317618,349959.2501188451,7630247.5,3564,64543.64587385449,0.12373737373737374,0.4450056116722783,0.43125701459034793,380079.14425000374
H19,88,9905921.0,28633,94547.39811489415,0.056822547410330736,0.43823560227709285,0.5049767750497678,421314.46620668727,7728024.0,2015,39616.06138067,0.11166253101736973,0.45459057071960296,0.4337468982630273,355357.18647271814,7728024.0,3564,65656.4066427552,0.12373737373737374,0.4444444444444444,0.4318181818181818,385791.0930992789
H19,89,10050634.0,28633,95615.33891971073,0.05685747214752209,0.4382006775399015,0.5049767750497678,426771.1679741267,7823627.5,2015,40312.866681270905,0.11215880893300248,0.45508684863523574,0.4327543424317618,360407.32158145274,7823627.5,3564,66764.88844233424,0.12429854096520764,0.4447250280583614,0.43097643097643096,391218.80418503465
H19,90,10184999.0,28633,96616.95090879651,0.056822547410330736,0.4379212796423707,0.5053609471588726,432046.4408391566,7920979.5,2015,40982.403228042436,0.11215880893300248,0.45459057071960296,0.43325062034739453,365168.8573805373,7920979.5,3564,67838.83234684358,0.12457912457912458,0.4444444444444444,0.43125701459034793,396381.98883715586
H19,91,10309474.0,28633,97585.43183556145,0.05675269793594803,0.437851430167988,0.5054307966332553,437232.4334049353,8012876.0,2015,41668.246073177725,0.11215880893300248,0.45508684863523574,0.43325062034739453,369734.87262033985,8012876.0,3564,68929.33741082586,0.12457912457912458,0.4444444444444444,0.43125701459034793,401384.69434623723
H19,92,10432041.0,28633,98559.07392751554,0.05668284846156533,0.4382006775399015,0.5051513987357246,442058.3037206588,8103876.5,2015,42390.022909469095,0.11166253101736973,0.45508684863523574,0.4337468982630273,374323.31503937737,8103876.5,3564,70066.61898596761,0.12401795735129069,0.4447250280583614,0.43153759820426485,406418.04504111974
H19,93,10540314.0,28633,99449.32389392545,0.05668284846156533,0.4382006775399015,0.5051164739985332,446059.7482931976,8187503.5,2015,43066.08387444986,0.11116625310173697,0.45459057071960296,0.43424317617866004,378485.26411891717,8187503.5,3564,71112.64348742389,0.12373737373737374,0.4447250280583614,0.43153759820426485,410957.8843744596
H19,94,10640657.0,28633,100222.07645259313,0.05661299898718262,0.4381308280655188,0.5052561729472985,449968.2583659024,8276760.0,2015,43679.4359188143,0.11116625310173697,0.45459057071960296,0.43424317617866004,382387.9435061682,8276760.0,3564,72078.55008124154,0.12345679012345678,0.4444444444444444,0.43209876543209874,415309.06904503715
H19,95,10733675.0,28633,100929.70350426108,0.05678762267313939,0.4382705270142842,0.5049418503125764,453949.84644655243,8385597.0,2015,44258.00943551897,0.11166253101736973,0.45459057071960296,0.4337468982630273,386176.3521313016,8385597.0,3564,73005.39140919811,0.12401795735129069,0.4444444444444444,0.43153759820426485,419719.0109311259
H19,96,10827770.0,28633,101618.20645879443,0.05678762267313939,0.43809590332832743,0.5051513987357246,457550.6711695495,8453714.0,2015,44812.70460429964,0.11116625310173697,0.45607940446650125,0.4327543424317618,389575.15759438055,8453714.0,3564,73891.23463521893,0.12373737373737374,0.4452861952861953,0.43097643097643096,423556.8986645498
H19,97,10907990.0,28633,102201.09647009663,0.05685747214752209,0.43823560227709285,0.5050116997869591,460345.96271854226,8511413.0,2015,45272.88970142008,0.11166253101736973,0.456575682382134,0.4327543424317618,392425.35542675573,8511413.0,3564,74618.29270960666,0.12401795735129069,0.44556677890011226,0.43097643097643096,426747.30684537767
H19,98,10980005.0,28633,102644.80993178161,0.05678762267313939,0.4385848496490064,0.5046624524150456,462812.3083054822,8558186.0,2015,45645.949859661014,0.11215880893300248,0.456575682382134,0.4317617866004963,394811.6438361769,8558186.0,3564,75212.96602443555,0.12429854096520764,0.44612794612794615,0.4298540965207632,429427.26325655135
H19,99,11037967.0,28633,102965.8098877353,0.0569971710962875,0.43879439807215453,0.5042433555687493,464911.125240058,8595851.0,2015,45931.96466535032,0.11116625310173697,0.456575682382134,0.4327543424317618,396705.90034506004,8595851.0,3564,75678.57641845572,0.12429854096520764,0.44612794612794615,0.4298540965207632,431586.71839700296
H19,100,11085222.0,28633,103188.14386647726,0.05706702057067021,0.43903887123249397,0.5039639576712185,466642.49043892004,8626279.0,2015,46154.523044144924,0.11116625310173697,0.45806451612903226,0.4312655086848635,398226.7052784635,8626279.0,3564,76042.57638018,0.12429854096520764,0.44696969696969696,0.42901234567901236,433305.6943595173
H19,101,11116567.0,28633,103316.46165737776,0.05727656899381832,0.43889917228372854,0.5038591834596444,467869.67311455775,8647472.0,2015,46310.92138526394,0.11166253101736973,0.4575682382133995,0.4312655086848635,399285.50657805335,8647472.0,3564,76300.58687284487,0.12457912457912458,0.44668911335578004,0.42901234567901236,434512.86890904675
H19,102,11142182.0,28633,103367.09440430682,0.057311493731009674,0.43914364544406803,0.5035797855621137,468900.5754004596,8664034.0,2015,46423.12856642756,0.11116625310173697,0.4575682382133995,0.4317617866004963,400108.56175148056,8664034.0,3564,76493.47678348135,0.12429854096520764,0.44668911335578004,0.4292929292929293,435458.87352337927
H19,103,11156965.0,28633,103350.63142921597,0.05738134320539238,0.43952781755317294,0.5031257639786261,469687.3013665668,8674244.0,2015,46499.68240777377,0.11066997518610422,0.45806451612903226,0.4317617866004963,400627.8838446894,8674244.0,3564,76627.65191904553,0.12401795735129069,0.44696969696969696,0.4292929292929293,436086.8645019694
H19,104,11169493.0,28633,103304.72756787074,0.05748611741696644,0.4395976670275556,0.5029860650298607,470152.1656148243,8682069.0,2015,46541.04028819585,0.11066997518610422,0.4575682382133995,0.432258064516129,401010.6761873186,8682069.0,3564,76707.6758196465,0.12401795735129069,0.44640852974186307,0.4298540965207632,436532.3110842034
H19,105,11169512.0,28633,103177.83165662756,0.0576607411029232,0.4394230433415989,0.5029511402926693,469951.63037103397,8682434.0,2015,46530.747094405546,0.11017369727047147,0.4575682382133995,0.432258064516129,401003.04435343674,8682434.0,3564,76688.04205343535,0.12373737373737374,0.44696969696969696,0.4292929292929293,436508.0017066875
H19,106,11163120.0,28633,102963.18198709452,0.0576607411029232,0.4395976670275556,0.5027415918695212,469456.2385679305,8677468.0,2015,46464.699807852405,0.11017369727047147,0.45806451612903226,0.4317617866004963,400714.63330697187,8677468.0,3564,76587.30925551879,0.12373737373737374,0.44753086419753085,0.4287317620650954,436166.9105663203
H19,107,11143508.0,28633,102658.44092912854,0.058079837949219434,0.4394230433415989,0.5024971187091817,468532.5022187581,8664445.0,2015,46344.519187628764,0.11215880893300248,0.45707196029776676,0.4307692307692308,400023.39802488836,8664445.0,3564,76397.13977649614,0.1251402918069585,0.44640852974186307,0.42845117845117847,435383.7207608005
H19,108,11118457.0,28633,102273.92295633271,0.05814968742360214,0.4396675165019383,0.5021827960744596,467433.5443947939,8646939.0,2015,46187.26298089851,0.11215880893300248,0.45707196029776676,0.4307692307692308,399110.9556554352,8646939.0,3564,76150.28632248218,0.1251402918069585,0.44668911335578004,0.4281705948372615,434360.5593364769
H19,109,11081091.0,28633,101813.2691546879,0.05842908532113296,0.439737365976321,0.501833548702546,466051.35955575696,8622485.0,2015,45985.205391036914,0.11265508684863523,0.456575682382134,0.4307692307692308,397860.13456502627,8622485.0,3564,75835.20197800534,0.12570145903479238,0.44640852974186307,0.4278900112233446,432983.77202476846
H19,110,11040411.0,28633,101306.86230566193,0.05842908532113296,0.44026123703419134,0.5013446023818671,464562.841002839,8595319.0,2015,45748.75906283598,0.11265508684863523,0.4575682382133995,0.430272952853598,396450.787176796,8595319.0,3564,75472.26095283551,0.12570145903479238,0.44696969696969696,0.4276094276094276,431431.8161433503
H19,111,10989211.0,28633,100741.67862104403,0.058743407955855136,0.4399818391366605,0.5013096776446757,462835.07189214753,8562696.0,2015,45478.15043322197,0.11265508684863523,0.4575682382133995,0.430272952853598,394758.43062377436,8562696.0,3564,75050.72187104884,0.12570145903479238,0.44668911335578004,0.4278900112233446,429576.13236974034
H19,112,10935269.0,28633,100156.17857615907,0.058743407955855136,0.4401215380854259,0.5011350539587189,460939.70261805505,8527781.0,2015,45174.89699577964,0.11166253101736973,0.45707196029776676,0.4312655086848635,392935.04646563984,8527781.0,3564,74582.97503498477,0.1251402918069585,0.44640852974186307,0.42845117845117847,427552.7098375765
H19,113,10876834.0,28633,99526.78045855137,0.05902280585338595,0.4400516886110432,0.5009604302727622,458747.5198504607,8488403.0,2015,44831.10343419595,0.11166253101736973,0.45707196029776676,0.4312655086848635,390888.84498604835,8488403.0,3564,74046.9203734808,0.12542087542087543,0.44612794612794615,0.42845117845117847,425271.9386171339
H19,114,10820395.0,28633,98874.78862609965,0.05912758006496001,0.4399818391366605,0.5008905807983794,456444.5493430943,8447426.0,2015,44453.9211403766,0.11215880893300248,0.456575682382134,0.4312655086848635,388760.47761859465,8447426.0,3564,73469.08454793532,0.12570145903479238,0.4458473625140292,0.42845117845117847,422875.85543745355
H19,115,10756390.0,28633,98161.9374767751,0.05958160164844759,0.4395976670275556,0.5008207313239967,453826.40218739875,8401523.0,2015,44023.18636674895,0.11215880893300248,0.456575682382134,0.4312655086848635,386359.2050832569,8401523.0,3564,72795.56460056032,0.12654320987654322,0.4452861952861953,0.4281705948372615,420158.90058107337
H19,116,10692333.0,28633,97419.13907437076,0.05961652638563895,0.43956274229036424,0.5008207313239967,451155.5571032695,8353883.0,2015,43576.56733243666,0.11215880893300248,0.4575682382133995,0.430272952853598,383899.3444377665,8353883.0,3564,72099.52364455895,0.12654320987654322,0.44612794612794615,0.4273288439955107,417376.8683507278
H19,117,10623248.0,28633,96640.16927072764,0.05986099954597841,0.43935319386721616,0.5008207313239967,448258.38241213205,8260278.5,2015,43145.52725665437,0.11315136476426799,0.4575682382133995,0.4297766749379653,381007.78417926247,8260278.5,3564,71405.52660840208,0.1271043771043771,0.4458473625140292,0.4273288439955107,413992.46567799797
H19,118,10554665.0,28633,95846.9621098571,0.059930849020361124,0.43903887123249397,0.5010652044843362,445349.8472060015,8198961.0,2015,42687.675118317944,0.11265508684863523,0.45707196029776676,0.4307692307692308,378293.9909532296,8198961.0,3564,70687.48250617279,0.1271043771043771,0.4452861952861953,0.4278900112233446,410926.8113513013
H19,119,10481542.0,28633,95035.01597396586,0.06045472007823141,0.43868962386058047,0.5009604302727622,442319.38220646756,8144377.5,2015,42218.044882551294,0.11364764267990074,0.45459057071960296,0.4327543424317618,375522.23099468724,8144377.5,3564,69946.01998574473,0.127665544332211,0.44388327721661053,0.42901234567901236,407837.77183502045
H1,0,1286943.0,28633,539.7690893888805,0.24541612824363496,0.40624454300981383,0.34872350085565607,17782.527872173985,4.948875427246094,2015,0.17180980454343286,0.22332506203473945,0.3955334987593052,0.3826302729528536,0.46626762213908746,17.11876106262207,3564,0.21334069136171327,0.265993265993266,0.37962962962962965,0.3554994388327722,0.7280821630374497
H1,1,2090994.75,28633,2870.3827510267697,0.22819823280829812,0.41441693151259035,0.35748960989068557,50843.3022024256,18.62113380432129,2015,1.0511404166925529,0.2109181141439206,0.40248138957816376,0.3870967741935484,2.239151102895091,63.719573974609375,3564,1.2328707524371882,0.2505611672278339,0.3877665544332211,0.36195286195286197,3.172407697655189
H1,2,2185449.5,28633,3475.6213918059407,0.20605594942898053,0.42660566479237244,0.367338385778647,56865.94604910766,71.41452026367188,2015,4.131276622900646,0.19751861042183622,0.4094292803970223,0.3930521091811414,8.937111611595167,194.76333618164062,3564,4.637478661209843,0.2351290684624018,0.3942199775533109,0.3706509539842873,11.145788443204061
H1,3,1837239.625,28633,3458.7248961455225,0.1968707435476548,0.43205392379422347,0.37114518213250447,52163.98184181648,262.2882080078125,2015,8.165767138721385,0.19305210918114143,0.4138957816377171,0.3930521091811414,19.392911376373522,576.5989990234375,3564,9.125104328366135,0.23007856341189675,0.39590347923681257,0.3740179573512907,25.539637167377023
H1,4,1686589.625,28633,3521.000425672855,0.18503125763978626,0.43889917228372854,0.37606957007648517,48851.486083100426,331.89239501953125,2015,12.813882326618389,0.1880893300248139,0.4138957816377171,0.398014888337469,29.3609550388712,1042.488525390625,3564,14.598636877875519,0.2222222222222222,0.3956228956228956,0.38215488215488214,42.49260427151302
H1,5,1677004.125,28633,4253.4376464660945,0.17811615967589844,0.4440331086508574,0.37788565641043553,50534.123006589,378.9111328125,2015,16.53088459524348,0.18660049627791564,0.4153846153846154,0.398014888337469,38.03443797852545,1612.940673828125,3564,19.13030069315411,0.21997755331088664,0.3984287317620651,0.38159371492704824,59.68188755085642
H1,6,1690209.0,28633,5617.978986904931,0.1683372332623197,0.44902734606922085,0.38263542066845946,58528.788126579915,441.05694580078125,2015,21.26984851240864,0.18163771712158808,0.4173697270471464,0.40099255583126553,48.43603570196737,2248.151611328125,3564,24.831946558660704,0.21464646464646464,0.4009539842873176,0.38439955106621776,78.7174962779716
H1,7,1647740.375,28633,5870.746261761579,0.16365731847867845,0.4503894108196836,0.385953270701638,57358.946366654964,1297.291015625,2015,25.75255417891854,0.18064516129032257,0.41786600496277915,0.40148883374689825,65.5729368818496,2678.235107421875,3564,30.066396262158,0.21296296296296297,0.4015151515151515,0.38552188552188554,98.42903723328594
H1,8,1543066.0,28633,5607.888903985477,0.15702161841232146,0.4538469598016275,0.38913142178605103,52565.41586376468,1756.0023193359375,2015,31.236083621738146,0.1771712158808933,0.42034739454094294,0.40248138957816376,82.43376945045168,3066.101806640625,3564,36.72003353021657,0.20763187429854096,0.40404040404040403,0.388327721661055,119.88219766924668
H1,9,1513897.5,28633,6681.355841135094,0.15324974679565537,0.456571089302553,0.390214088638983,57936.37054538174,3236.252197265625,2015,36.081698382615485,0.1771712158808933,0.42233250620347396,0.40049627791563275,112.53157287886138,3708.09765625,3564,43.4631547205011,0.20707070707070707,0.4057239057239057,0.3872053872053872,158.04135720535947
H1,10,1685551.125,28633,7933.380705317562,0.14713791778716864,0.46041281039360177,0.39244927181922956,68536.64954646875,4308.77880859375,2015,41.995029461138856,0.17568238213399504,0.4238213399503722,0.40049627791563275,139.66762187571325,4340.8603515625,3564,51.7961214865417,0.20398428731762064,0.40824915824915825,0.3877665544332211,198.05881854217705
H1,11,2084574.625,28633,9360.976074410195,0.14134041141340412,0.46484825201690355,0.3938113365696923,76795.01781433674,5114.92919921875,2015,46.35649879761248,0.17270471464019851,0.426302729528536,0.40099255583126553,160.94929960616295,5292.20751953125,3564,58.06866778118427,0.20230078563411896,0.4102132435465769,0.38748597081930414,230.91814787725917
H1,12,2454634.75,28633,11804.572884021702,0.13547305556525688,0.4707156078650508,0.3938113365696923,88607.89277061459,5604.29443359375,2015,52.485474185118534,0.16923076923076924,0.426302729528536,0.4044665012406948,177.81754193436458,6689.95703125,3564,66.04794868973586,0.1994949494949495,0.4110549943883277,0.3894500561167228,264.01231637936536
H1,13,2730421.75,28633,13112.027593911427,0.13232982921803513,0.4747668773792477,0.3929382181399085,93268.78888593736,6497.28759765625,2015,59.90101545223266,0.1687344913151365,0.4267990074441687,0.4044665012406948,210.68783350979228,219177.703125,3564,199.67147637708175,0.19921436588103256,0.4116161616161616,0.3891694725028058,5160.51324121336
H1,14,2914635.75,28633,14586.741486481336,0.1285230328641777,0.47696713582230293,0.39457968078790207,96560.48761040483,19373.4296875,2015,85.55718909685712,0.16724565756823823,0.4267990074441687,0.40595533498759306,600.8214438745392,374383.53125,3564,314.6014109840537,0.19640852974186307,0.41245791245791247,0.39113355780022446,8880.370753808402
H1,15,3036143.25,28633,16883.968370714992,0.12569412915167813,0.47630356581566724,0.39810707924422867,102405.34360394048,43319.6953125,2015,138.12484722298063,0.16724565756823823,0.4277915632754342,0.40496277915632756,1433.4512457095275,372989.71875,3564,362.1390793165341,0.19584736251402918,0.41245791245791247,0.39197530864197533,8892.038643839987
H1,16,3119460.25,28633,18136.42251226597,0.12206195648377746,0.47679251213634616,0.4011804561170677,105009.29416410554,330070.125,2015,1101.1326439188629,0.16575682382133994,0.4307692307692308,0.40347394540942927,16793.549502900394,400567.625,3564,1133.482964041495,0.19388327721661056,0.41442199775533106,0.39169472502805835,17150.06442213436
H1,17,3173779.75,28633,18131.904799090164,0.1198966227779136,0.4772465337198338,0.40285684350225265,106351.24239075399,680379.5625,2015,2244.8527322329496,0.16526054590570718,0.4292803970223325,0.4054590570719603,35454.60264040074,680379.5625,3564,2045.3167650506675,0.19276094276094277,0.41470258136924804,0.3925364758698092,31888.63471905945
H1,18,3230521.5,28633,18678.73807964002,0.11668354695630916,0.47808472741242625,0.40523172563126464,109021.95168234302,771850.625,2015,2506.5623860506544,0.16476426799007443,0.4297766749379653,0.4054590570719603,39694.08458350056,771850.625,3564,2341.326792183051,0.19107744107744107,0.414983164983165,0.3939393939393939,35714.15811753507
H1,19,3335579.5,28633,22572.968797767924,0.11378479376942688,0.4819962979778577,0.4042189082527154,132325.9306075943,1781654.125,2015,5988.77091673814,0.16377171215880892,0.4277915632754342,0.4084367245657568,87289.00638654946,1781654.125,3564,5949.536164254468,0.18855218855218855,0.4172278338945006,0.3942199775533109,76901.91393644942
H1,20,3450605.25,28633,23064.99164606597,0.11071141689658785,0.4852442985366535,0.4040442845667586,125505.67189942786,1400233.375,2015,5964.630058911306,0.1598014888337469,0.4297766749379653,0.4104218362282878,67723.16550007714,1400233.375,3564,7837.991642351568,0.18434343434343434,0.41919191919191917,0.39646464646464646,67514.99213590597
H1,21,3549175.25,28633,24589.419706770834,0.10917472846016833,0.4887018475185974,0.40212342402123424,128784.83377321325,1296966.0,2015,7732.238947254702,0.15632754342431762,0.432258064516129,0.4114143920595533,70886.60224275562,1296966.0,3564,11476.85885980387,0.18153759820426488,0.4214365881032548,0.39702581369248036,82553.17161240808
H1,22,3623120.25,28633,26229.24204632799,0.10697447001711312,0.4914609017567143,0.4015646282261726,134876.18025213073,1489956.25,2015,9439.275992511413,0.1543424317617866,0.4327543424317618,0.4129032258064516,82569.8188007661,1489956.25,3564,13669.56218061782,0.17901234567901234,0.4222783389450056,0.39870931537598203,95657.75120424156
H1,23,3669026.75,28633,25334.74486907546,0.10540285684350226,0.49282296650717705,0.4018440261237034,127479.45086048584,1206791.625,2015,7073.747181569469,0.15285359801488835,0.4347394540942928,0.41240694789081883,62385.23984654415,1206791.625,3564,10317.852533456244,0.17564534231200898,0.4222783389450056,0.40235690235690236,70121.11083733998
H1,24,3737101.5,28633,25875.039326259863,0.10309782418887298,0.4929975901931338,0.40390458561799325,125492.70413711273,995820.5,2015,6836.525782346321,0.15086848635235733,0.43573200992555833,0.4133995037220844,53819.7632624301,995820.5,3564,10453.705170331048,0.1728395061728395,0.4225589225589226,0.4046015712682379,64206.797654794886
H1,25,3759367.25,28633,27509.149018475968,0.10124681311773129,0.4931372891418992,0.4056158977403695,128653.87276103177,1097470.5,2015,8200.765945097799,0.1498759305210918,0.43573200992555833,0.4143920595533499,61097.99384812705,1097470.5,3564,12665.117679527202,0.17115600448933782,0.4211560044893378,0.40768799102132436,73265.55962387238
H1,26,3732798.5,28633,29354.985178800624,0.09936087730939824,0.4941151817832571,0.406558865644536,132653.82524967202,1218615.375,2015,10021.793983136717,0.1488833746898263,0.43672456575682383,0.4143920595533499,70643.19688989478,1218615.375,3564,15645.247467020761,0.1691919191919192,0.42368125701459036,0.4074074074074074,86346.3855904995
H1,27,3682902.75,28633,30109.84954851817,0.09803373729612684,0.49415010652044844,0.4078161561834247,133334.93457419702,1292482.25,2015,11299.983975921336,0.1488833746898263,0.43672456575682383,0.4143920595533499,76662.10002360027,1292482.25,3564,17798.077938939663,0.16806958473625142,0.4245230078563412,0.4074074074074074,95509.48818364539
H1,28,3622167.25,28633,29549.147826221262,0.09604302727621974,0.49463905284112736,0.40931791988265287,131959.79538489084,1329208.5,2015,12147.073322874932,0.14590570719602977,0.43870967741935485,0.4153846153846154,80111.04916516891,1329208.5,3564,19428.871838206167,0.16582491582491582,0.4270482603815937,0.40712682379349047,102371.18746779412
H1,29,3552851.5,28633,29377.446214941574,0.0948905109489051,0.49341668703943004,0.4117277267488562,132302.85306884168,1347908.875,2015,12648.354712201999,0.14590570719602977,0.43970223325062036,0.4143920595533499,82523.42428559477,1356097.75,3564,20471.877961683913,0.16498316498316498,0.4270482603815937,0.4079685746352413,106943.68804913668
H1,30,3384217.5,28633,29859.0257448193,0.09272517724304125,0.49086718122446127,0.41644256626968884,132123.5590291874,1361631.125,2015,12943.76468446882,0.14392059553349876,0.4401985111662531,0.41588089330024813,84017.74137133689,1389570.75,3564,20881.7643547881,0.16245791245791247,0.4287317620650954,0.40881032547699214,108775.43859350766
H1,31,3043925.5,28633,30162.31132904584,0.09150281144134391,0.488562148569832,0.4200048894632068,131387.6628180491,1379596.625,2015,13198.670675029618,0.143424317617866,0.4411910669975186,0.4153846153846154,85446.03382233751,1417031.375,3564,21289.010111194,0.16217732884399552,0.4292929292929293,0.40852974186307517,110652.18974540762
H1,32,2688048.75,28633,30185.56667003825,0.08916285404952327,0.4912164285963748,0.41965564209129325,130890.0821180297,1396685.0,2015,13426.24507812154,0.141439205955335,0.4421836228287841,0.4163771712158809,86682.5822323603,1439236.375,3564,21598.667539617698,0.16021324354657687,0.4298540965207632,0.4102132435465769,111881.24231972295
H1,33,2516314.5,28633,30717.83005205789,0.08741661718995565,0.4914958264939056,0.4210875563161387,131416.78740406697,1413372.5,2015,13860.738209945617,0.14094292803970224,0.4411910669975186,0.41786600496277915,87962.98633017881,1458771.0,3564,21928.43834272356,0.15965207631874298,0.42901234567901236,0.4113355780022447,112433.51875584338
H1,34,2491347.75,28633,31493.68815128284,0.08542590717004854,0.49201969755177594,0.4225543952781755,132088.87526794896,1428660.25,2015,14522.478494919264,0.13945409429280398,0.44516129032258067,0.4153846153846154,89963.37972429405,1476769.875,3564,22559.71974729697,0.1579685746352413,0.43209876543209874,0.4099326599326599,113915.71308717382
H1,35,2524628.25,28633,31963.16096981212,0.08458771347745608,0.49013376174344286,0.4253134495162924,132037.25882894735,1443451.75,2015,15125.882733593202,0.13796526054590572,0.4466501240694789,0.4153846153846154,92645.24541082082,1493739.0,3564,23197.685673439817,0.15712682379349047,0.43265993265993263,0.4102132435465769,116162.43423630786
H1,36,2599977.75,28633,32607.500168611205,0.08319072398980197,0.48726993329375196,0.42953934271644606,133190.1665959683,1456855.25,2015,15664.48297624803,0.1369727047146402,0.4466501240694789,0.4163771712158809,95503.31269765942,1509478.25,3564,23824.86885455808,0.15544332210998876,0.4329405162738496,0.4116161616161616,118692.90926170595
H1,37,2629453.5,28633,33731.48622719587,0.0822826808228268,0.48349806167708587,0.43421925750008733,136082.61312633325,1469972.25,2015,16093.727454863876,0.1369727047146402,0.4461538461538462,0.41687344913151364,98021.92484297362,1524323.25,3564,24461.07128759011,0.15544332210998876,0.4323793490460157,0.4121773288439955,121324.85333583906
H1,38,2567164.5,28633,34974.06727223339,0.0808856913351727,0.4814375021827961,0.4376768064820312,139481.32318031235,1482308.25,2015,16472.099203427762,0.13548387096774195,0.4486352357320099,0.41588089330024813,100382.96285661763,1538808.125,3564,25104.843063023367,0.15460157126823793,0.4340628507295174,0.4113355780022447,124025.14126022374
H1,39,2447552.25,28633,36341.90533775637,0.08053644396325918,0.48136765270841336,0.43809590332832743,143790.03743707974,1494462.625,2015,16882.738411082413,0.13548387096774195,0.4481389578163772,0.4163771712158809,103053.13730603976,1552691.375,3564,25900.50578525649,0.15460157126823793,0.43265993265993263,0.4127384960718294,127299.65476985791
H1,40,2476968.0,28633,37724.044243768025,0.07924422868717913,0.4828694164076415,0.4379212796423707,148535.68849670966,1507515.375,2015,17283.216907574417,0.1344913151364764,0.4486352357320099,0.41687344913151364,105809.11832999274,1566775.5,3564,26707.184982964303,0.1531986531986532,0.43434343434343436,0.41245791245791247,130787.46000836641
H1,41,2501442.25,28633,38593.8525825781,0.07879020710369154,0.4825550937729194,0.43868962386058047,151259.20170125272,1516954.0,2015,17672.069750423445,0.13399503722084366,0.4511166253101737,0.4148883374689826,108717.17974098578,1579430.0,3564,27225.989323685943,0.1526374859708193,0.43602693602693604,0.4113355780022447,133321.96107446845
H1,42,2515081.25,28633,39781.50550419617,0.07767261551356826,0.48136765270841336,0.4409597317780184,155297.80808367807,1526695.0,2015,18057.268016866077,0.13300248138957815,0.4511166253101737,0.41588089330024813,111678.6872995365,1591219.625,3564,27910.025630169017,0.15039281705948374,0.43658810325476993,0.41301907968574636,136624.2096018097
H1,43,2518093.0,28633,41244.35807235062,0.07721859393008068,0.4824503195613453,0.440331086508574,160683.10281613437,1536463.125,2015,18448.4799182618,0.13300248138957815,0.4511166253101737,0.41588089330024813,114763.26632690476,1602294.125,3564,28718.060981329032,0.15067340067340068,0.4371492704826038,0.4121773288439955,140512.62195171235
H1,44,2524763.75,28633,43179.49773578075,0.07613592707714874,0.483113889567981,0.44075018335487026,168375.17305449306,1625273.875,2015,18861.93903652168,0.1315136476426799,0.4511166253101737,0.4173697270471464,118134.61453721128,1625273.875,3564,29707.979734854154,0.14814814814814814,0.43742985409652074,0.41442199775533106,145325.2605917422
H1,45,2552051.25,28633,45568.584012490326,0.07536758285893899,0.4829043411448329,0.44172807599622815,178973.32575830616,1727092.0,2015,19261.290052441243,0.13101736972704714,0.4491315136476427,0.41985111662531016,121376.66167758842,1727092.0,3564,30875.502043684763,0.14702581369248036,0.43602693602693604,0.4169472502805836,151075.8107277587
H1,46,2753502.0,28633,46871.852240019245,0.07421506653162435,0.4810882548108825,0.4447665281318758,185310.62697721622,1833634.75,2015,19646.691496943953,0.13052109181141439,0.4521091811414392,0.41786600496277915,124682.53269701281,1833634.75,3564,31624.71446250827,0.14618406285072952,0.43686868686868685,0.4172278338945006,154996.95866050688
H1,47,2683486.75,28633,45573.68806437009,0.07376104494813676,0.48241539482415396,0.443893409702092,178503.04091611557,1997854.125,2015,20102.49705990218,0.13052109181141439,0.45260545905707195,0.4173697270471464,129308.70052793156,1997854.125,3564,31343.093149525812,0.14534231200897868,0.4377104377104377,0.4172278338945006,154925.29541853804
H1,48,2757903.25,28633,46388.300005605706,0.07281807704397024,0.4823106206125799,0.44494115181783256,181898.6266793045,2141249.75,2015,20555.11722804907,0.12903225806451613,0.4521091811414392,0.41885856079404465,133713.58736875028,2141249.75,3564,31924.770997741834,0.14337822671156006,0.4391133557800225,0.4175084175084175,158644.49102815214
H1,49,2862946.25,28633,48566.80226589399,0.07239898019767402,0.47717668424545107,0.45042433555687494,192087.39584698508,2286854.75,2015,21060.429481678093,0.12903225806451613,0.45260545905707195,0.41836228287841193,138546.5390832825,2286854.75,3564,32853.92377880257,0.14281705948372614,0.43967452300785637,0.4175084175084175,163828.22507876914
H1,50,2935416.75,28633,49395.813794325964,0.07156078650508155,0.47378898473788983,0.4546502287570286,196011.353445158,2385647.0,2015,21423.311147295037,0.12754342431761787,0.4481389578163772,0.42431761786600497,141919.41620829777,2385647.0,3564,33466.909827110925,0.14113355780022446,0.4377104377104377,0.4211560044893378,167283.70999010355
H1,51,3018431.25,28633,50846.54064135867,0.07131631334474207,0.47040128523032865,0.45828240142492926,204220.2361894797,2584261.0,2015,22046.035014264296,0.12754342431761787,0.45459057071960296,0.41786600496277915,148373.83306045854,2584261.0,3564,34504.00639415167,0.14085297418630752,0.44135802469135804,0.41778900112233447,173704.51061994108
H1,52,3153209.25,28633,52149.65138450929,0.07023364649181014,0.4688645967939091,0.46097160618866345,211587.65366928166,2766017.25,2015,22614.29821069525,0.1270471464019851,0.45359801488833745,0.41985111662531016,154506.3800389862,2766017.25,3564,35487.70039168333,0.14057239057239057,0.44079685746352415,0.41891133557800225,179899.44708190323
H1,53,3355987.75,28633,53745.5434133542,0.06981454964551392,0.46767715572940316,0.46254321936227427,218887.49600937543,2925279.75,2015,23125.93767125048,0.12655086848635236,0.45508684863523574,0.41836228287841193,160037.24236000408,2925279.75,3564,36381.52130732062,0.14001122334455668,0.44191919191919193,0.4180695847362514,185515.73212759857
H1,54,3560822.0,28633,55414.715115871055,0.06939545279921769,0.4661055425557923,0.4645339293821814,226285.39522147577,3093181.25,2015,23657.97549145408,0.12456575682382134,0.45607940446650125,0.41985111662531016,165935.392346737,3093181.25,3564,37300.7308390342,0.138327721661055,0.44332210998877664,0.4186307519640853,191444.3752604899
H1,55,3769125.25,28633,57044.2747960048,0.06918590437606957,0.4634861872664408,0.46736283309468096,233593.41248700497,3260326.75,2015,24185.704673573295,0.12406947890818859,0.456575682382134,0.41935483870967744,171921.1065210805,3260326.75,3564,38217.34702348215,0.1377665544332211,0.44388327721661053,0.41835016835016836,197468.0866637935
H1,56,3972954.0,28633,58801.06649289569,0.06866203331819928,0.46198442356721264,0.46942339258897076,241073.75698415568,3420780.5,2015,24699.290389777856,0.12307692307692308,0.45558312655086847,0.42133995037220845,177763.64285867117,3420780.5,3564,39110.79493829143,0.13692480359147025,0.4444444444444444,0.4186307519640853,203380.48734637682
H1,57,4181927.25,28633,60709.65483914726,0.0682080117347117,0.4611113051374288,0.4706806831278595,249029.40835166982,3583644.25,2015,25215.617614316932,0.12258064516129032,0.45806451612903226,0.41935483870967744,183741.59835583577,3583644.25,3564,40022.54129040114,0.1366442199775533,0.44612794612794615,0.4172278338945006,209455.79742389254
H1,58,4392922.5,28633,62321.09553026068,0.06736981804211924,0.45985401459854014,0.47277616735934064,256130.74130479762,3749681.0,2015,25694.11001132896,0.12158808933002481,0.458560794044665,0.41985111662531016,189690.21242470396,3749681.0,3564,40877.225376839175,0.13580246913580246,0.44696969696969696,0.4172278338945006,215436.89412064926
H1,59,4600224.5,28633,63544.56204989249,0.06719519435616247,0.4583173261621206,0.47452240421890823,262582.40882446634,3916561.0,2015,26134.407788136625,0.12158808933002481,0.4595533498759305,0.41935483870967744,195906.23754438828,3916561.0,3564,41672.74442106949,0.13580246913580246,0.44725028058361394,0.4172278338945006,221567.27500497652
H1,60,4820042.0,28633,64841.59309581692,0.06649669961233541,0.4560472182446827,0.47745608214298185,269513.83758039086,4085727.5,2015,26604.47483791782,0.12109181141439206,0.45905707196029777,0.41985111662531016,202571.8881066922,4085727.5,3564,42509.76880969201,0.13496071829405162,0.44640852974186307,0.4186307519640853,228125.87321550175
H1,61,5042345.5,28633,66191.10117188276,0.06646177487514407,0.45461530401983724,0.47892292110501866,276586.39509757544,4253161.0,2015,27065.382197483337,0.12109181141439206,0.458560794044665,0.42034739454094294,209293.65938142381,4253161.0,3564,43343.51938385087,0.13496071829405162,0.44612794612794615,0.41891133557800225,234735.4739616683
H1,62,5244990.0,28633,67320.88663247264,0.06569343065693431,0.4523451961023993,0.48196137324066635,282803.35363957996,4410328.0,2015,27522.418293565264,0.1205955334987593,0.45905707196029777,0.42034739454094294,215671.0496277577,4410328.0,3564,44137.199748169376,0.13383838383838384,0.4450056116722783,0.4211560044893378,240913.51823281628
H1,63,5425590.5,28633,68292.69810756177,0.06544895749659484,0.44969091607585654,0.4848601264275486,288518.8354684286,4562311.5,2015,27993.938477279473,0.1205955334987593,0.458560794044665,0.42084367245657567,221880.99313320263,4562311.5,3564,44908.74114817287,0.1335578002244669,0.4447250280583614,0.4217171717171717,246852.474646655
H1,64,5606857.5,28633,69370.39482476377,0.0650298606502986,0.44843362553696786,0.48653651381273355,294697.081015383,4713575.0,2015,28435.89084208138,0.12009925558312655,0.4595533498759305,0.42034739454094294,228143.14633274826,4713575.0,3564,45638.28425020508,0.132996632996633,0.4450056116722783,0.4219977553310887,252799.21723386695
H1,65,5805011.0,28633,70610.43557001333,0.06492508643872455,0.44689693710054834,0.48817797646072714,301487.2858408152,4870269.5,2015,28862.745276456506,0.12009925558312655,0.45905707196029777,0.42084367245657567,234691.20350797666,4870269.5,3564,46356.065245095015,0.13271604938271606,0.44556677890011226,0.4217171717171717,258942.38938690143
H1,66,5993220.0,28633,71846.94816705481,0.06457583906681102,0.44577934551042503,0.48964481542276395,308355.6518928793,5021293.0,2015,29301.061488095835,0.12009925558312655,0.4595533498759305,0.42034739454094294,241033.01600975756,5021293.0,3564,47095.15435137668,0.1324354657687991,0.44612794612794615,0.4214365881032548,265057.34345087135
H1,67,6182087.5,28633,73120.66996979598,0.06450598959242831,0.44518562497817205,0.49030838542939964,315314.63950189453,5168327.0,2015,29713.717367026118,0.12009925558312655,0.4575682382133995,0.42233250620347396,247133.2635208067,5168327.0,3564,47830.68371399289,0.1324354657687991,0.4452861952861953,0.4222783389450056,271004.9947766319
H1,68,6359469.0,28633,74296.34848998244,0.06377257011140991,0.44420773233681415,0.49201969755177594,321946.94965764513,5313330.0,2015,30126.504752830515,0.11910669975186104,0.456575682382134,0.42431761786600497,253176.02885594277,5313330.0,3564,48563.653346192965,0.13159371492704827,0.4458473625140292,0.4225589225589226,276896.71130718896
H1,69,6525672.5,28633,75388.674040465,0.0634931722138791,0.4430901407466909,0.4934516117766214,328153.5046642921,5458844.0,2015,30525.537096384887,0.11861042183622829,0.456575682382134,0.4248138957816377,259124.57061245828,5458844.0,3564,49276.512389879405,0.13131313131313133,0.4452861952861953,0.4234006734006734,282682.68172178516
H1,70,6684960.5,28633,76419.88939858956,0.06286452694443474,0.44256626968882057,0.49456920336674465,333863.07360200497,5603879.0,2015,30898.578871664486,0.11861042183622829,0.45508684863523574,0.426302729528536,264456.50948923617,5603879.0,3564,49995.495409120405,0.1307519640852974,0.4447250280583614,0.4245230078563412,288122.33461561217
H1,71,6887635.0,28633,77454.45541321067,0.06282960220724339,0.44183285020780216,0.4953375475849544,339231.8916144981,5747280.5,2015,31159.284361643877,0.11861042183622829,0.45508684863523574,0.426302729528536,267843.41317680856,5747280.5,3564,50785.7887157123,0.1307519640852974,0.4447250280583614,0.4245230078563412,292970.3821473027
H1,72,7090141.0,28633,78601.19421283326,0.06216603220060769,0.44092480704082704,0.49694408549575664,345114.82088626956,5889004.5,2015,31262.84241364675,0.11712158808933003,0.45508684863523574,0.4277915632754342,268787.87520922825,5889004.5,3564,51721.66651527746,0.12962962962962962,0.4447250280583614,0.42564534231200896,298068.7189550861
H1,73,7288690.5,28633,79814.25905544414,0.06209618272622498,0.4414486780986973,0.4964551391750777,351558.7570055322,6028379.5,2015,31613.19991001875,0.11712158808933003,0.45558312655086847,0.4272952853598015,273829.1757625543,6028379.5,3564,52466.56078237975,0.12962962962962962,0.4450056116722783,0.42536475869809204,303801.4166813973
H1,74,7486854.0,28633,80985.9038480693,0.06132783850801523,0.4414486780986973,0.49725840813047884,357778.36769840086,6168021.0,2015,32036.546369021904,0.11662531017369727,0.45508684863523574,0.4287841191066998,279860.3206752194,6168021.0,3564,53166.40070287778,0.12878787878787878,0.4450056116722783,0.4264870931537598,309511.56481395586
H1,75,7696025.0,28633,82190.82298245645,0.06111829008486711,0.44099465651520975,0.4978870533999232,363859.5493956798,6314097.5,2015,32487.696828137283,0.11612903225806452,0.45707196029776676,0.4267990074441687,286188.3991381785,6314097.5,3564,53926.19613542651,0.1282267115600449,0.44640852974186307,0.42536475869809204,315616.1122267939
H1,76,7911313.0,28633,83445.6858899238,0.060594419026996825,0.44036601124576535,0.4990395697272378,369777.0869027279,6465327.0,2015,32970.13032366965,0.11612903225806452,0.45508684863523574,0.4287841191066998,292676.9225942934,6465327.0,3564,54734.84525537211,0.127665544332211,0.44556677890011226,0.42676767676767674,322003.12832142913
H1,77,8115475.0,28633,84605.40439389192,0.060419795341040056,0.4399119896622778,0.4996682149966821,374958.8040554925,6605503.5,2015,33525.662993385835,0.11612903225806452,0.45459057071960296,0.4292803970223325,298880.13860008365,6605503.5,3564,55660.402209280306,0.127665544332211,0.4450056116722783,0.4273288439955107,328184.04884946946
H1,78,8323832.0,28633,85674.85394825357,0.05975622533440436,0.44001676387385186,0.5002270107917438,379682.184638486,6736435.0,2015,34161.052516478434,0.11364764267990074,0.45607940446650125,0.430272952853598,305172.6639114926,6736435.0,3564,56704.6212411794,0.12598204264870932,0.4458473625140292,0.4281705948372615,334464.6253869662
H1,79,8537472.0,28633,86766.11459334969,0.05968637586002165,0.43956274229036424,0.5007858065868054,385016.3480003743,6866554.0,2015,34722.834090944045,0.11364764267990074,0.45607940446650125,0.4307692307692308,311438.4809088422,6866554.0,3564,57903.93484883026,0.12626262626262627,0.44556677890011226,0.42845117845117847,341077.81685450993
H1,80,8740929.0,28633,87904.49924261805,0.059546676911256244,0.4394928928159816,0.5010302797471449,390943.5423072014,6990900.5,2015,35275.16786153599,0.11364764267990074,0.45607940446650125,0.4307692307692308,317457.6726558485,6990900.5,3564,58997.25983954744,0.12626262626262627,0.4452861952861953,0.4287317620650954,347599.00480250025
H1,81,8938046.0,28633,89134.16045638733,0.05923235427653407,0.43935319386721616,0.5014144518562498,397696.76615515543,7114393.5,2015,35847.90203122284,0.11315136476426799,0.45607940446650125,0.4307692307692308,323500.64089669375,7114393.5,3564,59966.466056888974,0.12598204264870932,0.4452861952861953,0.4287317620650954,353875.98197768757
H1,82,9128247.0,28633,90327.22515281849,0.0589878811161946,0.43928334439283345,0.501728774490972,403996.60282817075,7236363.0,2015,36475.154900670525,0.11315136476426799,0.456575682382134,0.430272952853598,329583.76166596526,7236363.0,3564,60997.64714978353,0.12598204264870932,0.44556677890011226,0.42845117845117847,360200.64821829286
H1,83,9312265.0,28633,91417.2453481247,0.05888310690462054,0.4389340970209199,0.5021827960744596,409581.5812027668,7354013.0,2015,37131.92059737643,0.11315136476426799,0.456575682382134,0.430272952853598,335568.3115031669,7354013.0,3564,62037.94178414562,0.12598204264870932,0.44556677890011226,0.42845117845117847,366332.247003704
H1,84,9488672.0,28633,92478.53033697064,0.0583243111095589,0.43868962386058047,0.5029860650298607,414854.49583249213,7466069.0,2015,37825.651950939726,0.11265508684863523,0.45558312655086847,0.4317617866004963,341390.61031232233,7466069.0,3564,63121.10578303032,0.12570145903479238,0.4450056116722783,0.4292929292929293,372331.52911367174
H1,85,9662118.0,28633,93501.20549985615,0.05821953689798484,0.4380609785911361,0.5037544092480704,419875.1931041289,7574596.5,2015,38539.232039006194,0.11265508684863523,0.45558312655086847,0.4317617866004963,347156.00991359807,7574596.5,3564,64226.903785291914,0.12570145903479238,0.4450056116722783,0.4292929292929293,378259.2489017336
H1,86,9827200.0,28633,94544.99524084434,0.05755596689134914,0.437851430167988,0.5045926029406629,424981.1031536317,7676963.5,2015,39269.70051465651,0.11166253101736973,0.45508684863523574,0.43325062034739453,352728.5978065076,7676963.5,3564,65356.10009779555,0.12429854096520764,0.4452861952861953,0.43041526374859707,384044.3022261809
H1,87,9987224.0,28633,95623.87867757566,0.05745119267977508,0.43788635490517935,0.5046624524150456,430371.10213802644,7775236.5,2015,40011.12174847724,0.11166253101736973,0.45508684863523574,0.43325062034739453,358216.6202279719,7775236.5,3564,66518.48548268528,0.12429854096520764,0.4450056116722783,0.43069584736251404,389820.04849676805
H1,88,10137464.0,28633,96658.45402651643,0.05745119267977508,0.4375371075332658,0.5050116997869591,435912.81540288765,7879478.0,2015,40746.0316734762,0.11215880893300248,0.45558312655086847,0.432258064516129,363492.89815837855,7879478.0,3564,67683.39205624055,0.12485970819304153,0.4452861952861953,0.4298540965207632,395468.5734689704
H1,89,10276593.0,28633,97726.89388219299,0.05755596689134914,0.43708308594977824,0.5053958718960639,441486.2826153664,7981567.5,2015,41490.353203959734,0.11265508684863523,0.45558312655086847,0.432258064516129,368538.2272818477,7981567.5,3564,68864.80345532649,0.12542087542087543,0.4447250280583614,0.43013468013468015,400956.21650222165
H1,90,10414944.0,28633,98814.80094208363,0.05762581636573185,0.437257709635735,0.5051863234729159,447090.46061739523,8083754.0,2015,42300.765566668146,0.11315136476426799,0.45508684863523574,0.432258064516129,373703.9209339025,8083754.0,3564,70144.43928649384,0.12570145903479238,0.44388327721661053,0.43069584736251404,406627.63732259447
H1,91,10545592.0,28633,99885.30857926594,0.0576607411029232,0.43715293542416095,0.5051863234729159,452502.34144827107,8182627.5,2015,43125.29048628573,0.11265508684863523,0.45508684863523574,0.432258064516129,378718.3764704531,8182627.5,3564,71440.42871148656,0.12570145903479238,0.4444444444444444,0.4298540965207632,412180.9133583675
H1,92,10675293.0,28633,100933.90717663686,0.057590891628540496,0.4371878601613523,0.5052212482101072,457868.4505081544,8305032.5,2015,43947.92050266456,0.11265508684863523,0.45558312655086847,0.4317617866004963,383879.6755208258,8305032.5,3564,72743.02391704835,0.12542087542087543,0.4447250280583614,0.4298540965207632,418010.043428718
H1,93,10803500.0,28633,101953.90947652406,0.0577305905773059,0.4373974085845004,0.5048720008381937,463095.7697825477,8427972.0,2015,44744.05098089852,0.11215880893300248,0.45607940446650125,0.4317617866004963,388873.9626037375,8427972.0,3564,74014.44929127334,0.1251402918069585,0.4447250280583614,0.43013468013468015,423739.2046907233
H1,94,10934876.0,28633,102912.3628896533,0.05762581636573185,0.4377117312192226,0.504697377152237,467922.25814037945,8520181.0,2015,45472.83351127459,0.11265508684863523,0.45607940446650125,0.4312655086848635,393464.17193784093,8520181.0,3564,75190.56204527825,0.12542087542087543,0.4450056116722783,0.42957351290684626,428919.2499692305
H1,95,11053921.0,28633,103702.77877669998,0.0577305905773059,0.43757203227045716,0.5047323018894283,471818.111441484,8598161.0,2015,46056.446896226546,0.11265508684863523,0.45607940446650125,0.4312655086848635,397355.2726085683,8598161.0,3564,76131.88710058248,0.12542087542087543,0.4447250280583614,0.4298540965207632,433274.2159104745
H1,96,11151014.0,28633,104311.22092424957,0.057695665840114554,0.43750218279607445,0.5048370761010024,474966.1471925441,8662730.0,2015,46512.79798443255,0.11265508684863523,0.45607940446650125,0.4312655086848635,400524.7880316988,8662730.0,3564,76865.75887829186,0.12542087542087543,0.4447250280583614,0.4298540965207632,436777.47834072914
H1,97,11217729.0,28633,104748.03984932209,0.05783536478887996,0.4371878601613523,0.5049767750497678,477215.5141188162,8709966.0,2015,46859.92571740835,0.11265508684863523,0.45558312655086847,0.4317617866004963,402853.14228175353,8709966.0,3564,77415.87175606878,0.12542087542087543,0.4444444444444444,0.43013468013468015,439340.95569750253
H1,98,11270151.0,28633,105054.14012598462,0.05776551531449726,0.43722278489854366,0.5050466245241505,478934.6879843805,8746964.0,2015,47126.713729861505,0.11215880893300248,0.45607940446650125,0.4317617866004963,404677.74767888896,8746964.0,3564,77840.82136455808,0.12485970819304153,0.4450056116722783,0.43013468013468015,441340.64129137056
H1,99,11304645.0,28633,105249.11515991623,0.058079837949219434,0.43750218279607445,0.5044529039918975,480140.59437868785,8772921.0,2015,47327.118921088186,0.1141439205955335,0.45508684863523574,0.4307692307692308,405976.09348498966,8772921.0,3564,78156.53021538198,0.12626262626262627,0.4441638608305275,0.42957351290684626,442764.4867524667
H1,100,11331974.0,28633,105351.4515458271,0.058009988474836724,0.43743233332169174,0.5045576782034715,481260.4900980372,8793293.0,2015,47482.36999222745,0.1141439205955335,0.45508684863523574,0.4307692307692308,407005.6623755197,8793293.0,3564,78408.9190858182,0.12626262626262627,0.4441638608305275,0.42957351290684626,443919.95906959777
H1,101,11352104.0,28633,105415.80446437269,0.0582544616351762,0.4373974085845004,0.5043481297803234,482474.8759867311,8808876.0,2015,47615.82266422019,0.11513647642679901,0.45459057071960296,0.430272952853598,407819.5973699599,8808876.0,3564,78629.08991886573,0.1271043771043771,0.44388327721661053,0.42901234567901236,444873.9406083982
H1,102,11369787.0,28633,105446.95609955203,0.0582544616351762,0.4379911291167534,0.5037544092480704,483322.07141184754,8822340.0,2015,47715.64446039252,0.11513647642679901,0.45558312655086847,0.4292803970223325,408497.0549978018,8822340.0,3564,78799.15395763658,0.1271043771043771,0.4447250280583614,0.4281705948372615,445656.27262467897
H1,103,11380457.0,28633,105414.16056165507,0.058464010058324314,0.4382705270142842,0.5033003876645828,483686.1806344994,8830993.0,2015,47784.605626318764,0.11513647642679901,0.45558312655086847,0.4292803970223325,408925.3491704603,8830993.0,3564,78904.0486259996,0.1271043771043771,0.4447250280583614,0.4281705948372615,446133.6726201419
H1,104,11386090.0,28633,105322.2044017546,0.05849893479551566,0.43837530122585827,0.5032305381902001,483560.45714787906,8835437.0,2015,47807.86802327753,0.11513647642679901,0.456575682382134,0.4287841191066998,409123.9616260492,8835437.0,3564,78933.41710511563,0.1271043771043771,0.44556677890011226,0.4276094276094276,446320.7189464056
H1,105,11381028.0,28633,105132.3683472008,0.058673558481472425,0.43868962386058047,0.5027066671323298,482683.9863688758,8832080.0,2015,47768.53730851981,0.11513647642679901,0.456575682382134,0.4287841191066998,408912.61819166807,8832080.0,3564,78848.00529199997,0.12738496071829405,0.44556677890011226,0.4273288439955107,446007.9779155885
H1,106,11368020.0,28633,104821.41544017669,0.05860370900708972,0.4391785701812594,0.5022526455488422,481844.8921998795,8821784.0,2015,47660.022686431184,0.11464019851116625,0.45707196029776676,0.4287841191066998,408332.18455623835,8821784.0,3564,78674.5267283878,0.1271043771043771,0.4458473625140292,0.4273288439955107,445334.2122646917
H1,107,11350232.0,28633,104484.40506892749,0.0589878811161946,0.4386546991233891,0.5023923444976076,481284.9770549165,8807482.0,2015,47542.05901569464,0.1141439205955335,0.45707196029776676,0.4292803970223325,407602.91158216406,8807482.0,3564,78497.13949169745,0.12738496071829405,0.44612794612794615,0.42676767676767674,444575.26894427714
H1,108,11331773.0,28633,104150.01998952146,0.05909265532776866,0.43879439807215453,0.5021478713372682,480394.3188374292,8792470.0,2015,47406.9762308967,0.1141439205955335,0.4575682382133995,0.4287841191066998,406834.3954608288,8792470.0,3564,78293.5543355138,0.12738496071829405,0.44640852974186307,0.4264870931537598,443735.3774713475
H1,109,11305393.0,28633,103745.92450687542,0.05923235427653407,0.43914364544406803,0.5016589250165893,478861.07396569394,8772379.0,2015,47222.11720340317,0.1141439205955335,0.45707196029776676,0.4292803970223325,405760.25166455464,8772379.0,3564,77994.66558754655,0.12738496071829405,0.44612794612794615,0.42676767676767674,442501.90697616345
H1,110,11272681.0,28633,103247.81115796833,0.059337128488108126,0.4393182691300248,0.5014144518562498,477247.01425244584,8747757.0,2015,46996.10054486053,0.1141439205955335,0.45806451612903226,0.428287841191067,404455.75606255763,8747757.0,3564,77647.52915017023,0.12738496071829405,0.44696969696969696,0.42592592592592593,441033.27919222775
H1,111,11230857.0,28633,102701.89582872106,0.05979115007159571,0.4391785701812594,0.5011001292215276,475660.80965673126,8717405.0,2015,46745.0942741385,0.1141439205955335,0.4575682382133995,0.4287841191066998,402904.88609335065,8717405.0,3564,77255.50616470807,0.127665544332211,0.44640852974186307,0.42620650953984285,439338.0419538715
H1,112,11187827.0,28633,102135.71855055189,0.05996577375755247,0.4390737959696853,0.5010302797471449,473988.8010247087,8685730.0,2015,46475.40324188843,0.11364764267990074,0.45806451612903226,0.4287841191066998,401279.94308991195,8685730.0,3564,76840.42233832748,0.12738496071829405,0.44640852974186307,0.4264870931537598,437559.925753919
H1,113,11136065.0,28633,101525.29244768713,0.06028009639227465,0.4390737959696853,0.500750881849614,472067.07521557563,8649911.0,2015,46186.39489861684,0.11364764267990074,0.4575682382133995,0.4292803970223325,399458.1046563883,8649911.0,3564,76387.43336473953,0.12738496071829405,0.44640852974186307,0.4264870931537598,435560.21486395836
H1,114,11079608.0,28633,100888.71670821616,0.06028009639227465,0.4392484196556421,0.5005064086892747,469850.6532473283,8611815.0,2015,45872.55592675846,0.11315136476426799,0.45806451612903226,0.4287841191066998,397502.2687573664,8611815.0,3564,75892.51433903861,0.1271043771043771,0.44668911335578004,0.42620650953984285,433388.2511700152
H1,115,11008192.0,28633,100171.86635511433,0.06062934376418817,0.4391785701812594,0.5002270107917438,467021.18550555286,8566680.0,2015,45503.427099407505,0.1141439205955335,0.45707196029776676,0.4287841191066998,395160.59758917376,8566680.0,3564,75298.76038588476,0.12794612794612795,0.4458473625140292,0.42620650953984285,430755.15803982405
H1,116,10931762.0,28633,99393.11049786906,0.06066426850137953,0.4391087207068767,0.5002619355289352,464042.18252531154,8517707.0,2015,45074.089586703936,0.1141439205955335,0.456575682382134,0.4292803970223325,392570.10375365004,8517707.0,3564,74622.82226561487,0.12794612794612795,0.4458473625140292,0.42620650953984285,427843.6525445726
H1,117,10849319.0,28633,98557.39015707238,0.060873816924527646,0.43896902175811126,0.5001571613173611,460917.0478894617,8461284.0,2015,44585.95481333614,0.1141439205955335,0.45607940446650125,0.4297766749379653,389644.5478415357,8461284.0,3564,73850.11169815934,0.1282267115600449,0.44556677890011226,0.42620650953984285,424563.51043209154
H1,118,10770768.0,28633,97693.40701652429,0.0609785911361017,0.4390039464953026,0.5000174623685957,457803.4573344613,8404477.0,2015,44057.938041360445,0.11464019851116625,0.45508684863523574,0.430272952853598,386679.1008588223,8404477.0,3564,73022.11993908374,0.12850729517396184,0.4452861952861953,0.42620650953984285,421223.13600575674
H1,119,10690060.0,28633,96809.9662810573,0.061188139559249816,0.43848007543743234,0.5003317850033179,454660.037336336,8342784.5,2015,43511.484768035785,0.11563275434243177,0.45409429280397023,0.430272952853598,383626.19897069153,8342784.5,3564,72175.63459292674,0.12934904601571268,0.4444444444444444,0.42620650953984285,417783.10347257496
H20,0,1464789.125,28633,790.2702885822973,0.2409108371459505,0.4087241993503999,0.3504697377152237,22456.71034309009,6.065962314605713,2015,0.23433311856471198,0.22084367245657568,0.3970223325062035,0.3826302729528536,0.6052620218196701,22.287599563598633,3564,0.2885320469920014,0.26262626262626265,0.38103254769921435,0.35662177328843997,0.9416985963506765
H20,1,2684609.75,28633,3960.888377318083,0.22372786644780498,0.41710613627632454,0.35920092201306186,68010.01859301534,24.41127586364746,2015,1.409772300009446,0.20794044665012407,0.40297766749379654,0.3890818858560794,2.9703141207368478,80.11241149902344,3564,1.6388623296504685,0.24775533108866443,0.388327721661055,0.36391694725028056,4.087014311226617
H20,2,2380573.75,28633,3924.263142959643,0.20169035728006146,0.42856145007508817,0.3697831173820417,62936.46248710505,93.12451171875,2015,5.328017849271548,0.19404466501240694,0.4104218362282878,0.3955334987593052,11.62915995439767,268.8017883300781,3564,5.946304952259649,0.23120089786756454,0.3950617283950617,0.37373737373737376,14.436132049933269
H20,3,1935390.25,28633,3816.303905329761,0.19240037718716166,0.43502252645548845,0.3726120210945413,56238.19788612901,316.2630310058594,2015,9.998903745934825,0.19156327543424317,0.4148883374689826,0.3935483870967742,23.660339899274707,742.6724853515625,3564,11.21226009924365,0.22699214365881032,0.39646464646464646,0.3765432098765432,31.91860155568682
H20,4,1846522.75,28633,4087.391562640594,0.17912897705444766,0.4423567212656725,0.3785841511542626,52422.7944793819,367.15478515625,2015,15.349681180104529,0.18560794044665013,0.4153846153846154,0.3990074441687345,34.8136686594253,1288.121826171875,3564,17.513343566952898,0.21941638608305275,0.3984287317620651,0.3824354657687991,51.19336410594103
H20,5,1841246.75,28633,5570.823548830683,0.1729822233087696,0.44658261446582614,0.38043516222540424,59778.993706483685,424.37994384765625,2015,19.59899800566869,0.18411910669975187,0.41588089330024813,0.4,44.92385494731458,1982.6041259765625,3564,22.711934650095372,0.21745230078563413,0.398989898989899,0.3835578002244669,71.47263364518683
H20,6,1785377.0,28633,6191.102900902794,0.16330807110676493,0.45101805608912793,0.3857087975412985,61370.2968055895,733.2984619140625,2015,25.409292779864806,0.17866004962779156,0.41935483870967744,0.40248138957816376,59.37362676691067,2558.65283203125,3564,29.48903525036078,0.21099887766554434,0.40347923681257014,0.38580246913580246,92.19024068744966
H20,7,1602465.5,28633,5598.766722285039,0.15908217790661125,0.4526595187371215,0.38825830335626726,53341.69982499622,1454.3116455078125,2015,30.4452655121634,0.17766749379652605,0.41935483870967744,0.40297766749379654,77.64805685763532,3031.460205078125,3564,35.51597016950873,0.20959595959595959,0.40291806958473625,0.38748597081930414,114.61525691283634
H20,8,1553377.125,28633,6489.407247358913,0.1517479830964272,0.45719973457199736,0.39105228233157546,56670.295008282585,2490.195556640625,2015,37.125292162056645,0.1761786600496278,0.4218362282878412,0.40198511166253104,103.57913312519004,3719.930419921875,3564,43.996633091936665,0.20510662177328845,0.4062850729517396,0.3886083052749719,147.8122618754459
H20,9,1761717.5,28633,8444.159239807654,0.147766563056613,0.4607620577655153,0.39147137917787167,71618.2189444114,3989.856201171875,2015,42.405068081595864,0.17667493796526054,0.4228287841191067,0.40049627791563275,136.21574393414528,4111.62646484375,3564,51.55277140854647,0.2048260381593715,0.4074074074074074,0.3877665544332211,191.33512118684288
H20,10,2189628.5,28633,9851.034745094057,0.1391401529703489,0.4664198651905144,0.394474906576328,79609.06218647037,4997.583984375,2015,49.022064756348826,0.169727047146402,0.4267990074441687,0.40347394540942927,162.7610817127148,5198.3154296875,3564,60.860731931003436,0.2000561167227834,0.4107744107744108,0.3891694725028058,231.881397676115
H20,11,2559565.25,28633,11843.011106013764,0.13526350714210875,0.47075053260224214,0.3939859602556491,89512.53341452398,5656.85791015625,2015,54.66102128391643,0.16923076923076924,0.426302729528536,0.4044665012406948,183.2100549155815,6637.15771484375,3564,68.78003954455437,0.1994949494949495,0.4110549943883277,0.3894500561167228,270.78037185053887
H20,12,2817560.75,28633,13642.427572242696,0.13075821604442425,0.4756749205462229,0.3935668634093528,95441.03138732893,6741.3291015625,2015,62.35711093780428,0.16823821339950373,0.4258064516129032,0.40595533498759306,213.0243475396777,279818.84375,3564,236.7853024392299,0.1978114478114478,0.4107744107744108,0.39141414141414144,6601.293666258264
H20,13,3024391.75,28633,15242.854907577059,0.12789438759473334,0.4774910068801732,0.3946495302622848,99473.27656761161,7609.25439453125,2015,71.58536620323191,0.16774193548387098,0.4277915632754342,0.4044665012406948,257.1188826542065,382458.75,3564,307.26713199249514,0.19668911335578002,0.41245791245791247,0.39085297418630754,9040.466709169272
H20,14,3187573.5,28633,17549.574179367315,0.12359864492019698,0.4778053295148954,0.3987007997764817,105733.21383542527,20145.333984375,2015,96.61119510923858,0.1662531017369727,0.4292803970223325,0.4044665012406948,631.7384238493389,387489.25,3564,338.3539808336999,0.19528619528619529,0.41358024691358025,0.39141414141414144,9127.980540511031
H20,15,3279987.0,28633,18325.201832541326,0.12122376279118499,0.47766563056613,0.40114553137987635,107185.47067374352,45003.703125,2015,160.76731048812542,0.16674937965260547,0.430272952853598,0.40297766749379654,1553.0667020746796,429074.9375,3564,426.42860331258765,0.1941638608305275,0.41358024691358025,0.39225589225589225,10135.235413954339
H20,16,3333636.25,28633,18168.12081710252,0.11762651486047568,0.4775957810917473,0.40484755352215973,106944.89227305392,348372.40625,2015,1174.7396737637623,0.16426799007444168,0.4287841191066998,0.40694789081885857,17792.949999158907,480859.46875,3564,1244.146676877475,0.19135802469135801,0.41414141414141414,0.3945005611672278,18850.781776152606
H20,17,3372654.75,28633,19090.14873758825,0.11511193378269828,0.47923724373974086,0.40565082247756085,109811.4030084782,693792.75,2015,2311.7225644965843,0.16377171215880892,0.4297766749379653,0.4064516129032258,36159.18021898856,693792.75,3564,2230.28678386067,0.19023569023569023,0.4161054994388328,0.393658810325477,33697.23392501514
H20,18,3404516.25,28633,20568.703793739325,0.11189885796109385,0.48381238431180806,0.4042887577270981,114403.23191010796,777039.5625,2015,2569.0011130140365,0.1617866004962779,0.4327543424317618,0.4054590570719603,39927.215185804205,777039.5625,3564,3324.07750085274,0.18742985409652077,0.41947250280583614,0.3930976430976431,40870.37961306012
H20,19,3468648.25,28633,24376.3067768868,0.10976844899242133,0.4863269653895854,0.40390458561799325,136435.82597529783,1837125.125,2015,6292.913692301893,0.15930521091811414,0.4297766749379653,0.4109181141439206,89724.522945545,1837125.125,3564,7531.363338756585,0.1840628507295174,0.4186307519640853,0.39730639730639733,84126.04851290058
H20,20,3553786.0,28633,24346.847028778233,0.10721894317745259,0.4904131596409737,0.40243774665595644,127678.18120328378,1376877.375,2015,6001.365285509011,0.15732009925558313,0.4307692307692308,0.41240694789081883,66799.24293157947,1376877.375,3564,8448.088982837724,0.18181818181818182,0.41919191919191917,0.3992704826038159,70186.09744373288
H20,21,3661335.75,28633,25637.448201019728,0.10564733000384172,0.4926134180840289,0.40180910138651205,130387.06262717737,1304356.75,2015,7944.977376136522,0.15483870967741936,0.4317617866004963,0.4133995037220844,72189.48080578535,1304356.75,3564,11455.760070138682,0.1787317620650954,0.4211560044893378,0.4006734006734007,81908.91694378923
H20,22,3790440.5,28633,27176.28104044514,0.10365661998393462,0.4933817623022387,0.4029616177138267,136301.44627323427,1500672.125,2015,9444.617427948426,0.15186104218362284,0.43573200992555833,0.41240694789081883,82385.84084688815,1500672.125,3564,12987.166724510851,0.1750841750841751,0.4239618406285073,0.4009539842873176,92435.67081488889
H20,23,3868548.0,28633,27144.25165341681,0.10201515733594105,0.4946739775783187,0.4033108650857402,130667.11694140131,1158003.5,2015,6883.668912429969,0.15086848635235733,0.43722084367245656,0.4119106699751861,59901.724074150516,1158003.5,3564,10165.078611924588,0.1728395061728395,0.42480359147025815,0.40235690235690236,67636.71633227554
H20,24,3864716.5,28633,28026.491256573532,0.09981489889288583,0.495197848636189,0.40498725247092515,129382.58063019828,1008248.25,2015,7022.395910613727,0.14838709677419354,0.43722084367245656,0.4143920595533499,54759.897905946294,1008248.25,3564,10988.285350902395,0.16947250280583614,0.42424242424242425,0.4062850729517396,66452.72666947117
H20,25,3837463.5,28633,29625.30557819126,0.0980686620333182,0.4952676981105717,0.40669856459330145,132215.26178062058,1106141.75,2015,8430.909783974153,0.14640198511166252,0.43672456575682383,0.41687344913151364,62047.659850001524,1106141.75,3564,13356.69119392701,0.1669472502805836,0.4239618406285073,0.4090909090909091,75598.28390983619
H20,26,3790926.0,28633,30301.34478098291,0.0962176509621765,0.4953375475849544,0.40851465092725175,134716.3408832495,1231802.5,2015,10267.087456829895,0.1444168734491315,0.43771712158808934,0.41786600496277915,71754.94477168232,1231802.5,3564,16392.41874325744,0.1644219977553311,0.4264870931537598,0.4090909090909091,89180.4235194813
H20,27,3701937.25,28633,29959.69610428747,0.0947508120001397,0.4958963433800161,0.4093877693570356,134745.37238832848,1294650.875,2015,11467.284617769832,0.1444168734491315,0.43771712158808934,0.41786600496277915,77095.10609180869,1294650.875,3564,18500.16878757541,0.1638608305274972,0.42620650953984285,0.4099326599326599,98194.03516207665
H20,28,3534605.25,28633,30148.798196102663,0.09255055355708448,0.4967345370726085,0.4107498341074983,133993.13102973733,1327430.75,2015,12258.468374728247,0.14292803970223325,0.4392059553349876,0.41786600496277915,80388.35914308576,1327430.75,3564,19894.358171228832,0.16133557800224466,0.42845117845117847,0.4102132435465769,103970.51371436553
H20,29,3296795.25,28633,30590.38866405889,0.09101386512066496,0.4941151817832571,0.41487095309607797,133879.87115891272,1343984.375,2015,12702.09602791391,0.14292803970223325,0.44069478908188586,0.4163771712158809,82552.06010454935,1359396.875,3564,20605.938182491896,0.16133557800224466,0.42901234567901236,0.409652076318743,107112.56100755003
H20,30,3017500.25,28633,30660.130587809057,0.08860405825446163,0.4919498480773932,0.41944609366814517,133082.5704508213,1358016.875,2015,12997.894435243534,0.14044665012406948,0.4426799007444169,0.41687344913151364,84041.9858588064,1391464.25,3564,21049.930601146432,0.1590909090909091,0.43069584736251404,0.4102132435465769,108924.17819888427
H20,31,2738457.25,28633,30439.6950551824,0.0869276708692767,0.4905528585897391,0.42251947054098415,130592.94152837689,1376128.625,2015,13462.382665662682,0.13995037220843673,0.4411910669975186,0.41885856079404465,85559.58177236767,1418147.0,3564,21359.41819643807,0.1585297418630752,0.42957351290684626,0.4118967452300786,109588.28395589415
H20,32,2588623.75,28633,30781.42546473077,0.0848671113749869,0.4937310096741522,0.42143680368805225,129591.33131888723,1392935.375,2015,14133.469653031205,0.13846153846153847,0.4456575682382134,0.41588089330024813,87646.63975152977,1439831.75,3564,21961.857949509416,0.15684624017957352,0.43265993265993263,0.4104938271604938,111064.57462245852
H20,33,2640394.25,28633,31472.93727481896,0.08374951978486361,0.4923340201864981,0.42395138476582966,130487.5012685923,1409281.375,2015,14761.779749422241,0.1369727047146402,0.4471464019851117,0.41588089330024813,90362.0816066595,1459024.375,3564,22623.044866335647,0.15572390572390574,0.4332210998877666,0.4110549943883277,113388.05277089006
H20,34,2724768.5,28633,32146.281445925717,0.08238745503440087,0.4902734606922083,0.42733908427339085,131644.56285023008,1424047.375,2015,15326.535425315804,0.13548387096774195,0.4476426799007444,0.41687344913151364,93281.70426769846,1476669.0,3564,23286.816106597813,0.15432098765432098,0.4340628507295174,0.4116161616161616,116029.4526717826
H20,35,2686916.75,28633,32825.73042984043,0.08161911081619111,0.48702546013341247,0.4313554290503964,132763.08708447055,1438349.125,2015,15765.083122799373,0.13548387096774195,0.4476426799007444,0.41687344913151364,95894.73224255415,1493244.25,3564,23916.60276783764,0.15432098765432098,0.4335016835016835,0.4121773288439955,118697.02777583154
H20,36,2552614.75,28633,33715.58984563211,0.08036182027730242,0.4847553522159746,0.4349177522439144,134787.66317938254,1454040.5,2015,16159.732822857808,0.1344913151364764,0.4496277915632754,0.41588089330024813,98359.75088176275,1510140.5,3564,24568.86652196346,0.15291806958473625,0.43574635241301907,0.4113355780022447,121462.47187994102
H20,37,2393430.75,28633,34878.128778545644,0.07973317500785806,0.4844410295812524,0.43582579541088956,138162.38952279818,1466983.125,2015,16560.89529028601,0.1344913151364764,0.4496277915632754,0.41588089330024813,100921.61930291806,1526117.0,3564,25326.463897898826,0.15291806958473625,0.4346240179573513,0.41245791245791247,124608.50090752385
H20,38,2344271.0,28633,36152.28071068188,0.07858065868054342,0.4863618901267768,0.4350574511926798,142421.14615846792,1479857.375,2015,16985.246177812893,0.1325062034739454,0.45062034739454093,0.41687344913151364,103766.25059004188,1541305.75,3564,26177.285920023292,0.15039281705948374,0.43686868686868685,0.4127384960718294,128223.99625643138
H20,39,2348865.0,28633,36948.29838753165,0.07812663709705585,0.4863618901267768,0.43551147277616736,144960.42920491713,1492439.5,2015,17375.854660234723,0.1325062034739454,0.4501240694789082,0.4173697270471464,106603.85332210403,1555658.25,3564,26718.87058834259,0.1501122334455668,0.4371492704826038,0.4127384960718294,130801.5790583886
H20,40,2358819.25,28633,37983.55253067382,0.07679949708378445,0.48552369643418436,0.4376768064820312,148344.31245093062,1503118.125,2015,17776.63845625383,0.13101736972704714,0.4501240694789082,0.41885856079404465,109648.3788315423,1568892.0,3564,27378.18318005702,0.14842873176206509,0.43686868686868685,0.41470258136924804,133972.75260159207
H20,41,2373892.75,28633,39352.56972898028,0.07589145391680928,0.48618726644082005,0.4379212796423707,153183.56007827033,1513147.75,2015,18155.371844768433,0.13101736972704714,0.4501240694789082,0.41885856079404465,112562.49326230475,1580900.75,3564,28105.25186911079,0.1478675645342312,0.43742985409652074,0.41470258136924804,137472.3964922753
H20,42,2359865.0,28633,40999.868731301285,0.07529773338455628,0.4870953096077952,0.4376069570076485,159543.53012911417,1575397.375,2015,18564.587448801583,0.13052109181141439,0.45062034739454093,0.41885856079404465,115826.20876420048,1592217.25,3564,29017.726183908148,0.14758698092031425,0.43742985409652074,0.414983164983165,141856.2225378224
H20,43,2394797.25,28633,43003.91562087441,0.07452938916634652,0.4856633953829497,0.4398072154507037,168224.56060836586,1685519.25,2015,18972.097968926046,0.13002481389578163,0.4501240694789082,0.41985111662531016,119176.75732959816,1685519.25,3564,30119.646422916627,0.14646464646464646,0.43799102132435463,0.4155443322109989,147239.7538179922
H20,44,2612084.75,28633,44824.40111471491,0.07348164705060595,0.4825900185101107,0.44392833443928337,176454.7959070294,1732036.5,2015,19242.97268761076,0.12853598014888337,0.4476426799007444,0.4238213399503722,121005.7674030544,1732036.5,3564,30964.735116066007,0.14450056116722784,0.43602693602693604,0.41947250280583614,151191.6946626611
H20,45,2531332.0,28633,44139.58683076704,0.07271330283239619,0.4841267069465302,0.44319491495826496,172201.28221934495,1862089.125,2015,19628.30997033934,0.12803970223325062,0.45260545905707195,0.41935483870967744,124794.10164312283,1862089.125,3564,30793.320334585685,0.143658810325477,0.4385521885521885,0.41778900112233447,151223.12765625142
H20,46,2604826.0,28633,44302.344816163015,0.07222435651171726,0.4848601264275486,0.4430202912723082,172145.3224919142,2014084.5,2015,20082.611559161658,0.12803970223325062,0.45260545905707195,0.41935483870967744,129227.10882216958,2014084.5,3564,31068.755148455894,0.1425364758698092,0.4391133557800225,0.41835016835016836,153676.56877061742
H20,47,2679949.5,28633,45805.33666130383,0.07177033492822966,0.4814375021827961,0.4467921628889743,178319.84545695139,2151501.0,2015,20535.87744696355,0.12803970223325062,0.4521091811414392,0.41985111662531016,133550.12039611684,2151501.0,3564,31837.202017817162,0.1419753086419753,0.43967452300785637,0.41835016835016836,158065.73031489234
H20,48,2779594.5,28633,46805.625975493036,0.07096706597282855,0.4805294590158209,0.4485733244857332,185631.72018394838,2299940.5,2015,21053.888936072693,0.1260545905707196,0.4531017369727047,0.42133995037220845,138461.8501308707,2299940.5,3564,32741.199055180237,0.13973063973063973,0.44135802469135804,0.41919191919191917,163189.01120956248
H20,49,2856982.0,28633,49348.874418964464,0.07037334544057557,0.47277616735934064,0.4569203366744665,195847.66790614955,2472301.0,2015,21602.13939781146,0.12456575682382134,0.45508684863523574,0.42084367245657567,144041.28511527664,2472301.0,3564,33694.973200529814,0.13860830527497195,0.4430415263748597,0.4186307519640853,168898.46640600113
H20,50,2993932.75,28633,51005.89371164608,0.0696050012223658,0.4708553068138162,0.4595746167010093,205060.00959448217,2680555.75,2015,22256.038257331766,0.12307692307692308,0.45508684863523574,0.4218362282878412,150982.92930955614,2680555.75,3564,34843.35991322562,0.13748597081930417,0.44332210998877664,0.41919191919191917,176042.4825718475
H20,51,3174443.0,28633,51907.5817204088,0.0688715817413474,0.46973771522369295,0.461425627772151,210792.4799581968,2842178.0,2015,22777.069937129883,0.12258064516129032,0.45459057071960296,0.4228287841191067,156591.08390993296,2842178.0,3564,35728.21238658591,0.13720538720538722,0.4430415263748597,0.41975308641975306,181618.72560078502
H20,52,3371741.0,28633,53456.52196679457,0.0683477106834771,0.4673279083574896,0.4643243809590333,217889.98791311262,3005889.75,2015,23303.584505945957,0.12208436724565756,0.45558312655086847,0.42233250620347396,162336.02236279432,3005889.75,3564,36632.005907703744,0.13636363636363635,0.44332210998877664,0.42031425364758696,187394.98437089322
H20,53,3578637.0,28633,55203.62118470436,0.0682778612090944,0.4644640799077987,0.4672580588831069,225527.03791011154,3175751.75,2015,23842.041486858725,0.12208436724565756,0.45607940446650125,0.4218362282878412,168389.52578756277,3175751.75,3564,37566.602775187544,0.1360830527497194,0.4436026936026936,0.42031425364758696,193482.35028590963
H20,54,3783330.0,28633,56850.3714928935,0.06750951699088464,0.46198442356721264,0.4705060594419027,232806.72328553576,3338621.75,2015,24359.6773335244,0.12158808933002481,0.45707196029776676,0.42133995037220845,174269.5063647195,3338621.75,3564,38463.73470200652,0.13580246913580246,0.4441638608305275,0.42003367003367004,199412.01722478453
H20,55,3975557.5,28633,58414.56445000446,0.06723011909335382,0.4584919498480774,0.4742779310585688,239621.3212082098,3499393.75,2015,24865.76814859879,0.12109181141439206,0.45806451612903226,0.42084367245657567,180136.52328803873,3499393.75,3564,39338.71517097087,0.13552188552188552,0.4452861952861953,0.41919191919191917,205284.45475425816
H20,56,4160943.0,28633,59876.74527086968,0.06677609750986624,0.45580274508434326,0.4774211574057905,246118.9236214043,3660151.25,2015,25373.840098934,0.12109181141439206,0.458560794044665,0.42034739454094294,186062.3218776795,3660151.25,3564,40205.42241801318,0.13496071829405162,0.44640852974186307,0.4186307519640853,211166.1821642312
H20,57,4348992.5,28633,61373.01612338987,0.06653162434952677,0.45164670135857227,0.481821674291901,252718.10101027062,3820233.25,2015,25889.722913808753,0.12109181141439206,0.45707196029776676,0.4218362282878412,192186.83138891036,3820233.25,3564,41087.888000314786,0.13496071829405162,0.44612794612794615,0.41891133557800225,217263.1628260365
H20,58,4554536.5,28633,63011.47418471012,0.06593790381727377,0.45042433555687494,0.4836377606258513,259842.82639135237,3978605.75,2015,26394.34645120606,0.1205955334987593,0.45905707196029777,0.42034739454094294,198466.4358253251,3978605.75,3564,41971.67498263856,0.13439955106621773,0.44668911335578004,0.41891133557800225,223579.33083057738
H20,59,4772357.0,28633,64549.543212900375,0.06579820486850836,0.44916704501798627,0.4850347501135054,267197.4026973035,4143126.5,2015,26848.24026759442,0.1205955334987593,0.4595533498759305,0.41985111662531016,204981.82183523133,4143126.5,3564,42802.05610278326,0.13439955106621773,0.44668911335578004,0.41891133557800225,230062.36006793418
H20,60,4983234.0,28633,65999.82695284662,0.06551880697097755,0.44871302343449865,0.4857681695945238,274380.34884444566,4302784.5,2015,27297.951828559322,0.12009925558312655,0.45905707196029777,0.42084367245657567,211411.4116225894,4302784.5,3564,43612.104834568854,0.13327721661054995,0.44612794612794615,0.42059483726150393,236398.72296540914
H20,61,5198483.0,28633,67453.2316434468,0.06516955959906402,0.44878287290888136,0.48604756749205463,281667.0101893088,4458243.0,2015,27759.62435102766,0.12009925558312655,0.458560794044665,0.42133995037220845,217725.39578918615,4458243.0,3564,44423.75424058807,0.13327721661054995,0.4444444444444444,0.4222783389450056,242597.86813735656
H20,62,5399951.0,28633,68765.21309482337,0.06454091432961967,0.4479446792162889,0.48751440645409144,288588.9307208245,4612388.5,2015,28242.280284022003,0.11910669975186104,0.45905707196029777,0.4218362282878412,224061.66417671845,4612388.5,3564,45229.73549046121,0.13187429854096522,0.4450056116722783,0.42312008978675647,248745.23522798467
H20,63,5593617.0,28633,69974.76932530935,0.06426151643208886,0.44567457129885096,0.49006391226906015,295134.14281775313,4771937.0,2015,28694.955425741253,0.11910669975186104,0.45905707196029777,0.4218362282878412,230693.25799597474,4771937.0,3564,45977.52547116862,0.13187429854096522,0.4452861952861953,0.4228395061728395,254996.7631234437
H20,64,5789964.5,28633,71261.19647642128,0.06352809695107044,0.4447316033946845,0.4917402996542451,301962.3880065562,4932078.0,2015,29152.08811650541,0.11811414392059554,0.4575682382133995,0.42431761786600497,237425.61530061078,4932078.0,3564,46739.45288874936,0.1307519640852974,0.44556677890011226,0.42368125701459036,261367.05642372606
H20,65,5972608.5,28633,72513.90889280396,0.06328362379073098,0.4444172807599623,0.4923340201864981,308635.28210369,5087544.0,2015,29596.628952048337,0.11761786600496278,0.45707196029776676,0.4253101736972705,243922.90435069482,5087544.0,3564,47497.68252835043,0.13047138047138046,0.4458473625140292,0.42368125701459036,267606.9621716302
H20,66,6168106.5,28633,73812.98243849899,0.06279467747005203,0.4439632591764747,0.49324206335347326,315669.33793380955,5237247.5,2015,30029.44865299884,0.11761786600496278,0.456575682382134,0.4258064516129032,250165.10963891295,5237247.5,3564,48259.58785842215,0.13019079685746351,0.44556677890011226,0.42424242424242425,273683.5864005745
H20,67,6378912.5,28633,75163.78648377756,0.06255020430971257,0.44392833443928337,0.4935214612510041,323193.5965613928,5387629.5,2015,30456.647814998865,0.11761786600496278,0.45607940446650125,0.426302729528536,256421.16405491676,5387629.5,3564,49040.56201686308,0.12991021324354657,0.4458473625140292,0.42424242424242425,279864.33462598576
H20,68,6594262.5,28633,76382.88190623179,0.06202633325184228,0.44385848496490066,0.4941151817832571,329955.69178188714,5541326.5,2015,30873.620433295084,0.11712158808933003,0.45607940446650125,0.4267990074441687,262459.1679137358,5541326.5,3564,49810.35868935177,0.12906846240179573,0.44556677890011226,0.42536475869809204,285863.64346146275
H20,69,6812685.0,28633,77551.10642699063,0.06192155904026822,0.4432298396954563,0.49488352600146684,336099.56173059426,5696294.5,2015,31230.253886876308,0.11712158808933003,0.45707196029776676,0.426302729528536,267375.63864205836,5696294.5,3564,50620.14205366205,0.12906846240179573,0.44612794612794615,0.42508417508417506,291444.0761571353
H20,70,7031280.0,28633,78754.61519916887,0.06125798903363252,0.44151852757308,0.49725840813047884,342080.81624281046,5850114.0,2015,31392.783134910176,0.11612903225806452,0.45707196029776676,0.4272952853598015,268952.6832929795,5850114.0,3564,51585.2325844585,0.12794612794612795,0.44640852974186307,0.42592592592592593,296589.09086522664
H20,71,7246438.0,28633,79951.65196408732,0.06104844061048441,0.4409597317780184,0.4980267523486886,348029.4049291174,6000722.0,2015,31665.57400891485,0.11563275434243177,0.45558312655086847,0.4287841191066998,272767.65019898355,6000722.0,3564,52445.21446717856,0.12738496071829405,0.44556677890011226,0.4270482603815937,302628.91802658595
H20,72,7452466.0,28633,81091.51193377413,0.06017532218070059,0.44127405441274054,0.49855062340655887,353839.1011199011,6146250.5,2015,32113.7959981065,0.11364764267990074,0.45558312655086847,0.4307692307692308,279052.2963318067,6146250.5,3564,53158.62616502014,0.12598204264870932,0.4458473625140292,0.4281705948372615,308478.4509321691
H20,73,7663562.0,28633,82281.6257236744,0.06003562323193518,0.4408549575664443,0.49914434393881185,359785.20726612373,6294094.5,2015,32571.479285407364,0.11364764267990074,0.456575682382134,0.4297766749379653,285471.90388108045,6294094.5,3564,53910.3492194321,0.12598204264870932,0.44612794612794615,0.4278900112233446,314574.69261584216
H20,74,7884099.5,28633,83580.57679495985,0.059546676911256244,0.4407152586176789,0.4997729892082562,365834.5584346237,6448736.0,2015,33070.86449488676,0.11364764267990074,0.45607940446650125,0.4307692307692308,292144.5780186301,6448736.0,3564,54747.236210770076,0.12598204264870932,0.44556677890011226,0.4287317620650954,321113.0396514278
H20,75,8098054.0,28633,84847.37253472471,0.059337128488108126,0.44001676387385186,0.5006810323752314,371685.5141605366,6596294.5,2015,33637.5455484369,0.11364764267990074,0.45607940446650125,0.4307692307692308,298674.77891481743,6596294.5,3564,55697.5659124252,0.12598204264870932,0.4458473625140292,0.42845117845117847,327619.63102085196
H20,76,8316758.0,28633,86032.10558901458,0.0589878811161946,0.43987706492508644,0.5011699786959103,376929.4705067832,6733998.5,2015,34309.90489061895,0.11315136476426799,0.45607940446650125,0.4307692307692308,305309.8252651943,6733998.5,3564,56807.494366149826,0.12570145903479238,0.4458473625140292,0.42845117845117847,334259.9282552057
H20,77,8543696.0,28633,87223.14892138467,0.05881325743023784,0.43952781755317294,0.5016589250165893,382805.7208478544,6872189.0,2015,34911.34490073913,0.11265508684863523,0.45607940446650125,0.4312655086848635,311976.1020850446,6872189.0,3564,58081.01497042016,0.12570145903479238,0.44556677890011226,0.4287317620650954,341297.5452732713
H20,78,8761459.0,28633,88425.70724470218,0.058289386372367545,0.4390039464953026,0.5027066671323298,388804.9221429604,7005611.5,2015,35504.28333904486,0.11166253101736973,0.45607940446650125,0.432258064516129,318418.4243212008,7005611.5,3564,59227.34187563536,0.12457912457912458,0.4452861952861953,0.43013468013468015,348205.1355323674
H20,79,8966938.0,28633,89604.85837213467,0.058289386372367545,0.4390737959696853,0.5026717423951385,394819.7097701274,7135152.5,2015,36106.63453872612,0.11166253101736973,0.45558312655086847,0.4327543424317618,324742.2297830536,7135152.5,3564,60215.04097947703,0.12457912457912458,0.4450056116722783,0.43041526374859707,354655.9687387253
H20,80,9159277.0,28633,90754.07135331651,0.058009988474836724,0.4386546991233891,0.5033702371389656,400712.8841152857,7258485.0,2015,36740.256255428714,0.11166253101736973,0.45558312655086847,0.4327543424317618,330873.6152146558,7258485.0,3564,61233.524328154985,0.12429854096520764,0.4450056116722783,0.43069584736251404,360949.5874853944
H20,81,9345581.0,28633,91893.52829710513,0.05776551531449726,0.43861977438619776,0.503614710299305,406593.3750424102,7377374.0,2015,37403.32912776188,0.11166253101736973,0.45558312655086847,0.4327543424317618,336909.0805681267,7377374.0,3564,62288.036615645564,0.12429854096520764,0.4450056116722783,0.43069584736251404,367154.33096546645
H20,82,9527851.0,28633,93056.1416104818,0.05745119267977508,0.43868962386058047,0.5038591834596444,412582.22669058584,7492633.5,2015,38116.483770775165,0.11166253101736973,0.45558312655086847,0.4327543424317618,342903.75596641516,7492633.5,3564,63416.35838044579,0.12429854096520764,0.4447250280583614,0.43097643097643096,373386.75045863405
H20,83,9713162.0,28633,94259.56835989385,0.057311493731009674,0.4383403764886669,0.5044179792547061,418889.66755801655,7607952.0,2015,38877.79480333185,0.11215880893300248,0.45508684863523574,0.43325062034739453,349047.0070061904,7607952.0,3564,64622.763617456185,0.12457912457912458,0.4447250280583614,0.43125701459034793,379810.7581468095
H20,84,9894964.0,28633,95501.40136381319,0.056822547410330736,0.43823560227709285,0.5049418503125764,425014.9054182843,7720451.0,2015,39691.75311617862,0.11166253101736973,0.456575682382134,0.4317617866004963,355201.75022918056,7720451.0,3564,65895.53220756057,0.12373737373737374,0.44556677890011226,0.43069584736251404,386270.8489064619
H20,85,10071860.0,28633,96724.31719762612,0.056822547410330736,0.43795620437956206,0.5052212482101072,430782.41121272655,7835937.0,2015,40530.506334702215,0.11166253101736973,0.45558312655086847,0.4327543424317618,361319.95419128204,7835937.0,3564,67199.42402343421,0.12401795735129069,0.4447250280583614,0.43125701459034793,392692.88910719886
H20,86,10239531.0,28633,97972.81429490492,0.05640345056403451,0.43781650543079664,0.5057800440051688,436727.7121105322,7958744.5,2015,41405.670746438635,0.11166253101736973,0.45558312655086847,0.4327543424317618,367323.54219151085,7958744.5,3564,68556.46905997291,0.12373737373737374,0.4450056116722783,0.43125701459034793,399075.0147277116
H20,87,10411117.0,28633,99307.96829456392,0.0563336010896518,0.4379212796423707,0.5057800440051688,443282.3500437469,8085692.0,2015,42402.937374342095,0.11166253101736973,0.45607940446650125,0.4327543424317618,373690.40057296667,8085692.0,3564,70106.05311282437,0.12373737373737374,0.4452861952861953,0.43125701459034793,405955.3349530466
H20,88,10582123.0,28633,100636.15101623251,0.056228826878077745,0.4379212796423707,0.5058848182167429,449864.2382793627,8215323.0,2015,43445.55881673292,0.11116625310173697,0.45607940446650125,0.4327543424317618,380188.30249138153,8215323.0,3564,71732.38365710898,0.12345679012345678,0.4452861952861953,0.43125701459034793,413056.52807672793
H20,89,10748840.0,28633,101997.12284934975,0.056124052666503686,0.4377117312192226,0.5061642161142738,456091.5513347896,8391438.0,2015,44470.03132151753,0.11116625310173697,0.456575682382134,0.432258064516129,386858.2838557307,8391438.0,3564,73338.14416986296,0.12317620650953984,0.4452861952861953,0.43153759820426485,420575.0582020876
H20,90,10918217.0,28633,103298.43245791474,0.05598435371773827,0.43781650543079664,0.5061991408514651,462390.18580776884,8515088.0,2015,45432.5021537457,0.11116625310173697,0.45558312655086847,0.43325062034739453,392912.33123160753,8515088.0,3564,74878.9058010586,0.12317620650953984,0.4447250280583614,0.43209876543209874,427374.1999920205
H20,91,11081846.0,28633,104520.97765337798,0.05605420319212098,0.43795620437956206,0.5060245171655083,468656.5219571726,8622827.0,2015,46286.18686746096,0.11116625310173697,0.45607940446650125,0.43325062034739453,398401.19893271866,8622827.0,3564,76269.43081743164,0.12317620650953984,0.4450056116722783,0.43209876543209874,433617.3636958572
H20,92,11221134.0,28633,105569.19602268649,0.055949428980546924,0.4381308280655188,0.5059197429539343,473984.3487826292,8717406.0,2015,46994.24856189171,0.11066997518610422,0.45558312655086847,0.4337468982630273,403123.8143853462,8717406.0,3564,77421.68693727197,0.12289562289562289,0.4447250280583614,0.4323793490460157,438929.24517698004
H20,93,11321907.0,28633,106397.88391371112,0.05598435371773827,0.43823560227709285,0.5057800440051688,477985.1622886893,8790868.0,2015,47570.18486332526,0.11066997518610422,0.45508684863523574,0.43424317617866004,406808.1282848362,8790868.0,3564,78338.34027536884,0.12317620650953984,0.44388327721661053,0.4329405162738496,443035.51275562216
H20,94,11400706.0,28633,107032.50613091241,0.05605420319212098,0.4384102259630496,0.5055704955820207,481299.8479504384,8851815.0,2015,48051.32910537806,0.11116625310173697,0.45508684863523574,0.4337468982630273,409885.991455591,8851815.0,3564,79106.13630908511,0.12345679012345678,0.4441638608305275,0.4323793490460157,446465.3263628949
H20,95,11475836.0,28633,107545.53133952434,0.05601927845492963,0.43903887123249397,0.5049418503125764,484055.32517594076,8901817.0,2015,48471.65991766726,0.11116625310173697,0.456575682382134,0.432258064516129,412437.8057263808,8901817.0,3564,79766.35031477787,0.12345679012345678,0.44556677890011226,0.43097643097643096,449322.5285276489
H20,96,11540682.0,28633,107955.50704958836,0.05598435371773827,0.43921349491845074,0.5049069255753851,486265.08034413256,8944905.0,2015,48826.575340434676,0.11116625310173697,0.456575682382134,0.4327543424317618,414632.57472952246,8944905.0,3564,80323.73089113558,0.12345679012345678,0.4458473625140292,0.43125701459034793,451756.2181347359
H20,97,11591426.0,28633,108272.30270607253,0.05608912792931233,0.4393182691300248,0.5046624524150456,487836.40520115575,8979584.0,2015,49120.98897861004,0.11116625310173697,0.4575682382133995,0.432258064516129,416396.1681605375,8979584.0,3564,80773.27285535881,0.12345679012345678,0.44668911335578004,0.43041526374859707,453691.2002105028
H20,98,11631850.0,28633,108466.48391076118,0.05598435371773827,0.4393182691300248,0.5047323018894283,489169.9505204871,9007139.0,2015,49347.53639942108,0.11017369727047147,0.45707196029776676,0.43325062034739453,417789.695712611,9007139.0,3564,81125.9780126875,0.12289562289562289,0.44668911335578004,0.43069584736251404,455229.65036709857
H20,99,11662980.0,28633,108605.0019003059,0.05629867635246045,0.4394230433415989,0.504313205043132,490446.5065892849,9028576.0,2015,49533.44786033314,0.11116625310173697,0.4575682382133995,0.4317617866004963,418897.170343953,9028576.0,3564,81422.4904384398,0.12345679012345678,0.44725028058361394,0.42957351290684626,456492.4332848929
H20,100,11688581.0,28633,108685.95429960532,0.05640345056403451,0.43970244123912966,0.5039290329340271,491351.52382438665,9046088.0,2015,49672.30399713869,0.11066997518610422,0.4575682382133995,0.4317617866004963,419787.9352043586,9046088.0,3564,81646.8804089637,0.12345679012345678,0.44696969696969696,0.42957351290684626,457492.1089199439
H20,101,11704296.0,28633,108705.86445302246,0.05661299898718262,0.4396675165019383,0.5037544092480704,491768.7652204905,9057628.0,2015,49763.20075687624,0.11116625310173697,0.45806451612903226,0.4312655086848635,420367.58025345625,9057628.0,3564,81786.29446238831,0.12401795735129069,0.44725028058361394,0.42901234567901236,458123.1470610993
H20,102,11712554.0,28633,108633.41070668375,0.05657807424999127,0.44001676387385186,0.5034400866133483,491922.15316126985,9063864.0,2015,49799.67028459043,0.11066997518610422,0.458560794044665,0.4312655086848635,420664.9497830879,9063864.0,3564,81845.27739237371,0.12373737373737374,0.4478114478114478,0.4287317620650954,458440.4059848642
H20,103,11712195.0,28633,108505.60186403088,0.05678762267313939,0.4399818391366605,0.5032305381902001,491869.97765861807,9064504.0,2015,49794.09339372906,0.11017369727047147,0.45806451612903226,0.4317617866004963,420689.8429689718,9064504.0,3564,81840.63329114647,0.12345679012345678,0.44725028058361394,0.4292929292929293,458470.25799953594
H20,104,11706040.0,28633,108312.60167335194,0.05678762267313939,0.44029616177138264,0.5029162155554779,491514.1469492082,9061002.0,2015,49745.24395777685,0.11017369727047147,0.45806451612903226,0.4317617866004963,420487.6775063379,9061002.0,3564,81767.56281572055,0.12345679012345678,0.44753086419753085,0.42901234567901236,458234.97887409216
H20,105,11690979.0,28633,108062.04419141529,0.05703209583347885,0.44043586072014806,0.502532043446373,490798.18095502246,9051956.0,2015,49654.62391571537,0.11017369727047147,0.45806451612903226,0.4317617866004963,420002.72521194385,9051956.0,3564,81621.81159866709,0.12345679012345678,0.44725028058361394,0.4292929292929293,457677.06569194875
H20,106,11669200.0,28633,107733.76697353492,0.05703209583347885,0.4404707854573394,0.5024971187091817,489773.469410277,9038149.0,2015,49508.22387884819,0.11017369727047147,0.45707196029776676,0.4327543424317618,419261.1343103523,9038149.0,3564,81396.7292375765,0.12345679012345678,0.44668911335578004,0.4298540965207632,456824.17190025793
H20,107,11638306.0,28633,107347.6945869589,0.057311493731009674,0.44054063493172213,0.5021478713372682,488411.99791279127,9018556.0,2015,49322.37299873462,0.11116625310173697,0.45806451612903226,0.4307692307692308,418224.8699897085,9018556.0,3564,81100.25500503599,0.12401795735129069,0.44696969696969696,0.42901234567901236,455641.10307864763
H20,108,11601823.0,28633,106859.22235541772,0.05738134320539238,0.4409597317780184,0.501728774490972,487063.9564420988,8994655.0,2015,49092.23991644287,0.11166253101736973,0.45806451612903226,0.4307692307692308,416969.7327257627,8994655.0,3564,80750.5266673383,0.12429854096520764,0.4478114478114478,0.4281705948372615,454247.3702303016
H20,109,11562089.0,28633,106357.71846840109,0.0576607411029232,0.44092480704082704,0.5014493765934411,485994.22705566685,8968384.0,2015,48867.68915586159,0.11265508684863523,0.45806451612903226,0.4297766749379653,415642.7470820112,8968384.0,3564,80414.15924086893,0.12542087542087543,0.44725028058361394,0.4276094276094276,452838.8071741941
H20,110,11522462.0,28633,105878.1982223423,0.05762581636573185,0.44102958125240105,0.5013795271190584,484609.28457676683,8942102.0,2015,48622.50941984717,0.11215880893300248,0.45806451612903226,0.430272952853598,414287.2044404354,8942102.0,3564,80047.00152681228,0.1251402918069585,0.44696969696969696,0.4281705948372615,451355.84713790717
H20,111,11474368.0,28633,105349.07703347698,0.05787028952607132,0.4412042049383578,0.5009255055355708,482511.21647004876,8911404.0,2015,48333.89323795698,0.11166253101736973,0.45806451612903226,0.430272952853598,412658.0763803671,8911404.0,3564,79589.09825196725,0.1251402918069585,0.44696969696969696,0.4278900112233446,449499.33714080864
H20,112,11428091.0,28633,104723.04892712581,0.05818461216079349,0.44134390388712325,0.5006461076380401,480301.7149318772,8875879.0,2015,48004.42454817717,0.11265508684863523,0.45806451612903226,0.430272952853598,410780.6572279978,8875879.0,3564,79072.59209796652,0.12570145903479238,0.44640852974186307,0.42845117845117847,447385.3234871904
H20,113,11378952.0,28633,104057.14472889953,0.0582544616351762,0.4412391296755492,0.5005064086892747,478146.7299861611,8836042.0,2015,47659.00185442774,0.11166253101736973,0.458560794044665,0.4297766749379653,408725.9465215495,8836042.0,3564,78534.5729954477,0.12542087542087543,0.44640852974186307,0.4281705948372615,445116.4171980979
H20,114,11326411.0,28633,103361.35896994335,0.058359235846750256,0.44134390388712325,0.5003317850033179,475719.44912211713,8794196.0,2015,47293.69824782403,0.11166253101736973,0.45806451612903226,0.430272952853598,406566.44659552834,8794196.0,3564,77965.52214443586,0.12542087542087543,0.44612794612794615,0.42845117845117847,442724.7615648075
H20,115,11265721.0,28633,102609.06294565387,0.05881325743023784,0.44109943072678376,0.5001222365801697,473041.49799562775,8748490.0,2015,46894.95011477225,0.11166253101736973,0.45806451612903226,0.430272952853598,404189.1724773839,8748490.0,3564,77337.7155490735,0.12570145903479238,0.44612794612794615,0.4281705948372615,440078.77861641545
H20,116,11195689.0,28633,101796.680011964,0.058952956379003246,0.4411343554639751,0.49994761289421297,470037.92595161306,8697968.0,2015,46468.14157079095,0.11166253101736973,0.45806451612903226,0.4307692307692308,401575.724785833,8697968.0,3564,76662.91751534042,0.12570145903479238,0.44640852974186307,0.4281705948372615,437157.57980365
H20,117,11108573.0,28633,100894.90894618962,0.05930220375091677,0.44102958125240105,0.4996682149966821,466495.41408487025,8638740.0,2015,45989.633969767056,0.11116625310173697,0.4575682382133995,0.4312655086848635,398530.491367227,8638740.0,3564,75903.5240189224,0.12570145903479238,0.44612794612794615,0.4281705948372615,433756.530268876
H20,118,11006027.0,28633,99886.17433337776,0.059441902699682185,0.4409597317780184,0.49963329025949077,462568.3780742836,8572152.0,2015,45438.46811430962,0.11116625310173697,0.45707196029776676,0.4317617866004963,395062.6007910539,8572152.0,3564,75027.16155746566,0.12598204264870932,0.4458473625140292,0.4281705948372615,429883.30535693956
H20,119,10890083.0,28633,98793.90712779052,0.05986099954597841,0.4408898823036357,0.4992491181503859,458321.10726974707,8497471.0,2015,44795.442553682806,0.11166253101736973,0.4575682382133995,0.4307692307692308,391127.6183424397,8497471.0,3564,74014.30915448554,0.12654320987654322,0.44612794612794615,0.4273288439955107,425488.15183668217
H21,0,1314430.125,28633,572.2003869766627,0.2404568155624629,0.4091432961966961,0.35050466245241507,18431.34037928259,6.439056873321533,2015,0.2567957534550678,0.22084367245657568,0.3970223325062035,0.3826302729528536,0.6539792489974681,23.937681198120117,3564,0.3153123395739284,0.2620650953984287,0.38103254769921435,0.35718294051627386,1.01469135866674
H21,1,2157199.75,28633,2998.6326641220417,0.22250550064610763,0.41759508259700345,0.36003911570565433,52799.49470109764,26.356542587280273,2015,1.5363813478348907,0.20794044665012407,0.40297766749379654,0.3890818858560794,3.2289536284262175,85.68226623535156,3564,1.781533330979011,0.24719416386083054,0.3891694725028058,0.36391694725028056,4.408238964669844
H21,2,2184773.5,28633,3477.647946031159,0.2013760346453393,0.42887577270981037,0.36974819264485037,56781.566414789384,102.02991485595703,2015,5.729446602979257,0.19255583126550868,0.4104218362282878,0.3970223325062035,12.53272694759436,295.3935241699219,3564,6.38654888077512,0.2303591470258137,0.3947811447811448,0.37485970819304154,15.56046242022475
H21,3,1823018.0,28633,3478.0593399938507,0.19201620507805678,0.43484790276953167,0.37313589215241155,52252.85807737485,331.272216796875,2015,10.597937366706418,0.19106699751861042,0.4153846153846154,0.3935483870967742,25.03374513336801,796.6580810546875,3564,11.894386797140934,0.22643097643097643,0.3961840628507295,0.377384960718294,33.985950865644675
H21,4,1662721.0,28633,3496.6541481717345,0.17926867600321308,0.442705968637586,0.3780253553592009,48062.15954511475,379.51055908203125,2015,16.181166678387214,0.18411910669975187,0.4163771712158809,0.39950372208436724,36.61295965143423,1371.1435546875,3564,18.469968499556632,0.21801346801346802,0.39870931537598203,0.3832772166105499,54.10378881998723
H21,5,1621360.0,28633,4186.078225980231,0.1729123738343869,0.44700171131212235,0.38015576432787346,49239.2704269486,439.8132019042969,2015,20.605225087198914,0.18362282878411912,0.4163771712158809,0.4,47.20124680638264,2088.399169921875,3564,23.865171440114082,0.21689113355780024,0.3995510662177329,0.3835578002244669,75.05382177247917
H21,6,1617496.0,28633,5484.20789390836,0.1630286732092341,0.4513323787238501,0.38567387280410714,56770.49703983543,894.6107177734375,2015,26.752817935830446,0.17766749379652605,0.41935483870967744,0.40297766749379654,63.243862642156664,2656.57421875,3564,31.012277987192995,0.20959595959595959,0.4037598204264871,0.3866442199775533,96.70881419884769
H21,7,1574977.75,28633,5721.879844923707,0.15806936052806203,0.45363741137847935,0.3882932280934586,55520.36930898471,1503.304443359375,2015,32.0010069069924,0.17766749379652605,0.42034739454094294,0.40198511166253104,81.74602768347619,3162.31298828125,3564,37.351120198098826,0.20819304152637486,0.40404040404040403,0.3877665544332211,120.31124693097388
H21,8,1488654.375,28633,5490.7020025976335,0.15206230573114937,0.4570949603604233,0.3908776586456187,51143.03883530753,2753.425048828125,2015,39.04397030924505,0.1761786600496278,0.42233250620347396,0.40148883374689825,110.82695174176412,3913.921630859375,3564,46.363867271077275,0.2048260381593715,0.4068462401795735,0.388327721661055,157.31227173327082
H21,9,1482417.25,28633,6557.09778947077,0.14832535885167464,0.4590856703803304,0.39262389550518634,56512.20985639606,4204.96728515625,2015,44.41650852033585,0.17518610421836228,0.4253101736972705,0.39950372208436724,143.42131782141524,4294.2421875,3564,54.25058884754767,0.2037037037037037,0.40937149270482603,0.38692480359147025,201.83301048919185
H21,10,1615030.875,28633,7775.068026477814,0.14168965878531764,0.46362588621520623,0.3947193797366675,66843.44471750064,5181.08642578125,2015,51.38494412961073,0.169727047146402,0.4267990074441687,0.40347394540942927,169.53606865732286,5425.2236328125,3564,63.7285264997152,0.2000561167227834,0.4107744107744108,0.3891694725028058,242.27525422475586
H21,11,1997996.25,28633,9097.029547710643,0.13645094820661474,0.46795655362693395,0.3956972723780254,74483.36770760188,5912.93994140625,2015,57.41195873493081,0.16923076923076924,0.426302729528536,0.4044665012406948,192.03994165544057,7127.58544921875,3564,72.12229893027148,0.19921436588103256,0.4113355780022447,0.3894500561167228,285.8656416279927
H21,12,2339070.5,28633,11387.241909762713,0.13075821604442425,0.47343973736597633,0.39583697132679074,85423.04775716015,7096.0263671875,2015,66.22322748172272,0.16823821339950373,0.4258064516129032,0.40595533498759306,227.9835029391477,9014.798828125,3564,86.00465234047627,0.19668911335578002,0.4110549943883277,0.39225589225589225,353.8610338976073
H21,13,2595089.25,28633,12598.496526251613,0.12764991443439389,0.47665281318758074,0.3957671218524081,89771.99704210901,7862.36962890625,2015,74.20353797075576,0.16674937965260547,0.428287841191067,0.40496277915632756,263.87779157304254,165062.734375,3564,188.82263716019722,0.19584736251402918,0.4127384960718294,0.39169472502805835,3889.674331697119
H21,14,2751493.25,28633,13958.023467394289,0.12412251597806727,0.47916739426535815,0.3967799392309573,92186.1871107682,20438.388671875,2015,101.03905249118762,0.16575682382133994,0.4287841191066998,0.4054590570719603,644.2752520238384,358761.15625,3564,329.9770007698589,0.1947250280583614,0.4132996632996633,0.39225589225589225,8524.377626679052
H21,15,2842264.5,28633,16027.497532833908,0.12160793490028987,0.4790276953165927,0.3993643697831174,96986.99575809966,45684.37890625,2015,164.33439736190297,0.1662531017369727,0.430272952853598,0.40347394540942927,1591.4850104733212,354164.46875,3564,385.2374914922384,0.19332210998877666,0.41386083052749717,0.39281705948372614,8489.308040632699
H21,16,2893839.75,28633,17319.006023794638,0.11818531065553732,0.47997066322075926,0.4019138755980861,99442.73731399784,354384.875,2015,1199.2861283841248,0.16327543424317617,0.430272952853598,0.40694789081885857,18120.425711284766,374229.25,3564,1205.5718450272325,0.19051627384960718,0.4152637485970819,0.3945005611672278,17802.99016524276
H21,17,2917037.25,28633,17276.422295613196,0.11581042852652534,0.48049453427862954,0.4037299619320365,100358.23907409258,698000.125,2015,2317.8457360845405,0.16228287841191066,0.4317617866004963,0.40595533498759306,36368.38976589885,698000.125,3564,2084.946706682394,0.1893939393939394,0.4169472502805836,0.393658810325477,32313.829543196298
H21,18,2946076.5,28633,17641.772462207875,0.11326092271155659,0.48094855586211716,0.405860370900709,102409.43184799209,781644.625,2015,2548.2314388153727,0.1607940446650124,0.432258064516129,0.40694789081885857,40098.40103537766,781644.625,3564,2347.2612092552026,0.18742985409652077,0.41835016835016836,0.3942199775533109,35549.185508501396
H21,19,3035140.75,28633,21388.08233627475,0.1106066426850138,0.48482520169035725,0.40456815562462894,126940.09301048303,1851520.875,2015,6328.4317009885435,0.15831265508684864,0.430272952853598,0.4114143920595533,90268.49613607375,1851520.875,3564,6098.29448674912,0.18378226711560045,0.42031425364758696,0.39590347923681257,78870.65246305952
H21,20,3147849.75,28633,21266.620327567496,0.10721894317745259,0.4867111374986903,0.4060699193238571,116690.37647449633,1369417.375,2015,5976.373096272262,0.15632754342431762,0.4307692307692308,0.4129032258064516,66445.34394364178,1369417.375,3564,7535.085495369108,0.18013468013468015,0.42003367003367004,0.3998316498316498,64304.395696093896
H21,21,3230947.25,28633,22815.30887450085,0.10568225474103307,0.4910767296476094,0.4033108650857402,120609.78409261491,1307913.875,2015,7997.456887550802,0.15483870967741936,0.4327543424317618,0.41240694789081883,72622.54397696092,1307913.875,3564,11439.812853167006,0.1781705948372615,0.4228395061728395,0.3992704826038159,82265.46814059358
H21,22,3270770.5,28633,24357.725154332624,0.10362169524674326,0.4933468375650473,0.4030314671882094,126490.00966332828,1502918.875,2015,9417.258409178683,0.1513647642679901,0.43672456575682383,0.4119106699751861,82231.30529460439,1502918.875,3564,13493.406511948466,0.17480359147025815,0.42536475869809204,0.3998316498316498,94626.08938688754
H21,23,3255405.0,28633,23322.83970150628,0.10198023259874969,0.4948486012642755,0.40317116613697485,116723.93480858915,1142772.625,2015,6798.824934942695,0.1498759305210918,0.43771712158808934,0.41240694789081883,59087.51795211253,1142772.625,3564,10183.036805520054,0.1722783389450056,0.42508417508417506,0.40263748597081933,67413.56853806501
H21,24,3254263.5,28633,23515.8140231017,0.09967519994412043,0.49635036496350365,0.4041141340411413,114130.83468488402,1012512.0,2015,7052.812163274191,0.14689826302729528,0.43771712158808934,0.41588089330024813,54990.536978252,1012512.0,3564,10558.480774190622,0.16835016835016836,0.4245230078563412,0.4074074074074074,64596.00557399411
H21,25,3319043.0,28633,25351.65196016106,0.09810358677050955,0.4959312681172074,0.4060000698494744,118940.3511089159,1109069.25,2015,8465.918335429502,0.14540942928039702,0.43672456575682383,0.41786600496277915,62264.408679891705,1109069.25,3564,12836.720133891093,0.16610549943883277,0.42368125701459036,0.4102132435465769,73761.71044376418
H21,26,3398695.25,28633,27511.191726521574,0.09656689833409003,0.4963154402263123,0.40718751091398037,125106.37516738998,1234389.125,2015,10287.897221627214,0.14392059553349876,0.43771712158808934,0.41885856079404465,71907.86490097942,1234389.125,3564,15712.42646465108,0.16414141414141414,0.4264870931537598,0.409652076318743,86880.72405997466
H21,27,3437677.5,28633,28679.00067534218,0.0953445325323927,0.496385289700695,0.4083051025041037,127199.84228114327,1294994.25,2015,11471.170681771277,0.143424317617866,0.43821339950372207,0.41836228287841193,77094.60283752676,1294994.25,3564,17666.972143609197,0.16301907968574636,0.4276094276094276,0.409652076318743,95212.3321988961
H21,28,3426994.75,28633,28573.384068367013,0.09366814514720777,0.49659483812384314,0.4097719414661405,126378.53477243072,1326779.625,2015,12259.32956176306,0.1424317617866005,0.44069478908188586,0.41687344913151364,80402.9094303937,1326779.625,3564,19342.0389262613,0.16133557800224466,0.42957351290684626,0.4090909090909091,102009.53391999086
H21,29,3308027.75,28633,27706.622187746918,0.09272517724304125,0.49512799916180633,0.4121468235951524,124316.90613961198,1342706.125,2015,12703.257237822625,0.14193548387096774,0.4411910669975186,0.41687344913151364,82539.13992544693,1360378.75,3564,20343.002797447996,0.1610549943883277,0.42845117845117847,0.4104938271604938,106292.45819913721
H21,30,3085981.25,28633,27975.330397284102,0.09059476827436874,0.4918101491286278,0.4176300073341948,123265.1409477417,1356976.0,2015,12999.807242404864,0.141439205955335,0.4401985111662531,0.41836228287841193,84016.81191480602,1392127.625,3564,20886.345052068275,0.15993265993265993,0.42901234567901236,0.4110549943883277,108606.32706002693
H21,31,2826206.0,28633,28466.082809782616,0.08947717668424546,0.4935214612510041,0.4170362868019418,123166.20022179747,1375089.0,2015,13237.266470900442,0.141439205955335,0.4401985111662531,0.41836228287841193,85380.19186434893,1418586.75,3564,21061.82787368613,0.15965207631874298,0.42957351290684626,0.4107744107744108,109688.01690608228
H21,32,2496180.0,28633,29097.035230081514,0.08703244508085077,0.49561694548248525,0.4173855341738553,124207.75855146372,1391701.875,2015,13457.40150650237,0.1369727047146402,0.4431761786600496,0.41985111662531016,86580.92690667977,1439970.5,3564,21470.72122802566,0.15628507295173963,0.4318181818181818,0.4118967452300786,111410.86089262427
H21,33,2170793.5,28633,29484.825505460674,0.08511158453532637,0.49596619285439875,0.4189571473474662,124465.45138804844,1407918.25,2015,13765.007576570784,0.13647642679900746,0.4441687344913151,0.41935483870967744,87715.61055394216,1459066.375,3564,21819.55299248343,0.15544332210998876,0.4323793490460157,0.41245791245791247,112456.65570853236
H21,34,2042118.125,28633,30063.184378470436,0.08315579925261063,0.49523277337338034,0.4216463521112004,124375.44269995339,1422627.875,2015,14346.884473796319,0.13548387096774195,0.4466501240694789,0.41786600496277915,89218.76308299118,1476658.125,3564,22376.354674361028,0.15404040404040403,0.4332210998877666,0.4127384960718294,113482.91303753725
H21,35,2054422.5,28633,30662.71570994742,0.0821429818740614,0.495093074424615,0.42283379317570635,124656.76307542934,1439861.125,2015,15026.638795928262,0.13548387096774195,0.4481389578163772,0.4173697270471464,91722.10128792081,1495022.0,3564,23050.16018639362,0.1537598204264871,0.43434343434343436,0.41245791245791247,115507.77201612516
H21,36,2130149.0,28633,31138.019422575846,0.0808856913351727,0.495093074424615,0.4240561589774037,125274.70099913432,1452589.875,2015,15590.883111906123,0.1334987593052109,0.4501240694789082,0.4163771712158809,94556.0028679035,1511141.5,3564,23670.022639558647,0.15151515151515152,0.43658810325476993,0.4118967452300786,117909.33043634381
H21,37,2201747.0,28633,31804.1308021167,0.08029197080291971,0.49268326755841163,0.42705968637586,126876.21449991343,1466102.75,2015,16045.433874558883,0.1334987593052109,0.4496277915632754,0.41687344913151364,97272.59785740741,1526732.5,3564,24264.71008377702,0.15095398428731763,0.43602693602693604,0.41301907968574636,120462.54493578244
H21,38,2137525.5,28633,32713.42856661618,0.07868543289211749,0.4912513533335662,0.4300981385115077,129219.79861211134,1478631.5,2015,16430.350914709587,0.13101736972704714,0.4491315136476427,0.41985111662531016,99642.42880396057,1541636.125,3564,24890.235146656807,0.14842873176206509,0.43686868686868685,0.41470258136924804,123050.28658872448
H21,39,2132553.0,28633,33764.9215227066,0.07826633604582126,0.4914609017567143,0.4303076869346558,132113.94913410238,1490880.75,2015,16805.91094154734,0.13101736972704714,0.4491315136476427,0.41985111662531016,102019.10664444005,1555872.875,3564,25580.926583163433,0.14870931537598203,0.43546576879910215,0.4158249158249158,125891.10932124799
H21,40,2195922.0,28633,35044.655778303175,0.07739321761603744,0.49201969755177594,0.43058708483218666,136198.2949811152,1500936.375,2015,17220.813224643793,0.13052109181141439,0.4501240694789082,0.41935483870967744,104737.00183823939,1568812.625,3564,26408.840045460045,0.14814814814814814,0.43742985409652074,0.41442199775533106,129287.82433185662
H21,41,2258799.25,28633,35950.82410198856,0.07658994866063633,0.49086718122446127,0.4325428701149024,139127.66647065734,1510729.375,2015,17579.27171969204,0.13052109181141439,0.4496277915632754,0.41985111662531016,107307.40396024277,1580518.125,3564,26941.99648865166,0.1478675645342312,0.43742985409652074,0.41470258136924804,131731.63761455767
H21,42,2322109.75,28633,36820.142758523405,0.0755072818077044,0.49013376174344286,0.4343589564488527,141778.3444037613,1520488.125,2015,17900.371966926392,0.12853598014888337,0.4486352357320099,0.4228287841191067,109594.28517317688,1591994.5,3564,27436.598694092678,0.14618406285072952,0.43742985409652074,0.4163860830527497,134025.85874272362
H21,43,2387348.0,28633,38181.04291359987,0.07484371180106869,0.48800335277477036,0.43715293542416095,146352.94503439576,1529880.375,2015,18239.04158845731,0.12853598014888337,0.4491315136476427,0.42233250620347396,112178.46848756752,1603022.625,3564,28068.994817418057,0.14562289562289563,0.4377104377104377,0.4166666666666667,137000.16643842417
H21,44,2454828.25,28633,39970.41472807102,0.07411029232005029,0.48685083644745575,0.43903887123249397,152913.3229112622,1540655.0,2015,18642.165137989985,0.12803970223325062,0.45062034739454093,0.42133995037220845,115262.22655286666,1615572.25,3564,28926.66417015465,0.14534231200897868,0.4385521885521885,0.4161054994388328,141001.54480022468
H21,45,2522409.0,28633,42378.360960083,0.07341179757622324,0.48472042747878324,0.4418677749449935,162573.38568346918,1612804.875,2015,19033.614218667444,0.12803970223325062,0.4486352357320099,0.42332506203473946,118364.23225729766,1625868.75,3564,30001.507989139904,0.14450056116722784,0.4377104377104377,0.41778900112233447,146031.98882128907
H21,46,2590432.75,28633,44689.689426141114,0.07257360388363078,0.4806691579645863,0.4467921628889743,172938.91143485002,1710333.25,2015,19409.639568869454,0.1260545905707196,0.4491315136476427,0.4253101736972705,121355.8896032611,1710333.25,3564,31083.026996095912,0.1425364758698092,0.43742985409652074,0.42031425364758696,151277.41061707083
H21,47,2661024.25,28633,43943.986591524066,0.07184018440261238,0.48056438375301225,0.44763035658156675,169211.89124346612,1847160.5,2015,19811.30463056478,0.1260545905707196,0.45359801488833745,0.42084367245657567,125207.26264430852,1847160.5,3564,31017.26674803788,0.1419753086419753,0.4405162738496072,0.41778900112233447,151826.04511963006
H21,48,2735485.5,28633,43763.45549307462,0.07121153913316802,0.48028498585548146,0.44853839974854187,168271.3572515388,1999768.875,2015,20281.389229865545,0.12357320099255584,0.45260545905707195,0.4238213399503722,129718.18656153204,1999768.875,3564,31269.781285739275,0.1394500561167228,0.44107744107744107,0.41947250280583614,154219.227859241
H21,49,2825505.25,28633,46683.22014375541,0.07061781860091502,0.4699472636468411,0.45943491775224393,178310.0822838423,2136396.75,2015,20749.954767912783,0.12357320099255584,0.4521091811414392,0.42431761786600497,134067.7642288527,2136396.75,3564,32070.688840895953,0.13860830527497195,0.44135802469135804,0.42003367003367004,158702.3887045563
H21,50,2915172.5,28633,45974.18176872415,0.06981454964551392,0.4768972863479202,0.4533230887437572,181202.62152116414,2283351.75,2015,21256.979636971286,0.12307692307692308,0.45359801488833745,0.42332506203473946,138851.52682368137,2283351.75,3564,32921.71835480708,0.1377665544332211,0.44219977553310885,0.42031425364758696,163534.63422661915
H21,51,3000384.75,28633,48269.71705502105,0.06932560332483498,0.46942339258897076,0.46132085356057695,190727.86425457633,2448570.25,2015,21784.845462349575,0.12258064516129032,0.45508684863523574,0.42233250620347396,144198.28724084585,2448570.25,3564,33866.58678259495,0.13692480359147025,0.4430415263748597,0.42003367003367004,169094.5106020486
H21,52,3082432.75,28633,50189.86917252125,0.06866203331819928,0.46795655362693395,0.46338141305486674,201107.7409778845,2657244.75,2015,22425.313054153678,0.12208436724565756,0.456575682382134,0.42133995037220845,151020.2662221439,2657244.75,3564,34998.55714851642,0.1366442199775533,0.4436026936026936,0.41975308641975306,176095.2015616996
H21,53,3156713.0,28633,51994.48858109208,0.06792861383718088,0.4663500157161317,0.4657213704466874,209064.8551166165,2823894.0,2015,22947.226888091103,0.12158808933002481,0.45607940446650125,0.42233250620347396,156705.97185131419,2823894.0,3564,35905.39979291011,0.13636363636363635,0.44332210998877664,0.42031425364758696,181800.32116334274
H21,54,3299522.25,28633,53569.1569305846,0.06750951699088464,0.46271784304823105,0.4697726399608843,216235.0418688413,2990110.0,2015,23469.98833944627,0.12158808933002481,0.456575682382134,0.4218362282878412,162456.22474948227,2990110.0,3564,36811.82831605652,0.13552188552188552,0.4441638608305275,0.42031425364758696,187586.6247849446
H21,55,3492631.0,28633,55011.95580719884,0.06733489330492788,0.4578283798414417,0.47483672685363043,222801.09374634735,3163103.75,2015,24003.835305975022,0.12109181141439206,0.456575682382134,0.42233250620347396,168537.42613335227,3163103.75,3564,37719.71905433202,0.13496071829405162,0.4444444444444444,0.42059483726150393,193581.8476987055
H21,56,3686006.75,28633,56506.08928930093,0.06688087172144029,0.4541263576991583,0.4789927705794014,229359.39025155388,3326810.0,2015,24518.80221129932,0.12109181141439206,0.45707196029776676,0.4218362282878412,174394.35863642773,3326810.0,3564,38596.41216790469,0.13496071829405162,0.4444444444444444,0.42059483726150393,199400.7583747548
H21,57,3869979.75,28633,58053.283980941495,0.06660147382390948,0.44993538923619597,0.4834631369398945,235835.967281036,3485883.0,2015,25014.985441024477,0.12109181141439206,0.456575682382134,0.42233250620347396,180167.0887633148,3485883.0,3564,39447.09879965239,0.13496071829405162,0.4447250280583614,0.42031425364758696,205129.16811837384
H21,58,4053824.5,28633,59589.79284583289,0.06611252750323054,0.4492718192295603,0.4846156532672092,242212.97973577442,3644093.5,2015,25470.561821391308,0.12009925558312655,0.45806451612903226,0.4218362282878412,185744.0877275995,3644093.5,3564,40243.511079296535,0.13411896745230079,0.4458473625140292,0.42003367003367004,210657.0602512053
H21,59,4250456.0,28633,60991.11228776217,0.06593790381727377,0.4489225718576468,0.48513952432507945,248880.2280735785,3805046.0,2015,25868.849699408933,0.12009925558312655,0.45905707196029777,0.42084367245657567,191405.5830352251,3805046.0,3564,40976.667557922425,0.13411896745230079,0.44696969696969696,0.41891133557800225,216237.8507534384
H21,60,4454571.5,28633,62327.647766588154,0.06541403275940348,0.4485733244857332,0.4860126427548633,255651.20932207577,3965725.25,2015,26307.59215899146,0.1196029776674938,0.458560794044665,0.4218362282878412,197547.69690268426,3965725.25,3564,41759.432053244374,0.13327721661054995,0.44640852974186307,0.42031425364758696,222282.43464854526
H21,61,4658762.0,28633,63681.4595120958,0.06523940907344672,0.44672231341459157,0.4880382775119617,262423.34921136405,4131604.25,2015,26763.356396626637,0.1196029776674938,0.4595533498759305,0.42084367245657567,204138.1901348265,4131604.25,3564,42571.84947610261,0.132996632996633,0.44725028058361394,0.41975308641975306,228731.266124389
H21,62,4869588.0,28633,65030.23298034895,0.06440121538085426,0.44651276499144343,0.4890860196277023,269063.86259388935,4291891.5,2015,27214.008074418176,0.11861042183622829,0.45806451612903226,0.42332506203473946,210603.83440096333,4291891.5,3564,43367.37008361078,0.13159371492704827,0.44668911335578004,0.4217171717171717,235036.3427330875
H21,63,5077132.0,28633,66343.09312755657,0.06412181748332343,0.44626829183110395,0.4896098906855726,275614.1362953294,4445729.0,2015,27663.557463629975,0.11861042183622829,0.45607940446650125,0.4253101736972705,216862.2401649731,4445729.0,3564,44146.88052026323,0.13159371492704827,0.4447250280583614,0.42368125701459036,241110.91370504326
H21,64,5277989.0,28633,67707.59717483395,0.06328362379073098,0.44577934551042503,0.49097195543603533,282732.34490768996,4596243.5,2015,28136.662051000894,0.11662531017369727,0.45707196029776676,0.426302729528536,223052.20761364084,4596243.5,3564,44939.27279071975,0.12991021324354657,0.4450056116722783,0.42508417508417506,247130.94370729328
H21,65,5495621.0,28633,69232.98422958565,0.06314392484196557,0.44640799077986937,0.49044808437816506,290828.29561499064,4753610.5,2015,28588.68006657471,0.11761786600496278,0.45806451612903226,0.42431761786600497,229604.18024741538,4753610.5,3564,45726.17998161141,0.13047138047138046,0.44556677890011226,0.4239618406285073,253502.00121420276
H21,66,5723965.0,28633,70700.2005520597,0.06251527957252122,0.4457094960360423,0.4918101491286278,298490.1775499708,4918669.0,2015,29057.205718973677,0.11761786600496278,0.45707196029776676,0.4258064516129032,236546.2488609042,4918669.0,3564,46521.76702284753,0.12962962962962962,0.4458473625140292,0.42480359147025815,260117.4170059294
H21,67,5946455.0,28633,71993.10697828255,0.062340655886564456,0.4449062270806412,0.49275311703279434,305260.8734330198,5079305.5,2015,29519.838609984956,0.11712158808933003,0.456575682382134,0.426302729528536,243295.8869326182,5079305.5,3564,47310.10405928977,0.12934904601571268,0.4458473625140292,0.42480359147025815,266607.8825520929
H21,68,6159903.5,28633,73244.2750543751,0.06185170956588552,0.44385848496490066,0.49428980546921386,311855.26273251104,5233202.0,2015,29960.52592348084,0.11662531017369727,0.456575682382134,0.4267990074441687,249708.80548361322,5233202.0,3564,48059.80335036601,0.1282267115600449,0.44640852974186307,0.42536475869809204,272765.9959257483
H21,69,6371635.5,28633,74467.55669956314,0.0617120106171201,0.4434393881186044,0.49488352600146684,318555.309924312,5384736.5,2015,30387.968985011983,0.11662531017369727,0.456575682382134,0.4272952853598015,256018.87825518582,5384736.5,3564,48817.1656449878,0.1282267115600449,0.44640852974186307,0.42564534231200896,278895.8025594891
H21,70,6583679.0,28633,75628.40978395552,0.060908741661718994,0.4428456675863514,0.4962455907519296,324962.2544526344,5536216.0,2015,30804.91800027541,0.11364764267990074,0.456575682382134,0.4297766749379653,262013.70168370847,5536216.0,3564,49567.17559201701,0.12598204264870932,0.44640852974186307,0.4276094276094276,284787.6476907058
H21,71,6799553.0,28633,76852.41782910048,0.06083889218733629,0.44214717284252436,0.49701393497013935,331561.18408765,5689379.5,2015,31163.877386498065,0.11364764267990074,0.456575682382134,0.4297766749379653,267044.74578388355,5689379.5,3564,50364.34664912335,0.12598204264870932,0.44640852974186307,0.4276094276094276,290392.42733522254
H21,72,7017898.5,28633,78136.86732623204,0.060210246917891945,0.44158837704746273,0.49823630077183667,338151.02596526785,5843161.0,2015,31354.06965164258,0.11364764267990074,0.4575682382133995,0.4287841191066998,269001.70287440525,5843161.0,3564,51334.00167955387,0.12598204264870932,0.44668911335578004,0.4273288439955107,295584.14932197164
H21,73,7238648.5,28633,79458.79295302431,0.06003562323193518,0.44151852757308,0.49848077393217616,344933.7445789571,5997397.0,2015,31604.34428894042,0.11364764267990074,0.456575682382134,0.430272952853598,272386.77253356925,5997397.0,3564,52265.641258899406,0.12598204264870932,0.4458473625140292,0.42845117845117847,301824.0928816449
H21,74,7452612.0,28633,80684.93677867771,0.05947682743687354,0.44127405441274054,0.4992840428875773,351250.9662093588,6148379.5,2015,32073.341109091663,0.11315136476426799,0.45607940446650125,0.4312655086848635,278930.69027219864,6148379.5,3564,53022.09433673372,0.12570145903479238,0.4458473625140292,0.4287317620650954,307976.1814588853
H21,75,7670529.5,28633,81878.4755897216,0.05923235427653407,0.4407851080920616,0.4999825376314043,357067.70320213964,6301128.5,2015,32549.611508830236,0.11265508684863523,0.45558312655086847,0.4317617866004963,285618.50758406136,6301128.5,3564,53789.868817479015,0.12542087542087543,0.44556677890011226,0.42901234567901236,314267.3617434
H21,76,7895792.0,28633,83185.11635405576,0.058673558481472425,0.44019138755980863,0.5011699786959103,363049.1079469964,6459121.5,2015,33064.2460859302,0.11166253101736973,0.45607940446650125,0.432258064516129,292462.666253666,6459121.5,3564,54640.66252446984,0.12429854096520764,0.44556677890011226,0.43013468013468015,320931.98939878534
H21,77,8116128.5,28633,84461.984235822,0.05853385953270702,0.43945796807879023,0.5020081723885028,368874.2013732283,6610059.5,2015,33658.60752688821,0.11166253101736973,0.45607940446650125,0.432258064516129,299193.536169546,6610059.5,3564,55627.79613633593,0.12429854096520764,0.4458473625140292,0.4298540965207632,327619.10548008257
H21,78,8342071.5,28633,85679.51038447137,0.05821953689798484,0.4395976670275556,0.5021827960744596,374415.71514219494,6750939.0,2015,34337.91736168379,0.11166253101736973,0.45558312655086847,0.4327543424317618,305973.75133695727,6750939.0,3564,56760.05203162051,0.12429854096520764,0.4452861952861953,0.43041526374859707,334409.2588843399
H21,79,8574412.0,28633,86924.02968275991,0.05804491321202808,0.43952781755317294,0.5024621939719903,380603.38228094025,6892367.0,2015,34953.480447240654,0.11166253101736973,0.45558312655086847,0.4327543424317618,312780.5813975822,6892367.0,3564,58094.87436837632,0.12429854096520764,0.4452861952861953,0.43041526374859707,341697.2572981439
H21,80,8797877.0,28633,88202.01427104375,0.05780044005168861,0.4394230433415989,0.5027765166067125,387155.1450549708,7029741.0,2015,35572.12028886043,0.11166253101736973,0.45558312655086847,0.4327543424317618,319418.9193501106,7029741.0,3564,59246.72529740011,0.12429854096520764,0.4447250280583614,0.43097643097643096,348766.0243028206
H21,81,9010874.0,28633,89487.14971048987,0.0577305905773059,0.4393881186044075,0.5029162155554779,393923.47380437836,7164700.5,2015,36212.90233346746,0.11166253101736973,0.45508684863523574,0.43325062034739453,326032.6838483257,7164700.5,3564,60310.975366948565,0.12429854096520764,0.4444444444444444,0.43125701459034793,355588.4056382113
H21,82,9213973.0,28633,90741.73251876072,0.05752104215415779,0.43914364544406803,0.5033353124017742,400424.7732578421,7294804.5,2015,36903.16082233374,0.11166253101736973,0.456575682382134,0.4317617866004963,332548.107085108,7294804.5,3564,61417.59546303565,0.12401795735129069,0.4452861952861953,0.43069584736251404,362299.89298386354
H21,83,9412680.0,28633,91973.27387970222,0.05734641846820103,0.43879439807215453,0.5038591834596444,406756.46411724604,7421175.5,2015,37633.25378472063,0.11215880893300248,0.45707196029776676,0.4307692307692308,339019.8104095884,7421175.5,3564,62575.51273651175,0.12429854096520764,0.44556677890011226,0.43013468013468015,368974.46323410614
H21,84,9608109.0,28633,93240.58067812464,0.05689239688471344,0.4389340970209199,0.5041735060943666,413275.2049303378,7544024.5,2015,38425.678190771716,0.11166253101736973,0.45607940446650125,0.432258064516129,345481.6781929028,7544024.5,3564,63823.54561889077,0.12373737373737374,0.4452861952861953,0.43097643097643096,375713.1652465523
H21,85,9806667.0,28633,94574.36148887772,0.05661299898718262,0.43854992491181505,0.5048370761010024,420177.2555417475,7667003.0,2015,39275.115983848846,0.11166253101736973,0.45558312655086847,0.4327543424317618,352120.8621926363,7667003.0,3564,65166.434780485615,0.12345679012345678,0.4452861952861953,0.43125701459034793,382688.0979473132
H21,86,10000239.0,28633,95965.74362081267,0.05626375161526909,0.4385150001746237,0.5052561729472985,427035.25760412606,7786962.0,2015,40185.39493862087,0.11166253101736973,0.45508684863523574,0.43325062034739453,358776.0249309955,7786962.0,3564,66594.27405531383,0.12345679012345678,0.4447250280583614,0.4318181818181818,389736.20333941205
H21,87,10190916.0,28633,97357.38660795645,0.056158977403695035,0.43848007543743234,0.5053958718960639,433664.69394280994,7924204.0,2015,41134.11782562208,0.11215880893300248,0.45508684863523574,0.4327543424317618,365486.9706784321,7924204.0,3564,68076.214541497,0.12401795735129069,0.4447250280583614,0.43125701459034793,396854.7537642119
H21,88,10372613.0,28633,98711.02298479788,0.05605420319212098,0.43837530122585827,0.5056054203192121,440681.796519948,8057600.5,2015,42145.774128935416,0.11215880893300248,0.45558312655086847,0.4327543424317618,372165.12627116026,8057600.5,3564,69659.2119186088,0.12401795735129069,0.4452861952861953,0.43097643097643096,404073.53546662
H21,89,10549046.0,28633,100194.60260363076,0.05601927845492963,0.4383403764886669,0.5056403450564034,448150.69592427625,8190624.0,2015,43237.52415547736,0.11166253101736973,0.45607940446650125,0.432258064516129,378891.68845834816,8190624.0,3564,71379.96128520729,0.12345679012345678,0.44556677890011226,0.43097643097643096,411521.5759346156
H21,90,10731491.0,28633,101699.26763538294,0.05577480529459016,0.43830545175147556,0.5059197429539343,455499.34656564274,8371177.5,2015,44357.94921791083,0.11066997518610422,0.456575682382134,0.4327543424317618,386112.82699446427,8371177.5,3564,73153.58084703768,0.12261503928170595,0.4458473625140292,0.43153759820426485,419682.6119234781
H21,91,10916106.0,28633,103160.94567358482,0.05580973003178151,0.43795620437956206,0.5062340655886565,462336.0983852915,8513743.0,2015,45433.0021812131,0.11066997518610422,0.45607940446650125,0.43325062034739453,392835.96667105233,8513743.0,3564,74864.51462443412,0.12261503928170595,0.4452861952861953,0.43209876543209874,427248.1544383636
H21,92,11098288.0,28633,104509.35172385049,0.05580973003178151,0.4380609785911361,0.5061642161142738,468684.84004184,8633765.0,2015,46369.90145033324,0.11116625310173697,0.45508684863523574,0.4337468982630273,398911.0647643683,8633765.0,3564,76372.42296747604,0.12289562289562289,0.4444444444444444,0.43265993265993263,434073.33244257903
H21,93,11237411.0,28633,105596.73631121812,0.05591450424335557,0.4386546991233891,0.5054307966332553,473697.57731852564,8730371.0,2015,47107.856002723136,0.11116625310173697,0.456575682382134,0.432258064516129,403714.90813250263,8730371.0,3564,77546.54322087651,0.12317620650953984,0.4452861952861953,0.43153759820426485,439424.8107001599
H21,94,11341009.0,28633,106424.27136920548,0.05587957950616421,0.43889917228372854,0.5053260224216812,477995.51750259707,8806080.0,2015,47702.95797786262,0.11116625310173697,0.456575682382134,0.4327543424317618,407523.93226627883,8806080.0,3564,78498.88737815533,0.12345679012345678,0.4450056116722783,0.4318181818181818,443686.0707883142
H21,95,11427046.0,28633,107110.6600429963,0.055844654768972865,0.4390039464953026,0.5052561729472985,481923.43773220724,8869150.0,2015,48230.58360402265,0.11116625310173697,0.45707196029776676,0.4327543424317618,410746.06378703617,8869150.0,3564,79344.17206827,0.12345679012345678,0.4458473625140292,0.43125701459034793,447351.0482883935
H21,96,11513332.0,28633,107706.047497292,0.05570495582020745,0.43903887123249397,0.5053260224216812,485204.195474926,8925577.0,2015,48702.75458716212,0.11017369727047147,0.45707196029776676,0.43325062034739453,413641.96583497274,8925577.0,3564,80096.48697787127,0.12289562289562289,0.4458473625140292,0.43153759820426485,450610.8770699654
H21,97,11585097.0,28633,108196.02243822036,0.0556700310830161,0.4395976670275556,0.5047672266266197,487681.5560476431,8973809.0,2015,49111.18653061264,0.11017369727047147,0.45806451612903226,0.432258064516129,416115.0908612423,8973809.0,3564,80735.22856665654,0.12261503928170595,0.44725028058361394,0.43041526374859707,453359.49844435026
H21,98,11645588.0,28633,108570.62173753053,0.0556700310830161,0.43952781755317294,0.5048370761010024,489651.49657010403,9014658.0,2015,49444.08469798538,0.10967741935483871,0.45806451612903226,0.432258064516129,418186.1989588242,9014658.0,3564,81258.39933428932,0.122334455667789,0.44725028058361394,0.43041526374859707,455645.8115150822
H21,99,11692142.0,28633,108857.3049241674,0.055844654768972865,0.43994691439946915,0.504208430831558,491093.1040260091,9046918.0,2015,49712.018655020205,0.10918114143920596,0.45806451612903226,0.4327543424317618,419825.7960425189,9046918.0,3564,81672.48467406405,0.122334455667789,0.44725028058361394,0.43041526374859707,457443.8677739319
H21,100,11728708.0,28633,109021.1503824139,0.055844654768972865,0.440226312297,0.5039639576712185,492302.7195506333,9072092.0,2015,49911.66491747531,0.10918114143920596,0.45806451612903226,0.43325062034739453,421099.4616000235,9072092.0,3564,81989.53926338835,0.122334455667789,0.44753086419753085,0.43041526374859707,458851.8467716408
H21,101,11756282.0,28633,109134.09778182859,0.055949428980546924,0.4398421401878951,0.504208430831558,493430.97168436466,9091266.0,2015,50072.97051045127,0.1086848635235732,0.4575682382133995,0.4337468982630273,422089.7079636752,9091266.0,3564,82251.24227735662,0.12205387205387205,0.44725028058361394,0.43069584736251404,459982.8284494938
H21,102,11778923.0,28633,109173.66406865409,0.05601927845492963,0.4401564628226173,0.5038591834596444,494456.7003149649,9106758.0,2015,50193.92786329061,0.10918114143920596,0.4575682382133995,0.4337468982630273,422890.7330409221,9106758.0,3564,82459.40997864719,0.122334455667789,0.44753086419753085,0.43041526374859707,460912.25924295804
H21,103,11796376.0,28633,109190.45210921393,0.056228826878077745,0.44061048440610484,0.5031606887158174,495487.04735905316,9118847.0,2015,50298.07216531998,0.10967741935483871,0.4575682382133995,0.4327543424317618,423539.4869053383,9118847.0,3564,82641.96520060993,0.12317620650953984,0.44725028058361394,0.42957351290684626,461700.8077757765
H21,104,11811120.0,28633,109184.89464463669,0.05626375161526909,0.4410645059895924,0.5027066671323298,496105.65855947125,9128937.0,2015,50372.588897114554,0.10967741935483871,0.458560794044665,0.4317617866004963,424060.9222255601,9128937.0,3564,82772.81784885323,0.12317620650953984,0.4483726150392817,0.42845117845117847,462307.90540907346
H21,105,11816139.0,28633,109111.61717952728,0.056508224775608566,0.44092480704082704,0.5025669681835644,496032.87918898347,9133486.0,2015,50396.90479366664,0.11017369727047147,0.458560794044665,0.4312655086848635,424273.4361252664,9133486.0,3564,82807.00952916655,0.12345679012345678,0.4483726150392817,0.4281705948372615,462516.71436316974
H21,106,11813550.0,28633,108924.90735287422,0.05664792372437397,0.4412391296755492,0.5021478713372682,495951.5308284048,9132437.0,2015,50369.30407921879,0.11017369727047147,0.45905707196029777,0.4312655086848635,424202.89187814394,9132437.0,3564,82772.66437318496,0.12345679012345678,0.4489337822671156,0.4278900112233446,462444.45670312986
H21,107,11806721.0,28633,108725.20105817419,0.05678762267313939,0.44134390388712325,0.5018684734397374,496134.7692592621,9128124.0,2015,50329.24847246243,0.10918114143920596,0.45905707196029777,0.4317617866004963,424007.11819621356,9128124.0,3564,82732.341288236,0.12289562289562289,0.4483726150392817,0.4287317620650954,462298.5806966938
H21,108,11798744.0,28633,108514.96752438585,0.05685747214752209,0.4413788286243146,0.5017986239653547,496005.61405673646,9122913.0,2015,50271.00256848666,0.10918114143920596,0.45905707196029777,0.4317617866004963,423744.48187869944,9122913.0,3564,82658.13492785237,0.12289562289562289,0.44865319865319864,0.42845117845117847,462042.7622961001
H21,109,11783459.0,28633,108256.47154398673,0.05703209583347885,0.4414486780986973,0.5015192260678238,495334.28503745195,9113546.0,2015,50175.799470765356,0.10918114143920596,0.45905707196029777,0.4317617866004963,423251.48393680144,9113546.0,3564,82511.59204984376,0.12289562289562289,0.44753086419753085,0.42957351290684626,461486.2671383307
H21,110,11762286.0,28633,107921.97736970415,0.05710194530786156,0.44172807599622815,0.5012049034331016,494433.65735834924,9099897.0,2015,50034.57278140278,0.10918114143920596,0.45905707196029777,0.4317617866004963,422522.57421142294,9099897.0,3564,82296.79919002249,0.12289562289562289,0.4483726150392817,0.4287317620650954,460664.483935689
H21,111,11733902.0,28633,107544.88751430596,0.057590891628540496,0.4414486780986973,0.5009953550099535,493357.5131022013,9081603.0,2015,49867.78537707539,0.11166253101736973,0.4575682382133995,0.4307692307692308,421570.1055657932,9081603.0,3564,82035.51498302384,0.12457912457912458,0.44668911335578004,0.4287317620650954,459606.71232561755
H21,112,11700617.0,28633,107116.22527663634,0.05762581636573185,0.44165822652184544,0.5007159571124228,491994.9253589373,9060009.0,2015,49663.3345457839,0.11166253101736973,0.456575682382134,0.4317617866004963,420440.11244315375,9060009.0,3564,81716.85516043658,0.12457912457912458,0.44640852974186307,0.42901234567901236,458335.33837118465
H21,113,11659794.0,28633,106639.69558080712,0.05783536478887996,0.44165822652184544,0.5005064086892747,490286.30280754546,9033741.0,2015,49419.90149423729,0.11116625310173697,0.4575682382133995,0.4312655086848635,419058.17555281374,9033741.0,3564,81331.24454679851,0.12457912457912458,0.44668911335578004,0.4287317620650954,456773.1654418339
H21,114,11614129.0,28633,106082.11999278895,0.05780044005168861,0.44165822652184544,0.500541333426466,488545.3672096336,9003802.0,2015,49138.9478039384,0.11116625310173697,0.456575682382134,0.432258064516129,417484.58025915356,9003802.0,3564,80897.08737920401,0.12457912457912458,0.4458473625140292,0.42957351290684626,455016.56949564087
H21,115,11564602.0,28633,105505.40214873938,0.058009988474836724,0.44193762441937623,0.500052387105787,486946.2261337132,8971233.0,2015,48853.881047911076,0.11116625310173697,0.45806451612903226,0.4307692307692308,415810.2590902491,8971233.0,3564,80458.9002685011,0.1251402918069585,0.44640852974186307,0.42845117845117847,453192.2706520545
H21,116,11514293.0,28633,104924.17387011336,0.05804491321202808,0.4420423986309503,0.4999126881570216,485165.6312523656,8937922.0,2015,48555.52920947176,0.11116625310173697,0.45508684863523574,0.4337468982630273,414091.5449317406,8937922.0,3564,80000.39341271379,0.1251402918069585,0.4450056116722783,0.4298540965207632,451301.679158953
H21,117,11461177.0,28633,104305.0406092299,0.058464010058324314,0.4424265707400552,0.49914434393881185,482959.8482469603,8901431.0,2015,48224.688010646445,0.11166253101736973,0.45806451612903226,0.4307692307692308,412178.313103855,8901431.0,3564,79482.36450677083,0.12570145903479238,0.44668911335578004,0.4278900112233446,449163.99137754645
H21,118,11412834.0,28633,103628.75614643135,0.058568784269898366,0.4422519470540984,0.4991792686760032,480583.21971801214,8861531.0,2015,47860.335807034025,0.11116625310173697,0.456575682382134,0.432258064516129,410076.5436396773,8861531.0,3564,78912.43250146662,0.12542087542087543,0.44556677890011226,0.42901234567901236,446812.8727045705
H21,119,11357367.0,28633,102910.38822127545,0.05888310690462054,0.44214717284252436,0.49900464499004643,477976.5086263536,8816984.0,2015,47475.307727082625,0.11166253101736973,0.45806451612903226,0.4307692307692308,407778.475344188,8816984.0,3564,78305.16364277429,0.12598204264870932,0.4458473625140292,0.42845117845117847,444252.4772958098
H22,0,1169701.75,28633,428.16803889937,0.24985156986693674,0.4041490587783327,0.3463136939894527,15272.399235799989,4.127202033996582,2015,0.1271826819822558,0.22679900744416873,0.39503722084367243,0.37965260545905705,0.36245721651521734,13.211396217346191,3564,0.1590916438490427,0.26964085297418633,0.3787878787878788,0.35241301907968575,0.5664953236256057
H22,1,1677304.875,28633,2201.925503538443,0.2321098033737296,0.41260084517864004,0.35535920092201306,40111.376804550266,14.5221586227417,2015,0.7908091876150903,0.21240694789081885,0.40198511166253104,0.38610421836228287,1.7062826779842826,50.46723175048828,3564,0.9353938414230085,0.25336700336700335,0.38608305274971944,0.3611111111111111,2.4900559806968894
H22,2,2002543.125,28633,3216.869883894815,0.21038661684070828,0.4243355568749345,0.3653127510215486,52797.145292635534,53.46621322631836,2015,3.19647557147777,0.19950372208436726,0.4079404466501241,0.3925558312655087,6.838518773341507,150.68406677246094,3564,3.616242670530014,0.23681257014590348,0.393658810325477,0.36952861952861954,8.66729636707749
H22,3,1677594.375,28633,2892.8667475727093,0.20127126043376523,0.42971396640240284,0.3690846226382146,44505.106810038895,194.40647888183594,2015,6.649809805920117,0.19404466501240694,0.4119106699751861,0.3940446650124069,15.7290935733699,438.54931640625,3564,7.41304408289704,0.23176206509539843,0.3950617283950617,0.37317620650953987,20.25623342893345
H22,4,1415488.375,28633,3079.935260926026,0.18992072084657563,0.4363147417315685,0.3737645374218559,43698.81370317895,317.08221435546875,2015,10.732809120064765,0.18957816377171216,0.4138957816377171,0.3965260545905707,24.98396300700362,852.3980712890625,3564,12.209035805537221,0.2255892255892256,0.3947811447811448,0.37962962962962965,35.52236465153351
H22,5,1379619.625,28633,3378.0953402308237,0.1830754723570705,0.4416233017846541,0.3753012258582754,43036.37531085061,342.07989501953125,2015,14.020980708243611,0.18759305210918115,0.4148883374689826,0.3975186104218362,32.46549991392984,1310.132568359375,3564,16.191036665771772,0.2222222222222222,0.39674523007856344,0.38103254769921435,49.99850993084684
H22,6,1402145.5,28633,3937.926975885198,0.1745189117451891,0.44605874340795587,0.37945726958404635,45532.55191655067,391.00091552734375,2015,18.02451977694204,0.18411910669975187,0.4163771712158809,0.39950372208436724,40.98823445092882,1905.77001953125,3564,21.07798596585264,0.21801346801346802,0.398989898989899,0.3832772166105499,67.06826550494164
H22,7,1441832.375,28633,5060.554351147184,0.1693151259036776,0.4482590018510111,0.3824607969825027,52061.660063671115,853.2640991210938,2015,21.82497368651516,0.1826302729528536,0.4163771712158809,0.40099255583126553,53.329342031789196,2387.86279296875,3564,25.5840560023193,0.21632996632996632,0.3998316498316498,0.3838383838383838,84.28150271902228
H22,8,1464518.25,28633,5641.588689929379,0.16152690951000595,0.4518562497817204,0.38665176544546503,54272.49431658344,1420.5208740234375,2015,26.50153044107696,0.1791563275434243,0.41935483870967744,0.40148883374689825,68.48331388317246,2738.05322265625,3564,31.151924708441733,0.21156004489337824,0.40179573512906847,0.3866442199775533,102.47509413825621
H22,9,1405583.25,28633,5496.624972992319,0.15813921000244474,0.45419620717354103,0.3876645828240142,51852.538662970575,2345.00927734375,2015,30.659436434249493,0.17866004962779156,0.42084367245657567,0.40049627791563275,89.4851952422257,3049.8056640625,3564,36.48695995993087,0.20987654320987653,0.4037598204264871,0.38636363636363635,126.41507821443716
H22,10,1375890.875,28633,5677.116005063314,0.15342437048161212,0.45639646561659625,0.39024901337617435,51105.66318471265,3695.477294921875,2015,36.0724755712422,0.1771712158808933,0.42233250620347396,0.40049627791563275,118.8935541694271,3695.477294921875,3564,43.89920575398764,0.20650953984287318,0.4060044893378227,0.3877665544332211,165.74333046910834
H22,11,1385777.0,28633,6781.234370820293,0.14947787517898928,0.4587364230084169,0.39178570181259387,60471.79696625951,4525.47314453125,2015,39.934410004297426,0.17568238213399504,0.42431761786600497,0.4,140.45623610219639,4525.47314453125,3564,50.01891207039686,0.20510662177328845,0.40768799102132436,0.3872053872053872,200.59813251826338
H22,12,1717545.0,28633,8234.7100621126,0.14350574511926797,0.46345126252924945,0.3931477665630566,69331.45588480236,5141.33740234375,2015,44.79699671090547,0.17320099255583127,0.426302729528536,0.40099255583126553,157.9005523802353,5496.4013671875,3564,56.38357260602996,0.20230078563411896,0.4099326599326599,0.38804713804713803,228.23987926917735
H22,13,1990910.75,28633,9506.86908247297,0.1379527119058429,0.4681311773128907,0.3939859602556491,75802.0333457065,5531.33837890625,2015,50.71793799556746,0.17220843672456576,0.4267990074441687,0.40148883374689825,177.63436226712017,6638.7705078125,3564,64.26714453272834,0.20145903479236812,0.4113355780022447,0.38748597081930414,264.7239334963967
H22,14,2218801.75,28633,10952.241038801221,0.13355219501973248,0.4721824468270876,0.3942653581531799,82205.21533540293,18785.416015625,2015,76.14844002246626,0.16823821339950373,0.4267990074441687,0.40496277915632756,577.1822429598126,26976.52734375,3564,93.23425217776257,0.1989337822671156,0.4118967452300786,0.3891694725028058,682.0489440609327
H22,15,2460933.25,28633,12516.136656952405,0.1311074634163378,0.47466210316767365,0.3942653581531799,87457.81172715362,42058.1015625,2015,121.91348165145523,0.16823821339950373,0.4272952853598015,0.4044665012406948,1356.582086892101,249483.828125,3564,273.08361702584455,0.19753086419753085,0.4127384960718294,0.3897306397306397,6052.113051897214
H22,16,2663570.5,28633,14543.349012885075,0.12754514022281982,0.4775608563545559,0.3949289281598156,93236.05182090758,314409.96875,2015,1036.6154336631134,0.16724565756823823,0.4277915632754342,0.40496277915632756,15936.329316651196,334156.0625,3564,1033.0444409568674,0.19612794612794612,0.4127384960718294,0.39141414141414144,15760.369882634353
H22,17,2784280.25,28633,17048.619231619454,0.12496070967065973,0.4769322110851116,0.3981769287186114,100871.10888765164,669914.1875,2015,2198.3294120052474,0.16674937965260547,0.4297766749379653,0.40347394540942927,34904.47201585219,669914.1875,3564,1945.844877962452,0.1947250280583614,0.414983164983165,0.39057239057239057,30848.49035045341
H22,18,2868820.75,28633,18070.82992754868,0.12192225753501205,0.4767575873991548,0.4013550798030245,104688.06592863811,772700.1875,2015,2500.2041135836207,0.16575682382133994,0.4297766749379653,0.4044665012406948,39791.206239636565,772700.1875,3564,2262.5557573162414,0.19304152637485972,0.41414141414141414,0.39281705948372614,35135.35478900708
H22,19,2976010.25,28633,20403.908455711287,0.11940767645723466,0.47801487793804354,0.40261237034191316,125193.89414959216,1730382.25,2015,5721.728264052581,0.16377171215880892,0.428287841191067,0.4079404466501241,85013.22319013799,1730382.25,3564,5236.853662393305,0.19023569023569023,0.4152637485970819,0.3945005611672278,73753.35261667405
H22,20,3089999.5,28633,20066.880404513406,0.1165089232703524,0.47850382425872245,0.4050221772081165,117223.73481918353,1418821.75,2015,5913.683898619748,0.16327543424317617,0.4292803970223325,0.4074441687344913,68441.811196384,1418821.75,3564,6309.669478935027,0.1882716049382716,0.4155443322109989,0.3961840628507295,62348.86073177137
H22,21,3179742.25,28633,21247.752262031034,0.11371494429504418,0.48241539482415396,0.40390458561799325,118870.61097174854,1294311.875,2015,7522.342090256823,0.16029776674937965,0.4297766749379653,0.4099255583126551,69860.58633587517,1294311.875,3564,9596.075803942178,0.18462401795735128,0.41975308641975306,0.3956228956228956,74681.91672400583
H22,22,3246178.5,28633,22851.642288393417,0.11071141689658785,0.486082492229246,0.40327594034854886,125210.36495343156,1477237.0,2015,9363.750881577032,0.15732009925558313,0.432258064516129,0.4109181141439206,82392.5086731809,1477237.0,3564,12613.14278440756,0.18209876543209877,0.4217171717171717,0.39646464646464646,91391.31220534664
H22,23,3277433.0,28633,22773.727625287673,0.10903502951140293,0.4888066217301715,0.4021583487584256,121028.39257982378,1248129.5,2015,7237.887727986828,0.1543424317617866,0.43424317617866004,0.4114143920595533,64530.008618165404,1248129.5,3564,10785.123231752816,0.17901234567901234,0.4214365881032548,0.3995510662177329,74277.49037255812
H22,24,3290183.75,28633,22821.33310553844,0.10686969580553907,0.49072748227569585,0.40247267139314774,116969.44531444546,987425.9375,2015,6685.11854970781,0.1523573200992556,0.43424317617866004,0.4133995037220844,53129.23965185304,987425.9375,3564,10772.100284315788,0.17592592592592593,0.4208754208754209,0.4037598204264871,66810.93913553686
H22,25,3294952.75,28633,23799.7506175936,0.10473928683686655,0.4918101491286278,0.403485488771697,118680.79185852795,1089964.375,2015,8001.273492709733,0.1513647642679901,0.43424317617866004,0.4143920595533499,60328.73760480378,1089964.375,3564,12493.028010847633,0.1734006734006734,0.42003367003367004,0.4065656565656566,73174.04906259025
H22,26,3323960.25,28633,25044.91494050879,0.1026438026053854,0.4929626654559424,0.4044633814130549,122187.59631104213,1206761.625,2015,9795.234256719685,0.15037220843672455,0.4347394540942928,0.4148883374689826,69651.42443770794,1206761.625,3564,14861.613066594136,0.17143658810325477,0.4211560044893378,0.4074074074074074,83626.70782916076
H22,27,3389104.0,28633,26533.62443319593,0.10117696364334858,0.4931372891418992,0.40572067195194356,125715.3954747921,1289909.5,2015,11143.769522294484,0.15037220843672455,0.4347394540942928,0.4148883374689826,76266.44363471419,1289909.5,3564,16940.797835924255,0.17087542087542087,0.4222783389450056,0.4068462401795735,93025.40868868696
H22,28,3451896.0,28633,28110.271022973106,0.09936087730939824,0.4935214612510041,0.40711766143959766,127821.32390461661,1330142.5,2015,12023.82258558099,0.14937965260545905,0.43622828784119105,0.4143920595533499,79783.15912850751,1330142.5,3564,18594.56124479845,0.16947250280583614,0.42368125701459036,0.4068462401795735,99892.58031970983
H22,29,3472913.0,28633,29238.18084725828,0.09852268361680579,0.4935913107253868,0.40792093039499877,128780.87388136447,1351333.5,2015,12565.448320892667,0.14937965260545905,0.43722084367245656,0.4133995037220844,82398.96899772542,1353156.125,3564,19589.268696740462,0.16891133557800225,0.4239618406285073,0.4074074074074074,104255.75900997233
H22,30,3459963.0,28633,28567.252247624296,0.09660182307128139,0.4924737191352635,0.4109244577934551,127965.93656218982,1365115.125,2015,12881.4375483413,0.14640198511166252,0.4392059553349876,0.4143920595533499,83988.44676301145,1388298.625,3564,20238.16704078552,0.16554433221099887,0.4270482603815937,0.4074074074074074,106882.70517786077
H22,31,3380515.25,28633,27977.73369855156,0.09583347885307163,0.4861523417036287,0.4180141794432997,127606.542946078,1382704.5,2015,13149.876793286487,0.14640198511166252,0.43970223325062036,0.4138957816377171,85444.73906796708,1416162.25,3564,20875.939145892506,0.16554433221099887,0.4276094276094276,0.4068462401795735,109538.6715802999
H22,32,3228647.75,28633,28695.73307536041,0.09443648936541753,0.4862221911780114,0.4193413194565711,128112.76407550534,1400117.375,2015,13379.722431965394,0.14540942928039702,0.4401985111662531,0.4143920595533499,86724.57163732829,1438919.75,3564,21442.83007448191,0.1644219977553311,0.4273288439955107,0.40824915824915825,111956.1868593995
H22,33,3016213.25,28633,29356.227023066065,0.09286487619180665,0.48786365382600494,0.4192714699821884,128695.46691777781,1417063.5,2015,13574.745120381293,0.14540942928039702,0.44069478908188586,0.4138957816377171,87856.8957365264,1458722.0,3564,21782.722138341676,0.1638608305274972,0.42901234567901236,0.40712682379349047,113413.4585012715
H22,34,2698565.5,28633,29723.168938444232,0.09111863933223903,0.49118150385918347,0.4176998568085775,128874.39313567051,1432688.25,2015,13744.890721654445,0.1424317617866005,0.44069478908188586,0.41687344913151364,88879.58943202184,1476974.375,3564,21917.30675828733,0.16133557800224466,0.4292929292929293,0.40937149270482603,114258.07381963338
H22,35,2308878.0,28633,30238.138574448392,0.08975657458177627,0.4895051164739985,0.4207383089442252,129960.8090156959,1447723.25,2015,13926.052887517953,0.14193548387096774,0.44069478908188586,0.4173697270471464,89904.50491643843,1494078.125,3564,22350.22351878291,0.1610549943883277,0.42957351290684626,0.40937149270482603,115874.01429642653
H22,36,2104755.0,28633,30666.253720589386,0.08741661718995565,0.48964481542276395,0.4229734921244718,130053.48745406463,1461423.5,2015,14266.474258153998,0.14094292803970224,0.43970223325062036,0.41935483870967744,90916.16501903826,1510067.625,3564,22666.793408047994,0.15937149270482603,0.42901234567901236,0.4116161616161616,116413.358616468
H22,37,2130927.5,28633,31348.23076576716,0.08567038033038801,0.4896098906855726,0.4247546537212307,130391.21891721485,1475028.5,2015,14900.874908737398,0.14044665012406948,0.4446650124069479,0.4148883374689826,92629.7784208469,1525306.875,3564,23230.921490024353,0.1590909090909091,0.43153759820426485,0.40937149270482603,117456.26188549318
H22,38,2155866.75,28633,31954.661911349664,0.08430831557992526,0.4891209443648937,0.4265707400551811,130910.19931284839,1487851.0,2015,15537.696025736663,0.13796526054590572,0.4466501240694789,0.4153846153846154,95160.24794398683,1540081.25,3564,23860.964626160778,0.15656565656565657,0.43265993265993263,0.4107744107744108,119443.19527344152
H22,39,2215391.5,28633,32622.23707022944,0.08381936925924632,0.48667621276149897,0.4295044179792547,132248.60196623628,1500190.5,2015,16089.38349462841,0.13796526054590572,0.4466501240694789,0.4153846153846154,98028.19135087956,1553992.25,3564,24482.593469210977,0.15684624017957352,0.43265993265993263,0.4104938271604938,121893.50968795763
H22,40,2273738.5,28633,33583.75782679252,0.08245730450878357,0.48314881430517237,0.43439388118604405,134778.38311481988,1511321.625,2015,16500.892850888016,0.1369727047146402,0.4466501240694789,0.4163771712158809,100489.02485231019,1567183.25,3564,25068.71409266706,0.15572390572390574,0.4323793490460157,0.4118967452300786,124353.27116119288
H22,41,2288064.25,28633,34737.668489517804,0.08189850871372192,0.4814375021827961,0.43669891384067333,137956.22561717784,1521369.5,2015,16851.99719358786,0.1369727047146402,0.4476426799007444,0.4153846153846154,102699.41584778849,1579148.375,3564,25667.01683753187,0.15600448933782268,0.4323793490460157,0.4116161616161616,126848.066119869
H22,42,2351804.5,28633,35986.372827872896,0.08053644396325918,0.4833234379911291,0.4361401180456117,141866.76045886954,1530444.125,2015,17233.127341770625,0.13548387096774195,0.4476426799007444,0.41687344913151364,105164.94035292107,1590221.375,3564,26412.437559720463,0.15432098765432098,0.43265993265993263,0.41301907968574636,129855.121151634
H22,43,2416373.25,28633,37198.895975381245,0.07994272343100618,0.48335836272832045,0.43669891384067333,146034.2741081233,1539718.625,2015,17588.228857546907,0.13548387096774195,0.4481389578163772,0.4163771712158809,107620.98591787678,1600908.75,3564,27143.745763639054,0.15404040404040403,0.4340628507295174,0.4118967452300786,132972.1411812355
H22,44,2481425.5,28633,37927.78442187217,0.07917437921279642,0.48196137324066635,0.4388642475465372,148309.52045036765,1548714.875,2015,17947.55817882604,0.1349875930521092,0.4496277915632754,0.4153846153846154,110321.59860248385,1611332.5,3564,27602.47483007716,0.1531986531986532,0.43490460157126826,0.4118967452300786,135216.36216814697
H22,45,2548993.5,28633,39118.22597923835,0.07858065868054342,0.4807739321761604,0.4406454091432962,152502.95436324726,1560290.5,2015,18326.097086140548,0.1349875930521092,0.4491315136476427,0.41588089330024813,113206.33738995694,1623738.875,3564,28271.661595178455,0.15291806958473625,0.43490460157126826,0.4121773288439955,138417.23133521108
H22,46,2616843.75,28633,40445.43425490411,0.0775678413019942,0.48129780323403065,0.44116928020116647,157474.28399079706,1568834.25,2015,18699.69687124074,0.13399503722084366,0.4496277915632754,0.4163771712158809,116086.69576957465,1634201.0,3564,29030.20938819512,0.1520763187429854,0.43574635241301907,0.4121773288439955,142007.46868228956
H22,47,2686334.75,28633,42029.01745325734,0.07714874445569797,0.478853071630636,0.443998183913666,163847.15091861913,1605806.25,2015,19098.172149837053,0.1334987593052109,0.45062034739454093,0.41588089330024813,119288.4978007904,1645520.375,3564,29940.069311341846,0.15095398428731763,0.43602693602693604,0.41301907968574636,146382.13779189417
H22,48,2756355.25,28633,44181.9680854477,0.07620577655153145,0.47431285579576016,0.4494813676527084,173345.00589447276,1703264.125,2015,19469.87689793641,0.1325062034739454,0.4486352357320099,0.41885856079404465,122276.08799457533,1703264.125,3564,31014.717352941476,0.14898989898989898,0.43602693602693604,0.414983164983165,151570.02404597757
H22,49,2827482.0,28633,45859.59028123306,0.07536758285893899,0.4700520378584151,0.4545803792826459,181135.06790354042,1795267.25,2015,19813.993204179347,0.13200992555831265,0.4511166253101737,0.41687344913151364,125145.20915860315,1795267.25,3564,31837.767809521378,0.1478675645342312,0.43630751964085296,0.4158249158249158,155734.38332165225
H22,50,2901850.0,28633,44764.266950740675,0.07435476548038976,0.4716935005064087,0.45395173401320155,175493.4778711196,1942377.875,2015,20226.78850579713,0.13052109181141439,0.4521091811414392,0.4173697270471464,129226.04760843597,1942377.875,3564,31562.350548808747,0.14562289562289563,0.43686868686868685,0.4175084175084175,155527.13854597564
H22,51,2976965.25,28633,45467.08716113298,0.07393566863409352,0.4724269199874271,0.45370726085286206,178183.91482045347,2086379.875,2015,20666.486244353626,0.13052109181141439,0.45161290322580644,0.41786600496277915,133506.01448872144,2086379.875,3564,32021.85530788122,0.14506172839506173,0.43742985409652074,0.4175084175084175,158682.80041220656
H22,52,3093817.75,28633,47243.64800427299,0.07316732441588376,0.46862012363356964,0.4582474766877379,187344.82717571262,2217966.0,2015,21145.20156780859,0.13002481389578163,0.45161290322580644,0.41885856079404465,137894.1908280029,2217966.0,3564,32870.02893147728,0.1442199775533109,0.4382716049382716,0.41778900112233447,163365.54148162148
H22,53,3164436.5,28633,48539.15434417154,0.07271330283239619,0.4663500157161317,0.46097160618866345,193057.64924801968,2355641.25,2015,21589.32430260213,0.13002481389578163,0.4521091811414392,0.41836228287841193,142263.42347085712,2355641.25,3564,33616.34532141908,0.143658810325477,0.4388327721661055,0.41778900112233447,167744.41315450374
H22,54,3244951.75,28633,50120.152045586656,0.07187510913980372,0.46404498306150244,0.46411483253588515,200783.0184134269,2509096.5,2015,22084.345050976273,0.12853598014888337,0.45359801488833745,0.41786600496277915,147244.01240103866,2509096.5,3564,34469.27980229188,0.14225589225589225,0.4399551066217733,0.41778900112233447,172810.68355710083
H22,55,3330548.0,28633,51726.35373507951,0.07163063597946426,0.46271784304823105,0.46565152097230467,210250.53005701682,2709695.0,2015,22706.636105055637,0.12853598014888337,0.45359801488833745,0.41786600496277915,153837.84571811176,2709695.0,3564,35564.56167223647,0.14225589225589225,0.44023569023569026,0.4175084175084175,179609.32733795347
H22,56,3401046.25,28633,53145.172618220415,0.07040827017776691,0.4594698424894353,0.4701218873327978,217045.02819664762,2872606.25,2015,23221.70734089924,0.1270471464019851,0.4531017369727047,0.41985111662531016,159425.53291374914,2872606.25,3564,36461.27148694762,0.14057239057239057,0.4405162738496072,0.41891133557800225,185249.92267881808
H22,57,3473757.5,28633,54365.04916088407,0.07023364649181014,0.4552439492892816,0.47452240421890823,222777.03925075172,3023286.0,2015,23714.026165537354,0.1270471464019851,0.45409429280397023,0.41885856079404465,164718.8514681909,3023286.0,3564,37298.74996417406,0.14029180695847362,0.44107744107744107,0.4186307519640853,190539.07843471225
H22,58,3580598.25,28633,55272.2009627176,0.06977962490832257,0.45150700240980685,0.4787133726818706,225814.09245968625,3114475.5,2015,23978.78374881348,0.12655086848635236,0.4496277915632754,0.4238213399503722,167734.5426614378,3114475.5,3564,37774.89817079879,0.14001122334455668,0.4388327721661055,0.4211560044893378,193537.21487691734
H22,59,3738671.5,28633,56273.40411458833,0.06957007648517445,0.45140222819823284,0.4790276953165927,230676.45722060782,3266377.25,2015,24329.249229275745,0.1260545905707196,0.45508684863523574,0.41885856079404465,172605.25814042537,3266377.25,3564,38387.39525989572,0.1394500561167228,0.44191919191919193,0.4186307519640853,198133.71632081736
H22,60,3906188.25,28633,57296.57847883945,0.06880173226696469,0.4509482066147452,0.48028498585548146,235817.97057247584,3412588.75,2015,24672.91442234454,0.12357320099255584,0.45508684863523574,0.4218362282878412,177432.17606060096,3412588.75,3564,39003.49473741497,0.13720538720538722,0.44388327721661053,0.41919191919191917,202783.65733163874
H22,61,4069739.5,28633,58330.80671339331,0.06848740963224252,0.45035448608249223,0.48115810428526523,241055.0169658053,3559150.25,2015,25034.129712129085,0.12258064516129032,0.456575682382134,0.42084367245657567,182422.23474686846,3559150.25,3564,39647.84717268369,0.1366442199775533,0.4447250280583614,0.4186307519640853,207611.230136431
H22,62,4235976.5,28633,59409.915721175166,0.0676142912024587,0.45056403450564037,0.481821674291901,246611.47972372084,3705039.5,2015,25385.650458988144,0.12158808933002481,0.4575682382133995,0.42084367245657567,187413.65815385384,3705039.5,3564,40278.98226767317,0.1360830527497194,0.4458473625140292,0.4180695847362514,212444.6777383237
H22,63,4420688.0,28633,60678.38592434012,0.06740474277931059,0.4503894108196836,0.48220584640100583,253032.7372918069,3851903.25,2015,25757.245006942987,0.12158808933002481,0.4575682382133995,0.42084367245657567,192755.94479191565,3851903.25,3564,40960.21698152455,0.1360830527497194,0.4458473625140292,0.4180695847362514,217719.14382318436
H22,64,4609893.0,28633,61835.801439810675,0.06670624803548353,0.4503195613453009,0.4829741906192156,259249.96447542566,4000622.75,2015,26160.016296348545,0.12109181141439206,0.458560794044665,0.42034739454094294,198521.19079084558,4000622.75,3564,41682.45234834681,0.13524130190796857,0.44612794612794615,0.4186307519640853,223400.1742692159
H22,65,4789292.5,28633,62844.4729784581,0.06667132329829219,0.44717633499807913,0.4861523417036287,264820.21281856607,4151017.0,2015,26565.429941602328,0.12109181141439206,0.45905707196029777,0.41985111662531016,204506.1556924392,4151017.0,3564,42397.494404933386,0.13524130190796857,0.44612794612794615,0.4186307519640853,229204.95989750812
H22,66,4964174.0,28633,63898.99774303835,0.0662173017148046,0.4455697970872769,0.4882129011979185,270395.82242538413,4291711.5,2015,26951.70601438054,0.12109181141439206,0.45707196029776676,0.4218362282878412,210178.59220711785,4291711.5,3564,43078.97572580227,0.13411896745230079,0.4458473625140292,0.42003367003367004,234704.15723819917
H22,67,5140324.0,28633,65016.54853023006,0.06597282855446512,0.4446268291831104,0.4894352669996158,276241.8843999291,4426107.5,2015,27336.60049527889,0.12109181141439206,0.45707196029776676,0.4218362282878412,215627.6654567447,4426107.5,3564,43752.54976958414,0.13411896745230079,0.4450056116722783,0.4208754208754209,239998.15558133196
H22,68,5305857.0,28633,66069.80697174552,0.06541403275940348,0.4435790870673698,0.4910068801732267,281870.58439837705,4556820.0,2015,27742.39877398638,0.1205955334987593,0.45607940446650125,0.42332506203473946,220972.2623246314,4556820.0,3564,44421.38186936203,0.1335578002244669,0.4441638608305275,0.4222783389450056,245149.30787183414
H22,69,5466160.0,28633,67108.46965047746,0.06523940907344672,0.4431599902210736,0.4916006007054797,287525.0835894162,4688553.5,2015,28116.555822313992,0.1205955334987593,0.456575682382134,0.4228287841191067,226415.07239619415,4688553.5,3564,45056.3048798869,0.1335578002244669,0.4444444444444444,0.4219977553310887,250367.80615186275
H22,70,5636085.0,28633,68209.37437269397,0.0650298606502986,0.4429155170607341,0.4920546222889673,293425.3680307217,4825527.0,2015,28487.552798254936,0.12009925558312655,0.4575682382133995,0.42233250620347396,232125.77301480033,4825527.0,3564,45658.103926270254,0.132996632996633,0.4450056116722783,0.4219977553310887,255654.95573280225
H22,71,5814750.5,28633,69404.09702743682,0.06485523696434184,0.4429504417979255,0.4921943212377327,300058.89811883075,4959442.5,2015,28857.715218787664,0.12009925558312655,0.456575682382134,0.42332506203473946,237744.55995037456,4959442.5,3564,46306.855399257955,0.13271604938271606,0.4447250280583614,0.4225589225589226,261116.35622486754
H22,72,5973652.0,28633,70468.87754085024,0.06457583906681102,0.44239164600286385,0.4930674396675165,305856.99638905656,5089667.0,2015,29223.05711798893,0.12009925558312655,0.45508684863523574,0.4248138957816377,243169.2776073034,5089667.0,3564,46936.98274717441,0.1324354657687991,0.4441638608305275,0.4234006734006734,266351.5638012809
H22,73,6139474.5,28633,71391.36459486303,0.06447106485523696,0.4413089791499319,0.49421995599483115,310721.68380304636,5215561.0,2015,29563.876243018105,0.11910669975186104,0.45508684863523574,0.4258064516129032,248378.6720950113,5215561.0,3564,47520.758992131756,0.13187429854096522,0.4441638608305275,0.4239618406285073,271300.0323784897
H22,74,6307778.0,28633,72296.15803046306,0.06387734432298398,0.4410645059895924,0.495093074424615,315856.33027325233,5336217.5,2015,29892.676330367776,0.12009925558312655,0.45409429280397023,0.4258064516129032,253381.81764414668,5336217.5,3564,48095.30504190525,0.13187429854096522,0.4441638608305275,0.4239618406285073,276106.2203370064
H22,75,6477473.0,28633,73291.18544815257,0.0636328711626445,0.44102958125240105,0.49537247232214576,321692.1391673833,5457324.0,2015,30212.546199991957,0.12009925558312655,0.45459057071960296,0.4258064516129032,258306.94775375273,5457324.0,3564,48685.52718032222,0.13187429854096522,0.4441638608305275,0.42424242424242425,280958.3291929004
H22,76,6649981.5,28633,74238.77565288823,0.06300422589320015,0.44127405441274054,0.4957217196940593,327092.076915094,5580193.5,2015,30520.63239515505,0.11811414392059554,0.45409429280397023,0.4277915632754342,262881.9482693114,5580193.5,3564,49288.45974800913,0.13047138047138046,0.4444444444444444,0.42508417508417506,285632.0643470035
H22,77,6823548.5,28633,75170.9634598342,0.0629693011560088,0.44054063493172213,0.4964900639122691,332087.2804199698,5703114.5,2015,30767.186689627324,0.11811414392059554,0.45459057071960296,0.4272952853598015,266392.1998005345,5703114.5,3564,49925.70344011351,0.13047138047138046,0.4447250280583614,0.42480359147025815,289935.07903642685
H22,78,6996486.5,28633,76112.24124318841,0.062445430098138514,0.43987706492508644,0.4977124297139664,336935.18820197525,5824710.5,2015,30859.207736756875,0.11662531017369727,0.45558312655086847,0.428287841191067,267287.3860292423,5824710.5,3564,50688.66551655203,0.12934904601571268,0.4450056116722783,0.42592592592592593,293914.39505981427
H22,79,7167788.5,28633,77044.95113939219,0.06209618272622498,0.4399119896622778,0.49799182761149724,341806.20165916125,5944384.5,2015,31007.807863254282,0.11612903225806452,0.45409429280397023,0.4297766749379653,269447.2575909623,5944384.5,3564,51398.1766654323,0.12906846240179573,0.4441638608305275,0.42676767676767674,298674.03928871517
H22,80,7329966.0,28633,77919.11606667092,0.0617120106171201,0.43970244123912966,0.4985855481437502,346447.1598461958,6059004.0,2015,31339.220208763334,0.11612903225806452,0.45409429280397023,0.4297766749379653,274318.4983928834,6059004.0,3564,51937.89218101721,0.12850729517396184,0.4444444444444444,0.4270482603815937,303246.87646503455
H22,81,7491644.5,28633,78798.23864525715,0.06143261271958929,0.4395976670275556,0.4989697202528551,351133.7607092233,6172836.5,2015,31668.35690276394,0.11612903225806452,0.45359801488833745,0.430272952853598,279233.17230711767,6172836.5,3564,52477.88077893818,0.12850729517396184,0.4444444444444444,0.4270482603815937,307850.12948119047
H22,82,7655610.5,28633,79707.09406703731,0.06111829008486711,0.4395976670275556,0.49935389236196,355937.1666920623,6287725.5,2015,32010.43523508941,0.11612903225806452,0.45459057071960296,0.4292803970223325,284185.7464309858,6287725.5,3564,53049.15158591102,0.1282267115600449,0.4447250280583614,0.4270482603815937,312593.4441801179
H22,83,7832132.5,28633,80730.11477325113,0.06094366639891035,0.4392484196556421,0.4998428386826389,361034.8090785282,6411222.0,2015,32385.777114318247,0.11612903225806452,0.45508684863523574,0.4292803970223325,289509.7829283045,6411222.0,3564,53696.50807115765,0.1282267115600449,0.4447250280583614,0.4273288439955107,317838.9497976737
H22,84,7998044.0,28633,81665.21993863278,0.06038487060384871,0.4388642475465372,0.5007858065868054,365596.5840414831,6527696.0,2015,32779.03939720484,0.11563275434243177,0.45558312655086847,0.4292803970223325,294556.99405640824,6527696.0,3564,54346.14817666268,0.12738496071829405,0.44556677890011226,0.4273288439955107,322817.4911138448
H22,85,8159389.0,28633,82489.37843045921,0.06034994586665735,0.4387594733349632,0.5009604302727622,368921.39361799,6635500.5,2015,33265.60281623578,0.11612903225806452,0.45558312655086847,0.4292803970223325,299519.4625922646,6635500.5,3564,55132.506174913346,0.127665544332211,0.44556677890011226,0.4273288439955107,327724.1304746017
H22,86,8322985.0,28633,83261.93985617935,0.05979115007159571,0.4387245485977718,0.5014843013306325,372570.1694198906,6737130.0,2015,33735.053724883546,0.11315136476426799,0.45607940446650125,0.4307692307692308,304429.60611369833,6737130.0,3564,55903.83474641227,0.12598204264870932,0.44556677890011226,0.42845117845117847,332566.29592828563
H22,87,8487793.0,28633,84076.0529593987,0.05961652638563895,0.43823560227709285,0.5021478713372682,376685.14518417243,6837614.0,2015,34162.01609369882,0.11315136476426799,0.456575682382134,0.430272952853598,309260.8127921368,6837614.0,3564,56797.534916508965,0.12598204264870932,0.4458473625140292,0.4281705948372615,337592.9004469451
H22,88,8642547.0,28633,84831.06693647358,0.05979115007159571,0.4377117312192226,0.5024971187091817,380951.7569560189,6931414.5,2015,34551.23554349274,0.11315136476426799,0.456575682382134,0.430272952853598,313792.55588725203,6931414.5,3564,57687.919455247764,0.12598204264870932,0.44556677890011226,0.42845117845117847,342662.80212041805
H22,89,8782359.0,28633,85571.24032428543,0.060140397443509234,0.43708308594977824,0.5027765166067125,385212.4916732522,7016933.0,2015,34931.01103488546,0.11513647642679901,0.45558312655086847,0.4292803970223325,317956.84847766615,7016933.0,3564,58343.192970960656,0.12738496071829405,0.4450056116722783,0.4276094276094276,346991.51405125303
H22,90,8909145.0,28633,86298.81874460449,0.06003562323193518,0.437362483847309,0.5026018929207557,389540.18463002826,7096360.5,2015,35297.47897640021,0.11513647642679901,0.45508684863523574,0.4297766749379653,321859.5306682239,7096360.5,3564,58964.31680203517,0.12738496071829405,0.4447250280583614,0.4278900112233446,351066.95512488653
H22,91,9025527.0,28633,87003.42696509456,0.06017532218070059,0.43715293542416095,0.5027415918695212,393866.8496697822,7170617.5,2015,35661.28405164428,0.11563275434243177,0.45508684863523574,0.4292803970223325,325545.35242387274,7170617.5,3564,59590.14811665268,0.127665544332211,0.4447250280583614,0.4276094276094276,354995.4010435836
H22,92,9134212.0,28633,87647.0797100332,0.060140397443509234,0.4371180106869696,0.5027765166067125,397803.5309153676,7240095.0,2015,36022.88369194389,0.11563275434243177,0.45508684863523574,0.4292803970223325,329042.41272494727,7240095.0,3564,60206.585836417245,0.12794612794612795,0.4447250280583614,0.4273288439955107,358695.7878235168
H22,93,9233794.0,28633,88244.46413953403,0.06024517165508329,0.4369783117382042,0.5027765166067125,401394.90161329147,7303574.5,2015,36381.180310367476,0.11563275434243177,0.45558312655086847,0.4287841191066998,332287.61464185466,7303574.5,3564,60794.752057480415,0.1282267115600449,0.4447250280583614,0.4270482603815937,362123.127095069
H22,94,9326553.0,28633,88797.42260429893,0.060210246917891945,0.43659413962909926,0.5032305381902001,404556.4787713603,7362571.0,2015,36729.10732979828,0.11563275434243177,0.45459057071960296,0.4297766749379653,335338.99297046213,7362571.0,3564,61357.07612407435,0.1282267115600449,0.4441638608305275,0.4276094276094276,365330.9242083314
H22,95,9408291.0,28633,89274.19159252798,0.060315021129466004,0.43655921489190797,0.5031257639786261,407116.92501076957,7414520.0,2015,37041.08352222212,0.11563275434243177,0.45459057071960296,0.4297766749379653,338037.8983761098,7414520.0,3564,61857.143715435275,0.1282267115600449,0.44388327721661053,0.4278900112233446,368146.649835473
H22,96,9481983.0,28633,89676.90870833112,0.06024517165508329,0.4365242901547166,0.5032305381902001,409645.6181261177,7460853.0,2015,37328.16235073221,0.11612903225806452,0.45409429280397023,0.4297766749379653,340462.2415207187,7460853.0,3564,62321.21984059454,0.12850729517396184,0.4436026936026936,0.4278900112233446,370710.00801327336
H22,97,9548820.0,28633,90049.41878199112,0.06045472007823141,0.43617504278280306,0.5033702371389656,412311.8092454996,7502610.5,2015,37607.37201575648,0.11563275434243177,0.45409429280397023,0.430272952853598,342693.62699805514,7502610.5,3564,62780.40159746104,0.12878787878787878,0.4436026936026936,0.4276094276094276,373131.51917842973
H22,98,9612317.0,28633,90402.65546871068,0.060489644815422766,0.4362798169943771,0.5032654629273915,414513.5053537067,7541983.0,2015,37867.41384674267,0.11563275434243177,0.45409429280397023,0.430272952853598,344811.6305836746,7541983.0,3564,63202.71604910536,0.12878787878787878,0.4436026936026936,0.4276094276094276,375383.6371116744
H22,99,9664701.0,28633,90678.77268149945,0.060594419026996825,0.4365242901547166,0.5028812908182866,415894.40366945835,7574546.5,2015,38084.74679349378,0.11563275434243177,0.45409429280397023,0.430272952853598,346561.592876915,7574546.5,3564,63535.575931816966,0.12906846240179573,0.4436026936026936,0.4273288439955107,377179.0081205204
H22,100,9707620.0,28633,90859.36366572889,0.06062934376418817,0.43648936541752525,0.5028812908182866,417270.431742755,7600948.5,2015,38262.71092455289,0.11563275434243177,0.45409429280397023,0.430272952853598,347997.7517136432,7600948.5,3564,63817.996077092874,0.12906846240179573,0.44388327721661053,0.4270482603815937,378688.3966432954
H22,101,9743774.0,28633,90996.67973421105,0.060803967450144936,0.43655921489190797,0.5026717423951385,418810.0380022194,7623097.0,2015,38417.68117902233,0.11662531017369727,0.45359801488833745,0.4297766749379653,349209.1591524025,7623097.0,3564,64076.032158584174,0.12962962962962962,0.4436026936026936,0.42676767676767674,380023.9742012256
H22,102,9777488.0,28633,91115.47236898581,0.06083889218733629,0.4364544406803339,0.5027765166067125,420122.11633058597,7643593.0,2015,38554.664043345656,0.11712158808933003,0.45359801488833745,0.4297766749379653,350327.5034652094,7643593.0,3564,64305.794886106574,0.12991021324354657,0.4436026936026936,0.42676767676767674,381240.6573496687
H22,103,9804119.0,28633,91185.92591545379,0.061188139559249816,0.4361401180456117,0.5027415918695212,421021.39722937054,7659887.5,2015,38665.70032649353,0.11712158808933003,0.45359801488833745,0.4292803970223325,351220.2571851717,7659887.5,3564,64484.689460772395,0.12991021324354657,0.44388327721661053,0.4264870931537598,382192.7854274713
H22,104,9825383.0,28633,91215.08310127891,0.06122306429644117,0.43582579541088956,0.503020989767052,421593.09385374916,7672768.0,2015,38743.073431454715,0.11712158808933003,0.45359801488833745,0.4292803970223325,351912.8949676861,7672768.0,3564,64610.37214353614,0.12991021324354657,0.44332210998877664,0.4270482603815937,382913.243955325
H22,105,9836879.0,28633,91177.78267838883,0.06143261271958929,0.4358956448852722,0.5027066671323298,421671.44095300575,7679832.5,2015,38779.86285333486,0.11712158808933003,0.45409429280397023,0.4287841191066998,352285.6474125466,7679832.5,3564,64662.43954713654,0.12962962962962962,0.44388327721661053,0.4264870931537598,383267.996163899
H22,106,9841804.0,28633,91049.43896051712,0.06146753745678064,0.4358956448852722,0.5027415918695212,421790.8988640942,7682662.0,2015,38780.852528008596,0.11712158808933003,0.4531017369727047,0.430272952853598,352417.4372931797,7682662.0,3564,64668.65497565915,0.12962962962962962,0.44388327721661053,0.4270482603815937,383403.2890253211
H22,107,9842619.0,28633,90889.99218917327,0.0616421611427374,0.43582579541088956,0.502532043446373,422146.24481691234,7682985.5,2015,38771.71058470477,0.11761786600496278,0.45409429280397023,0.428287841191067,352426.2262526525,7682985.5,3564,64670.85737489984,0.12991021324354657,0.44388327721661053,0.42620650953984285,383470.0940654223
H22,108,9843215.0,28633,90743.50455346325,0.061677085879928754,0.43582579541088956,0.502532043446373,422233.10585213493,7683110.0,2015,38752.40181007696,0.11761786600496278,0.4531017369727047,0.4292803970223325,352407.4355856563,7683110.0,3564,64651.9816142278,0.13019079685746351,0.4436026936026936,0.4264870931537598,383470.57685038314
H22,109,9836880.0,28633,90552.95376746825,0.06192155904026822,0.4360004190968463,0.5021478713372682,421754.10414895636,7679234.5,2015,38705.06221523895,0.11761786600496278,0.45260545905707195,0.4297766749379653,352160.9654622971,7679234.5,3564,64571.19754510242,0.13047138047138046,0.4436026936026936,0.42620650953984285,383175.79946520936
H22,110,9825109.0,28633,90308.127311767,0.061991408514650924,0.43586072014808086,0.5021827960744596,421052.06272278074,7671838.0,2015,38619.22206204349,0.11811414392059554,0.4521091811414392,0.4297766749379653,351704.0513332606,7671838.0,3564,64435.55830983623,0.1307519640852974,0.4436026936026936,0.42592592592592593,382651.60062984965
H22,111,9805050.0,28633,90003.0034166465,0.062270806412181745,0.43561624698774143,0.502217720811651,420064.29227908415,7659540.0,2015,38506.33929132661,0.11910669975186104,0.45161290322580644,0.4297766749379653,350980.1274896951,7659540.0,3564,64247.56787378639,0.13187429854096522,0.44332210998877664,0.42536475869809204,381841.5087229161
H22,112,9780178.0,28633,89650.87358191935,0.0623057311493731,0.43561624698774143,0.5021129466000769,418900.02402582555,7644112.0,2015,38357.51756790681,0.11910669975186104,0.4531017369727047,0.428287841191067,350069.05183671863,7644112.0,3564,64010.78037882943,0.13187429854096522,0.44388327721661053,0.4245230078563412,380830.62691956194
H22,113,9748451.0,28633,89248.02633901342,0.06248035483532986,0.43568609646212414,0.5019033981769288,417515.29256656114,7624619.0,2015,38177.13045701379,0.11910669975186104,0.4531017369727047,0.4277915632754342,348937.47045552084,7624619.0,3564,63726.18362082799,0.13187429854096522,0.44388327721661053,0.42424242424242425,379586.72079746786
H22,114,9713252.0,28633,88806.78204655793,0.06255020430971257,0.4358956448852722,0.5016589250165893,416010.1965011767,7602777.0,2015,37974.57919757001,0.12009925558312655,0.4521091811414392,0.4287841191066998,347663.3398497727,7602777.0,3564,63407.41482435644,0.1324354657687991,0.44388327721661053,0.42424242424242425,378190.49752813147
H22,115,9672167.0,28633,88319.18668479688,0.0628994516816261,0.4358956448852722,0.5013446023818671,414328.9092214488,7577393.5,2015,37753.82343348086,0.12009925558312655,0.4521091811414392,0.428287841191067,346202.68248191767,7577393.5,3564,63054.23624858911,0.1324354657687991,0.44388327721661053,0.4239618406285073,376598.00344983494
H22,116,9628902.0,28633,87808.52720883618,0.06300422589320015,0.43603534383403764,0.5010652044843362,412531.1587588563,7550467.5,2015,37511.037533738076,0.12009925558312655,0.4521091811414392,0.428287841191067,344641.4333990602,7550467.5,3564,62670.8598739962,0.1324354657687991,0.44388327721661053,0.4239618406285073,374894.0072714381
H22,117,9579890.0,28633,87261.58424873165,0.06314392484196557,0.43610519330842035,0.5008207313239967,410509.21921655105,7520055.0,2015,37245.71801367537,0.12009925558312655,0.4521091811414392,0.4287841191066998,342896.5035384673,7520055.0,3564,62247.86297204473,0.13271604938271606,0.4436026936026936,0.42424242424242425,372989.4434297586
H22,118,9528328.0,28633,86682.50696569082,0.06328362379073098,0.43634966646875983,0.5004714839520833,408412.3376516124,7487746.0,2015,36954.51199208818,0.11910669975186104,0.4531017369727047,0.428287841191067,341043.6667493884,7487746.0,3564,61793.27816110665,0.13215488215488216,0.4441638608305275,0.4239618406285073,370969.4149997169
H22,119,9471927.0,28633,86072.51404041468,0.06370272063702721,0.43624489225718577,0.5000873118429784,406191.4053747064,7452406.0,2015,36649.868361952635,0.11910669975186104,0.4531017369727047,0.428287841191067,339048.823998835,7452406.0,3564,61313.922794330705,0.1324354657687991,0.4436026936026936,0.42424242424242425,368798.7955658117
H23,0,1473138.75,28633,805.6106646075506,0.24834980616770858,0.4046030803618203,0.34750113505395874,22735.924353764327,4.3084001541137695,2015,0.13688520879300306,0.22679900744416873,0.39503722084367243,0.37965260545905705,0.3854659284826485,14.074209213256836,3564,0.17095394865119404,0.26936026936026936,0.3787878787878788,0.35269360269360267,0.6025354108213483
H23,1,2632500.0,28633,3891.49958583777,0.23078266336045822,0.41315964097370167,0.35626724408898824,66829.6841904424,15.396300315856934,2015,0.8479023303736203,0.2119106699751861,0.40198511166253104,0.38610421836228287,1.8227410192721598,53.45652389526367,3564,1.0009224483198587,0.25224466891133557,0.3866442199775533,0.3613916947250281,2.6412698281295994
H23,2,2304201.25,28633,3750.40490957588,0.2080117347116963,0.42513882583033563,0.3669891384067335,60378.04782406316,57.696327209472656,2015,3.406812862608833,0.1990074441687345,0.4079404466501241,0.3930521091811414,7.309446536996266,159.4864959716797,3564,3.84635028363925,0.23597081930415265,0.393658810325477,0.37037037037037035,9.219753260837523
H23,3,1825976.75,28633,3630.383574256755,0.19917577620228408,0.4307617085181434,0.37009744001676387,53706.48176377131,218.08377075195312,2015,7.003259047039949,0.19404466501240694,0.41240694789081883,0.3935483870967742,16.623661629049742,469.8152770996094,3564,7.8108631795780346,0.23176206509539843,0.3953423120089787,0.3728956228956229,21.509016693400167
H23,4,1743477.5,28633,3791.566474541646,0.18730136555722418,0.4375371075332658,0.37526630112108406,49625.8749132771,313.6611633300781,2015,11.209192590956203,0.1890818858560794,0.4143920595533499,0.3965260545905707,25.948586737936363,895.5911254882812,3564,12.755189560007105,0.2250280583613917,0.3950617283950617,0.38019079685746354,37.0778909843363
H23,5,1755473.875,28633,5028.440180628351,0.17996717074704013,0.44288059232354277,0.3771871616666085,55488.93378693867,351.6070556640625,2015,14.601976084308612,0.18759305210918115,0.4148883374689826,0.3975186104218362,33.76302748706605,1381.37939453125,3564,16.87071004393585,0.22166105499438832,0.39702581369248036,0.3813131313131313,52.24748111980324
H23,6,1763266.875,28633,6189.903386857286,0.1715153843467328,0.4471064855236964,0.3813781301295708,62196.04225066311,401.7842102050781,2015,18.762149654265706,0.18411910669975187,0.41687344913151364,0.3990074441687345,42.65527154683291,1991.337890625,3564,21.939391713957832,0.21773288439955107,0.3995510662177329,0.38271604938271603,69.84899243849537
H23,7,1624597.5,28633,5545.818796014298,0.16669577061432614,0.4488177976460727,0.38459120595117524,53895.626629646744,977.612060546875,2015,22.737087950179944,0.18163771712158808,0.4173697270471464,0.40148883374689825,56.25421606495656,2453.330810546875,3564,26.618974756052268,0.21548821548821548,0.4003928170594837,0.38439955106621776,87.52008139126248
H23,8,1548751.25,28633,6086.5243601744,0.15918695211818532,0.4524499703139734,0.38839800230503263,54515.29777326908,1472.528564453125,2015,27.57823436171112,0.17866004962779156,0.41985111662531016,0.40148883374689825,71.38489587783258,2815.842041015625,3564,32.41214722422123,0.2107182940516274,0.40263748597081933,0.3866442199775533,106.27912199639242
H23,9,1610457.875,28633,7835.796773106047,0.15468166102050082,0.4567107882513184,0.3886424754653721,68029.45053139482,2552.517578125,2015,31.917137973615553,0.17866004962779156,0.42133995037220845,0.4,94.77527818306552,3131.239990234375,3564,38.052967267234564,0.20959595959595959,0.404320987654321,0.38608305274971944,132.5669070617867
H23,10,2016882.5,28633,9009.989082713922,0.1478364125309957,0.4606922082911326,0.39147137917787167,75210.29141320968,3839.932861328125,2015,37.46639534628271,0.1771712158808933,0.42233250620347396,0.40049627791563275,123.80508769064343,3839.932861328125,3564,45.75175436225185,0.20622895622895623,0.4060044893378227,0.3877665544332211,173.83032573549795
H23,11,2376271.25,28633,10808.90694300265,0.1426675514266755,0.4654419725491566,0.39189047602416793,84615.30251948426,4680.64111328125,2015,41.36128318184714,0.17369727047146402,0.4258064516129032,0.40049627791563275,145.47929321176537,4692.15283203125,3564,51.88190485865873,0.2031425364758698,0.409652076318743,0.3872053872053872,207.8000261551585
H23,12,2648262.75,28633,12623.798882878422,0.13753361505954667,0.47047113470471136,0.39206509971012465,91826.49262709038,5254.18212890625,2015,46.58204843479715,0.171712158808933,0.4258064516129032,0.40297766749379654,162.5086849845184,130724.421875,3564,130.60398472591228,0.20145903479236812,0.4102132435465769,0.3886083052749719,3056.6884080313116
H23,13,2809085.0,28633,13734.427481132903,0.13480948555862118,0.4737540600006985,0.39147137917787167,93511.50282276348,5735.6875,2015,52.816435513748296,0.1707196029776675,0.4277915632754342,0.40148883374689825,184.89452950587707,369439.84375,3564,274.363021659319,0.2006172839506173,0.4121773288439955,0.3872053872053872,8754.22554415996
H23,14,2920929.5,28633,15532.832189563522,0.13033911919812805,0.47459225369329094,0.39510355184577234,97856.84525756323,18927.87109375,2015,78.38544225205625,0.16823821339950373,0.4267990074441687,0.40496277915632756,583.4217885707574,364667.0,3564,298.4988196186575,0.19809203142536475,0.41245791245791247,0.3894500561167228,8615.112872240148
H23,15,3052194.0,28633,17224.706294296626,0.1274752907484371,0.473404812628785,0.39915482135996927,102825.68179152468,42474.1328125,2015,126.7964924757154,0.16774193548387098,0.4272952853598015,0.40496277915632756,1376.7415482463157,376838.96875,3564,351.45196371628793,0.19696969696969696,0.4127384960718294,0.39057239057239057,8938.528833756458
H23,16,3174723.25,28633,17612.390082266862,0.1240177417664932,0.47417315684699474,0.4018440261237034,104643.86845429087,318089.0625,2015,1054.4597927431412,0.16674937965260547,0.4287841191066998,0.4044665012406948,16137.855780100383,414452.5625,3564,1097.8462745169682,0.19528619528619529,0.4127384960718294,0.39225589225589225,16850.659462585416
H23,17,3230836.75,28633,17920.579845331085,0.12153808542590717,0.47473195264205637,0.4037299619320365,106303.13076941505,672336.8125,2015,2209.52322371997,0.16674937965260547,0.4312655086848635,0.40198511166253104,35031.10714044451,672336.8125,3564,2025.122335919489,0.19388327721661056,0.4155443322109989,0.39057239057239057,31698.630756849765
H23,18,3243989.75,28633,18580.887780889327,0.11860440750183354,0.47686236161072887,0.4045332308874376,108307.61193924643,772313.125,2015,2512.4480175064245,0.16526054590570718,0.428287841191067,0.4064516129032258,39762.962301968815,772313.125,3564,2422.706913344829,0.19248035914702583,0.41414141414141414,0.39337822671156003,36163.9115152149
H23,19,3225756.75,28633,21844.937860152364,0.11581042852652534,0.4797960395348025,0.4044284566758635,128373.57862131452,1742082.375,2015,5809.75976246515,0.16377171215880892,0.4277915632754342,0.4084367245657568,85560.09260470266,1742082.375,3564,6159.51104727456,0.1893939393939394,0.4152637485970819,0.3953423120089787,76380.18569865116
H23,20,3214600.0,28633,21662.030674177448,0.11287675060245171,0.4833234379911291,0.40383473614361054,119313.61799054212,1414854.625,2015,5963.629293981178,0.16327543424317617,0.428287841191067,0.4084367245657568,68323.14319901213,1414854.625,3564,7848.295582125543,0.18714927048260382,0.4169472502805836,0.39590347923681257,68107.44613467943
H23,21,3266870.0,28633,22869.086105421702,0.11102573953131002,0.48726993329375196,0.40173925191212934,121117.56932511559,1294411.875,2015,7594.879057763072,0.1598014888337469,0.4297766749379653,0.4104218362282878,70110.243038649,1294411.875,3564,11045.125125400931,0.1840628507295174,0.41947250280583614,0.39646464646464646,79944.01467626955
H23,22,3340857.75,28633,24443.047380405882,0.10896518003702022,0.49023853595501693,0.4008312087451542,127525.00590203449,1480525.25,2015,9394.560081263031,0.15533498759305212,0.4337468982630273,0.4109181141439206,82465.78654497051,1480525.25,3564,13261.389805379797,0.1804152637485971,0.42312008978675647,0.39646464646464646,93685.50911446063
H23,23,3403599.0,28633,23907.747084226583,0.10753326581217476,0.49062270806412184,0.4019138755980861,121842.1920018835,1238529.0,2015,7201.599868684085,0.1533498759305211,0.43424317617866004,0.41240694789081883,64030.765473212974,1238529.0,3564,10252.83288447772,0.17789001122334455,0.4208754208754209,0.4015151515151515,70872.31344490495
H23,24,3488657.0,28633,24483.33892725716,0.10501868473439738,0.49191492334020187,0.40310131666259214,119892.0525996658,989137.8125,2015,6723.276845900191,0.1523573200992556,0.4347394540942928,0.4129032258064516,53282.193278965904,989137.8125,3564,10171.299998629393,0.1750841750841751,0.4208754208754209,0.404320987654321,62852.330117598736
H23,25,3576460.75,28633,26324.489437861157,0.10309782418887298,0.4915656759682883,0.4053364998428387,124632.75034201393,1091734.75,2015,8065.58333701508,0.1513647642679901,0.4337468982630273,0.4148883374689826,60536.46699637923,1091734.75,3564,12305.109061729554,0.1728395061728395,0.42059483726150393,0.4065656565656566,71844.00411675534
H23,26,3622344.0,28633,28402.992208225518,0.10100233995739182,0.4930325149303251,0.40596514511228304,130023.96188327274,1209879.5,2015,9862.866913715157,0.1498759305210918,0.4347394540942928,0.4153846153846154,69923.44668986001,1209879.5,3564,15304.713911790443,0.17031425364758698,0.4222783389450056,0.4074074074074074,84990.84549551342
H23,27,3601528.0,28633,29340.24671624906,0.09957042573254636,0.4930674396675165,0.4073970593371285,131557.01336422912,1290679.125,2015,11198.29786795177,0.14937965260545905,0.43622828784119105,0.4143920595533499,76399.04290121475,1290679.125,3564,17496.941985223784,0.1697530864197531,0.42368125701459036,0.4068462401795735,94477.04457506648
H23,28,3544173.75,28633,28886.72483899703,0.09778926413578738,0.49383578388572624,0.4084098767156777,130044.00382378885,1329914.5,2015,12072.707082987552,0.1488833746898263,0.43771712158808934,0.4133995037220844,79902.93093944182,1329914.5,3564,19204.343225443547,0.16835016835016836,0.42480359147025815,0.4068462401795735,101557.2096269966
H23,29,3462395.25,28633,28203.004697950288,0.0967415220200468,0.4924038696608808,0.4108546083190724,128897.21047861251,1350538.75,2015,12604.030157981735,0.1488833746898263,0.43821339950372207,0.4129032258064516,82471.19495196831,1353837.0,3564,20201.854069901652,0.16778900112233447,0.42480359147025815,0.4074074074074074,106010.582307599
H23,30,3323631.75,28633,28860.10524245139,0.09496036042328782,0.48926064331365904,0.41577899626305315,129532.38281471365,1364266.0,2015,12918.4254554318,0.14640198511166252,0.4392059553349876,0.4143920595533499,84044.82405407839,1388561.0,3564,20860.602448999663,0.16526374859708193,0.4264870931537598,0.40824915824915825,108853.0897000847
H23,31,3130285.25,28633,29708.88273411269,0.093493521461251,0.48660636328711626,0.4199350399888241,130884.90454583516,1381949.875,2015,13170.90491060942,0.14640198511166252,0.43970223325062036,0.4138957816377171,85453.89106535379,1416340.5,3564,21176.73450113863,0.16470258136924804,0.4278900112233446,0.4074074074074074,110392.90108492394
H23,32,2849439.5,28633,30373.45100123347,0.09132818775538715,0.487374707505326,0.4213320294764782,132521.5991451857,1399275.125,2015,13396.79879613277,0.14392059553349876,0.44069478908188586,0.4153846153846154,86721.93622713034,1438955.0,3564,21656.06143900646,0.16301907968574636,0.42845117845117847,0.40852974186307517,112429.7451547111
H23,33,2528954.0,28633,30375.883792074183,0.08958195089581951,0.48940034226242446,0.421017706841756,131653.56344319633,1416204.125,2015,13657.350136522757,0.14292803970223325,0.44168734491315137,0.4153846153846154,87876.48341193575,1458722.25,3564,21897.821115466264,0.16217732884399552,0.4292929292929293,0.40852974186307517,113160.99211210456
H23,34,2325216.0,28633,30638.815211107332,0.08762616561310377,0.48978451437152937,0.4226242447525582,130637.92073282179,1431736.25,2015,14168.903674483996,0.14094292803970224,0.4431761786600496,0.41588089330024813,89280.62396993177,1476922.25,3564,22278.845596723135,0.15965207631874298,0.4298540965207632,0.4104938271604938,113696.19738658413
H23,35,2323977.75,28633,31396.94993073931,0.08626410086264101,0.4896098906855726,0.42416093318897774,131359.71459334483,1446686.0,2015,14817.808334548989,0.14044665012406948,0.4456575682382134,0.4138957816377171,91489.88804671103,1493976.0,3564,22933.61757384804,0.15937149270482603,0.43153759820426485,0.4090909090909091,115496.32905399363
H23,36,2422883.25,28633,31999.067405585185,0.08490203611217825,0.4869556106590298,0.42814235322879196,132009.9680976686,1460314.125,2015,15400.137825847778,0.13945409429280398,0.4456575682382134,0.4148883374689826,94275.71520145256,1509886.0,3564,23580.61561309824,0.15824915824915825,0.4318181818181818,0.4099326599326599,117869.48974632582
H23,37,2467182.0,28633,32538.861634674962,0.08395906820801173,0.48391715852338213,0.4321586980057975,132757.27463810466,1473971.0,2015,15871.571976041694,0.13796526054590572,0.4456575682382134,0.4163771712158809,97050.0226615436,1525205.875,3564,24154.18211537581,0.15684624017957352,0.4318181818181818,0.4113355780022447,120360.80291542935
H23,38,2397845.0,28633,33334.86975677616,0.0828764013550798,0.4807739321761604,0.43634966646875983,134505.55399499784,1486603.125,2015,16283.136846389827,0.13746898263027296,0.4466501240694789,0.41588089330024813,99411.50868491,1539805.5,3564,24769.168559258935,0.15656565656565657,0.43209876543209874,0.4113355780022447,122880.95415487405
H23,39,2251995.5,28633,34257.24921901854,0.08217790661125275,0.4804246848042468,0.4373974085845004,136932.88549942718,1499079.875,2015,16655.207064217375,0.13746898263027296,0.4471464019851117,0.4153846153846154,101690.74774985791,1553940.75,3564,25419.839716797265,0.15656565656565657,0.4318181818181818,0.4116161616161616,125560.95440690803
H23,40,2247219.75,28633,35507.20996790456,0.08116508923270352,0.481821674291901,0.4370481612125869,141096.47768226507,1510398.0,2015,17056.47356260478,0.1359801488833747,0.4481389578163772,0.4163771712158809,104292.00311198665,1567396.375,3564,26200.427775205728,0.15516273849607182,0.4329405162738496,0.4121773288439955,128778.69496527166
H23,41,2302241.0,28633,36900.22163506889,0.080222121328537,0.483113889567981,0.436663989103482,145930.98417294587,1520646.625,2015,17411.15252998468,0.13548387096774195,0.4486352357320099,0.41588089330024813,106751.44630882425,1579577.75,3564,26865.020322255998,0.15460157126823793,0.4340628507295174,0.4113355780022447,131678.91303544163
H23,42,2349191.5,28633,37670.020801408864,0.07938392763594454,0.4817867495547096,0.43882932280934583,148272.75603727336,1529954.25,2015,17780.968769943654,0.13548387096774195,0.4496277915632754,0.4148883374689826,109550.1722195983,1590819.0,3564,27369.850304671978,0.1537598204264871,0.4346240179573513,0.4116161616161616,134155.5124327475
H23,43,2413773.5,28633,38444.325309738924,0.0788251318408829,0.4803199105926728,0.4408898823036357,151006.42234712903,1540608.375,2015,18140.897217418114,0.1349875930521092,0.4496277915632754,0.4153846153846154,112314.00864687162,1602078.5,3564,28012.509861314404,0.1531986531986532,0.43490460157126826,0.4118967452300786,137247.60554608426
H23,44,2481539.75,28633,39818.226113935256,0.07781231446233366,0.48175182481751827,0.4404707854573394,156266.54383534644,1550410.25,2015,18518.95888041161,0.13399503722084366,0.4496277915632754,0.4163771712158809,115209.64010549225,1614383.625,3564,28784.925217219417,0.15291806958473625,0.43490460157126826,0.41245791245791247,140919.51850916955
H23,45,2548852.75,28633,41829.12880862281,0.07735829287884609,0.4811930290224566,0.4414486780986973,164027.2088859317,1608489.625,2015,18907.812084469024,0.13399503722084366,0.4501240694789082,0.41588089330024813,118361.55132322623,1625148.875,3564,29680.763563663037,0.1520763187429854,0.4351851851851852,0.4127384960718294,145265.27133061845
H23,46,2617210.25,28633,44100.59991399634,0.07634547550029686,0.47825935109838297,0.44543009813851153,173981.31298623874,1705037.75,2015,19279.523321427678,0.13300248138957815,0.4486352357320099,0.41836228287841193,121351.06982466854,1705037.75,3564,30767.320180783365,0.14927048260381592,0.43546576879910215,0.4152637485970819,150541.3600255499
H23,47,2716067.0,28633,45504.52908270539,0.07568190549366116,0.47343973736597633,0.45091328187755386,180990.2251465595,1797337.0,2015,19626.384253066044,0.13300248138957815,0.45062034739454093,0.41687344913151364,124255.00689011988,1797337.0,3564,31580.922930574834,0.14870931537598203,0.43574635241301907,0.4158249158249158,154685.4673850695
H23,48,2759098.5,28633,44216.47020174726,0.07459923864072923,0.47438270527014287,0.4510529808263193,174446.00725415803,1944100.75,2015,20040.09008263785,0.13101736972704714,0.45161290322580644,0.4173697270471464,128363.5620277485,1944100.75,3564,31289.28793294486,0.14590347923681257,0.43658810325476993,0.4175084175084175,154396.3793281296
H23,49,2833792.25,28633,44668.86922608496,0.07404044284566759,0.4747668773792477,0.45122760451227606,176270.86307328177,2085625.75,2015,20480.595757726314,0.13052109181141439,0.45161290322580644,0.41786600496277915,132631.72521663352,2085625.75,3564,31741.3830728925,0.14506172839506173,0.43742985409652074,0.4175084175084175,157518.41178230272
H23,50,2929856.5,28633,47755.413750228436,0.07337687283903188,0.46582614465826144,0.4607969825027067,186965.04871219487,2213027.25,2015,20924.45862314743,0.13052109181141439,0.45161290322580644,0.41786600496277915,136801.59297737046,2213027.25,3564,32531.264599039714,0.14450056116722784,0.4382716049382716,0.4172278338945006,161948.28629427307
H23,51,3012339.75,28633,47144.80280165916,0.0728530017811616,0.47033143575594594,0.45681556246289245,189490.94010180846,2347363.75,2015,21384.059116630237,0.13002481389578163,0.4521091811414392,0.41786600496277915,141212.64685556357,2347363.75,3564,33287.961222988866,0.143658810325477,0.4388327721661055,0.4175084175084175,166356.3029422567
H23,52,3096928.0,28633,48664.35052365845,0.07191003387699507,0.4669088115111934,0.4612160793490029,196792.79122120442,2495655.0,2015,21869.257833144533,0.12903225806451613,0.45260545905707195,0.41836228287841193,146074.77588858956,2495655.0,3564,34143.12279875217,0.1425364758698092,0.4393939393939394,0.4180695847362514,171391.85002084353
H23,53,3182690.25,28633,50333.673123307555,0.07180525966542102,0.463800509901163,0.464394230433416,206131.43259065383,2688206.75,2015,22470.46253516431,0.12903225806451613,0.45409429280397023,0.41687344913151364,152425.29062167063,2688206.75,3564,35191.96959873393,0.1425364758698092,0.4405162738496072,0.4169472502805836,177910.45653152582
H23,54,3256177.5,28633,52016.346156027204,0.07058289386372367,0.4606922082911326,0.4687248978451437,213583.5241641395,2852308.75,2015,22987.981104440725,0.1270471464019851,0.4531017369727047,0.41985111662531016,158043.67504254493,2852308.75,3564,36082.24107185035,0.14085297418630752,0.44023569023569026,0.41891133557800225,183547.03654421752
H23,55,3422110.5,28633,53590.81917374681,0.07040827017776691,0.45786330457863306,0.47172842524360004,220463.00250130694,2997316.75,2015,23465.23701643675,0.1270471464019851,0.45359801488833745,0.41935483870967744,163153.14769758427,2997316.75,3564,36913.47852860707,0.14057239057239057,0.4405162738496072,0.41891133557800225,188745.19494060482
H23,56,3559705.75,28633,54810.004842240705,0.07005902280585338,0.4562916914050222,0.47364928578912446,224937.81334560504,3095712.5,2015,23808.51093884296,0.12655086848635236,0.45359801488833745,0.41985111662531016,166717.15862531099,3095712.5,3564,37510.55744400645,0.14001122334455668,0.44135802469135804,0.4186307519640853,192358.05703054095
H23,57,3787140.25,28633,56695.079132447434,0.06991932385708798,0.45255474452554745,0.47752593161736456,233910.31619760836,3309993.75,2015,24448.864685682543,0.12655086848635236,0.45707196029776676,0.4163771712158809,174230.24077077734,3309993.75,3564,38591.52292179804,0.13973063973063973,0.44276094276094274,0.4175084175084175,199769.7341355184
H23,58,3924344.5,28633,57809.26410692908,0.06915097963887822,0.45164670135857227,0.47923724373974086,237527.41951091232,3383846.5,2015,24687.736210760562,0.12456575682382134,0.4491315136476427,0.4267990074441687,176833.65636997166,3383846.5,3564,39050.94481426361,0.13804713804713806,0.4399551066217733,0.4222783389450056,202552.09626304836
H23,59,4086170.25,28633,58986.51610516685,0.06873188279258198,0.452415045576782,0.4788879963678273,243001.84124823505,3536735.0,2015,25045.302602049826,0.12406947890818859,0.45707196029776676,0.41935483870967744,181923.36753510693,3536735.0,3564,39689.507021866346,0.1377665544332211,0.4452861952861953,0.4172278338945006,207418.75981562873
H23,60,4251558.5,28633,59925.38786716589,0.06796353857437223,0.4509831313519366,0.4810882548108825,248076.84687613658,3687627.0,2015,25417.068461580024,0.12208436724565756,0.456575682382134,0.42133995037220845,187110.1874349084,3687627.0,3564,40345.46082274219,0.13636363636363635,0.4452861952861953,0.41835016835016836,212410.5697821707
H23,61,4407454.0,28633,60701.183029135434,0.067544441728076,0.44836377606258515,0.48409178220933885,252602.15294514742,3836274.5,2015,25792.103843954523,0.12158808933002481,0.4575682382133995,0.42084367245657567,192462.52161797544,3836274.5,3564,40997.29537760414,0.1360830527497194,0.44612794612794615,0.41778900112233447,217531.08058574266
H23,62,4578632.0,28633,61732.688470298126,0.06709042014458841,0.4471414102608878,0.4857681695945238,258153.56415644372,3981002.0,2015,26182.536213102943,0.12109181141439206,0.45806451612903226,0.42084367245657567,198033.281398733,3981002.0,3564,41682.56903743951,0.13524130190796857,0.44612794612794615,0.4186307519640853,222947.40376732394
H23,63,4776165.0,28633,63038.20589484257,0.06691579645863165,0.4466873886774002,0.48639681486396813,264789.5994310737,4128620.25,2015,26582.992348677937,0.12109181141439206,0.45905707196029777,0.41985111662531016,203889.48419159433,4128620.25,3564,42411.64901948562,0.13524130190796857,0.44640852974186307,0.41835016835016836,228743.0583972043
H23,64,4968628.0,28633,64282.17055325328,0.06639192540076136,0.44616351761952994,0.48744455697970873,271165.0439578234,4271510.5,2015,26976.090677083856,0.12109181141439206,0.45707196029776676,0.4218362282878412,209634.4602712473,4271510.5,3564,43122.46505656954,0.13468013468013468,0.4450056116722783,0.42031425364758696,234397.3786756732
H23,65,5153972.5,28633,65470.953391847375,0.06618237697761324,0.4453602486641288,0.48849229909544933,277312.5447302185,4409197.5,2015,27366.76871952084,0.12109181141439206,0.45707196029776676,0.4218362282878412,215208.6084138334,4409197.5,3564,43816.56335204382,0.13411896745230079,0.4447250280583614,0.4211560044893378,239841.36789525856
H23,66,5326218.5,28633,66546.60956721083,0.06544895749659484,0.44459190444591906,0.48995913805748614,283091.5421735224,4543380.5,2015,27785.820998639378,0.1205955334987593,0.45707196029776676,0.42233250620347396,220687.77052329242,4543380.5,3564,44509.14609116756,0.1335578002244669,0.4444444444444444,0.4219977553310887,245131.06493533734
H23,67,5487457.5,28633,67581.9242700833,0.06527433381063807,0.4435092375929871,0.4912513533335662,288721.66037776764,4678692.0,2015,28174.752019626932,0.1205955334987593,0.4575682382133995,0.4218362282878412,226269.97686397182,4678692.0,3564,45163.38578491851,0.1335578002244669,0.4447250280583614,0.4217171717171717,250469.07098232547
H23,68,5657610.5,28633,68670.53795763463,0.0650298606502986,0.44274089337477734,0.492229245974924,294507.7583776166,4817574.0,2015,28553.63727503314,0.12009925558312655,0.4575682382133995,0.42233250620347396,232056.71650326377,4817574.0,3564,45777.97407592064,0.132996632996633,0.4450056116722783,0.4219977553310887,255834.53271875335
H23,69,5824973.5,28633,69791.88534578099,0.0648901617015332,0.4430202912723082,0.49208954702615865,300637.6152443196,4954617.0,2015,28932.524208214025,0.12009925558312655,0.4575682382133995,0.42233250620347396,237795.46247632164,4954617.0,3564,46422.72970339813,0.13271604938271606,0.4452861952861953,0.4219977553310887,261319.63254244902
H23,70,5987112.0,28633,70891.17336796422,0.06461076380400238,0.4422868717912898,0.49310236440470784,306618.2453172253,5084693.0,2015,29299.604870936993,0.12009925558312655,0.45558312655086847,0.42431761786600497,243216.10273000156,5084693.0,3564,47058.90547569178,0.1324354657687991,0.4447250280583614,0.4228395061728395,266568.76746673847
H23,71,6144990.5,28633,71961.35673840047,0.06457583906681102,0.44172807599622815,0.4936960849369608,312506.77028542623,5212940.0,2015,29650.183016937335,0.12009925558312655,0.45508684863523574,0.4248138957816377,248524.8116473447,5212940.0,3564,47682.900216182235,0.1324354657687991,0.4441638608305275,0.4234006734006734,271720.3398221023
H23,72,6312833.5,28633,72950.50843371214,0.06391226906017532,0.4416233017846541,0.49449935389236194,318075.03124474967,5339233.5,2015,29997.85328556925,0.11861042183622829,0.45607940446650125,0.4253101736972705,253766.21653391502,5339233.5,3564,48297.71286999265,0.13131313131313133,0.4450056116722783,0.42368125701459036,276792.588164726
H23,73,6489033.0,28633,73899.998051909,0.06366779589983586,0.44099465651520975,0.49537247232214576,323420.7393283122,5465107.0,2015,30333.389924812007,0.12009925558312655,0.45459057071960296,0.4253101736972705,258875.4809786471,5465107.0,3564,48899.04829283621,0.13187429854096522,0.44388327721661053,0.42424242424242425,281756.8379599902
H23,74,6664949.0,28633,74824.7257385636,0.06307407536758286,0.4409597317780184,0.49596619285439875,328584.1529975097,5590497.0,2015,30648.607269335746,0.11861042183622829,0.45508684863523574,0.426302729528536,263491.529384212,5590497.0,3564,49510.182802467665,0.1307519640852974,0.4447250280583614,0.4245230078563412,286461.8957858931
H23,75,6841389.5,28633,75793.31106323114,0.0629693011560088,0.4406454091432962,0.496385289700695,333750.7458820886,5715364.0,2015,30891.16067250217,0.11811414392059554,0.45409429280397023,0.4277915632754342,266864.1403360593,5715364.0,3564,50174.381708703455,0.13047138047138046,0.4444444444444444,0.42508417508417506,290800.8343198622
H23,76,7019387.0,28633,76825.41628181668,0.06255020430971257,0.44008661334823457,0.4973631823420529,339219.27121654624,5840223.0,2015,30974.77874878666,0.11712158808933003,0.45558312655086847,0.4272952853598015,267572.3786669523,5840223.0,3564,50990.14400939784,0.12991021324354657,0.4450056116722783,0.42508417508417506,295014.4356387311
H23,77,7198326.5,28633,77918.31957875278,0.062340655886564456,0.4404009359829567,0.4972933328676702,345216.1178502648,5965221.5,2015,31180.19517198863,0.11662531017369727,0.45459057071960296,0.4292803970223325,270570.27611768985,5965221.5,3564,51727.48092781247,0.12962962962962962,0.4444444444444444,0.42620650953984285,300155.14914573537
H23,78,7374074.0,28633,78925.58463401176,0.06181678482869416,0.440331086508574,0.4978870533999232,350538.6566478954,6089296.0,2015,31550.443563091747,0.11612903225806452,0.45459057071960296,0.4292803970223325,275920.39091705193,6089296.0,3564,52330.87134322944,0.12878787878787878,0.4444444444444444,0.42676767676767674,305172.3921488897
H23,79,7549500.0,28633,79832.93154711275,0.06153738693116334,0.43994691439946915,0.4985156986693675,355148.4292893694,6212730.0,2015,31912.405145114873,0.11612903225806452,0.45359801488833745,0.430272952853598,281247.71128125954,6212730.0,3564,52915.42600165151,0.12850729517396184,0.4444444444444444,0.4270482603815937,310139.04326218896
H23,80,7730170.5,28633,80789.51847282304,0.06104844061048441,0.43970244123912966,0.4992491181503859,359796.5972261697,6339139.0,2015,32294.600216121595,0.11612903225806452,0.45409429280397023,0.4297766749379653,286680.5292889672,6339139.0,3564,53547.750151260436,0.1282267115600449,0.4447250280583614,0.4270482603815937,315352.99269438145
H23,81,7910331.0,28633,81793.91958512248,0.060873816924527646,0.43928334439283345,0.49987776341983026,364572.36810306786,6465687.5,2015,32690.1426276367,0.11612903225806452,0.45459057071960296,0.4292803970223325,292125.3919326733,6465687.5,3564,54212.20804883819,0.1282267115600449,0.4447250280583614,0.4270482603815937,320676.41852369916
H23,82,8076711.0,28633,82682.84498408431,0.060419795341040056,0.43879439807215453,0.5008556560611881,368531.5227677122,6581247.5,2015,33132.85711297194,0.11612903225806452,0.45508684863523574,0.4297766749379653,297197.3917450075,6581247.5,3564,54928.26502383882,0.127665544332211,0.4452861952861953,0.4276094276094276,325674.1847987656
H23,83,8242508.5,28633,83468.40613589351,0.06034994586665735,0.43837530122585827,0.5013096776446757,371642.3495571985,6687380.5,2015,33641.66341730116,0.11563275434243177,0.45558312655086847,0.4292803970223325,302264.49246051046,6687380.5,3564,55741.88306736489,0.12738496071829405,0.44556677890011226,0.4273288439955107,330648.4643519798
H23,84,8410085.0,28633,84287.83262095923,0.05975622533440436,0.43854992491181505,0.501728774490972,375835.6596930738,6790047.5,2015,34092.8155338224,0.11364764267990074,0.45558312655086847,0.4312655086848635,307211.6388438732,6790047.5,3564,56551.44101083258,0.12626262626262627,0.4452861952861953,0.4287317620650954,335611.9022337093
H23,85,8577155.0,28633,85193.69700321837,0.05968637586002165,0.4382705270142842,0.5020430971256942,380582.89646386274,6891699.5,2015,34527.15706188399,0.11315136476426799,0.45558312655086847,0.4312655086848635,312115.73473264294,6891699.5,3564,57581.6924460094,0.12598204264870932,0.4450056116722783,0.42901234567901236,341070.0437544034
H23,86,8740323.0,28633,86110.64044403426,0.059441902699682185,0.43816575280271014,0.5023923444976076,385609.3361142665,6991459.5,2015,34969.148772981694,0.11315136476426799,0.456575682382134,0.430272952853598,316938.42713327805,6991459.5,3564,58414.3412731667,0.12598204264870932,0.44556677890011226,0.42845117845117847,346235.69651415973
H23,87,8899938.0,28633,87052.04175655344,0.05937205322529948,0.43848007543743234,0.5021478713372682,390918.6632740655,7091227.5,2015,35429.89029586703,0.11315136476426799,0.456575682382134,0.430272952853598,321806.4670563891,7091227.5,3564,59187.80621254529,0.12598204264870932,0.44556677890011226,0.42845117845117847,351272.90041046153
H23,88,9051555.0,28633,87915.886678792,0.05926727901372542,0.43809590332832743,0.5026717423951385,396040.4590752281,7187825.5,2015,35898.359029519044,0.11315136476426799,0.456575682382134,0.430272952853598,326602.6088289014,7187825.5,3564,59975.763507255266,0.12598204264870932,0.44556677890011226,0.42845117845117847,356285.80434830394
H23,89,9188527.0,28633,88712.58009954095,0.05947682743687354,0.4377117312192226,0.5028463660810952,400521.12872289686,7275425.5,2015,36374.23215301015,0.11315136476426799,0.45607940446650125,0.4307692307692308,331045.1972722977,7275425.5,3564,60742.90513171978,0.12598204264870932,0.4452861952861953,0.4287317620650954,360900.2924692018
H23,90,9314301.0,28633,89455.36656719305,0.05926727901372542,0.4376069570076485,0.5031257639786261,404698.45186028065,7355505.0,2015,36829.797987941405,0.11315136476426799,0.45607940446650125,0.4307692307692308,335157.9579829089,7355505.0,3564,61480.08586030599,0.12598204264870932,0.4452861952861953,0.4287317620650954,365190.8481861988
H23,91,9428608.0,28633,90149.90024347759,0.059441902699682185,0.4369433870010128,0.5036496350364964,408569.2452626103,7427986.0,2015,37277.11798005223,0.11513647642679901,0.45508684863523574,0.430272952853598,338940.4797952625,7427986.0,3564,62198.09198918418,0.1271043771043771,0.4444444444444444,0.4287317620650954,369170.9413789184
H23,92,9535737.0,28633,90801.90507642373,0.059337128488108126,0.4368036880522474,0.5038591834596444,412425.31936942844,7495113.0,2015,37712.506059451436,0.11464019851116625,0.45558312655086847,0.4297766749379653,342492.2075821587,7495113.0,3564,62899.66591722501,0.12682379349046016,0.4450056116722783,0.4281705948372615,372949.34009255737
H23,93,9636484.0,28633,91448.37567176815,0.059546676911256244,0.43648936541752525,0.5039639576712185,416418.18032810325,7557702.0,2015,38142.26158542719,0.11563275434243177,0.45508684863523574,0.4292803970223325,345881.44250211585,7557702.0,3564,63602.7774442404,0.127665544332211,0.4447250280583614,0.4276094276094276,376606.1738544828
H23,94,9733498.0,28633,92056.01866699214,0.059546676911256244,0.43648936541752525,0.5039639576712185,419853.12322803546,7617482.5,2015,38559.02785190661,0.11612903225806452,0.45459057071960296,0.4292803970223325,349141.86170985195,7617482.5,3564,64274.897472517674,0.1282267115600449,0.4444444444444444,0.4273288439955107,380083.6975774721
H23,95,9817865.0,28633,92576.13878999763,0.05958160164844759,0.4364544406803339,0.5039639576712185,422359.025901136,7669464.0,2015,38932.79952185434,0.11563275434243177,0.45409429280397023,0.430272952853598,351995.34755143936,7669464.0,3564,64855.61663308504,0.127665544332211,0.4444444444444444,0.4278900112233446,383061.1487687355
H23,96,9890126.0,28633,93008.00943837936,0.05947682743687354,0.43690846226382146,0.503614710299305,424737.02285866544,7713634.0,2015,39257.564928022504,0.11563275434243177,0.45409429280397023,0.430272952853598,354454.8287186942,7713634.0,3564,65376.59400662047,0.127665544332211,0.4444444444444444,0.4278900112233446,385660.6708655281
H23,97,9951882.0,28633,93383.31469096549,0.05968637586002165,0.43648936541752525,0.5038591834596444,427115.4939681727,7751298.5,2015,39552.21194885344,0.11563275434243177,0.45409429280397023,0.430272952853598,356608.87785109703,7751298.5,3564,65849.7532645991,0.12794612794612795,0.44388327721661053,0.4281705948372615,387991.1230188119
H23,98,10007883.0,28633,93709.27876412777,0.05968637586002165,0.4365242901547166,0.5037893339852617,429243.6485996634,7786454.5,2015,39813.29587984905,0.11563275434243177,0.45409429280397023,0.430272952853598,358556.1268587004,7786454.5,3564,66275.86233862337,0.12794612794612795,0.44388327721661053,0.4281705948372615,390101.29928219743
H23,99,10055495.0,28633,93976.78880158579,0.059930849020361124,0.4363845912059512,0.503719484510879,431043.7348636224,7821131.0,2015,40043.359184779016,0.11612903225806452,0.45409429280397023,0.4297766749379653,360227.9270463383,7821131.0,3564,66644.75993936714,0.12878787878787878,0.44332210998877664,0.4278900112233446,391912.0058905477
H23,100,10097632.0,28633,94182.1635265152,0.05996577375755247,0.4360004190968463,0.5040687318827926,432749.08683336887,7851735.0,2015,40246.73969667205,0.11612903225806452,0.45409429280397023,0.4297766749379653,361713.17174319125,7851735.0,3564,66976.99615971622,0.12878787878787878,0.44332210998877664,0.4278900112233446,393536.79692080844
H23,101,10134114.0,28633,94357.23201923685,0.060315021129466004,0.43568609646212414,0.5040338071456012,434415.10944376007,7878471.0,2015,40433.72642855528,0.11612903225806452,0.45260545905707195,0.4312655086848635,363027.49199525407,7878471.0,3564,67287.3514066763,0.12934904601571268,0.4424803591470258,0.4281705948372615,395008.83802392863
H23,102,10167450.0,28633,94503.36912447726,0.060315021129466004,0.43561624698774143,0.5041036566199839,435705.4574425625,7902768.5,2015,40594.10594103888,0.11612903225806452,0.45459057071960296,0.4292803970223325,364197.61056488706,7902768.5,3564,67549.88071755298,0.12934904601571268,0.4436026936026936,0.4270482603815937,396290.94965580455
H23,103,10192288.0,28633,94585.65898069565,0.060419795341040056,0.43586072014808086,0.5037544092480704,436412.7618607186,7921491.5,2015,40720.10081738192,0.11612903225806452,0.45359801488833745,0.430272952853598,365093.8207270109,7921491.5,3564,67742.31658550393,0.12934904601571268,0.4430415263748597,0.4276094276094276,397235.0088585319
H23,104,10210037.0,28633,94592.89228425037,0.06024517165508329,0.43603534383403764,0.503719484510879,436842.1626017279,7934812.5,2015,40797.08011517024,0.11563275434243177,0.45409429280397023,0.430272952853598,365708.3119801787,7934812.5,3564,67862.6811254821,0.12878787878787878,0.4436026936026936,0.4276094276094276,397874.53949581884
H23,105,10219216.0,28633,94533.34227862919,0.06069919323857088,0.43603534383403764,0.5033003876645828,436998.78631656367,7942060.0,2015,40832.90230725973,0.11662531017369727,0.4531017369727047,0.430272952853598,366030.22274020745,7942060.0,3564,67917.7500352061,0.12934904601571268,0.4430415263748597,0.4276094276094276,398203.17424909637
H23,106,10222894.0,28633,94409.29742770726,0.060803967450144936,0.43586072014808086,0.5033353124017742,437010.91538559564,7944822.0,2015,40832.366229726926,0.11662531017369727,0.4531017369727047,0.430272952853598,366129.4516191159,7944822.0,3564,67920.82914749994,0.12934904601571268,0.4430415263748597,0.4276094276094276,398302.5935652238
H23,107,10219621.0,28633,94233.37198394162,0.06104844061048441,0.4357908706736982,0.5031606887158174,436883.8139270202,7942708.5,2015,40804.239338563995,0.11662531017369727,0.45409429280397023,0.4292803970223325,366001.18060843303,7942708.5,3564,67880.0804962085,0.12934904601571268,0.4436026936026936,0.4270482603815937,398172.07365067815
H23,108,10213035.0,28633,94019.67892951085,0.06115321482205847,0.43593056962246357,0.5029162155554779,436552.98646447284,7937712.5,2015,40750.35295386367,0.11712158808933003,0.45359801488833745,0.4292803970223325,365726.73406530556,7937712.5,3564,67799.1111556087,0.12962962962962962,0.4436026936026936,0.42676767676767674,397874.22934773547
H23,109,10199769.0,28633,93758.22953181187,0.06143261271958929,0.43610519330842035,0.5024621939719903,435933.97018845106,7928225.0,2015,40668.86509215546,0.11761786600496278,0.45508684863523574,0.4272952853598015,365232.59081877465,7928225.0,3564,67667.79093875882,0.13019079685746351,0.4444444444444444,0.42536475869809204,397329.9558613712
H23,110,10182858.0,28633,93452.8712698162,0.06143261271958929,0.4362099675199944,0.5023574197604163,435156.20960295916,7915704.5,2015,40564.292752056426,0.11761786600496278,0.4531017369727047,0.4292803970223325,364583.3313859028,7915704.5,3564,67497.76655915382,0.13019079685746351,0.44332210998877664,0.4264870931537598,396615.17348358186
H23,111,10159943.0,28633,93104.31514216172,0.0617120106171201,0.43641951594314254,0.5019732476513115,434187.31025492726,7899156.5,2015,40423.55415500253,0.11811414392059554,0.45459057071960296,0.4277915632754342,363737.52851518267,7899156.5,3564,67279.10129346245,0.1307519640852974,0.4447250280583614,0.42480359147025815,395692.7834051703
H23,112,10133843.0,28633,92719.80865254138,0.0617120106171201,0.4364544406803339,0.5019033981769288,433059.11845272104,7880012.5,2015,40262.75480186429,0.11811414392059554,0.45359801488833745,0.4287841191066998,362757.2457683104,7880012.5,3564,67027.22998754476,0.1307519640852974,0.4444444444444444,0.42508417508417506,394620.7849579337
H23,113,10102680.0,28633,92298.50120764285,0.06192155904026822,0.4362798169943771,0.5019383229141201,431733.0688051733,7857485.0,2015,40083.613252193194,0.11861042183622829,0.45359801488833745,0.428287841191067,361614.1439909542,7857485.0,3564,66741.25523704472,0.13159371492704827,0.4441638608305275,0.4245230078563412,393370.1223307619
H23,114,10068436.0,28633,91850.60896405643,0.06188663430307687,0.43610519330842035,0.5020430971256942,430177.1706611437,7832530.0,2015,39877.81366195064,0.11811414392059554,0.45359801488833745,0.4287841191066998,360344.3294845454,7832530.0,3564,66416.4300549269,0.13131313131313133,0.4444444444444444,0.4245230078563412,391967.2554564121
H23,115,10027659.0,28633,91358.3049992672,0.061991408514650924,0.4360004190968463,0.5020430971256942,428278.4037079549,7803329.5,2015,39646.05771055228,0.11811414392059554,0.4531017369727047,0.4292803970223325,358859.16482716094,7803329.5,3564,66040.20416579075,0.13131313131313133,0.4441638608305275,0.42480359147025815,390313.418229004
H23,116,9982900.0,28633,90803.08771438323,0.062061257989033634,0.43617504278280306,0.501833548702546,426414.5650625656,7770940.5,2015,39386.943227909884,0.11861042183622829,0.4531017369727047,0.4292803970223325,357212.6498477214,7770940.5,3564,65631.87922068044,0.13159371492704827,0.4444444444444444,0.4245230078563412,388516.0057518078
H23,117,9935252.0,28633,90217.66896906211,0.06241050536094716,0.43610519330842035,0.5015541508050152,424741.04395660124,7738418.5,2015,39120.267214757085,0.11811414392059554,0.4531017369727047,0.4287841191066998,355482.606151429,7738418.5,3564,65222.02227764093,0.13131313131313133,0.4444444444444444,0.42424242424242425,386677.85671298834
H23,118,9888026.0,28633,89661.86342585829,0.06251527957252122,0.436070268571229,0.5014144518562498,422811.1547789582,7709403.5,2015,38845.392443723846,0.11811414392059554,0.45260545905707195,0.4292803970223325,353746.5202116533,7709403.5,3564,64794.54386216173,0.13131313131313133,0.4441638608305275,0.4245230078563412,384796.5514250577
H23,119,9833955.0,28633,89072.05082860895,0.06279467747005203,0.43648936541752525,0.500750881849614,420341.54479563935,7676521.5,2015,38537.59743193117,0.11861042183622829,0.45260545905707195,0.4287841191066998,351797.20583184867,7676521.5,3564,64302.261696236135,0.13187429854096522,0.4444444444444444,0.4239618406285073,382632.31272145396
H24,0,1508267.25,28633,871.1267851368287,0.24461285928823387,0.4064191666957706,0.34924737191352634,23875.035850520006,4.997239112854004,2015,0.17440239086737896,0.22233250620347395,0.3955334987593052,0.38312655086848635,0.47215501364953594,17.341798782348633,3564,0.21647873753222602,0.2654320987654321,0.37962962962962965,0.3557800224466891,0.7372131984356829
H24,1,2653647.25,28633,3960.1903394500464,0.22795375964795864,0.41473125414731254,0.35734991094192015,67792.36926834253,18.864587783813477,2015,1.0661870167480605,0.21042183622828783,0.40248138957816376,0.3870967741935484,2.2700369058365664,64.44358825683594,3564,1.2499558234338743,0.250280583613917,0.3877665544332211,0.36195286195286197,3.2112493843631857
H24,2,2299653.0,28633,3773.2789268470315,0.2049732825760486,0.4269898369014773,0.36807180525966543,60579.90429982014,72.36658477783203,2015,4.183514751127229,0.19751861042183622,0.4094292803970223,0.3930521091811414,9.053936135556393,197.70985412597656,3564,4.69464698163063,0.2351290684624018,0.3942199775533109,0.3706509539842873,11.287046220773117
H24,3,1958670.375,28633,3850.142221252698,0.1959277756434883,0.43282226801243323,0.3713198058184612,56899.28367420339,264.9273986816406,2015,8.247475824916123,0.19305210918114143,0.4138957816377171,0.3930521091811414,19.58481138133952,584.0324096679688,3564,9.218156764516948,0.23007856341189675,0.39590347923681257,0.3740179573512907,25.8243189855265
H24,4,1899002.5,28633,4177.117407565719,0.18345964446617538,0.4395976670275556,0.37704746271784306,53772.79236018418,333.4401550292969,2015,12.92666034345802,0.1880893300248139,0.4148883374689826,0.398014888337469,29.602614205997835,1053.080078125,3564,14.728083992563404,0.2222222222222222,0.3961840628507295,0.38215488215488214,42.876773151098966
H24,5,1879927.25,28633,5684.6928935509295,0.17664932071386164,0.444487130234345,0.37886354905179337,61069.29739817794,380.81585693359375,2015,16.66651645318287,0.18660049627791564,0.4153846153846154,0.398014888337469,38.335645148839,1629.982177734375,3564,19.28944354032306,0.21997755331088664,0.3984287317620651,0.38159371492704824,60.212224795479685
H24,6,1817190.875,28633,6235.499122182608,0.16728949114657912,0.449341668703943,0.38336884014947786,61957.85337658394,443.5225830078125,2015,21.448009415421918,0.18163771712158808,0.4173697270471464,0.40099255583126553,48.85765681658123,2263.812744140625,3564,25.035941019534594,0.21464646464646464,0.4009539842873176,0.38439955106621776,79.31597502316673
H24,7,1643676.875,28633,5710.839154990276,0.16281912478608598,0.4506338839800231,0.3866168407082737,54471.72498516543,1314.28955078125,2015,25.963201134875487,0.18014888337468982,0.41786600496277915,0.40198511166253104,66.19250798807886,2693.996337890625,3564,30.307775172609162,0.21268237934904602,0.4012345679012346,0.38608305274971944,99.1790775919485
H24,8,1579467.125,28633,6625.729384645256,0.15517060734117977,0.4552090245520902,0.38962036810673,58075.91792992622,1778.4683837890625,2015,31.493434606793812,0.1771712158808933,0.42034739454094294,0.40248138957816376,83.2467401521812,3083.08154296875,3564,37.02636333039823,0.20763187429854096,0.40404040404040403,0.388327721661055,120.87269696073014
H24,9,1803762.75,28633,8457.267166353671,0.15139873572451368,0.4587014982712255,0.38993469074145215,72000.97211710301,3282.7490234375,2015,36.37157687308768,0.1771712158808933,0.42233250620347396,0.40049627791563275,113.77172131107189,3746.117431640625,3564,43.8331136487726,0.20707070707070707,0.4057239057239057,0.3872053872053872,159.84311631248914
H24,10,2199463.5,28633,9823.711107654779,0.1431914224845458,0.46401005832431114,0.3927985191911431,79625.20837886372,4340.6767578125,2015,42.31101352162149,0.17518610421836228,0.4238213399503722,0.40099255583126553,140.75127891005857,4380.75732421875,3564,52.224615487519074,0.2037037037037037,0.40824915824915825,0.38804713804713803,199.68652494819193
H24,11,2546998.75,28633,11744.033145704345,0.13872105612405267,0.46862012363356964,0.3926588202423777,89131.4757245233,5140.40869140625,2015,46.71508046706824,0.17270471464019851,0.426302729528536,0.40099255583126553,161.93630699797285,5352.861328125,3564,59.89825004887579,0.20202020202020202,0.4102132435465769,0.3877665544332211,241.4602320683003
H24,12,2794764.5,28633,13480.419710229953,0.13428561450075088,0.473404812628785,0.39230957287046414,94731.29490650244,5657.2333984375,2015,52.90608175967642,0.16923076923076924,0.426302729528536,0.4044665012406948,179.3732406350338,294747.1875,3564,231.20804827260307,0.1994949494949495,0.4110549943883277,0.3894500561167228,6958.418892969494
H24,13,2987929.5,28633,15006.655880988494,0.131526560262634,0.4757447700206056,0.39276359445395176,98498.57007823545,6648.29736328125,2015,60.41055311332856,0.1687344913151365,0.426302729528536,0.40496277915632756,213.93252007549984,377998.375,3564,289.88092987807556,0.1989337822671156,0.4116161616161616,0.3894500561167228,8932.807046252916
H24,14,3140045.5,28633,17196.4584868835,0.1267418712674187,0.475290748437118,0.3980023050326546,104501.11597719557,19405.66796875,2015,86.17106134176538,0.16724565756823823,0.4272952853598015,0.4054590570719603,602.4974099664864,381824.625,3564,318.8560580004397,0.19612794612794612,0.4127384960718294,0.39113355780022446,8993.635621326093
H24,15,3238424.5,28633,17985.88460564027,0.12450668808717215,0.475290748437118,0.4003073376872839,106220.96531713854,43426.76171875,2015,141.99631504656412,0.16724565756823823,0.4287841191066998,0.40397022332506205,1446.0225386936518,419594.875,3564,396.4744045940936,0.19584736251402918,0.4127384960718294,0.39197530864197533,9906.063578620167
H24,16,3296820.25,28633,17814.958443727646,0.1206998917333147,0.4755352215974575,0.4037998114064192,105975.11185230779,330858.84375,2015,1103.5156675458725,0.16575682382133994,0.4307692307692308,0.40347394540942927,16836.490075528436,467609.65625,3564,1172.807249885621,0.1936026936026936,0.41470258136924804,0.39169472502805835,18021.04185939638
H24,17,3311873.0,28633,18439.670068585623,0.11870918171340761,0.4768274368735375,0.4044633814130549,107614.70524230225,681008.0,2015,2249.321939735177,0.16526054590570718,0.4287841191066998,0.40595533498759306,35487.832528539875,681008.0,3564,2114.1909128239186,0.19276094276094277,0.41470258136924804,0.3925364758698092,32710.551586450063
H24,18,3314898.0,28633,19704.490459509063,0.11500715957112423,0.4801802116439074,0.40491740299654244,111720.21187530152,771864.0,2015,2541.9306260908443,0.16476426799007443,0.4297766749379653,0.4054590570719603,39725.93776682984,771864.0,3564,3014.7207640424313,0.19051627384960718,0.4158249158249158,0.393658810325477,39040.75881646005
H24,19,3375169.0,28633,23358.682000383953,0.11270212691649495,0.4832186637795551,0.4041141340411413,133138.52880648858,1784428.125,2015,6025.93829145998,0.16377171215880892,0.4277915632754342,0.4084367245657568,87440.70105110292,1784428.125,3564,7054.891642059365,0.1882716049382716,0.4169472502805836,0.3947811447811448,80985.49184493333
H24,20,3453827.75,28633,23433.75617158167,0.11004784688995216,0.48699053539622117,0.4029616177138267,125197.42622556305,1399121.625,2015,5978.585280664956,0.1598014888337469,0.4297766749379653,0.4104218362282878,67699.35867820647,1399121.625,3564,8205.58666564937,0.1840628507295174,0.41891133557800225,0.39702581369248036,69755.70611389556
H24,21,3493692.0,28633,24529.50506693457,0.10879055635106345,0.490343310166591,0.40086613348234557,126194.61732684723,1297097.625,2015,7733.542110015335,0.15632754342431762,0.432258064516129,0.4114143920595533,70924.35062385515,1297097.625,3564,11318.808599170423,0.18153759820426488,0.4211560044893378,0.39730639730639733,81239.58847233266
H24,22,3515921.0,28633,25346.02054930356,0.10659029790800824,0.49142597701952295,0.4019837250724688,129850.3474386546,1490586.375,2015,9443.325782043878,0.1543424317617866,0.4327543424317618,0.4129032258064516,82573.84700037717,1490586.375,3564,12930.111694200326,0.1787317620650954,0.4222783389450056,0.398989898989899,92329.25214677911
H24,23,3557339.25,28633,25156.039808350488,0.10484406104844061,0.4930674396675165,0.4021583487584256,124216.0045010761,1204632.75,2015,7060.525797853451,0.1523573200992556,0.4337468982630273,0.4138957816377171,62261.967762131855,1204632.75,3564,10150.589503052679,0.17536475869809204,0.4219977553310887,0.40291806958473625,69152.75279049363
H24,24,3593055.0,28633,25795.576082755957,0.10274857681695945,0.4926134180840289,0.40463800509901166,122322.15072058763,996338.1875,2015,6846.901641406022,0.15086848635235733,0.43622828784119105,0.4129032258064516,53867.207944505884,996338.1875,3564,10520.160817949505,0.17255892255892255,0.4234006734006734,0.40404040404040403,64236.63000249179
H24,25,3612202.5,28633,27652.04498741493,0.10086264100862641,0.49341668703943004,0.4057555966891349,126449.41867613312,1097811.875,2015,8211.50282549243,0.1498759305210918,0.43573200992555833,0.4143920595533499,61142.07303457748,1097811.875,3564,12746.946009684048,0.17115600448933782,0.4214365881032548,0.40768799102132436,73380.26003110949
H24,26,3628776.75,28633,29205.46664057619,0.09890685572591067,0.4940453323088744,0.40711766143959766,131105.04973970258,1219110.625,2015,10036.288922129599,0.1488833746898263,0.43672456575682383,0.4143920595533499,70699.08103233286,1219110.625,3564,15788.180013519122,0.16835016835016836,0.4239618406285073,0.40768799102132436,86633.1217896166
H24,27,3654076.75,28633,29358.389902163246,0.0974050920266825,0.49408025704606573,0.40858450040163447,132790.44854380147,1292567.875,2015,11309.78402322202,0.1488833746898263,0.43672456575682383,0.4143920595533499,76687.37687187572,1292567.875,3564,17915.626189812763,0.16806958473625142,0.4245230078563412,0.4074074074074074,95923.21241926709
H24,28,3623232.5,28633,29294.30237560364,0.0954842314811581,0.4954423217965285,0.40907344672231344,132960.08956126744,1329133.25,2015,12158.9363096124,0.14590570719602977,0.43870967741935485,0.4153846153846154,80142.70436609942,1329133.25,3564,19593.968147973286,0.16554433221099887,0.42676767676767674,0.40768799102132436,102998.28179014697
H24,29,3446963.75,28633,29608.25757434147,0.09391261830754724,0.49331191282785597,0.4127754688645968,131980.29015270004,1347767.5,2015,12655.516470163233,0.14540942928039702,0.4392059553349876,0.4153846153846154,82525.65369206383,1356306.25,3564,20541.111571938687,0.16414141414141414,0.4273288439955107,0.40852974186307517,107083.4648845685
H24,30,3122007.75,28633,29644.51205430119,0.09206160723640555,0.49044808437816506,0.41752523312262074,130169.2062722324,1361473.625,2015,12944.082258364868,0.143424317617866,0.4401985111662531,0.4163771712158809,84012.92368357522,1389645.125,3564,20869.728342418075,0.16217732884399552,0.4287317620650954,0.4090909090909091,108701.55693951927
H24,31,2733475.5,28633,29551.200163152065,0.09059476827436874,0.4884224496210666,0.4209827821045647,128931.4628100404,1379431.5,2015,13203.393926295596,0.1424317617866005,0.44168734491315137,0.41588089330024813,85455.59535176193,1417075.125,3564,21302.756792070606,0.16161616161616163,0.4292929292929293,0.4090909090909091,110526.60547164491
H24,32,2441231.25,28633,29564.735885935715,0.08821988614535675,0.49177522439143645,0.42003981420039815,127754.3660334883,1396501.125,2015,13557.642100329978,0.14094292803970224,0.44069478908188586,0.41836228287841193,86726.65771959515,1439253.25,3564,21545.377192885473,0.15965207631874298,0.42901234567901236,0.4113355780022447,111102.71475685775
H24,33,2376557.75,28633,30369.95693913346,0.08650857402298048,0.49257849334683756,0.420912932630182,128809.49197642232,1413185.5,2015,14167.082388902376,0.14044665012406948,0.44516129032258067,0.4143920595533499,88496.17476842816,1458773.25,3564,22102.89331035564,0.15937149270482603,0.43125701459034793,0.40937149270482603,112298.88929809125
H24,34,2471721.0,28633,31268.775460727593,0.08497188558656096,0.4914609017567143,0.4236021373939161,130372.73485017437,1428425.0,2015,14802.335744655757,0.13945409429280398,0.44516129032258067,0.4153846153846154,90964.80446187803,1476721.5,3564,22769.660737245264,0.15768799102132436,0.4323793490460157,0.4099326599326599,114407.79635366173
H24,35,2598554.5,28633,32082.727530315387,0.0842035413683512,0.48775887961443093,0.4280375790172179,132072.8576753215,1443199.625,2015,15349.897580156081,0.13796526054590572,0.4461538461538462,0.41588089330024813,93831.56876297486,1493695.875,3564,23415.29283000053,0.15684624017957352,0.4323793490460157,0.4107744107744108,116961.0242142914
H24,36,2667743.5,28633,33047.7308663167,0.0827367024063144,0.4847553522159746,0.43257779485209374,134387.27471405023,1456550.5,2015,15818.102772487897,0.1369727047146402,0.4461538461538462,0.41687344913151364,96465.86258232109,1509386.375,3564,24037.310733232443,0.15544332210998876,0.4323793490460157,0.4121773288439955,119532.441854596
H24,37,2611003.25,28633,34143.43655200055,0.08203820766248734,0.481821674291901,0.4361401180456117,137150.12129169633,1469921.875,2015,16219.271385647748,0.1369727047146402,0.4471464019851117,0.41588089330024813,98860.16950925159,1524542.0,3564,24680.098383564706,0.15544332210998876,0.4329405162738496,0.4116161616161616,122194.41170678576
H24,38,2451032.5,28633,35137.60980875914,0.0807459923864073,0.4811930290224566,0.4380609785911361,139739.8630541234,1482387.625,2015,16604.112842455594,0.13548387096774195,0.4481389578163772,0.4163771712158809,101285.50730013501,1539123.0,3564,25392.196049147016,0.15460157126823793,0.43265993265993263,0.4127384960718294,125129.53139355128
H24,39,2305465.25,28633,35949.21514285451,0.08032689554011106,0.4834631369398945,0.4362099675199944,142302.81746161924,1494669.5,2015,17017.226764246538,0.13548387096774195,0.4486352357320099,0.41588089330024813,104061.82660229746,1553135.75,3564,26208.545616298,0.15460157126823793,0.4337822671156005,0.4116161616161616,128588.36954455487
H24,40,2249575.25,28633,36455.53043413846,0.07903468026403102,0.4844410295812524,0.4365242901547166,143872.89431802288,1508675.625,2015,17396.69207924555,0.1344913151364764,0.4491315136476427,0.4163771712158809,106737.59211872926,1568133.125,3564,26769.18877936653,0.15347923681257014,0.43490460157126826,0.4116161616161616,131180.00169397457
H24,41,2276081.0,28633,37022.0511757132,0.07844095973177802,0.4842664058952956,0.43729263437292637,145612.67573435046,1518092.5,2015,17775.601644687275,0.13399503722084366,0.45062034739454093,0.4153846153846154,109615.92792364709,1580577.125,3564,27348.44242466411,0.15235690235690236,0.43602693602693604,0.4116161616161616,134003.31476364075
H24,42,2340431.75,28633,38111.49885442575,0.07746306709042014,0.483113889567981,0.43945796807879023,149499.94873190002,1527619.25,2015,18131.17996724293,0.13300248138957815,0.4496277915632754,0.41786600496277915,112295.05851646699,1592329.625,3564,28001.31042770047,0.15039281705948374,0.43546576879910215,0.41442199775533106,137115.89769082319
H24,43,2406183.75,28633,39830.817898316265,0.07704397024412392,0.48391715852338213,0.43903887123249397,155988.02306847027,1537446.125,2015,18509.470903795063,0.1325062034739454,0.45062034739454093,0.41687344913151364,115269.13745561181,1603508.375,3564,28815.234451676686,0.1501122334455668,0.43630751964085296,0.41358024691358025,140995.41254506187
H24,44,2472954.5,28633,41969.4119341192,0.07603115286557469,0.4834631369398945,0.44054063493172213,164428.61154556015,1636067.625,2015,18905.469581531077,0.13101736972704714,0.4511166253101737,0.41786600496277915,118475.01383655785,1636067.625,3564,29774.39756928616,0.1478675645342312,0.4377104377104377,0.41442199775533106,145639.61411491362
H24,45,2543193.0,28633,44532.80855200611,0.07529773338455628,0.48063423322739496,0.44406803338804873,175703.46218339828,1729793.125,2015,19275.44051639171,0.13101736972704714,0.4471464019851117,0.4218362282878412,121462.27735608554,1729793.125,3564,30889.610538701683,0.14702581369248036,0.43490460157126826,0.4180695847362514,151127.07790189446
H24,46,2637778.25,28633,45382.33467805774,0.07407536758285894,0.4784688995215311,0.44745573289560997,179618.6110153449,1837509.875,2015,19643.336318137797,0.13002481389578163,0.4521091811414392,0.41786600496277915,124702.90447874283,1837509.875,3564,31405.73104688469,0.14590347923681257,0.4377104377104377,0.4163860830527497,153957.79576800944
H24,47,2682520.5,28633,44144.07431371128,0.07376104494813676,0.4795864911116544,0.44672231341459157,173255.8677261781,1996386.75,2015,20088.365749151693,0.13002481389578163,0.4531017369727047,0.41687344913151364,129212.2362592309,1996386.75,3564,31187.68524503165,0.14506172839506173,0.4382716049382716,0.4166666666666667,154260.85499881816
H24,48,2756291.75,28633,44843.772066406134,0.07274822756958754,0.4778053295148954,0.4494813676527084,176576.45672848506,2127561.0,2015,20519.617633748418,0.12853598014888337,0.4521091811414392,0.41935483870967744,133316.5328051581,2127561.0,3564,31799.750928538997,0.14309764309764308,0.4385521885521885,0.41835016835016836,157989.20365780394
H24,49,2858002.5,28633,47042.341265059484,0.07232913072329131,0.4693884678517794,0.45828240142492926,185911.07825923953,2261883.75,2015,20991.476676772287,0.12853598014888337,0.45260545905707195,0.41885856079404465,137781.79634043394,2261883.75,3564,32654.511204416052,0.1425364758698092,0.4399551066217733,0.4175084175084175,162748.23007294117
H24,50,2932443.25,28633,47323.44012690959,0.0715957112422729,0.46959801627492753,0.4588062724827996,188414.37997672916,2343745.0,2015,21320.564973123524,0.12803970223325062,0.4471464019851117,0.4248138957816377,140668.22605335288,2343745.0,3564,33184.18699838036,0.1414141414141414,0.4371492704826038,0.4214365881032548,165660.21807579574
H24,51,3015874.75,28633,48620.88862639332,0.07121153913316802,0.46935354311458805,0.45943491775224393,196027.6497925651,2515358.25,2015,21866.939412252857,0.12754342431761787,0.45409429280397023,0.41836228287841193,146243.84615930045,2515358.25,3564,34116.49433327416,0.14085297418630752,0.44079685746352415,0.41835016835016836,171286.34167797994
H24,52,3096577.75,28633,50689.45811330214,0.07044319491495826,0.46694373624838476,0.46264799357384834,206075.71102821972,2708334.5,2015,22467.366256879286,0.1270471464019851,0.45409429280397023,0.41885856079404465,152656.02361097236,2708334.5,3564,35170.472309016455,0.14057239057239057,0.44107744107744107,0.41835016835016836,177856.14472417376
H24,53,3226235.5,28633,52165.99305661887,0.06995424859427933,0.4642196067474592,0.46582614465826144,212745.55531454162,2857934.0,2015,22952.2132639324,0.12655086848635236,0.45359801488833745,0.41985111662531016,157836.2336154631,2857934.0,3564,36013.33387991194,0.14029180695847362,0.44107744107744107,0.4186307519640853,183094.64202305893
H24,54,3414881.25,28633,53603.80524665004,0.06939545279921769,0.46205427304159535,0.468655048370761,219335.70107341954,3015126.0,2015,23454.455613789767,0.12456575682382134,0.45459057071960296,0.42133995037220845,163326.96434548064,3015126.0,3564,36875.714060401486,0.138327721661055,0.4424803591470258,0.41947250280583614,188608.0102027321
H24,55,3598535.5,28633,54990.224055095896,0.06922082911326093,0.45667586351412703,0.474103307372612,225605.3253308055,3175748.0,2015,23968.51163943627,0.12357320099255584,0.45558312655086847,0.42084367245657567,169053.16246986907,3175748.0,3564,37748.885716088895,0.1377665544332211,0.44332210998877664,0.41891133557800225,194291.81894824593
H24,56,3784563.0,28633,56566.97822359246,0.06880173226696469,0.4536723361156707,0.4775608563545559,232363.63197650752,3326777.75,2015,24455.292033359794,0.12258064516129032,0.45558312655086847,0.4218362282878412,174521.22518612424,3326777.75,3564,38586.94677945104,0.1366442199775533,0.44388327721661053,0.41947250280583614,199797.65626486152
H24,57,3979624.5,28633,58398.418366682476,0.06831278594628576,0.45297384137184366,0.4787133726818706,239854.86589652504,3477181.25,2015,24935.403316759322,0.12258064516129032,0.45558312655086847,0.4218362282878412,180012.19594589502,3477181.25,3564,39434.582732834984,0.1366442199775533,0.4441638608305275,0.41919191919191917,205388.9808811589
H24,58,4167556.25,28633,59959.31884826755,0.06757936646526735,0.45262459399993016,0.4797960395348025,246437.69474744462,3630355.25,2015,25376.863132539453,0.12109181141439206,0.4575682382133995,0.42133995037220845,185411.9470189767,3630355.25,3564,40221.057973666575,0.13552188552188552,0.4458473625140292,0.4186307519640853,210810.95921510994
H24,59,4349738.5,28633,61138.12978147359,0.06723011909335382,0.4507386581915971,0.48203122271504906,252254.8086336488,3786746.25,2015,25758.21911211818,0.12109181141439206,0.45806451612903226,0.42084367245657567,190857.1685566087,3786746.25,3564,40915.82911962794,0.13552188552188552,0.44612794612794615,0.41835016835016836,216136.77550346733
H24,60,4537645.0,28633,62277.6134243191,0.06663639856110083,0.4504592602940663,0.48293926588202424,258293.54602649593,3940880.5,2015,26172.075135419,0.12109181141439206,0.458560794044665,0.42034739454094294,196693.5463973432,3940880.5,3564,41648.43163514171,0.13496071829405162,0.44668911335578004,0.4186307519640853,221840.52781591765
H24,61,4731238.5,28633,63485.48458632061,0.06646177487514407,0.4482590018510111,0.4852792232738449,264608.0876756729,4098764.0,2015,26603.693917122364,0.12109181141439206,0.458560794044665,0.42034739454094294,202929.84930682793,4098764.0,3564,42417.04794573138,0.13468013468013468,0.44668911335578004,0.4186307519640853,227947.3441631747
H24,62,4922924.5,28633,64658.43295957872,0.06590297908008243,0.4471414102608878,0.4869556106590298,270715.9196040163,4251456.5,2015,27024.96005172198,0.1205955334987593,0.45806451612903226,0.42133995037220845,209059.85483651268,4251456.5,3564,43164.49652129758,0.13439955106621773,0.44556677890011226,0.42003367003367004,233918.09705756055
H24,63,5104515.5,28633,65786.6478127045,0.06565850591974295,0.44501100129221527,0.48933049278804175,276516.3367373305,4396141.0,2015,27436.434629165247,0.1205955334987593,0.4575682382133995,0.4218362282878412,214916.42036260254,4396141.0,3564,43882.02590399422,0.13383838383838384,0.4458473625140292,0.42031425364758696,239582.33289788297
H24,64,5287941.0,28633,67002.48080784825,0.06520448433625536,0.4447665281318758,0.4900289875318688,282855.800614876,4535335.0,2015,27870.889485716056,0.12009925558312655,0.4575682382133995,0.42233250620347396,220590.87767012935,4535335.0,3564,44607.791142781425,0.132996632996633,0.4441638608305275,0.4228395061728395,245087.28763970724
H24,65,5489221.0,28633,68402.75957462874,0.0650298606502986,0.4458841197219991,0.4890860196277023,290287.55481242284,4678337.0,2015,28289.572780994753,0.12009925558312655,0.458560794044665,0.42133995037220845,226497.66307215462,4678337.0,3564,45343.180149125816,0.132996632996633,0.4447250280583614,0.4222783389450056,250892.42545613187
H24,66,5688501.5,28633,69664.48968515536,0.06468061327838508,0.4446268291831104,0.49069255753850455,296985.7174015709,4829416.0,2015,28709.108358411315,0.1196029776674938,0.4595533498759305,0.42084367245657567,232799.65699991872,4829416.0,3564,46040.00442712319,0.1324354657687991,0.44612794612794615,0.4214365881032548,256816.26818183484
H24,67,5853626.5,28633,70746.28880202516,0.06454091432961967,0.44312506548388225,0.4923340201864981,302849.82783004205,4978646.5,2015,29129.321723916735,0.1196029776674938,0.4575682382133995,0.4228287841191067,239065.69130836456,4978646.5,3564,46736.0969490649,0.13215488215488216,0.4452861952861953,0.4225589225589226,262748.37526516523
H24,68,6014853.0,28633,71853.08371399323,0.06398211853455803,0.4430901407466909,0.4929277407187511,308732.00111755816,5118309.5,2015,29525.925377768403,0.11910669975186104,0.45508684863523574,0.4258064516129032,244875.72964787652,5118309.5,3564,47410.649190799784,0.13159371492704827,0.4447250280583614,0.42368125701459036,268305.30456631695
H24,69,6195059.0,28633,72998.47071872851,0.06370272063702721,0.44267104390039463,0.4936611601997695,315019.76012824825,5255498.5,2015,29906.68894104496,0.11811414392059554,0.45558312655086847,0.426302729528536,250573.07629447491,5255498.5,3564,48088.57168942355,0.13103254769921435,0.4452861952861953,0.42368125701459036,273842.02182884025
H24,70,6384012.0,28633,74107.637698151,0.06300422589320015,0.44256626968882057,0.4944295044179793,321275.3429822577,5390875.0,2015,30291.18555671925,0.11861042183622829,0.45508684863523574,0.426302729528536,256198.98682388462,5390875.0,3564,48769.18367484373,0.13103254769921435,0.4444444444444444,0.4245230078563412,279326.051911562
H24,71,6577226.0,28633,75210.20423183634,0.0628994516816261,0.4421820975797157,0.4949184507386582,327539.0488353203,5528498.0,2015,30653.46512117107,0.11861042183622829,0.45508684863523574,0.426302729528536,261606.18090312753,5528498.0,3564,49451.36297344287,0.1307519640852974,0.4447250280583614,0.4245230078563412,284719.47760644596
H24,72,6772223.0,28633,76276.11441948137,0.062445430098138514,0.4414486780986973,0.49610589180316417,333222.3453368516,5667109.5,2015,30980.08251531232,0.11712158808933003,0.45607940446650125,0.4267990074441687,266214.18719896977,5667109.5,3564,50160.72878734314,0.12962962962962962,0.44556677890011226,0.42480359147025815,289773.7851512811
H24,73,6967267.5,28633,77296.83065304195,0.062375580623755804,0.4405057101945308,0.49715363391890477,338261.4495453628,5804517.0,2015,31139.703983070187,0.11712158808933003,0.45707196029776676,0.426302729528536,268026.8626435018,5804517.0,3564,50979.28110930365,0.12962962962962962,0.44612794612794615,0.4245230078563412,294219.65841137496
H24,74,7159010.0,28633,78362.63494338725,0.06153738693116334,0.44036601124576535,0.49813152656026266,343698.28786427487,5938645.5,2015,31293.954217356208,0.11662531017369727,0.45508684863523574,0.4287841191066998,269924.17340831785,5938645.5,3564,51820.77500015746,0.12878787878787878,0.4447250280583614,0.42676767676767674,299442.54542064766
H24,75,7344585.5,28633,79437.40564943648,0.06139768798239793,0.44043586072014806,0.49816645129745396,349366.5741483319,6069372.0,2015,31663.496454141707,0.11612903225806452,0.45459057071960296,0.4292803970223325,275368.5010820389,6069372.0,3564,52461.66435134956,0.1282267115600449,0.4447250280583614,0.4270482603815937,304729.7195221774
H24,76,7529451.5,28633,80495.75238003499,0.06083889218733629,0.4406454091432962,0.4985156986693675,355005.7697003964,6199630.5,2015,32058.087657407526,0.11612903225806452,0.45459057071960296,0.4292803970223325,280983.7234330406,6199630.5,3564,53100.74002719805,0.127665544332211,0.4452861952861953,0.4270482603815937,310039.9070697975
H24,77,7726400.5,28633,81628.7859905158,0.06073411797576223,0.44043586072014806,0.49886494604128107,360676.2602787745,6337074.5,2015,32477.388570434887,0.11612903225806452,0.45558312655086847,0.428287841191067,286930.37525204296,6337074.5,3564,53810.44541969589,0.127665544332211,0.44556677890011226,0.42676767676767674,315792.5975460782
H24,78,7925261.0,28633,82784.54249253661,0.05996577375755247,0.43994691439946915,0.5000873118429784,366108.46946015157,6476851.5,2015,32932.10545347409,0.11364764267990074,0.45607940446650125,0.430272952853598,292954.7898677029,6476851.5,3564,54570.70591646198,0.12598204264870932,0.4458473625140292,0.4281705948372615,321714.07885656686
H24,79,8114698.5,28633,83831.82365147099,0.05975622533440436,0.43928334439283345,0.5009953550099535,370717.73454679275,6606698.0,2015,33454.84419483694,0.11364764267990074,0.45607940446650125,0.4307692307692308,298744.0547695328,6606698.0,3564,55432.4345928581,0.12598204264870932,0.4458473625140292,0.42845117845117847,327453.0227608636
H24,80,8306828.0,28633,84818.47435389744,0.05940697796249083,0.4391785701812594,0.5014493765934411,375139.8850065155,6727362.0,2015,34036.51155658034,0.11364764267990074,0.45607940446650125,0.4307692307692308,304565.755168016,6727362.0,3564,56387.11584673862,0.12598204264870932,0.4458473625140292,0.42845117845117847,333247.355693075
H24,81,8506074.0,28633,85864.86672422782,0.05930220375091677,0.43882932280934583,0.5019033981769288,380458.559842943,6848687.5,2015,34561.159613012234,0.11315136476426799,0.45607940446650125,0.4307692307692308,310417.479899567,6848687.5,3564,57482.30591241429,0.12598204264870932,0.44556677890011226,0.42845117845117847,339379.46691840346
H24,82,8699107.0,28633,86931.04507882772,0.05919742953934272,0.4385848496490064,0.502217720811651,385898.1311760334,6966532.0,2015,35079.47711229209,0.11315136476426799,0.456575682382134,0.430272952853598,316108.54549486935,6966532.0,3564,58567.36617402372,0.12598204264870932,0.44556677890011226,0.42845117845117847,345634.3711823305
H24,83,8884048.0,28633,87970.49419631438,0.05902280585338595,0.43889917228372854,0.5020780218628855,391412.5848407201,7081579.0,2015,35602.32129399426,0.11315136476426799,0.456575682382134,0.430272952853598,321702.99538316444,7081579.0,3564,59436.7860609444,0.12598204264870932,0.44556677890011226,0.42845117845117847,351357.744224451
H24,84,9057213.0,28633,88998.03523414407,0.05863863374428108,0.43830545175147556,0.5030559145042434,396742.2135849832,7192541.0,2015,36154.82608133142,0.11265508684863523,0.45607940446650125,0.4312655086848635,327186.23203763645,7192541.0,3564,60338.57148460967,0.12570145903479238,0.4452861952861953,0.42901234567901236,357010.4795599115
H24,85,9223310.0,28633,89957.08560213546,0.05853385953270702,0.4380260538539448,0.5034750113505396,401671.1360660141,7298935.5,2015,36722.755198015955,0.11265508684863523,0.45558312655086847,0.4317617866004963,332532.29922755726,7298935.5,3564,61238.140190398495,0.12570145903479238,0.4450056116722783,0.4292929292929293,362464.1480177769
H24,86,9380235.0,28633,90902.38426861307,0.058009988474836724,0.4380260538539448,0.5039988824084098,406461.48891412583,7399220.0,2015,37314.88838304482,0.11166253101736973,0.45558312655086847,0.4327543424317618,337676.0538248129,7399220.0,3564,62165.7084132864,0.12457912457912458,0.4450056116722783,0.43041526374859707,367746.94902508805
H24,87,9535718.0,28633,91840.35891441914,0.05790521426326267,0.437851430167988,0.5042782803059407,411303.5515629544,7497268.5,2015,37928.34579705745,0.11215880893300248,0.45508684863523574,0.43325062034739453,342799.2900448035,7497268.5,3564,63130.3650695065,0.12485970819304153,0.4447250280583614,0.43069584736251404,373046.4978771504
H24,88,9684366.0,28633,92722.77468315848,0.05776551531449726,0.4374672580588831,0.5047672266266197,416317.4115299316,7589516.5,2015,38540.26372706754,0.11215880893300248,0.45558312655086847,0.432258064516129,347753.0534555934,7589516.5,3564,64099.56338062361,0.12485970819304153,0.4452861952861953,0.4298540965207632,378231.0543370409
H24,89,9822160.0,28633,93643.6810282767,0.0577305905773059,0.437257709635735,0.5050116997869591,421351.1064397528,7674421.0,2015,39150.274990021164,0.11265508684863523,0.45508684863523574,0.432258064516129,352413.61093398085,7674421.0,3564,65072.473876462136,0.12485970819304153,0.44556677890011226,0.42957351290684626,383198.09224535007
H24,90,9950639.0,28633,94537.5644673522,0.05762581636573185,0.43708308594977824,0.5053260224216812,426221.62267720554,7752982.0,2015,39739.03109560184,0.11265508684863523,0.45409429280397023,0.43325062034739453,356818.40184382553,7752982.0,3564,66019.58228933276,0.12485970819304153,0.4447250280583614,0.43041526374859707,387933.36972081056
H24,91,10067812.0,28633,95394.06284379796,0.05787028952607132,0.43701323647539553,0.5051164739985332,430790.0926939633,7831718.5,2015,40313.09894695581,0.11265508684863523,0.45459057071960296,0.4327543424317618,360930.9051640461,7831718.5,3564,66939.49242389001,0.12570145903479238,0.4444444444444444,0.4298540965207632,392389.6728238324
H24,92,10176839.0,28633,96186.18957615747,0.05783536478887996,0.4368036880522474,0.5054307966332553,435149.1311998791,7910906.5,2015,40864.13242631843,0.11265508684863523,0.45508684863523574,0.432258064516129,364812.0556832588,7910906.5,3564,67826.17152963037,0.12570145903479238,0.4444444444444444,0.4298540965207632,396616.4881298049
H24,93,10278076.0,28633,96946.96967338583,0.05787028952607132,0.4365242901547166,0.5056403450564034,439393.374292012,7985589.0,2015,41407.939589394126,0.11315136476426799,0.45508684863523574,0.4317617866004963,368491.400476234,7985589.0,3564,68697.46824902206,0.12598204264870932,0.4444444444444444,0.42957351290684626,400655.32937188126
H24,94,10378284.0,28633,97701.98080162081,0.05804491321202808,0.4366290643662906,0.5053958718960639,443376.5806053756,8059620.0,2015,41982.05807928562,0.11364764267990074,0.45558312655086847,0.4312655086848635,372212.4470629739,8059620.0,3564,69607.32152022915,0.12626262626262627,0.4444444444444444,0.42957351290684626,404737.40128245024
H24,95,10467839.0,28633,98390.19601743108,0.05811476268641078,0.43683861278943875,0.5051164739985332,446741.06652323017,8127285.0,2015,42531.78788992057,0.11364764267990074,0.45508684863523574,0.4317617866004963,375613.50594194,8127285.0,3564,70463.73059983733,0.12626262626262627,0.4441638608305275,0.4298540965207632,408460.9321783105
H24,96,10548701.0,28633,98982.8175968192,0.05804491321202808,0.43708308594977824,0.5048720008381937,449828.6367923163,8189275.5,2015,43029.006254888904,0.11315136476426799,0.45558312655086847,0.4312655086848635,378698.0585297385,8189275.5,3564,71243.40171803258,0.12598204264870932,0.4447250280583614,0.4292929292929293,411851.7116745578
H24,97,10620308.0,28633,99508.42677169661,0.05818461216079349,0.43722278489854366,0.5045926029406629,452694.78804319305,8244385.5,2015,43484.284436376765,0.11315136476426799,0.45558312655086847,0.4312655086848635,381454.79457346624,8244385.5,3564,71958.96610562658,0.12570145903479238,0.4450056116722783,0.4292929292929293,414926.03691493836
H24,98,10687505.0,28633,99971.34367918389,0.05818461216079349,0.43729263437292637,0.5045227534662802,455262.793257695,8332191.0,2015,43873.55239194244,0.11265508684863523,0.45558312655086847,0.4317617866004963,384210.6680297413,8332191.0,3564,72588.24709675756,0.1251402918069585,0.4450056116722783,0.4298540965207632,418122.84587317053
H24,99,10742524.0,28633,100335.84227634917,0.058464010058324314,0.43732755911011767,0.5042433555687493,457248.1575960867,8387211.0,2015,44211.570005258734,0.1141439205955335,0.45459057071960296,0.4312655086848635,386367.05816063785,8387211.0,3564,73120.1067977102,0.12598204264870932,0.4444444444444444,0.42957351290684626,420572.7219403439
H24,100,10790382.0,28633,100607.38405942543,0.058464010058324314,0.4376768064820312,0.5038591834596444,458885.3033757461,8421967.0,2015,44498.12642012712,0.11464019851116625,0.45508684863523574,0.430272952853598,388103.020170917,8421967.0,3564,73569.74127894503,0.12626262626262627,0.4447250280583614,0.42901234567901236,422513.7867086343
H24,101,10824818.0,28633,100777.0878879826,0.058743407955855136,0.4376768064820312,0.5035797855621137,460047.06301502633,8447376.0,2015,44708.1878069435,0.11513647642679901,0.45409429280397023,0.4307692307692308,389358.25669410784,8447376.0,3564,73897.80870558631,0.12682379349046016,0.44388327721661053,0.4292929292929293,423924.2658123855
H24,102,10852200.0,28633,100852.83006933771,0.058778332693046484,0.43781650543079664,0.5034051618761569,460963.781999276,8466634.0,2015,44841.50187983514,0.11513647642679901,0.45508684863523574,0.4297766749379653,390282.7060230991,8466634.0,3564,74124.00908665126,0.1271043771043771,0.4447250280583614,0.4281705948372615,424976.627402177
H24,103,10867775.0,28633,100845.55027305134,0.058952956379003246,0.4380609785911361,0.5030559145042434,461582.9227304775,8478087.0,2015,44926.60000805228,0.11513647642679901,0.45558312655086847,0.4297766749379653,390818.88200680265,8478087.0,3564,74263.01762097327,0.1271043771043771,0.4450056116722783,0.4281705948372615,425604.0817201755
H24,104,10879774.0,28633,100786.01633707916,0.05902280585338595,0.43816575280271014,0.5029511402926693,462011.16358796775,8485929.0,2015,44977.08945790709,0.11513647642679901,0.45607940446650125,0.4292803970223325,391186.88442823844,8485929.0,3564,74348.07300065692,0.1271043771043771,0.44556677890011226,0.4276094276094276,426031.3887869063
H24,105,10880868.0,28633,100654.47276555462,0.059162504802151364,0.4379212796423707,0.5029860650298607,462070.2827937302,8486954.0,2015,44983.023450155284,0.11513647642679901,0.456575682382134,0.4287841191066998,391225.2388423616,8486954.0,3564,74358.1606895083,0.12738496071829405,0.4458473625140292,0.4270482603815937,426095.24306791154
H24,106,10877965.0,28633,100479.07969610691,0.05909265532776866,0.43816575280271014,0.5028463660810952,461743.6582367687,8484261.0,2015,44942.7623536178,0.1141439205955335,0.45607940446650125,0.430272952853598,391060.7632135334,8484261.0,3564,74298.4137573016,0.12682379349046016,0.44556677890011226,0.4278900112233446,425905.18088328396
H24,107,10860014.0,28633,100201.97776688861,0.05940697796249083,0.43816575280271014,0.5024621939719903,460650.55468939844,8472256.0,2015,44816.7202727455,0.1141439205955335,0.456575682382134,0.4297766749379653,390375.8876419399,8472256.0,3564,74088.73463478834,0.1271043771043771,0.44640852974186307,0.42676767676767674,425094.0486420819
H24,108,10834202.0,28633,99817.65690892843,0.05947682743687354,0.4382006775399015,0.5023574197604163,459394.0546087241,8453589.0,2015,44645.05987042323,0.11464019851116625,0.45607940446650125,0.4297766749379653,389395.5270394219,8453589.0,3564,73821.38175270439,0.12738496071829405,0.44612794612794615,0.42676767676767674,423965.0674724344
H24,109,10797646.0,28633,99349.27576879517,0.05975622533440436,0.4380260538539448,0.5022526455488422,457966.8073212948,8427759.0,2015,44397.08848351446,0.11464019851116625,0.456575682382134,0.4292803970223325,388028.06417356175,8427759.0,3564,73438.89485770527,0.12794612794612795,0.44612794612794615,0.42620650953984285,422438.18001363723
H24,110,10760325.0,28633,98848.5731748769,0.059826074808787065,0.4380609785911361,0.502217720811651,456434.0453364559,8399996.0,2015,44122.864361994616,0.1141439205955335,0.456575682382134,0.4297766749379653,386566.17718253826,8399996.0,3564,73018.7470536835,0.127665544332211,0.44640852974186307,0.42620650953984285,420797.0605929383
H24,111,10715132.0,28633,98296.15196046795,0.060105472706317886,0.4377117312192226,0.5021827960744596,454607.39645457943,8367171.0,2015,43808.98234459714,0.1141439205955335,0.456575682382134,0.4292803970223325,384845.50749185245,8367171.0,3564,72531.23094906157,0.127665544332211,0.44640852974186307,0.42592592592592593,418862.7769322445
H24,112,10668834.0,28633,97712.45847320845,0.06028009639227465,0.437362483847309,0.502427269234799,452661.61244183907,8323543.0,2015,43485.724251041516,0.1141439205955335,0.45607940446650125,0.430272952853598,382992.04150550463,8323543.0,3564,72028.86189295816,0.127665544332211,0.4458473625140292,0.42676767676767674,416749.59831773955
H24,113,10617876.0,28633,97096.98712423502,0.06055949428980547,0.4375371075332658,0.5019383229141201,450504.3472351234,8242962.0,2015,43166.60258806026,0.1141439205955335,0.45607940446650125,0.4297766749379653,380769.2813330385,8242962.0,3564,71517.6653809626,0.12794612794612795,0.44556677890011226,0.4264870931537598,414130.7884645243
H24,114,10566169.0,28633,96456.24655058546,0.06066426850137953,0.4374672580588831,0.5019033981769288,448305.375525916,8203568.5,2015,42811.530331351525,0.1141439205955335,0.45558312655086847,0.430272952853598,378756.56313363963,8203568.5,3564,70965.47791924044,0.12794612794612795,0.44556677890011226,0.4264870931537598,411879.3400040648
H24,115,10509671.0,28633,95790.90626199273,0.06094366639891035,0.4374672580588831,0.5016589250165893,445974.1030459028,8161428.5,2015,42441.9185480051,0.11513647642679901,0.45607940446650125,0.4292803970223325,376609.7658169112,8161428.5,3564,70387.283658329,0.12878787878787878,0.44556677890011226,0.42592592592592593,409491.900354155
H24,116,10452411.0,28633,95107.33635267816,0.06101351587329305,0.43757203227045716,0.5014843013306325,443531.5774937181,8118961.0,2015,42065.6447713109,0.11513647642679901,0.45558312655086847,0.4297766749379653,374424.00654215575,8118961.0,3564,69795.7833139089,0.12878787878787878,0.44556677890011226,0.42592592592592593,407053.2193405202
H24,117,10388277.0,28633,94378.76051337241,0.06115321482205847,0.43743233332169174,0.5014843013306325,440795.4865335897,8072349.5,2015,41676.72473207138,0.11563275434243177,0.45459057071960296,0.430272952853598,372022.30481447576,8072349.5,3564,69162.866063338,0.12934904601571268,0.4447250280583614,0.42620650953984285,404372.9246070664
H24,118,10321841.0,28633,93613.87647316633,0.06122306429644117,0.43764188174483987,0.5011699786959103,437990.2388428019,8023084.0,2015,41248.13028511594,0.11563275434243177,0.45459057071960296,0.430272952853598,369539.9244470673,8023084.0,3564,68504.8391591762,0.12934904601571268,0.4450056116722783,0.42592592592592593,401619.11526747514
H24,119,10252178.0,28633,92842.26596450986,0.06143261271958929,0.43750218279607445,0.5010652044843362,435116.46498967626,7971716.5,2015,40850.06715183862,0.11612903225806452,0.45359801488833745,0.430272952853598,366994.2391295216,7971716.5,3564,67869.9896563102,0.13019079685746351,0.4444444444444444,0.42536475869809204,398817.56465332425
H2,0,1806757.75,28633,1471.337783604995,0.24999126881570216,0.40366011245765376,0.3466629413613663,34547.0931274139,3.9588658809661865,2015,0.11820943934831324,0.22679900744416873,0.3945409429280397,0.37866004962779154,0.3409312911810505,12.409040451049805,3564,0.14810177195977509,0.2707631874298541,0.3782267115600449,0.3515712682379349,0.5327138471188818
H2,1,3296243.75,28633,5212.841507322722,0.2323542765340691,0.41274054412740546,0.3551147277616736,87160.30099137718,13.72300910949707,2015,0.7377778887122213,0.2129032258064516,0.40198511166253104,0.38610421836228287,1.5984686698271913,47.65316390991211,3564,0.8744060488725725,0.2542087542087542,0.38552188552188554,0.3608305274971942,2.349041682694884
H2,2,2430436.75,28633,4603.918795059776,0.20923410051339364,0.42454510529808265,0.3662906436629064,71544.84195204517,49.62220764160156,2015,2.9986660308010404,0.2,0.4074441687344913,0.3930521091811414,6.397129967682265,142.27655029296875,3564,3.399503256903231,0.23765432098765432,0.3930976430976431,0.36980920314253646,8.14855107365917
H2,3,2238157.0,28633,4517.655482140672,0.19935039988824085,0.43020291272308175,0.3704466873886774,61729.14663169698,166.5863037109375,2015,6.30988351264789,0.1945409429280397,0.4109181141439206,0.3945409429280397,14.849257593980115,408.93731689453125,3564,7.022246225155069,0.23204264870931537,0.3945005611672278,0.3734567901234568,18.981005417490742
H2,4,2158819.75,28633,5926.086766966803,0.1867076450249712,0.4371878601613523,0.3761394195508679,66762.7993651868,324.6921081542969,2015,10.285167771054114,0.1900744416873449,0.4153846153846154,0.3945409429280397,24.095403618664317,810.4036254882812,3564,11.700709865899146,0.22586980920314254,0.3961840628507295,0.3779461279461279,34.15419830390484
H2,5,2032013.625,28633,6566.855612966722,0.18017671917018824,0.44172807599622815,0.37813012957077496,66444.92604324342,333.1403503417969,2015,13.464860631826658,0.18759305210918115,0.4148883374689826,0.3975186104218362,31.22697438677131,1242.912841796875,3564,15.542555173048171,0.2222222222222222,0.3961840628507295,0.38159371492704824,47.860617787786055
H2,6,1874234.75,28633,6315.897228149625,0.17175985750707226,0.4467921628889743,0.3814479796039535,60512.173299770606,380.50726318359375,2015,17.318327195047008,0.18560794044665013,0.4153846153846154,0.3990074441687345,39.407769172626615,1818.4664306640625,3564,20.250066371252633,0.21885521885521886,0.3984287317620651,0.38271604938271603,64.32755211843991
H2,7,1900112.875,28633,7861.325697290153,0.16585757692173367,0.45017986239653546,0.3839974854189222,69541.94325706232,706.1454467773438,2015,20.943393145579307,0.18411910669975187,0.41588089330024813,0.4,50.394410608872946,2324.382080078125,3564,24.578918886956586,0.21717171717171718,0.3992704826038159,0.3835578002244669,81.10260582945317
H2,8,2300814.75,28633,9842.858699443741,0.1571962420982782,0.45541857297523836,0.38738518492648344,82379.78431442846,1400.0098876953125,2015,25.488318900881445,0.18014888337468982,0.41836228287841193,0.40148883374689825,66.04990031703153,2667.017822265625,3564,29.979447320191102,0.21240179573512907,0.40179573512906847,0.38580246913580246,99.09493231442671
H2,9,2748391.25,28633,12204.629751601842,0.15090978940383473,0.46104145566304616,0.38804875493311913,94571.14501240032,2145.318359375,2015,29.457516501769977,0.1791563275434243,0.42084367245657567,0.4,84.44335447678401,2968.968994140625,3564,35.02342067082593,0.2112794612794613,0.40291806958473625,0.38580246913580246,120.66576887318674
H2,10,3001203.5,28633,13722.695226326838,0.14486780986973072,0.46565152097230467,0.3894806691579646,99757.18532828384,3550.115478515625,2015,34.730417550585834,0.1771712158808933,0.42233250620347396,0.40049627791563275,114.0760913129021,208537.1875,3564,157.88659760094703,0.20679012345679013,0.4057239057239057,0.38748597081930414,4893.954244811987
H2,11,3229103.5,28633,15315.535439072368,0.14214368036880523,0.46802640310131666,0.38982991652987814,103961.07848357476,4426.1123046875,2015,38.569983128471605,0.1761786600496278,0.4238213399503722,0.4,136.40184017527463,413404.1875,3564,279.82437372643733,0.2059483726150393,0.40712682379349047,0.38692480359147025,9783.767232019778
H2,12,3416358.25,28633,17987.8547732661,0.1367652708413369,0.4702615862815632,0.39297314287709983,111260.74114277623,5107.7431640625,2015,43.17486344594416,0.17320099255583127,0.4258064516129032,0.40099255583126553,154.7124042878936,410422.875,3564,283.3186830860597,0.20230078563411896,0.4099326599326599,0.3877665544332211,9652.195339041558
H2,13,3485824.25,28633,18861.285607093345,0.133901442391646,0.47033143575594594,0.3958020465895994,112137.50462492816,6094.5244140625,2015,51.863644007589464,0.17220843672456576,0.426302729528536,0.40148883374689825,221.25325820457675,478208.09375,3564,335.4921541186932,0.20145903479236812,0.4107744107744108,0.3877665544332211,11161.845696368277
H2,14,3517736.75,28633,18366.24088424882,0.1293961512939615,0.4706806831278595,0.39992316557817903,110881.72021530586,18657.09765625,2015,76.78953671449902,0.16823821339950373,0.4277915632754342,0.40397022332506205,586.0562613559673,587133.875,3564,424.1492574892887,0.1989337822671156,0.4116161616161616,0.3894500561167228,13598.609480348296
H2,15,3618088.5,28633,18964.8566247017,0.12677679600461006,0.4712394789229211,0.4020186498096602,114019.51359058722,42097.20703125,2015,123.85521868760149,0.16823821339950373,0.4272952853598015,0.4044665012406948,1357.2479159730772,728539.9375,3564,555.0543874952228,0.1978114478114478,0.4127384960718294,0.3894500561167228,16745.63946603276
H2,16,3735009.75,28633,20541.399076918573,0.12178255858624663,0.47497642580239585,0.40327594034854886,118597.1874859083,310887.25,2015,1069.5007314179743,0.16724565756823823,0.4277915632754342,0.40496277915632756,15883.802820506253,799902.0625,3564,2072.3600316201373,0.19500561167227834,0.41358024691358025,0.39169472502805835,27264.13820318757
H2,17,3772863.25,28633,21926.60795420739,0.11982677330353089,0.47735130793140784,0.40292669297663536,121438.16539707477,667135.125,2015,2257.0892934626495,0.16724565756823823,0.4287841191066998,0.40397022332506205,34898.40958662306,816793.625,3564,3939.9290036791026,0.19444444444444445,0.4152637485970819,0.39085297418630754,46729.57878993207
H2,18,3772420.0,28633,22919.86441446264,0.11720741801417944,0.480040512695142,0.40278699402786994,123697.04296877341,773665.1875,2015,2576.9018160831124,0.1662531017369727,0.4297766749379653,0.40397022332506205,40001.68372752794,832729.6875,3564,4393.86857619658,0.19276094276094277,0.41442199775533106,0.39281705948372614,50834.06939893128
H2,19,3783204.75,28633,25600.32353922872,0.11577550378933399,0.48314881430517237,0.40114553137987635,139715.82240271883,1719356.875,2015,5741.94450818683,0.16426799007444168,0.4272952853598015,0.4084367245657568,84582.56584325225,1719356.875,3564,6861.611242597075,0.18995510662177328,0.41414141414141414,0.3961840628507295,78759.52080699718
H2,20,3838028.5,28633,25366.71778425685,0.11298152481402578,0.48552369643418436,0.4014947787517899,131987.8559046219,1422702.5,2015,5984.627755741128,0.16277915632754342,0.428287841191067,0.4089330024813896,68665.48389072034,1422702.5,3564,7457.918582075109,0.18714927048260382,0.41470258136924804,0.39814814814814814,65929.97139334051
H2,21,3945672.5,28633,27060.817333727886,0.11109558900569273,0.4882129011979185,0.40079628400796286,134877.94561948138,1294107.375,2015,7549.985669688708,0.1607940446650124,0.4292803970223325,0.4099255583126551,69743.60494749033,1294107.375,3564,10642.177647034046,0.18490460157126823,0.41835016835016836,0.39674523007856344,77446.87177363163
H2,22,4025106.75,28633,29373.089837641146,0.1086857821394894,0.48957496594838124,0.4018440261237034,142182.12755174056,1473842.375,2015,9406.564039608344,0.15781637717121588,0.432258064516129,0.4099255583126551,82392.17274347554,1473842.375,3564,13183.16532187109,0.18153759820426488,0.4214365881032548,0.39702581369248036,92942.43326635662
H2,23,4059120.5,28633,29708.971249889364,0.10686969580553907,0.4905877833269305,0.40254252086753045,139198.68512257823,1257290.875,2015,7331.3282093384705,0.15533498759305212,0.43424317617866004,0.4104218362282878,65133.680654650154,1257290.875,3564,11053.98490562703,0.1781705948372615,0.4228395061728395,0.398989898989899,74556.88792685774
H2,24,4060557.5,28633,29821.46589030824,0.10456466315090979,0.4912164285963748,0.4042189082527154,136245.49127243427,985877.5,2015,6712.426136652549,0.1533498759305211,0.432258064516129,0.4143920595533499,53178.31728191534,985877.5,3564,11086.837728806724,0.17620650953984288,0.42003367003367004,0.4037598204264871,67200.29377077064
H2,25,4027518.75,28633,30040.0476270127,0.10236440470785457,0.4902734606922083,0.40736213459993714,138107.53146004048,1088293.25,2015,8039.190348787797,0.1513647642679901,0.43325062034739453,0.4153846153846154,60383.3364999529,1088293.25,3564,13208.23590660169,0.17312008978675644,0.41975308641975306,0.40712682379349047,76150.34571372716
H2,26,3919964.0,28633,31012.5700635038,0.10002444731603395,0.4918799986030105,0.40816540355533826,141962.42138369408,1203400.75,2015,9812.333004604125,0.15086848635235733,0.4337468982630273,0.4153846153846154,69592.98029148934,1203400.75,3564,16273.66076895307,0.17087542087542087,0.4214365881032548,0.40768799102132436,89143.34518067277
H2,27,3747380.0,28633,31897.647161091827,0.09768448992421332,0.4912164285963748,0.4110990814794119,144253.53727067882,1289212.75,2015,11190.694274793908,0.15086848635235733,0.43523573200992555,0.4138957816377171,76354.41762326498,1289212.75,3564,18368.991464914958,0.17003367003367004,0.42312008978675647,0.4068462401795735,98043.49108322161
H2,28,3546519.5,28633,32370.569062710125,0.09510005937205322,0.4924737191352635,0.41242622149268326,143752.00758938372,1330221.625,2015,12080.969010024897,0.14937965260545905,0.43672456575682383,0.4138957816377171,79907.24523128243,1330221.625,3564,20033.206646759325,0.1686307519640853,0.4239618406285073,0.4074074074074074,104530.72658615228
H2,29,3280553.5,28633,31247.80843618737,0.09338874724967694,0.4905877833269305,0.4160234694233926,138394.60297941082,1352074.625,2015,12660.537454435665,0.14838709677419354,0.43771712158808934,0.4138957816377171,82518.79403823552,1352439.625,3564,20567.801200083493,0.1669472502805836,0.42480359147025815,0.40824915824915825,106570.4311969893
H2,30,3006207.25,28633,30564.844308034175,0.09139803722976984,0.48653651381273355,0.4220654489574966,133746.30469389624,1365898.25,2015,13318.904016419145,0.14739454094292803,0.4411910669975186,0.4114143920595533,84473.24316377814,1388046.875,3564,21012.423042339557,0.16582491582491582,0.42620650953984285,0.4079685746352413,107512.68029543207
H2,31,2856432.75,28633,30745.31462965302,0.09014074669088115,0.48506967485069674,0.4247895784584221,132076.2612089241,1383441.875,2015,14018.750803839703,0.14640198511166252,0.4441687344913151,0.4094292803970223,87063.50993771269,1416009.0,3564,21720.262717724825,0.16526374859708193,0.42845117845117847,0.4062850729517396,109809.57201795813
H2,32,2857410.0,28633,31363.762565347613,0.08853420878007894,0.4832186637795551,0.428247127440366,132838.49202016092,1400931.375,2015,14608.416350392057,0.14392059553349876,0.4461538461538462,0.4099255583126551,89960.0831549428,1438885.375,3564,22410.561169085086,0.1632996632996633,0.43013468013468015,0.4065656565656566,112517.6253142382
H2,33,2954480.5,28633,32540.437187165502,0.0875213914015297,0.4814025774456047,0.43111095589005693,135998.3789018783,1417924.75,2015,15106.463686906725,0.14392059553349876,0.44516129032258067,0.4109181141439206,92842.63639840699,1458747.75,3564,23063.29565031646,0.1627384960718294,0.43069584736251404,0.4065656565656566,115314.5951812761
H2,34,2979990.0,28633,33684.50212362197,0.08615932665106694,0.4788879963678273,0.4349876017182971,138831.65857817375,1433595.25,2015,15523.764155453537,0.14193548387096774,0.44516129032258067,0.4129032258064516,95407.79401743921,1477025.0,3564,23687.353833422567,0.16077441077441076,0.43097643097643096,0.40824915824915825,118027.13964116813
H2,35,2852060.25,28633,34543.00771761636,0.08528620822128313,0.4758495442321797,0.4388642475465372,140687.32443902202,1448725.625,2015,15899.841489593095,0.141439205955335,0.44516129032258067,0.4133995037220844,97794.29739387757,1494187.625,3564,24322.652726866454,0.16049382716049382,0.4298540965207632,0.409652076318743,120774.52076888205
H2,36,2685342.75,28633,35110.50238504751,0.08437816505430797,0.47441763000733417,0.4412042049383578,141844.63340926263,1462518.5,2015,16199.064127140055,0.14044665012406948,0.44168734491315137,0.41786600496277915,99683.36862631436,1510235.25,3564,24839.54964429115,0.15937149270482603,0.4281705948372615,0.41245791245791247,123004.00699377352
H2,37,2479731.75,28633,36053.04914913611,0.08374951978486361,0.4747668773792477,0.44148360283588867,145033.56250670768,1476157.0,2015,16589.438812307933,0.14044665012406948,0.4441687344913151,0.4153846153846154,102228.58282800908,1525527.625,3564,25635.33832934847,0.15937149270482603,0.43013468013468015,0.4104938271604938,126352.8533267633
H2,38,2448352.5,28633,36720.363910749395,0.08221283134844411,0.47637341529004995,0.44141375336150596,147363.0123315701,1488834.25,2015,16958.614300426867,0.13796526054590572,0.4471464019851117,0.4148883374689826,104749.97091404766,1540119.0,3564,26261.05264203543,0.1574074074074074,0.4323793490460157,0.4102132435465769,129158.9950814923
H2,39,2404499.5,28633,37177.70599175882,0.08182865923933923,0.47518597422554393,0.44298536653511683,148698.3110481095,1501491.375,2015,17361.273248612953,0.13796526054590572,0.4491315136476427,0.4129032258064516,107644.87074574726,1554325.0,3564,26810.07754093259,0.1574074074074074,0.43265993265993263,0.4099326599326599,131829.36505182847
H2,40,2432734.75,28633,38335.202853878545,0.08085076659798135,0.47483672685363043,0.4443474312855796,152908.1923703977,1512967.375,2015,17754.888705990776,0.13746898263027296,0.4486352357320099,0.4138957816377171,110426.64039908274,1567875.75,3564,27498.62209457439,0.15656565656565657,0.4332210998877666,0.4102132435465769,135041.34156173348
H2,41,2527602.75,28633,40237.17760284797,0.07997764816819754,0.47570984528341426,0.4443125065483882,159988.55964374365,1523653.625,2015,18131.11387004573,0.13746898263027296,0.4486352357320099,0.4138957816377171,113306.0468698399,1580388.25,3564,28278.310151487578,0.15628507295173963,0.4332210998877666,0.4104938271604938,138779.96570203436
H2,42,2555808.5,28633,41977.28670902945,0.07899975552683966,0.477071910033877,0.443998183913666,166626.08089882214,1594266.25,2015,18522.397858003995,0.13647642679900746,0.4491315136476427,0.4148883374689826,116467.6257789857,1594266.25,3564,29133.355286945323,0.15460157126823793,0.4340628507295174,0.4116161616161616,142992.7705162163
H2,43,2518392.0,28633,43802.4869783861,0.07830126078301261,0.4777354800405127,0.443998183913666,174913.78530413922,1689781.625,2015,18891.913723688624,0.13647642679900746,0.4481389578163772,0.41588089330024813,119475.82169402328,1689781.625,3564,30168.616256372137,0.15432098765432098,0.4332210998877666,0.4127384960718294,148082.68742941233
H2,44,2781184.25,28633,45599.01764573303,0.07728844340446338,0.47874829741906194,0.4439632591764747,183895.8819942538,1775091.125,2015,19235.2154011915,0.1349875930521092,0.4486352357320099,0.4163771712158809,122263.2754502603,1775091.125,3564,31130.11608688447,0.1526374859708193,0.43265993265993263,0.41470258136924804,152962.29965320145
H2,45,2559834.5,28633,44946.77712065067,0.07652009918625362,0.47843397478433974,0.4450459260294066,180252.68983768436,1908309.5,2015,19626.568467786703,0.1349875930521092,0.4491315136476427,0.41588089330024813,126074.82003958002,1908309.5,3564,31032.875297366816,0.1520763187429854,0.4329405162738496,0.414983164983165,153248.6726087683
H2,46,2632406.25,28633,44805.74771927371,0.07582160444242657,0.47874829741906194,0.4454650228757029,178657.57372402036,2058868.625,2015,20097.589142674642,0.13399503722084366,0.4496277915632754,0.4163771712158809,130658.99934907604,2058868.625,3564,31257.129198442286,0.15039281705948374,0.4340628507295174,0.4155443322109989,155469.70588769653
H2,47,2706259.5,28633,45716.865971126914,0.07554220654489575,0.47752593161736456,0.446966786574931,183155.69060038126,2188076.0,2015,20527.263306983168,0.13399503722084366,0.45062034739454093,0.4153846153846154,134766.8401420956,2188076.0,3564,31958.243529751773,0.1495510662177329,0.43546576879910215,0.414983164983165,159607.02180678776
H2,48,2802295.0,28633,47706.30911330619,0.07456431390353788,0.4705759089162854,0.4548597771801767,192139.08742305226,2321471.5,2015,20992.77008949174,0.1334987593052109,0.45062034739454093,0.41588089330024813,139218.98239226878,2321471.5,3564,32816.38999069025,0.1473063973063973,0.43686868686868685,0.4158249158249158,164392.89727143457
H2,49,2876541.75,28633,48719.980798281795,0.07404044284566759,0.4700520378584151,0.45594244403310863,197552.7815734502,2459117.0,2015,21452.76331931321,0.1325062034739454,0.45161290322580644,0.41588089330024813,143788.7745237684,2459117.0,3564,33572.82612613401,0.14646464646464646,0.4377104377104377,0.4158249158249158,168960.47322778258
H2,50,3051210.75,28633,50368.34999459523,0.07348164705060595,0.46802640310131666,0.45852687458526875,206264.84653057635,2634882.0,2015,22013.977512731017,0.1315136476426799,0.4531017369727047,0.4153846153846154,149614.19420696772,2634882.0,3564,34550.64465305884,0.1447811447811448,0.4391133557800225,0.4161054994388328,174975.53975087532
H2,51,3271146.25,28633,51924.595145674,0.07274822756958754,0.46551182202353925,0.4618447246184472,214537.26689345835,2816021.5,2015,22576.793780662512,0.1315136476426799,0.45359801488833745,0.4153846153846154,155798.50221972843,2816021.5,3564,35539.02528802653,0.14450056116722784,0.4393939393939394,0.4163860830527497,181289.6590568793
H2,52,3445586.5,28633,53133.128113923754,0.07184018440261238,0.4638703593755457,0.4642894562218419,220510.64091220888,2958639.75,2015,23044.464532765836,0.12903225806451613,0.45359801488833745,0.4173697270471464,160824.24538614764,2958639.75,3564,36347.12864429012,0.1425364758698092,0.4393939393939394,0.4180695847362514,186366.75129704797
H2,53,3624132.75,28633,54516.215707498675,0.0715957112422729,0.4610065309258548,0.4673977578318723,226854.6810562004,3107852.0,2015,23527.490104749948,0.12903225806451613,0.45409429280397023,0.41687344913151364,166142.4608108962,3107852.0,3564,37177.94032555533,0.1425364758698092,0.4399551066217733,0.4175084175084175,191717.9804060939
H2,54,3807466.5,28633,56020.814459683206,0.07103691544721126,0.4592952188034785,0.46966786574931024,233559.37606493416,3260749.25,2015,24022.716016283845,0.12853598014888337,0.45459057071960296,0.41687344913151364,171652.2662351442,3260749.25,3564,38023.435498056795,0.14169472502805835,0.44023569023569026,0.4180695847362514,197238.10238446313
H2,55,3997401.75,28633,57655.80618267037,0.07082736702406314,0.45712988509761465,0.47204274787832223,240572.75361936513,3408427.0,2015,24500.251747718736,0.12853598014888337,0.45508684863523574,0.4163771712158809,177050.6402130559,3408427.0,3564,38855.38815821389,0.1419753086419753,0.44135802469135804,0.4166666666666667,202731.2762758046
H2,56,4180513.0,28633,59126.9897087452,0.0701288722802361,0.45506932560332486,0.47483672685363043,246890.6013258421,3553942.25,2015,24971.33357531361,0.1270471464019851,0.45707196029776676,0.41588089330024813,182406.9927109816,3553942.25,3564,39667.043796909406,0.14057239057239057,0.44332210998877664,0.4161054994388328,208130.12171066843
H2,57,4354290.0,28633,60422.03323078644,0.06977962490832257,0.45189117451891175,0.4783292005727657,252668.25980133293,3699475.5,2015,25438.55996995658,0.1270471464019851,0.456575682382134,0.4163771712158809,187809.482554542,3699475.5,3564,40462.00072014761,0.14057239057239057,0.44332210998877664,0.4161054994388328,213501.3609102778
H2,58,4514560.0,28633,61619.96120046059,0.06911605490168686,0.44951629238989976,0.48136765270841336,257757.43411994175,3828068.75,2015,25849.307986597127,0.1260545905707196,0.4575682382133995,0.4163771712158809,192683.19158198114,3828068.75,3564,41171.98483074133,0.1394500561167228,0.4447250280583614,0.4158249158249158,218373.15363824778
H2,59,4706074.5,28633,62818.465851808,0.06901128069011281,0.4483288513253938,0.4826598679844934,264012.2687823045,3978912.75,2015,26245.632076167552,0.1260545905707196,0.4575682382133995,0.4163771712158809,198406.77269822694,3978912.75,3564,41896.06713055149,0.1394500561167228,0.4447250280583614,0.4158249158249158,224050.24468655488
H2,60,4828552.5,28633,63405.791078926966,0.06838263542066846,0.4473509586840359,0.4842664058952956,266561.9724703883,4060370.0,2015,26452.481556225088,0.12406947890818859,0.45062034739454093,0.4253101736972705,201558.72685557613,4060370.0,3564,42279.50621913403,0.13748597081930417,0.44163860830527496,0.4208754208754209,227086.16357791147
H2,61,4989512.5,28633,64363.299255745864,0.0682080117347117,0.446373066042678,0.48545384695980165,271764.5538065349,4207400.5,2015,26849.291545711956,0.12406947890818859,0.45707196029776676,0.41935483870967744,207401.81703686278,4207400.5,3564,42957.811722081846,0.13748597081930417,0.4452861952861953,0.4175084175084175,232638.2856549331
H2,62,5166150.5,28633,65491.31097120845,0.0676142912024587,0.44584919498480774,0.48653651381273355,277536.8686404631,4341901.0,2015,27234.757152133203,0.12208436724565756,0.45707196029776676,0.42084367245657567,212861.71022784858,4341901.0,3564,43640.9716313372,0.13552188552188552,0.4444444444444444,0.42003367003367004,237971.4449290228
H2,63,5353937.0,28633,66757.36596069808,0.06712534488177976,0.4462333670939126,0.4866412880243076,284024.63560350257,4473464.5,2015,27634.391578980812,0.12208436724565756,0.45707196029776676,0.42084367245657567,218201.9764771149,4473464.5,3564,44340.36329818656,0.13552188552188552,0.44388327721661053,0.42059483726150393,243239.95021802522
H2,64,5528338.5,28633,67865.36718914454,0.06649669961233541,0.44616351761952994,0.48733978276813467,290062.1966620696,4605717.0,2015,28039.812815724843,0.12109181141439206,0.458560794044665,0.42034739454094294,223624.28122668064,4605717.0,3564,45022.156733125885,0.13439955106621773,0.4444444444444444,0.4211560044893378,248508.42923188207
H2,65,5694144.5,28633,68862.10872786811,0.06642685013795271,0.4438235602277093,0.489749589634338,295734.43104729865,4743005.5,2015,28419.756285951127,0.12109181141439206,0.45806451612903226,0.42084367245657567,229305.6633285203,4743005.5,3564,45655.13895609127,0.13439955106621773,0.4444444444444444,0.4211560044893378,253876.29400981663
H2,66,5860979.5,28633,69911.85152013297,0.06579820486850836,0.4426361191632033,0.4915656759682883,301503.6242794929,4881119.5,2015,28793.50217812298,0.12109181141439206,0.45806451612903226,0.42084367245657567,235068.2544115576,4881119.5,3564,46276.453042968256,0.13411896745230079,0.4450056116722783,0.4208754208754209,259241.00795636905
H2,67,6024214.5,28633,70996.67140522767,0.06569343065693431,0.44134390388712325,0.4929626654559424,307511.1620289396,5012585.5,2015,29165.85852791292,0.12109181141439206,0.4575682382133995,0.42133995037220845,240569.0044146259,5012585.5,3564,46910.968088514324,0.13411896745230079,0.4447250280583614,0.4211560044893378,264563.22992940986
H2,68,6184403.5,28633,72061.63374606796,0.0650298606502986,0.44158837704746273,0.4933817623022387,313346.29142755107,5139697.0,2015,29518.861025637514,0.12109181141439206,0.45607940446650125,0.4228287841191067,245825.89723901986,5139697.0,3564,47533.39615682279,0.1335578002244669,0.4452861952861953,0.4211560044893378,269656.18065674294
H2,69,6338830.5,28633,73089.17121750895,0.06492508643872455,0.44158837704746273,0.4935214612510041,319115.6298091877,5266160.5,2015,29864.92262385256,0.12109181141439206,0.45558312655086847,0.4238213399503722,251060.62580476914,5266160.5,3564,48152.813927695504,0.1335578002244669,0.4452861952861953,0.4214365881032548,274742.3325103831
H2,70,6486364.0,28633,74054.67309059312,0.06457583906681102,0.44151852757308,0.49390563336010895,324625.2339610708,5390919.5,2015,30208.37751492156,0.1205955334987593,0.45459057071960296,0.4248138957816377,256220.85995883876,5390919.5,3564,48763.452544264146,0.13327721661054995,0.44388327721661053,0.4228395061728395,279754.35101485084
H2,71,6625456.5,28633,74962.71955600272,0.06454091432961967,0.44075018335487026,0.49470890231551007,329784.1440943642,5515950.0,2015,30531.82046111244,0.1205955334987593,0.45459057071960296,0.4248138957816377,261122.42830560857,5515950.0,3564,49361.807837457985,0.13327721661054995,0.44388327721661053,0.4228395061728395,284588.3284225301
H2,72,6762026.0,28633,75852.97692498296,0.06440121538085426,0.4399818391366605,0.49561694548248525,334586.09907874477,5639579.5,2015,30820.25461321399,0.12009925558312655,0.45508684863523574,0.4248138957816377,265279.8103079234,5639579.5,3564,49975.95698772645,0.13271604938271606,0.44388327721661053,0.4234006734006734,289070.43734184705
H2,73,6910454.0,28633,76732.8635719084,0.06419166695770614,0.43935319386721616,0.4964551391750777,339042.5037813015,5761417.0,2015,30982.209795739705,0.12009925558312655,0.45508684863523574,0.4248138957816377,267290.4990439531,5761417.0,3564,50672.8491720142,0.13271604938271606,0.4436026936026936,0.42368125701459036,293007.23014052404
H2,74,7081163.5,28633,77647.15357889456,0.06370272063702721,0.4392484196556421,0.4970488597073307,343716.4385102848,5880735.0,2015,31049.064527331095,0.11910669975186104,0.45409429280397023,0.4267990074441687,267941.859719821,5880735.0,3564,51450.0627596537,0.13159371492704827,0.44332210998877664,0.42508417508417506,297380.0697000309
H2,75,7244758.0,28633,78542.7024532595,0.06356302168826179,0.43945796807879023,0.4970488597073307,348500.819421318,5995842.5,2015,31340.190257932816,0.12009925558312655,0.4531017369727047,0.4267990074441687,272231.31870282633,5995842.5,3564,52029.54296720521,0.13215488215488216,0.4430415263748597,0.42480359147025815,302019.7733829622
H2,76,7405127.5,28633,79429.21200448606,0.06293437641881745,0.43935319386721616,0.4977124297139664,353234.24571283173,6109132.5,2015,31675.79221903841,0.11910669975186104,0.45359801488833745,0.4272952853598015,277114.5866890148,6109132.5,3564,52572.15917616544,0.13103254769921435,0.44388327721661053,0.42508417508417506,306575.5435210772
H2,77,7567330.0,28633,80321.63757186895,0.06272482799566934,0.4389340970209199,0.49834107498341074,358041.1501127925,6222943.5,2015,32009.1264231039,0.11861042183622829,0.4531017369727047,0.428287841191067,282004.34672182007,6222943.5,3564,53128.70440892078,0.1307519640852974,0.4436026936026936,0.42564534231200896,311224.6418070269
H2,78,7740898.0,28633,81281.26202683969,0.06209618272622498,0.43896902175811126,0.4989347955156637,362765.9895680181,6344233.0,2015,32375.688905852534,0.11811414392059554,0.45359801488833745,0.428287841191067,287200.5231599188,6344233.0,3564,53751.929905285826,0.13047138047138046,0.4441638608305275,0.42536475869809204,316293.4229422969
H2,79,7910235.0,28633,82218.12566968409,0.06202633325184228,0.43837530122585827,0.49963329025949077,367273.846053187,6463332.0,2015,32744.410739663428,0.11761786600496278,0.4531017369727047,0.4297766749379653,292289.32024210127,6463332.0,3564,54372.946133114834,0.13019079685746351,0.44388327721661053,0.42620650953984285,321277.17463225714
H2,80,8067256.5,28633,83088.56427333887,0.06146753745678064,0.4384102259630496,0.5001571613173611,371378.14559976524,6572609.0,2015,33149.797595238815,0.11662531017369727,0.45409429280397023,0.4297766749379653,297030.84944832843,6572609.0,3564,55054.43917305276,0.12934904601571268,0.4444444444444444,0.4264870931537598,326000.8465937915
H2,81,8228241.5,28633,83940.92048381601,0.06132783850801523,0.43823560227709285,0.5004365592148919,375063.09217784216,6676416.0,2015,33651.97197468823,0.11612903225806452,0.45409429280397023,0.4297766749379653,301932.4667930272,6676416.0,3564,55882.30108843816,0.12878787878787878,0.4447250280583614,0.4264870931537598,330930.6799935363
H2,82,8396533.0,28633,84793.80730145861,0.0609785911361017,0.4382705270142842,0.500750881849614,379519.66095893993,6779811.0,2015,34103.1270060479,0.11612903225806452,0.45409429280397023,0.4297766749379653,306872.56126748404,6779811.0,3564,56686.759025743006,0.12878787878787878,0.4444444444444444,0.42676767676767674,335919.0940950083
H2,83,8564560.0,28633,85670.75913372272,0.060873816924527646,0.43795620437956206,0.501239828170293,383956.60856593715,6882125.5,2015,34532.08812969163,0.11612903225806452,0.45459057071960296,0.4292803970223325,311774.0254485708,6882125.5,3564,57708.3459667924,0.12878787878787878,0.4441638608305275,0.4270482603815937,341323.2579360695
H2,84,8723814.0,28633,86497.76523692413,0.060594419026996825,0.43788635490517935,0.5015541508050152,388263.36559766537,6979586.5,2015,34952.76947947376,0.11612903225806452,0.45459057071960296,0.4297766749379653,316453.1035005841,6979586.5,3564,58508.19280459304,0.1282267115600449,0.4444444444444444,0.4276094276094276,346303.66806800367
H2,85,8874196.0,28633,87272.7170925801,0.06045472007823141,0.43774665595641393,0.501833548702546,392307.464835937,7073168.5,2015,35375.54863099934,0.11612903225806452,0.45459057071960296,0.4297766749379653,321002.34653240873,7073168.5,3564,59188.866761318655,0.1282267115600449,0.4444444444444444,0.4276094276094276,350887.0856910525
H2,86,9011736.0,28633,88031.95144609865,0.06017532218070059,0.4376069570076485,0.5022526455488422,396245.64194283716,7161437.5,2015,35809.6121050368,0.11563275434243177,0.45508684863523574,0.4297766749379653,325372.20327414497,7161437.5,3564,59883.076410207264,0.127665544332211,0.4447250280583614,0.4278900112233446,355339.2903640208
H2,87,9142085.0,28633,88737.21579647054,0.06003562323193518,0.4373974085845004,0.5025669681835644,399951.0708945375,7245262.0,2015,36245.3038219671,0.11513647642679901,0.45558312655086847,0.4292803970223325,329575.61162523506,7245262.0,3564,60575.52290932515,0.12738496071829405,0.4450056116722783,0.4276094276094276,359614.259516087
H2,88,9261946.0,28633,89366.3971301321,0.06000069849474383,0.43715293542416095,0.5028463660810952,403688.05389896804,7321619.5,2015,36656.15670086822,0.11513647642679901,0.45558312655086847,0.4292803970223325,333464.1956594108,7321619.5,3564,61233.20548578772,0.12738496071829405,0.4450056116722783,0.4276094276094276,363602.0365075848
H2,89,9370941.0,28633,90014.20633360447,0.06007054796912653,0.43690846226382146,0.503020989767052,407455.33091668604,7390967.5,2015,37069.622145905676,0.11563275434243177,0.45409429280397023,0.430272952853598,337067.1051298497,7390967.5,3564,61898.18642053093,0.12794612794612795,0.4441638608305275,0.4278900112233446,367379.0249082828
H2,90,9474470.0,28633,90644.076151935,0.05996577375755247,0.43655921489190797,0.5034750113505396,411285.3988398823,7456137.0,2015,37476.16969540028,0.11563275434243177,0.45409429280397023,0.430272952853598,340492.67338093877,7456137.0,3564,62570.57916151215,0.12794612794612795,0.4441638608305275,0.4278900112233446,371029.17117588443
H2,91,9572874.0,28633,91273.7199912057,0.06000069849474383,0.43641951594314254,0.5035797855621137,415236.20667020994,7517576.5,2015,37887.38048468313,0.11563275434243177,0.45409429280397023,0.430272952853598,343781.0347203189,7517576.5,3564,63243.10207360813,0.12794612794612795,0.44388327721661053,0.4281705948372615,374585.8261635993
H2,92,9669156.0,28633,91874.14926855022,0.059930849020361124,0.43610519330842035,0.5040338071456012,418827.86153230985,7577128.5,2015,38291.69448786931,0.11563275434243177,0.45409429280397023,0.430272952853598,347004.704300131,7577128.5,3564,63905.60321610668,0.12794612794612795,0.44388327721661053,0.4281705948372615,378039.1823616849
H2,93,9756382.0,28633,92395.8510450591,0.05996577375755247,0.436070268571229,0.5039988824084098,421750.3920228318,7630933.0,2015,38683.49021624067,0.11563275434243177,0.45558312655086847,0.4287841191066998,349945.1109618847,7630933.0,3564,64514.84286427645,0.12850729517396184,0.4447250280583614,0.4270482603815937,381147.40369953203
H2,94,9835006.0,28633,92863.4641558681,0.059930849020361124,0.43593056962246357,0.5041735060943666,424311.51242363726,7679094.0,2015,39019.79384188423,0.11563275434243177,0.45409429280397023,0.430272952853598,352601.1002035071,7679094.0,3564,65057.10155623499,0.1282267115600449,0.4441638608305275,0.4276094276094276,383950.6072146807
H2,95,9900983.0,28633,93264.41799738407,0.060105472706317886,0.4357908706736982,0.5041036566199839,426429.4919640441,7719508.0,2015,39323.48922699839,0.11563275434243177,0.45409429280397023,0.430272952853598,354872.61804768763,7719508.0,3564,65534.35782017349,0.12850729517396184,0.4441638608305275,0.4273288439955107,386349.1734181618
H2,96,9957862.0,28633,93580.6934065811,0.06024517165508329,0.43575594593650685,0.5039988824084098,428432.9098179074,7754075.0,2015,39577.09191302808,0.11563275434243177,0.45459057071960296,0.4297766749379653,356821.261120549,7754075.0,3564,65943.57900355445,0.12878787878787878,0.44388327721661053,0.4273288439955107,388429.8965485547
H2,97,10007239.0,28633,93855.61158160839,0.060419795341040056,0.43561624698774143,0.5039639576712185,430491.3666291971,7784638.5,2015,39817.05934293258,0.11612903225806452,0.45459057071960296,0.4292803970223325,358552.85884788615,7784638.5,3564,66331.83065379492,0.12934904601571268,0.4436026936026936,0.4270482603815937,390326.9417912866
H2,98,10052406.0,28633,94101.83771527166,0.06038487060384871,0.43561624698774143,0.5039988824084098,432128.0105516816,7817234.5,2015,40028.56770095068,0.11612903225806452,0.45409429280397023,0.4297766749379653,360132.7513466213,7817234.5,3564,66675.03892694679,0.12934904601571268,0.44332210998877664,0.4273288439955107,392032.79232082627
H2,99,10087463.0,28633,94266.87300690508,0.06045472007823141,0.4360004190968463,0.5035448608249223,433056.690408157,7843318.5,2015,40197.33714465758,0.11612903225806452,0.45409429280397023,0.4297766749379653,361367.0300097832,7843318.5,3564,66930.32799947161,0.12934904601571268,0.44332210998877664,0.4273288439955107,393314.979462689
H2,100,10113811.0,28633,94344.15121253619,0.060489644815422766,0.43593056962246357,0.5035797855621137,433764.84679600934,7862955.0,2015,40314.83665504066,0.11612903225806452,0.45409429280397023,0.4297766749379653,362287.0653936861,7862955.0,3564,67114.65552588626,0.12934904601571268,0.44332210998877664,0.4273288439955107,394272.65997247805
H2,101,10131698.0,28633,94357.48648735243,0.060908741661718994,0.4357210211993155,0.5033702371389656,434319.5511856417,7876576.5,2015,40397.534110531364,0.11662531017369727,0.45359801488833745,0.4297766749379653,362922.5999446382,7876576.5,3564,67245.26507006767,0.12962962962962962,0.4430415263748597,0.4273288439955107,394947.91638867656
H2,102,10144630.0,28633,94309.2039511347,0.06094366639891035,0.43551147277616736,0.5035448608249223,434815.3971119974,7886152.5,2015,40447.22854734213,0.11662531017369727,0.45359801488833745,0.4297766749379653,363362.36027688143,7886152.5,3564,67333.0099136832,0.12962962962962962,0.4430415263748597,0.4273288439955107,395431.56695939065
H2,103,10153084.0,28633,94228.0590167803,0.06122306429644117,0.4355463975133587,0.5032654629273915,435344.7444084808,7892398.0,2015,40481.87584207539,0.11712158808933003,0.45409429280397023,0.4287841191066998,363655.85927436186,7892398.0,3564,67399.84028674781,0.12991021324354657,0.44332210998877664,0.42676767676767674,395788.1450168968
H2,104,10159535.0,28633,94135.81916012366,0.06125798903363252,0.43561624698774143,0.5031606887158174,435565.29296745855,7896912.5,2015,40496.1689462297,0.11712158808933003,0.45359801488833745,0.4292803970223325,363856.1667869342,7896912.5,3564,67431.94637341033,0.12991021324354657,0.44332210998877664,0.42676767676767674,396013.95481078885
H2,105,10158607.0,28633,93990.81661535951,0.06150246219397199,0.4354066985645933,0.5031257639786261,435231.909034288,7896617.5,2015,40475.195863308916,0.11761786600496278,0.45409429280397023,0.428287841191067,363805.2725462321,7896617.5,3564,67393.9512191382,0.13047138047138046,0.44332210998877664,0.42620650953984285,395923.2069204813
H2,106,10151051.0,28633,93784.03601729615,0.06153738693116334,0.4355463975133587,0.5029860650298607,434557.5771261442,7891335.0,2015,40416.101804429396,0.11761786600496278,0.45359801488833745,0.4287841191066998,363497.75630522263,7891335.0,3564,67290.14344153387,0.13047138047138046,0.4430415263748597,0.4264870931537598,395539.69278360304
H2,107,10134097.0,28633,93506.61292753129,0.06174693535431146,0.4357210211993155,0.5025669681835644,433471.0523651628,7879623.0,2015,40305.66091200389,0.11811414392059554,0.4521091811414392,0.4297766749379653,362868.22799679067,7879623.0,3564,67105.8520156308,0.13103254769921435,0.4424803591470258,0.4264870931537598,394796.74750555406
H2,108,10110685.0,28633,93138.08833793373,0.0617120106171201,0.43575594593650685,0.5025669681835644,432339.67248619546,7862800.0,2015,40155.71713138593,0.11811414392059554,0.45260545905707195,0.4292803970223325,361988.77807482646,7862800.0,3564,66869.19816383933,0.1307519640852974,0.44332210998877664,0.42592592592592593,393813.72257474705
H2,109,10082728.0,28633,92732.21084467092,0.06192155904026822,0.4355463975133587,0.502532043446373,431343.71933450556,7842540.0,2015,39992.332406164045,0.11861042183622829,0.45062034739454093,0.4307692307692308,360966.648646713,7842540.0,3564,66619.35167443303,0.13159371492704827,0.44191919191919193,0.4264870931537598,392727.20777058875
H2,110,10053743.0,28633,92318.48841179357,0.061991408514650924,0.435476548038976,0.502532043446373,430229.9934680576,7821208.0,2015,39817.314458751585,0.11861042183622829,0.4511166253101737,0.430272952853598,359889.28925865976,7821208.0,3564,66351.95952527212,0.13159371492704827,0.44219977553310885,0.42620650953984285,391572.15576356475
H2,111,10020363.0,28633,91877.56386476549,0.06213110746341634,0.43551147277616736,0.5023574197604163,428869.0729330757,7797122.5,2015,39623.89273160829,0.11910669975186104,0.4511166253101737,0.4297766749379653,358673.9482786438,7797122.5,3564,66050.41248177207,0.13187429854096522,0.44219977553310885,0.42592592592592593,390253.1562197079
H2,112,9984871.0,28633,91409.93759319416,0.0622358816749904,0.4356511717249328,0.5021478713372682,427445.12532511324,7771285.0,2015,39418.986393108586,0.1196029776674938,0.4511166253101737,0.4292803970223325,357363.4831737527,7771285.0,3564,65728.97946153341,0.13215488215488216,0.4424803591470258,0.42536475869809204,388836.29794918466
H2,113,9945853.0,28633,90914.08904347593,0.06262005378409527,0.435476548038976,0.5019383229141201,425940.2325858968,7744721.5,2015,39199.43048766489,0.12009925558312655,0.4501240694789082,0.4297766749379653,355942.7661155279,7744721.5,3564,65386.1730667539,0.1324354657687991,0.44191919191919193,0.42564534231200896,387306.69024720165
H2,114,9905415.0,28633,90423.30111973411,0.06265497852128663,0.4354066985645933,0.5019732476513115,424145.2904026031,7719884.0,2015,38965.418505361755,0.12009925558312655,0.4511166253101737,0.4287841191066998,354450.9093572636,7719884.0,3564,65013.891841359946,0.1324354657687991,0.44276094276094274,0.42480359147025815,385667.7730466782
H2,115,9857453.0,28633,89885.7918422581,0.06293437641881745,0.4356511717249328,0.5014144518562498,421812.9009044432,7690772.0,2015,38699.26222385826,0.12009925558312655,0.4521091811414392,0.4277915632754342,352718.0901072687,7690772.0,3564,64574.7692547941,0.1324354657687991,0.44332210998877664,0.42424242424242425,383722.22268045024
H2,116,9802945.0,28633,89279.90055207758,0.06300422589320015,0.43568609646212414,0.5013795271190584,419395.1984540232,7657366.0,2015,38389.34964489838,0.12009925558312655,0.4511166253101737,0.4287841191066998,350745.80365775776,7657366.0,3564,64081.33849236028,0.13271604938271606,0.4430415263748597,0.4245230078563412,381542.69020709733
H2,117,9742174.0,28633,88628.64101426513,0.06352809695107044,0.43568609646212414,0.5008905807983794,416965.2600058209,7620081.5,2015,38059.05267060072,0.12009925558312655,0.45161290322580644,0.4287841191066998,348586.24535479886,7620081.5,3564,63560.285515232885,0.132996632996633,0.4430415263748597,0.42424242424242425,379197.0831178607
H2,118,9679546.0,28633,87957.1843554622,0.06356302168826179,0.43610519330842035,0.5004365592148919,414453.8855243545,7581350.0,2015,37714.92536381245,0.12009925558312655,0.4521091811414392,0.428287841191067,346342.28990062536,7581350.0,3564,63017.999508501605,0.132996632996633,0.44332210998877664,0.4239618406285073,376760.06168265414
H2,119,9612502.0,28633,87255.4682854243,0.06377257011140991,0.4359654943596549,0.5003667097405092,411784.5249105465,7539888.5,2015,37355.112500103496,0.12009925558312655,0.4511166253101737,0.4292803970223325,343963.1055743509,7539888.5,3564,62448.34720306907,0.13327721661054995,0.4430415263748597,0.4239618406285073,374174.6257320824
H3,0,1571305.25,28633,983.4927609039795,0.24307617085181435,0.4074669088115112,0.3496664687598226,25867.71306664137,5.333356857299805,2015,0.1928476725390329,0.2218362282878412,0.39602977667493794,0.38312655086848635,0.5137266597937536,18.911691665649414,3564,0.2387342197646319,0.26430976430976433,0.38019079685746354,0.3560606060606061,0.8014536166073641
H3,1,2846744.0,28633,4301.789792180907,0.22645199594873047,0.4153598994167569,0.3582928788460867,73222.48406590537,20.602453231811523,2015,1.1728036746821744,0.20893300248138957,0.40347394540942927,0.3880893300248139,2.487306072213892,69.449462890625,3564,1.3708057483691993,0.2494388327721661,0.388327721661055,0.36251402918069586,3.484223304228521
H3,2,2334187.5,28633,3977.9017310007066,0.20354136835120315,0.4276184821709217,0.3689099989522579,63189.793406693665,78.9944076538086,2015,4.54686306631698,0.19602977667493796,0.4099255583126551,0.3945409429280397,9.870795290747347,219.05393981933594,3564,5.091442409090983,0.23428731762065094,0.3945005611672278,0.37149270482603813,12.275106516758978
H3,3,1950470.125,28633,3813.8152175899017,0.19449586141864283,0.43373031117940836,0.37180875213914016,55672.26041113591,282.5816650390625,2015,8.811975595703363,0.19255583126550868,0.4148883374689826,0.3925558312655087,20.906388303154845,635.1442260742188,3564,9.861394337606232,0.22867564534231202,0.39646464646464646,0.37485970819304154,27.790410053513533
H3,4,1892773.5,28633,4294.837702574916,0.1816784828694164,0.4404707854573394,0.3778507316732442,53914.4233219527,344.5343017578125,2015,13.70749628364639,0.1870967741935484,0.4153846153846154,0.3975186104218362,31.28149469791796,1127.259033203125,3564,15.624698325770106,0.22109988776655443,0.39702581369248036,0.3818742985409652,45.54556302313232
H3,5,1948151.5,28633,6144.142168228946,0.17507770754025076,0.44518562497817205,0.37977159221876855,65030.53288038873,393.57305908203125,2015,17.61185713102807,0.18610421836228289,0.4153846153846154,0.3990074441687345,40.44056501860245,1746.0599365234375,3564,20.397114926704653,0.2196969696969697,0.3978675645342312,0.38271604938271603,63.86854520252569
H3,6,1884172.625,28633,6268.907680662415,0.16617189955645584,0.4499703139733873,0.3838927112073482,62100.589407670086,460.83441162109375,2015,22.722299071931083,0.18064516129032257,0.41836228287841193,0.40099255583126553,52.00699543359665,2368.10693359375,3564,26.468652931941502,0.21408529741863075,0.4012345679012346,0.3846801346801347,83.4781909765806
H3,7,1738358.375,28633,6141.343265936741,0.161037963189327,0.45189117451891175,0.38707086229176124,57449.233161879245,1392.6002197265625,2015,27.40640723667258,0.1791563275434243,0.41935483870967744,0.40148883374689825,70.13492141393756,2803.6611328125,3564,31.975604090816706,0.21184062850729518,0.40263748597081933,0.38552188552188554,104.22709047624616
H3,8,1723160.0,28633,7603.577819412452,0.15349421995599483,0.4567806377257011,0.3897251423183041,66167.88315381964,1968.58544921875,2015,33.30314828136569,0.17667493796526054,0.4218362282878412,0.40148883374689825,89.3153950922248,3277.937744140625,3564,39.23425370606329,0.20650953984287318,0.4054433221099888,0.38804713804713803,129.02594465997197
H3,9,2119490.75,28633,9668.93023011524,0.14919847728145846,0.4599587888101142,0.39091258338281004,79718.46384647515,3562.19921875,2015,38.34691564835797,0.1771712158808933,0.42233250620347396,0.40049627791563275,121.75775632346951,3911.53271484375,3564,46.33644802183353,0.20622895622895623,0.4062850729517396,0.38748597081930414,170.89130818239963
H3,10,2585938.75,28633,11582.04548623857,0.1409911640414906,0.4657912199210701,0.3932525407746307,90242.68179918262,4561.1533203125,2015,44.49593734629428,0.17369727047146402,0.4248138957816377,0.40198511166253104,148.17556716320448,4658.25146484375,3564,55.11111851176051,0.2025813692480359,0.4090909090909091,0.3886083052749719,210.602625734829
H3,11,2880902.25,28633,13184.011766318967,0.13697481926448504,0.471029930499773,0.39203017497293335,96397.59546710117,5315.06982421875,2015,49.236434104188525,0.171712158808933,0.4258064516129032,0.40297766749379654,168.76900154819035,149271.484375,3564,144.0352988269717,0.20145903479236812,0.4099326599326599,0.3888888888888889,3495.0823882107074
H3,12,3053411.0,28633,14923.51398105245,0.13239967869241784,0.4748018021164391,0.3927985191911431,100220.70674357185,5975.83984375,2015,55.91333582771457,0.16923076923076924,0.4267990074441687,0.40397022332506205,189.79220654254758,398934.21875,3564,294.54523553094657,0.19921436588103256,0.4116161616161616,0.3891694725028058,9451.087356481648
H3,13,3225901.75,28633,17059.428225536638,0.12915167813362205,0.474697027904865,0.3961862186987043,106005.64304855264,7005.1005859375,2015,63.617316600953146,0.16823821339950373,0.426302729528536,0.4054590570719603,225.76277602866745,393993.78125,3564,302.7629269478628,0.1972502805836139,0.4118967452300786,0.39085297418630754,9276.488956019657
H3,14,3389734.0,28633,18708.86622315063,0.12496070967065973,0.47557014633464884,0.39950406873188277,110727.9219236757,19642.47265625,2015,93.16234299315957,0.16724565756823823,0.4277915632754342,0.40496277915632756,624.6515243548305,427660.09375,3564,355.69856106086263,0.19584736251402918,0.41245791245791247,0.39197530864197533,10019.366853484069
H3,15,3505344.25,28633,18732.046854112417,0.1226207522788391,0.4749415010652045,0.40247267139314774,111513.73495759955,43761.28515625,2015,145.51580355694836,0.16724565756823823,0.4287841191066998,0.40397022332506205,1470.7382680148735,514176.25,3564,455.4184102743254,0.19528619528619529,0.4127384960718294,0.39225589225589225,12019.88687940917
H3,16,3572772.25,28633,19329.92553687387,0.11881395592498166,0.4766877379247721,0.4045332308874376,113116.55760737947,336431.90625,2015,1129.0245336215146,0.16575682382133994,0.4297766749379653,0.4044665012406948,17142.322348645674,681815.625,3564,1320.7682221488799,0.19332210998877666,0.41414141414141414,0.3925364758698092,21433.749028997994
H3,17,3586396.25,28633,20688.44780514976,0.11612475116124751,0.4798658890091852,0.4040442845667586,116774.97408443323,685277.25,2015,2306.8197257614884,0.16476426799007443,0.4287841191066998,0.4064516129032258,35765.437509613286,774302.1875,3564,2927.2563318265243,0.19051627384960718,0.4161054994388328,0.39337822671156003,37610.711836756884
H3,18,3606503.75,28633,21911.96383746049,0.11329584744874795,0.48269479272168475,0.40400935982956726,119787.58212169945,772251.125,2015,2574.137368147601,0.16426799007444168,0.430272952853598,0.4054590570719603,39795.82401838573,772251.125,3564,4152.980599634985,0.18995510662177328,0.4161054994388328,0.3939393939393939,48243.10570476424
H3,19,3691497.5,28633,25736.67036013274,0.11092096531973597,0.4863269653895854,0.4028219187650613,141245.4424305702,1802992.5,2015,6134.186140204966,0.16228287841191066,0.4287841191066998,0.4094292803970223,88283.08497335363,1802992.5,3564,7613.255134722884,0.18602693602693604,0.4180695847362514,0.3961840628507295,84331.62357923845
H3,20,3789365.75,28633,25534.578273830688,0.1086857821394894,0.48940034226242446,0.40194880033527747,132451.35980638812,1391908.125,2015,5992.954680512153,0.1588089330024814,0.430272952853598,0.4109181141439206,67422.58808978637,1391908.125,3564,8175.746507845355,0.18322109988776655,0.41891133557800225,0.39814814814814814,68713.65468682704
H3,21,3860633.75,28633,26370.93498672237,0.10718401844026124,0.49006391226906015,0.40278699402786994,132883.81959640875,1298848.375,2015,7813.930219420332,0.15632754342431762,0.4317617866004963,0.4119106699751861,71332.32232986132,1298848.375,3564,10904.842368116619,0.18097643097643099,0.41975308641975306,0.3992704826038159,79227.35021080449
H3,22,3934633.5,28633,28287.64055618353,0.10473928683686655,0.4931372891418992,0.40219327349561695,139333.0193058668,1494384.5,2015,9461.340912188716,0.15285359801488835,0.4327543424317618,0.4143920595533499,82569.1814066715,1494384.5,3564,13147.724127538686,0.17732884399551066,0.4228395061728395,0.4003928170594837,93011.81025427005
H3,23,3957660.0,28633,28287.836791504644,0.10327244787482974,0.49268326755841163,0.4040442845667586,134043.93143778926,1189347.875,2015,7016.170338573362,0.15186104218362284,0.43523573200992555,0.4129032258064516,61518.33134383789,1189347.875,3564,10477.499029425304,0.1739618406285073,0.42424242424242425,0.40179573512906847,69985.57963340128
H3,24,3950334.5,28633,29130.5068395625,0.10107218943177453,0.4935214612510041,0.4054412740544127,132623.32415059675,1000142.6875,2015,6926.105208947898,0.15037220843672455,0.43771712158808934,0.4119106699751861,54229.699109014895,1000142.6875,3564,11103.050688567997,0.17115600448933782,0.42424242424242425,0.4046015712682379,66766.87579011676
H3,25,3928132.5,28633,30190.352954436643,0.09887193098871931,0.4940453323088744,0.4070827367024063,134959.09159366912,1100408.0,2015,8304.542059689868,0.1488833746898263,0.43622828784119105,0.4148883374689826,61503.75307603805,1100408.0,3564,13443.610159330765,0.1691919191919192,0.4225589225589226,0.40824915824915825,76356.55069020737
H3,26,3864616.5,28633,30398.849593869632,0.09698599518038627,0.49428980546921386,0.4087241993503999,137474.7057731457,1223235.75,2015,10134.383778616328,0.14689826302729528,0.43722084367245656,0.41588089330024813,71110.3950884325,1223235.75,3564,16426.441887023782,0.1663860830527497,0.4245230078563412,0.4090909090909091,89466.29638075618
H3,27,3725274.5,28633,30779.007453262206,0.09523975832081863,0.49547724653371983,0.4092829951454615,138804.80674762858,1293404.375,2015,11383.467137323225,0.14640198511166252,0.43821339950372207,0.4153846153846154,76880.47817721462,1293404.375,3564,18556.65488174493,0.16554433221099887,0.42676767676767674,0.40768799102132436,98536.44463754019
H3,28,3503058.75,28633,31280.933904027603,0.09272517724304125,0.4954073970593371,0.41193727517200435,138186.7830812506,1328621.0,2015,12207.430122395495,0.1444168734491315,0.43870967741935485,0.41687344913151364,80250.27979941932,1328621.0,3564,19956.76644914569,0.16358024691358025,0.4276094276094276,0.40881032547699214,104233.15484652838
H3,29,3219077.0,28633,30968.529204270253,0.09153773617853525,0.4939405580973003,0.4146264799357385,135816.5462609445,1346452.375,2015,12682.720871819016,0.14392059553349876,0.43970223325062036,0.4163771712158809,82564.13414150536,1357269.0,3564,20735.040813580683,0.16301907968574636,0.4276094276094276,0.40937149270482603,107468.92219693365
H3,30,2953869.75,28633,30329.357207768127,0.08891838088918382,0.4908322564872699,0.4202493626235463,132412.86849478705,1360320.75,2015,13107.670941778895,0.141439205955335,0.44069478908188586,0.41786600496277915,84085.24351504844,1390236.375,3564,20867.08237026984,0.16021324354657687,0.42901234567901236,0.4107744107744108,107706.25201152003
H3,31,2846539.5,28633,30969.39275185073,0.08762616561310377,0.4886319980442147,0.42381168581706424,132716.392983272,1378331.25,2015,13762.59315715486,0.14044665012406948,0.44516129032258067,0.4143920595533499,86139.20128892464,1417445.25,3564,21500.769260611858,0.15965207631874298,0.43041526374859707,0.4099326599326599,109345.03911560199
H3,32,2902537.0,28633,31908.233716630646,0.08574022980477072,0.48852722383264063,0.42576747109977997,134262.16380587805,1395273.0,2015,14415.218802998394,0.13945409429280398,0.4461538461538462,0.4143920595533499,88751.02091716974,1439395.25,3564,22203.625614797806,0.1579685746352413,0.4323793490460157,0.409652076318743,111690.3627451738
H3,33,3018099.75,28633,32905.78472393526,0.08490203611217825,0.4866412880243076,0.4284566758635141,136505.3016029635,1411890.5,2015,14983.565461211927,0.13945409429280398,0.44516129032258067,0.4153846153846154,91717.48755655887,1458807.625,3564,22894.13593032175,0.1579685746352413,0.4318181818181818,0.4102132435465769,114423.3031868883
H3,34,3065715.75,28633,33844.51846835518,0.08333042293856739,0.4833234379911291,0.4333461390703035,138483.58533660753,1427124.125,2015,15447.881060376567,0.1369727047146402,0.4461538461538462,0.41687344913151364,94478.7937137564,1476848.5,3564,23527.354225101823,0.15600448933782268,0.4323793490460157,0.4116161616161616,117142.86887704185
H3,35,2942380.0,28633,34631.087931075665,0.08252715398316628,0.4799357384835679,0.4375371075332658,139798.45275456563,1441625.875,2015,15867.050278195373,0.1369727047146402,0.4466501240694789,0.4163771712158809,96963.5680309726,1493546.5,3564,24185.004427894724,0.15572390572390574,0.4323793490460157,0.4118967452300786,119897.75376441254
H3,36,2737501.0,28633,35391.03085741117,0.08113016449551218,0.4791324695281668,0.439737365976321,141390.73745618714,1454849.75,2015,16274.299093986641,0.13548387096774195,0.4486352357320099,0.41588089330024813,99400.59760887049,1509187.625,3564,24895.020613954333,0.15460157126823793,0.43265993265993263,0.4127384960718294,122817.0598860378
H3,37,2467102.75,28633,36191.89818235042,0.08067614291202459,0.4801802116439074,0.43914364544406803,143839.89944706153,1468198.75,2015,16702.832215262428,0.13548387096774195,0.4481389578163772,0.4163771712158809,102235.34669105306,1524329.5,3564,25727.842492169882,0.15460157126823793,0.4329405162738496,0.41245791245791247,126342.99216858031
H3,38,2499688.75,28633,37243.383572096885,0.07938392763594454,0.481821674291901,0.43879439807215453,147537.01609038218,1481093.0,2015,17084.13856145814,0.1349875930521092,0.4491315136476427,0.41588089330024813,104897.36639972095,1539022.625,3564,26372.788624271114,0.1537598204264871,0.4346240179573513,0.4116161616161616,129243.5572131448
H3,39,2620231.5,28633,38843.37760090319,0.0788251318408829,0.47976111479761113,0.4414486780986973,152986.5572257283,1495657.625,2015,17516.80195455183,0.1344913151364764,0.4511166253101737,0.4143920595533499,108152.62205668345,1555222.75,3564,27028.65797863072,0.15347923681257014,0.43546576879910215,0.4110549943883277,132437.20504654496
H3,40,2635885.75,28633,40141.113584428356,0.0775678413019942,0.479446792162889,0.44298536653511683,157465.17887598358,1506703.25,2015,17916.602948978154,0.13300248138957815,0.4511166253101737,0.41588089330024813,111190.86079507729,1568746.625,3564,27763.692321739698,0.15123456790123457,0.43602693602693604,0.4127384960718294,135982.57282638544
H3,41,2554674.0,28633,41173.78528270858,0.07728844340446338,0.48203122271504906,0.44068033388048755,161520.46438152876,1536973.75,2015,18324.59591727816,0.13300248138957815,0.4511166253101737,0.41588089330024813,114425.66479571175,1580960.75,3564,28625.79656690165,0.15095398428731763,0.43602693602693604,0.41301907968574636,140166.94317674072
H3,42,2538098.25,28633,42980.19652845338,0.07613592707714874,0.4833234379911291,0.44054063493172213,168921.7031535076,1649407.5,2015,18737.62261904271,0.1315136476426799,0.45062034739454093,0.41786600496277915,117793.57433441994,1649407.5,3564,29630.132045657432,0.14842873176206509,0.43658810325476993,0.414983164983165,145091.92116376827
H3,43,2622748.25,28633,45510.97118504621,0.07533265812174764,0.4835679111514686,0.44109943072678376,180314.75470277725,1744427.875,2015,19116.535937883058,0.13101736972704714,0.4481389578163772,0.42084367245657567,120872.28278836378,1744427.875,3564,30776.014225325423,0.14702581369248036,0.4351851851851852,0.41778900112233447,150820.67430252186
H3,44,2698580.75,28633,46329.475200609944,0.07414521705724164,0.4839520832605735,0.4419725491565676,184027.36769122625,1860152.25,2015,19505.204804441622,0.13101736972704714,0.45161290322580644,0.41786600496277915,124365.52963796246,1860152.25,3564,31267.940810675187,0.14646464646464646,0.43658810325476993,0.4172278338945006,153611.28379994608
H3,45,2644292.5,28633,45451.468360838095,0.0737261202109454,0.4849299759019313,0.4414486780986973,178738.8488673947,2027518.375,2015,19979.57572976897,0.13052109181141439,0.45260545905707195,0.4173697270471464,129190.36127956593,2027518.375,3564,31106.379346058933,0.14534231200897868,0.4382716049382716,0.4166666666666667,154196.05881466487
H3,46,2617925.75,28633,46251.76482314956,0.07271330283239619,0.48409178220933885,0.4432298396954563,182391.28288290973,2166960.5,2015,20437.02696967232,0.12903225806451613,0.45260545905707195,0.41836228287841193,133592.69031142895,2166960.5,3564,31774.38102644161,0.14309764309764308,0.43967452300785637,0.4172278338945006,158271.6908525077
H3,47,2708895.75,28633,48225.43346641753,0.07232913072329131,0.4749415010652045,0.4527293682115042,190807.06862498383,2310750.0,2015,20919.69779090165,0.12853598014888337,0.4531017369727047,0.41836228287841193,138314.98013291936,2310750.0,3564,32656.631911420896,0.1425364758698092,0.4399551066217733,0.4175084175084175,163266.62217985914
H3,48,2786415.25,28633,48535.40116361421,0.0714560122935075,0.47591939370656233,0.4526595187371215,194001.2542608083,2406594.25,2015,21291.023284218656,0.12754342431761787,0.4476426799007444,0.4248138957816377,141723.19102125335,2406594.25,3564,33264.52390884498,0.14085297418630752,0.43742985409652074,0.4217171717171717,166708.3058816784
H3,49,2976390.25,28633,50703.31628837856,0.07124646387035938,0.47557014633464884,0.45321831453218314,204835.88280768224,2609638.5,2015,21925.408070540532,0.12754342431761787,0.45459057071960296,0.41786600496277915,148358.23476527137,2609638.5,3564,34371.30795507431,0.14085297418630752,0.44135802469135804,0.41778900112233447,173528.96664560743
H3,50,3206444.5,28633,52820.76000083227,0.07009394754304474,0.4730555652568714,0.45688541193727517,214198.74692743237,2788230.0,2015,22484.40184993883,0.1270471464019851,0.45409429280397023,0.41935483870967744,154433.4188982578,2788230.0,3564,35359.35484614228,0.14057239057239057,0.44079685746352415,0.41891133557800225,179748.95385330234
H3,51,3408933.75,28633,54129.63501081539,0.06981454964551392,0.47106485523696434,0.45912059511752173,220766.16944732753,2954630.25,2015,23016.496201927646,0.12655086848635236,0.45508684863523574,0.41836228287841193,160244.34261125984,2954630.25,3564,36276.05723917786,0.14001122334455668,0.44219977553310885,0.41778900112233447,185594.13032201858
H3,52,3612078.5,28633,55680.84480696326,0.06929067858764362,0.4693186183773967,0.461425627772151,227874.97201429436,3127092.5,2015,23567.74418210479,0.12456575682382134,0.45558312655086847,0.42034739454094294,166360.32808647896,3127092.5,3564,37216.88388154984,0.13804713804713806,0.4436026936026936,0.4186307519640853,191699.67752602344
H3,53,3824500.75,28633,57354.27864498349,0.06908113016449552,0.46694373624838476,0.4639751335871198,235408.51715438394,3295237.75,2015,24114.48279665082,0.12357320099255584,0.456575682382134,0.41985111662531016,172489.68414055783,3295237.75,3564,38162.859590393,0.13748597081930417,0.44388327721661053,0.4186307519640853,197897.97462661262
H3,54,4019602.25,28633,58771.93518015678,0.06852233436943388,0.4643243809590333,0.46715328467153283,241961.3486208963,3458330.75,2015,24641.623233102262,0.12258064516129032,0.456575682382134,0.42084367245657567,178470.37372307738,3458330.75,3564,39066.77914929525,0.1366442199775533,0.4452861952861953,0.4180695847362514,203904.27739012966
H3,55,4197036.0,28633,59942.15345989616,0.068138162260329,0.4610065309258548,0.4708553068138162,247688.13644740815,3619878.75,2015,25152.875645158092,0.12208436724565756,0.4575682382133995,0.42034739454094294,184430.78026699708,3619878.75,3564,39934.18199475354,0.13636363636363635,0.44612794612794615,0.4175084175084175,209796.589180577
H3,56,4381901.0,28633,61363.70098831343,0.06750951699088464,0.45747913246952815,0.4750113505395872,254158.35217528645,3779387.25,2015,25664.81210040432,0.12158808933002481,0.45806451612903226,0.42034739454094294,190446.02713778854,3779387.25,3564,40806.56557495584,0.1360830527497194,0.44668911335578004,0.4172278338945006,215779.78546972488
H3,57,4597321.0,28633,63135.63145208422,0.06736981804211924,0.4552090245520902,0.47745608214298185,261964.3800792156,3937932.5,2015,26205.384676320962,0.12158808933002481,0.458560794044665,0.41985111662531016,196863.56290587795,3937932.5,3564,41749.48517179869,0.13580246913580246,0.44725028058361394,0.4172278338945006,222300.12484662325
H3,58,4830637.5,28633,64932.87533226975,0.06660147382390948,0.45297384137184366,0.4804246848042468,269852.7337375268,4101649.75,2015,26731.699655213186,0.12109181141439206,0.46054590570719606,0.41836228287841193,203526.37728303517,4101649.75,3564,42687.99572771384,0.13524130190796857,0.44696969696969696,0.41778900112233447,229063.21235777784
H3,59,5057276.0,28633,66430.40836712092,0.06653162434952677,0.451716550832955,0.4817867495547096,277142.628597041,4265161.5,2015,27185.199811625956,0.12109181141439206,0.458560794044665,0.42034739454094294,210072.0299587139,4265161.5,3564,43522.36097629905,0.13524130190796857,0.4452861952861953,0.41975308641975306,235571.2912724336
H3,60,5266551.0,28633,67739.06133600902,0.06565850591974295,0.45091328187755386,0.4834631369398945,283853.0648083054,4420250.5,2015,27641.256912110355,0.1205955334987593,0.45905707196029777,0.42034739454094294,216356.2762396833,4420250.5,3564,44320.36885265483,0.13383838383838384,0.4450056116722783,0.4211560044893378,241702.8644514855
H3,61,5465830.5,28633,69007.39062604049,0.06537910802221213,0.45004016344777004,0.4845807285300178,290595.37073310366,4573247.5,2015,28117.703511084717,0.1205955334987593,0.45905707196029777,0.42034739454094294,222609.95045658722,4573247.5,3564,45120.025817158814,0.1335578002244669,0.4450056116722783,0.4214365881032548,247774.9435379654
H3,62,5663723.0,28633,70244.6811394301,0.06506478538748996,0.44951629238989976,0.4854189222226103,297414.502650659,4729453.0,2015,28575.574121706253,0.12009925558312655,0.4600496277915633,0.41985111662531016,229083.00118978356,4729453.0,3564,45882.262455057265,0.132996632996633,0.4452861952861953,0.4217171717171717,253957.0446550265
H3,63,5867639.0,28633,71507.48347288644,0.0648901617015332,0.44836377606258515,0.4867460622358817,304356.86880172003,4890755.0,2015,29021.167639329215,0.12009925558312655,0.4595533498759305,0.42034739454094294,235829.5360412829,4890755.0,3564,46634.629570336416,0.13271604938271606,0.44556677890011226,0.4217171717171717,260313.4650578135
H3,64,6057589.0,28633,72745.64308258369,0.06450598959242831,0.4467572381517829,0.48873677225578877,311260.98897608457,5046031.5,2015,29473.785601486365,0.12009925558312655,0.45905707196029777,0.42084367245657567,242342.3640904838,5046031.5,3564,47399.339790619124,0.1324354657687991,0.4458473625140292,0.4217171717171717,266590.0278833704
H3,65,6246368.0,28633,73992.61522923567,0.06443614011804562,0.4453951734013202,0.4901686864806342,318135.8676503661,5197043.0,2015,29900.136914629136,0.12009925558312655,0.4595533498759305,0.42034739454094294,248605.49030101945,5197043.0,3564,48153.153272573756,0.1324354657687991,0.44612794612794615,0.4214365881032548,272671.7184089518
H3,66,6417745.0,28633,75096.47826223666,0.06370272063702721,0.4437537107533266,0.4925435686096462,324452.6184449207,5345231.0,2015,30326.726671562676,0.11910669975186104,0.45707196029776676,0.4238213399503722,254785.5134985897,5345231.0,3564,48900.17270080129,0.13159371492704827,0.44556677890011226,0.4228395061728395,278660.6324341419
H3,67,6571107.0,28633,76096.88479292394,0.0634931722138791,0.4422519470540984,0.4942548807320225,330041.4666209247,5492857.0,2015,30728.58500409846,0.11910669975186104,0.45607940446650125,0.4248138957816377,260730.24011675734,5492857.0,3564,49610.4217457346,0.13159371492704827,0.4447250280583614,0.42368125701459036,284409.16973948816
H3,68,6735929.5,28633,77195.93370095328,0.06286452694443474,0.44239164600286385,0.4947787517898928,336040.4400141214,5638357.5,2015,31091.572166172522,0.11761786600496278,0.45558312655086847,0.4267990074441687,265827.43443628104,5638357.5,3564,50348.24102297898,0.13019079685746351,0.4450056116722783,0.42480359147025815,289789.0711207614
H3,69,6942985.0,28633,78516.23363325807,0.06275975273286069,0.4414486780986973,0.495791569168442,342983.0304706399,5785784.0,2015,31307.953619906548,0.11861042183622829,0.45607940446650125,0.4253101736972705,268349.4194107652,5785784.0,3564,51252.69285900735,0.1307519640852974,0.4452861952861953,0.4239618406285073,294795.0133973074
H3,70,7157265.0,28633,79768.42764621596,0.061991408514650924,0.44214717284252436,0.49586141864282474,349406.87862719607,5935521.0,2015,31477.724237952683,0.11712158808933003,0.45558312655086847,0.4272952853598015,270348.28566275944,5935521.0,3564,52221.02403158383,0.12962962962962962,0.4450056116722783,0.42536475869809204,300609.5916139262
H3,71,7363392.5,28633,80827.08469033035,0.061956483777459576,0.4412391296755492,0.4968742360213739,354739.91756504,6080824.0,2015,31895.977481784263,0.11712158808933003,0.45558312655086847,0.4272952853598015,276391.8913610066,6080824.0,3564,52922.42703148833,0.12962962962962962,0.4450056116722783,0.42536475869809204,306401.41380792006
H3,72,7564540.0,28633,81927.72386492357,0.06125798903363252,0.4407152586176789,0.4980267523486886,360387.31823705323,6222482.5,2015,32335.464443369336,0.11662531017369727,0.45558312655086847,0.4277915632754342,282511.1132559717,6222482.5,3564,53632.00007273291,0.12878787878787878,0.4452861952861953,0.42592592592592593,312166.2877202842
H3,73,7781831.0,28633,83212.49023920026,0.06101351587329305,0.4409597317780184,0.49806167708587995,366657.41931751056,6374152.5,2015,32802.03541039238,0.11662531017369727,0.45707196029776676,0.4267990074441687,289040.93622568785,6374152.5,3564,54434.045119517665,0.12878787878787878,0.44612794612794615,0.42536475869809204,318552.11513292056
H3,74,7993326.5,28633,84424.81026535323,0.06038487060384871,0.44026123703419134,0.49935389236196,372262.7964598434,6522789.0,2015,33300.65816027565,0.11563275434243177,0.45508684863523574,0.4292803970223325,295427.3279537502,6522789.0,3564,55257.88976126136,0.12738496071829405,0.44556677890011226,0.4270482603815937,324838.2337550562
H3,75,8196989.0,28633,85470.1199665789,0.060315021129466004,0.4396675165019383,0.500052387105787,376300.62204552017,6657998.5,2015,33917.13957656772,0.11563275434243177,0.45459057071960296,0.4297766749379653,301642.08387686464,6657998.5,3564,56253.13419048757,0.12738496071829405,0.4452861952861953,0.4273288439955107,330980.13398622465
H3,76,8405632.0,28633,86529.81422094905,0.0596514511228303,0.4396675165019383,0.5007159571124228,381431.2248943569,6786570.0,2015,34507.74111843343,0.11364764267990074,0.45607940446650125,0.430272952853598,307825.6571187553,6786570.0,3564,57286.10968455897,0.12626262626262627,0.44556677890011226,0.4281705948372615,337187.99661828857
H3,77,8616604.0,28633,87736.88258721544,0.0596514511228303,0.4393182691300248,0.5010652044843362,387668.72677206155,6914895.0,2015,35059.68007816643,0.11364764267990074,0.45607940446650125,0.4307692307692308,313998.44014336274,6914895.0,3564,58557.21943757168,0.12626262626262627,0.4452861952861953,0.4287317620650954,344039.33794650115
H3,78,8821888.0,28633,88948.6614832533,0.05919742953934272,0.4395976670275556,0.501239828170293,394121.51609878213,7041181.0,2015,35624.43791411222,0.11364764267990074,0.45607940446650125,0.4307692307692308,320109.30395051,7041181.0,3564,59566.25028584577,0.12626262626262627,0.4452861952861953,0.4287317620650954,350465.08004379895
H3,79,9020172.0,28633,90180.30417048317,0.059057730590577305,0.43928334439283345,0.5016589250165893,400693.7284396904,7167081.5,2015,36225.1934995888,0.11315136476426799,0.45607940446650125,0.4307692307692308,326307.77284721576,7167081.5,3564,60570.55885562324,0.12598204264870932,0.4452861952861953,0.4287317620650954,356890.5473711305
H3,80,9210443.0,28633,91371.94443253435,0.05884818216742919,0.43921349491845074,0.5019732476513115,406966.8441923268,7289088.0,2015,36875.58648190827,0.11315136476426799,0.456575682382134,0.430272952853598,332441.5363407695,7289088.0,3564,61622.29548983834,0.12598204264870932,0.44556677890011226,0.42845117845117847,363235.4949162295
H3,81,9397916.0,28633,92542.69972111486,0.05853385953270702,0.43896902175811126,0.5024971187091817,413051.1007416844,7408499.0,2015,37564.21381910009,0.11315136476426799,0.456575682382134,0.430272952853598,338563.5041098726,7408499.0,3564,62721.77283032473,0.12598204264870932,0.4458473625140292,0.4281705948372615,369565.54372871085
H3,82,9582133.0,28633,93683.25150165983,0.05811476268641078,0.4385848496490064,0.5033003876645828,418765.5604932295,7524645.0,2015,38304.4583583589,0.11215880893300248,0.45607940446650125,0.4317617866004963,344655.2162033851,7524645.0,3564,63881.107781574894,0.1251402918069585,0.4450056116722783,0.4298540965207632,375874.592107358
H3,83,9763886.0,28633,94781.10476479022,0.05783536478887996,0.4379911291167534,0.5041735060943666,424090.2034199378,7637550.5,2015,39066.074831789505,0.11215880893300248,0.45508684863523574,0.4327543424317618,350717.58186347276,7637550.5,3564,65061.09291970261,0.12457912457912458,0.4450056116722783,0.43041526374859707,382119.89686917333
H3,84,9934630.0,28633,95900.97018158458,0.05734641846820103,0.4379212796423707,0.5047323018894283,429448.1924996667,7743052.5,2015,39845.04760510527,0.11166253101736973,0.45508684863523574,0.43325062034739453,356539.6523756889,7743052.5,3564,66265.55377061717,0.12429854096520764,0.4452861952861953,0.43041526374859707,388187.24285776453
H3,85,10099638.0,28633,97042.25398455022,0.057311493731009674,0.4377117312192226,0.5049767750497678,434928.21242956334,7851959.5,2015,40637.54312782593,0.11166253101736973,0.45508684863523574,0.43325062034739453,362277.8319529229,7851959.5,3564,67503.428505128,0.12457912457912458,0.4447250280583614,0.43069584736251404,394233.2912173448
H3,86,10256570.0,28633,98197.9045674733,0.056927321621904795,0.43743233332169174,0.5056752697935948,440450.24010257766,7967514.0,2015,41470.464244143775,0.11215880893300248,0.45459057071960296,0.4337468982630273,367935.98252527014,7967514.0,3564,68792.91834417818,0.12457912457912458,0.4444444444444444,0.43125701459034793,400248.22877852764
H3,87,10417538.0,28633,99428.28112607566,0.056822547410330736,0.43774665595641393,0.5054657213704467,446366.693237293,8087024.5,2015,42413.38214237245,0.11166253101736973,0.45607940446650125,0.4327543424317618,373929.1536479025,8087024.5,3564,70251.11562607596,0.12429854096520764,0.4450056116722783,0.43097643097643096,406701.8754698687
H3,88,10576263.0,28633,100658.91518060185,0.05675269793594803,0.43781650543079664,0.505500646107638,452679.49686889484,8207203.0,2015,43391.622876660884,0.11166253101736973,0.45558312655086847,0.43325062034739453,379979.050270154,8207203.0,3564,71779.95205105834,0.12429854096520764,0.4447250280583614,0.43125701459034793,413333.067836624
H3,89,10734841.0,28633,101980.18038131949,0.05664792372437397,0.43774665595641393,0.5056054203192121,459354.49923073064,8370757.0,2015,44398.94141269107,0.11066997518610422,0.45558312655086847,0.4337468982630273,386366.82284054294,8370757.0,3564,73374.43417013051,0.12345679012345678,0.4447250280583614,0.4318181818181818,420613.10172192694
H3,90,10904184.0,28633,103292.5579534404,0.056508224775608566,0.43809590332832743,0.5053958718960639,465810.04042569926,8500580.0,2015,45369.84290424127,0.11066997518610422,0.45558312655086847,0.4337468982630273,392489.2169222303,8500580.0,3564,74937.92024445541,0.12345679012345678,0.4447250280583614,0.4318181818181818,427539.49401691376
H3,91,11066915.0,28633,104463.27914493119,0.05657807424999127,0.4376768064820312,0.5057800440051688,471424.6650846593,8608483.0,2015,46200.236056994574,0.11066997518610422,0.45558312655086847,0.4337468982630273,397904.25212903746,8608483.0,3564,76278.10975042492,0.12373737373737374,0.4444444444444444,0.4318181818181818,433627.25782967964
H3,92,11200581.0,28633,105402.78583890277,0.05668284846156533,0.4374672580588831,0.5058848182167429,475980.90332570625,8699167.0,2015,46856.140035587305,0.11166253101736973,0.45558312655086847,0.4327543424317618,402375.3138208796,8699167.0,3564,77334.07444875226,0.12429854096520764,0.4447250280583614,0.43097643097643096,438587.969455043
H3,93,11293615.0,28633,106103.54064921396,0.05678762267313939,0.43732755911011767,0.5058848182167429,479149.93708810833,8766532.0,2015,47364.677396800085,0.11215880893300248,0.45558312655086847,0.432258064516129,405714.2998972266,8766532.0,3564,78135.22662151669,0.12457912457912458,0.4444444444444444,0.43097643097643096,442251.06692342035
H3,94,11362544.0,28633,106622.39677702218,0.05671777319875668,0.43743233332169174,0.5058848182167429,481812.4973692545,8819184.0,2015,47768.72644885159,0.11215880893300248,0.45558312655086847,0.432258064516129,408348.8483067544,8819184.0,3564,78775.47710803176,0.12485970819304153,0.4441638608305275,0.43097643097643096,445149.77182846796
H3,95,11414647.0,28633,107022.65829375293,0.05685747214752209,0.4376768064820312,0.505500646107638,483995.1573331524,8861203.0,2015,48108.45001405813,0.11265508684863523,0.45607940446650125,0.4317617866004963,410479.52675050095,8861203.0,3564,79312.37755255107,0.1251402918069585,0.4450056116722783,0.43013468013468015,447521.36596492864
H3,96,11467203.0,28633,107324.53506549627,0.05675269793594803,0.4382006775399015,0.5050815492613419,485666.432968108,8896297.0,2015,48386.83918348462,0.11215880893300248,0.456575682382134,0.4312655086848635,412252.28803203313,8896297.0,3564,79750.02312867591,0.12485970819304153,0.4452861952861953,0.4298540965207632,449473.31354972266
H3,97,11505468.0,28633,107527.02923148831,0.05696224635909615,0.4379911291167534,0.5050815492613419,486746.3578836627,8922831.0,2015,48601.70772231174,0.11215880893300248,0.456575682382134,0.4312655086848635,413592.2278536856,8922831.0,3564,80078.15695440682,0.12485970819304153,0.4452861952861953,0.4298540965207632,450926.0505992445
H3,98,11534424.0,28633,107619.84067818063,0.0569971710962875,0.4385848496490064,0.5044529039918975,487599.65906646533,8942742.0,2015,48757.16375252067,0.11215880893300248,0.456575682382134,0.4312655086848635,414590.02679699165,8942742.0,3564,80319.84257642916,0.12485970819304153,0.4452861952861953,0.4298540965207632,452014.61109004816
H3,99,11554690.0,28633,107660.20656234543,0.05727656899381832,0.4387245485977718,0.5039988824084098,488416.2817433037,8956886.0,2015,48878.47244037756,0.11265508684863523,0.456575682382134,0.4307692307692308,415319.29686736705,8956886.0,3564,80512.16245062758,0.1251402918069585,0.44556677890011226,0.4292929292929293,452845.74942426605
H3,100,11570183.0,28633,107644.57605322146,0.05727656899381832,0.4391785701812594,0.5035797855621137,488989.83815165836,8967499.0,2015,48963.31874502263,0.11265508684863523,0.45707196029776676,0.430272952853598,415858.4871467885,8967499.0,3564,80648.4625689493,0.1251402918069585,0.4458473625140292,0.42901234567901236,453457.89727386745
H3,101,11578017.0,28633,107582.91528894259,0.05745119267977508,0.43914364544406803,0.5034750113505396,489270.1157912723,8973448.0,2015,49014.15354922453,0.11265508684863523,0.456575682382134,0.4312655086848635,416161.00009762985,8973448.0,3564,80726.15754334349,0.1251402918069585,0.4458473625140292,0.4292929292929293,453802.8945010966
H3,102,11580871.0,28633,107458.61349966956,0.05738134320539238,0.4393182691300248,0.5033353124017742,489300.37500543834,8975772.0,2015,49024.39896374793,0.11265508684863523,0.45806451612903226,0.4297766749379653,416259.2555425363,8975772.0,3564,80742.63484455687,0.1251402918069585,0.44640852974186307,0.4287317620650954,453911.5288176418
H3,103,11575976.0,28633,107285.34200549145,0.05762581636573185,0.43928334439283345,0.5031257639786261,489064.3630321359,8973358.0,2015,49002.74861524575,0.11364764267990074,0.45707196029776676,0.4297766749379653,416128.8549037564,8973358.0,3564,80703.64895979312,0.12598204264870932,0.44612794612794615,0.4281705948372615,453765.30983257684
H3,104,11565815.0,28633,107056.10216142522,0.05776551531449726,0.43945796807879023,0.5028463660810952,488535.1217931161,8967199.0,2015,48937.27763591328,0.1141439205955335,0.45806451612903226,0.4287841191066998,415794.6722141717,8967199.0,3564,80600.00340885276,0.12626262626262627,0.44668911335578004,0.4276094276094276,453380.12966146186
H3,105,11546798.0,28633,106770.2309402621,0.057975063737645376,0.43952781755317294,0.5025669681835644,487620.73049618624,8955678.0,2015,48824.582509706466,0.1141439205955335,0.45707196029776676,0.4292803970223325,415171.3584640324,8955678.0,3564,80418.32989116032,0.12654320987654322,0.44612794612794615,0.4276094276094276,452663.0411044376
H3,106,11521898.0,28633,106402.2742401275,0.057975063737645376,0.43956274229036424,0.5024621939719903,486579.3977311335,8939775.0,2015,48666.06922556768,0.11364764267990074,0.4575682382133995,0.4287841191066998,414316.8185023262,8939775.0,3564,80173.41884717639,0.12626262626262627,0.44668911335578004,0.4270482603815937,451699.9766042616
H3,107,11490845.0,28633,105997.42395252537,0.05821953689798484,0.4396675165019383,0.5021827960744596,485499.631165521,8919931.0,2015,48488.7841534611,0.11364764267990074,0.4575682382133995,0.4292803970223325,413284.88972721767,8919931.0,3564,79898.33900524989,0.12626262626262627,0.44725028058361394,0.42676767676767674,450566.80744355376
H3,108,11458602.0,28633,105564.14413412516,0.0582544616351762,0.4399818391366605,0.501833548702546,484107.67727896315,8897901.0,2015,48283.53706667793,0.11315136476426799,0.4575682382133995,0.4297766749379653,412133.88285976567,8897901.0,3564,79580.29836293112,0.12598204264870932,0.44725028058361394,0.4270482603815937,449280.5107687907
H3,109,11424845.0,28633,105073.49939515069,0.058673558481472425,0.44008661334823457,0.5013096776446757,482237.1446525148,8870482.0,2015,48027.82743298446,0.11315136476426799,0.45707196029776676,0.430272952853598,410680.1629077989,8870482.0,3564,79174.31535653985,0.12654320987654322,0.44668911335578004,0.4270482603815937,447625.9735386723
H3,110,11385403.0,28633,104496.15612268767,0.05870848321866378,0.4400516886110432,0.5013096776446757,480242.39787576103,8838374.0,2015,47730.3155009834,0.11265508684863523,0.45707196029776676,0.430272952853598,408980.8517282428,8838374.0,3564,78707.17732987393,0.12626262626262627,0.44640852974186307,0.4273288439955107,445712.8548341672
H3,111,11339154.0,28633,103871.5961898943,0.05902280585338595,0.43987706492508644,0.5011350539587189,478143.7069187477,8801637.0,2015,47415.41041682484,0.11265508684863523,0.45707196029776676,0.430272952853598,407096.4647425849,8801637.0,3564,78213.98265993307,0.12654320987654322,0.44640852974186307,0.4270482603815937,443630.14173165435
H3,112,11289752.0,28633,103207.54965791435,0.05909265532776866,0.4398421401878951,0.5011001292215276,475950.9536858694,8763103.0,2015,47072.50683715373,0.11265508684863523,0.45707196029776676,0.430272952853598,405090.116153255,8763103.0,3564,77698.83901399434,0.12654320987654322,0.44640852974186307,0.4270482603815937,441418.69423806126
H3,113,11230494.0,28633,102493.0249757625,0.059337128488108126,0.4399818391366605,0.5006810323752314,473480.51219990547,8720003.0,2015,46710.72247653268,0.11315136476426799,0.45707196029776676,0.4297766749379653,402868.88302588265,8720003.0,3564,77126.4509105156,0.1271043771043771,0.44612794612794615,0.42676767676767674,438952.99124460196
H3,114,11165317.0,28633,101740.00908270429,0.05951175217406489,0.4398072154507037,0.5006810323752314,470710.6563831078,8673246.0,2015,46314.428298901366,0.11315136476426799,0.45707196029776676,0.4297766749379653,400456.4395857549,8673246.0,3564,76501.16961422023,0.1271043771043771,0.44556677890011226,0.4273288439955107,436261.6380677024
H3,115,11082332.0,28633,100888.52015819965,0.06000069849474383,0.43977229071351237,0.5002270107917438,467320.92619688495,8618068.0,2015,45865.08748920136,0.11315136476426799,0.456575682382134,0.430272952853598,397612.8692138836,8618068.0,3564,75778.12258012932,0.1271043771043771,0.4452861952861953,0.4276094276094276,433069.892902738
H3,116,10985695.0,28633,99946.93239827626,0.060105472706317886,0.4398072154507037,0.5001222365801697,463562.0775291011,8556080.0,2015,45344.45853904952,0.11315136476426799,0.456575682382134,0.4307692307692308,394374.9674260823,8556080.0,3564,74951.22582630608,0.1271043771043771,0.4458473625140292,0.4273288439955107,429439.5850564321
H3,117,10878315.0,28633,98921.43043771085,0.06045472007823141,0.4398072154507037,0.4997729892082562,459491.03963033005,8486175.0,2015,44736.212925660315,0.11364764267990074,0.4575682382133995,0.4292803970223325,390690.6153101371,8486175.0,3564,73989.265234483,0.12738496071829405,0.44612794612794615,0.42676767676767674,425301.84161465516
H3,118,10776351.0,28633,97876.67970649844,0.060594419026996825,0.43928334439283345,0.5001222365801697,455385.8212686107,8413045.0,2015,44079.76102575146,0.11364764267990074,0.456575682382134,0.4297766749379653,386883.8372571562,8413045.0,3564,72944.16729126174,0.127665544332211,0.44556677890011226,0.42676767676767674,421001.4674422099
H3,119,10672812.0,28633,96800.2660048723,0.06076904271295359,0.4389340970209199,0.5002968602661265,451101.07952495955,8325322.5,2015,43376.21350398485,0.11364764267990074,0.456575682382134,0.4297766749379653,382913.33836208977,8325322.5,3564,71850.25491332283,0.127665544332211,0.4452861952861953,0.4270482603815937,416456.6840579105
H4,0,1306860.0,28633,558.1922418881275,0.24869905353962213,0.40449830615024623,0.3472217371564279,18194.28359232717,4.319430828094482,2015,0.13748267277474946,0.22679900744416873,0.39503722084367243,0.37965260545905705,0.3868736727653409,14.12714958190918,3564,0.17168638685252682,0.26936026936026936,0.3787878787878788,0.35269360269360267,0.6047532920902166
H4,1,2256342.0,28633,3134.948802655149,0.23074773862326686,0.41301994202493625,0.356441867774945,55171.929914115615,15.450997352600098,2015,0.8514182373183731,0.2119106699751861,0.40198511166253104,0.38610421836228287,1.8299353705719537,53.638694763183594,3564,1.004950924181728,0.25224466891133557,0.3866442199775533,0.3613916947250281,2.6505682159086343
H4,2,2306980.5,28633,3677.9371660083925,0.20839590682080117,0.42520867530471834,0.36643034261167184,59959.673320396214,57.94907760620117,2015,3.419423619325034,0.1990074441687345,0.4079404466501241,0.3930521091811414,7.337895221615715,160.04542541503906,3564,3.8599431271139193,0.23597081930415265,0.393658810325477,0.37037037037037035,9.252026269991521
H4,3,1814245.25,28633,3553.6440579140194,0.19949009883700625,0.4302378374602731,0.37034191317710335,53378.15512137378,219.09307861328125,2015,7.024384071996574,0.19404466501240694,0.41240694789081883,0.3935483870967742,16.674957712284986,471.7596130371094,3564,7.834492286409714,0.23176206509539843,0.3953423120089787,0.3728956228956229,21.58080641041607
H4,4,1680977.375,28633,3528.3837757890637,0.18796493556385988,0.43750218279607445,0.37460273111444836,48164.3998450034,313.90850830078125,2015,11.238670237109572,0.1890818858560794,0.4143920595533499,0.3965260545905707,26.010989966975014,898.3052368164062,3564,12.788832484678792,0.2250280583613917,0.3950617283950617,0.38019079685746354,37.17563977362593
H4,5,1663255.25,28633,4352.806163257583,0.1807355149652499,0.4426011944260119,0.3768029895575036,50679.36986503262,352.1294250488281,2015,14.637360576755938,0.18759305210918115,0.4148883374689826,0.3975186104218362,33.84175953067293,1385.69970703125,3564,16.912217955774945,0.22166105499438832,0.39702581369248036,0.3813131313131313,52.384724782128174
H4,6,1689275.625,28633,5809.7800156098765,0.171934481193029,0.4471414102608878,0.3809590332832745,59943.129459364696,402.4842529296875,2015,18.807812413246726,0.18411910669975187,0.41687344913151364,0.3990074441687345,42.75826537343873,1996.38134765625,3564,21.992208594917845,0.21773288439955107,0.3995510662177329,0.38271604938271603,70.01569001806035
H4,7,1633851.5,28633,5690.423772843256,0.1668703943002829,0.44871302343449865,0.3844515070024098,55707.98803808358,984.4603271484375,2015,22.79300029599876,0.18114143920595532,0.4173697270471464,0.40148883374689825,56.42881783779166,2457.338623046875,3564,26.681446479313095,0.21520763187429853,0.4003928170594837,0.38439955106621776,87.71521593413613
H4,8,1545874.125,28633,5673.831581522925,0.15974574791324694,0.4523451961023993,0.38804875493311913,52852.54341916783,1476.5467529296875,2015,27.644422292053033,0.17866004962779156,0.41985111662531016,0.40148883374689825,71.57188625264423,2820.5810546875,3564,32.48943927700261,0.21043771043771045,0.4031986531986532,0.38636363636363635,106.51724201449296
H4,9,1528424.625,28633,6935.643662062904,0.15538015576432787,0.45573289560996055,0.38892187336290296,60245.55639432234,2564.886474609375,2015,31.993713029318723,0.17866004962779156,0.42133995037220845,0.4,95.09514907157687,3136.25048828125,3564,38.149535556991374,0.20931537598204264,0.404320987654321,0.38636363636363635,132.947867379153
H4,10,1775145.875,28633,8202.319488756462,0.14965249886494605,0.4593650682778612,0.3910173575943841,70591.14529254564,3848.18212890625,2015,37.55069724897445,0.1771712158808933,0.42233250620347396,0.40049627791563275,124.0953243536899,3848.18212890625,3564,45.86248144717813,0.20622895622895623,0.4060044893378227,0.3877665544332211,174.3198158863568
H4,11,2177307.0,28633,9748.955922866655,0.1437851430167988,0.46383543463835436,0.39244927181922956,79246.1524117217,4690.90283203125,2015,41.449785955909356,0.17369727047146402,0.4258064516129032,0.40049627791563275,145.79908731409603,4704.19140625,3564,51.998710922891604,0.2031425364758698,0.409652076318743,0.3872053872053872,208.2491629474901
H4,12,2543692.75,28633,12163.138676528746,0.13809241085460833,0.4690392204798659,0.3929032934027171,90746.48638979164,5257.259765625,2015,46.6880270889481,0.171712158808933,0.4258064516129032,0.40297766749379654,162.7259185809267,5792.8515625,3564,59.742540932689224,0.20145903479236812,0.4102132435465769,0.3886083052749719,242.01048391946313
H4,13,2787797.0,28633,13353.311453132972,0.13491425977019522,0.473404812628785,0.39171585233821116,94148.1253016943,5700.50390625,2015,52.92767495623096,0.17022332506203475,0.428287841191067,0.40148883374689825,184.6123552592251,290339.875,3564,229.42957045777288,0.20033670033670034,0.41245791245791247,0.3872053872053872,6852.630409399981
H4,14,2945608.5,28633,14835.776025366302,0.13093283973038103,0.4760940173925191,0.3930080676142912,97364.29725489781,18936.05859375,2015,78.52637417208517,0.16823821339950373,0.4267990074441687,0.40496277915632756,583.8139265698409,375453.0625,3564,305.3054605103179,0.19809203142536475,0.41245791245791247,0.3894500561167228,8893.728092927175
H4,15,3069534.5,28633,17124.15759066539,0.12768483917158524,0.47466210316767365,0.39768798239793246,103518.07711960239,42487.2578125,2015,125.38830824674875,0.16774193548387098,0.4272952853598015,0.40496277915632756,1375.6814035166378,375597.21875,3564,347.47980535189805,0.19696969696969696,0.41301907968574636,0.39029180695847365,8936.313289265834
H4,16,3168869.0,28633,18144.44788066644,0.12443683861278944,0.4750113505395872,0.4005867355848147,105910.14100986566,318313.1875,2015,1056.1318607854234,0.16674937965260547,0.4287841191066998,0.4044665012406948,16150.364385128027,408593.59375,3564,1096.5893852997308,0.19528619528619529,0.4127384960718294,0.39225589225589225,16794.75788909332
H4,17,3234383.75,28633,18194.134116800727,0.1218873327978207,0.47518597422554393,0.40292669297663536,107502.5664891961,672477.6875,2015,2209.8327991129504,0.16674937965260547,0.4312655086848635,0.40198511166253104,35038.47942079701,672477.6875,3564,2021.3514791957862,0.19388327721661056,0.4155443322109989,0.39057239057239057,31668.093335018748
H4,18,3287633.75,28633,18807.587735281868,0.11888380539936437,0.4764083400272413,0.4047078545733943,110106.95982067885,772304.9375,2015,2502.083297429902,0.16526054590570718,0.4287841191066998,0.40595533498759306,39758.71119460994,772304.9375,3564,2345.2675883123406,0.19276094276094277,0.41414141414141414,0.3930976430976431,35946.29420294934
H4,19,3349872.0,28633,22479.486114662694,0.11619460063563021,0.47955156637446306,0.40425383298990675,131896.43972423705,1742798.25,2015,5811.897581417496,0.16377171215880892,0.4277915632754342,0.4084367245657568,85587.83144235205,1742798.25,3564,5887.473891889553,0.18967452300785634,0.4152637485970819,0.3950617283950617,75814.64339006216
H4,20,3402830.5,28633,22631.232632309002,0.11291167533964307,0.4830440400935983,0.4041490587783327,124107.04462577822,1414551.125,2015,5963.09154103057,0.16327543424317617,0.428287841191067,0.4084367245657568,68309.90963120025,1414551.125,3564,7839.764566883458,0.18714927048260382,0.4169472502805836,0.39590347923681257,68102.71460244573
H4,21,3421585.75,28633,23662.078796967555,0.11120036321726678,0.48660636328711626,0.40219327349561695,124836.98496345223,1294484.625,2015,7605.300746463173,0.1598014888337469,0.4297766749379653,0.4104218362282878,70139.30694973703,1294484.625,3564,11236.685167413747,0.1840628507295174,0.41947250280583614,0.39646464646464646,81164.7371373433
H4,22,3436252.75,28633,25022.45625364395,0.10896518003702022,0.49051793385254777,0.40055181084762337,130052.66353915211,1480718.875,2015,9403.158372375345,0.15533498759305212,0.4337468982630273,0.4109181141439206,82478.23345349281,1480718.875,3564,13462.782494459447,0.1804152637485971,0.42312008978675647,0.39646464646464646,94644.9604587047
H4,23,3504604.25,28633,24427.856477162462,0.10742849160060071,0.490937030698844,0.4016344777005553,124586.35756679652,1237972.125,2015,7202.682778603276,0.15285359801488835,0.4347394540942928,0.41240694789081883,64008.576768229956,1237972.125,3564,10346.197210626855,0.17732884399551066,0.4208754208754209,0.40179573512906847,71266.57305380804
H4,24,3633670.75,28633,25179.9252981791,0.10505360947158873,0.4916704501798624,0.40334578982293157,123599.26087858903,989252.9375,2015,6727.8493851393605,0.1523573200992556,0.43424317617866004,0.4133995037220844,53297.49798223777,989252.9375,3564,10226.913540145184,0.1750841750841751,0.42059483726150393,0.4048821548821549,63161.122223684935
H4,25,3752953.0,28633,27188.9435511758,0.10313274892606433,0.49208954702615865,0.404777704047777,128878.09846848708,1091855.5,2015,8071.173225650812,0.1513647642679901,0.4337468982630273,0.4148883374689826,60555.06247799264,1091855.5,3564,12382.673269269555,0.1728395061728395,0.42059483726150393,0.4065656565656566,72228.33633697702
H4,26,3822031.75,28633,29470.734243376894,0.10096741522020047,0.4930325149303251,0.4060000698494744,134811.7060189846,1210295.375,2015,9873.810338297117,0.1498759305210918,0.4347394540942928,0.4153846153846154,69963.80741920102,1210295.375,3564,15407.051812901887,0.17031425364758698,0.4217171717171717,0.4079685746352413,85429.34024315255
H4,27,3847445.5,28633,30841.178869643165,0.09922117836063284,0.4929277407187511,0.4078860056578074,137649.09377443112,1290825.5,2015,11207.58335972331,0.14937965260545905,0.43622828784119105,0.4143920595533499,76427.63547291751,1290825.5,3564,17642.71057264234,0.1691919191919192,0.42368125701459036,0.40712682379349047,95017.45964420986
H4,28,3841649.75,28633,30828.580434447682,0.0972653930779171,0.4939405580973003,0.4087940488247826,137518.16813603454,1329905.875,2015,12082.232328008497,0.1488833746898263,0.43771712158808934,0.4133995037220844,79927.36798332025,1329905.875,3564,19382.078730832243,0.16806958473625142,0.42508417508417506,0.4068462401795735,102269.3612429018
H4,29,3792013.5,28633,30442.044467520576,0.09642719938532462,0.4930674396675165,0.41054028568435025,137657.2666324765,1350501.125,2015,12616.618419161872,0.1488833746898263,0.43821339950372207,0.4129032258064516,82503.1261617971,1353872.75,3564,20452.708457689427,0.16778900112233447,0.42424242424242425,0.4079685746352413,107025.28633742097
H4,30,3604086.75,28633,31011.080644125563,0.09426186567946077,0.4895051164739985,0.4162330178465407,137591.78229015376,1364220.625,2015,12931.085208102528,0.14540942928039702,0.4392059553349876,0.4153846153846154,84072.94151249353,1388578.625,3564,21127.97859375667,0.1644219977553311,0.4270482603815937,0.40852974186307517,109931.19799001515
H4,31,3207451.5,28633,31007.15380823944,0.09293472566618936,0.4871651590821779,0.41990011525163273,135329.98728992586,1381912.0,2015,13189.578396095,0.14590570719602977,0.43970223325062036,0.4143920595533499,85499.12115802748,1416357.875,3564,21514.99319763495,0.1644219977553311,0.4278900112233446,0.40768799102132436,111668.23181146987
H4,32,2803227.5,28633,30674.662804728112,0.09062969301156008,0.4880382775119617,0.42136695421366954,133578.37642997317,1399234.75,2015,13409.848962283557,0.143424317617866,0.44168734491315137,0.4148883374689826,86748.19935037394,1438966.875,3564,21770.386515485035,0.1627384960718294,0.4292929292929293,0.4079685746352413,112658.19066366492
H4,33,2639737.0,28633,31069.37706696189,0.0888485314148011,0.48852722383264063,0.4226242447525582,134124.17285391878,1416157.0,2015,13813.277479093395,0.1424317617866005,0.4411910669975186,0.4163771712158809,87990.22877475721,1458726.875,3564,21955.835936036776,0.16161616161616163,0.42901234567901236,0.40937149270482603,112734.2503591887
H4,34,2606115.75,28633,31755.899968999092,0.08703244508085077,0.48849229909544933,0.42447525582369994,134478.18991116458,1431674.5,2015,14425.518827775664,0.14044665012406948,0.4456575682382134,0.4138957816377171,89828.50849537783,1476914.0,3564,22477.763955578626,0.15937149270482603,0.43153759820426485,0.4090909090909091,113860.24833889729
H4,35,2567414.0,28633,32046.456431370818,0.08601962770230154,0.48685083644745575,0.4271295358502427,133366.08901273337,1446616.375,2015,15031.653894691244,0.14044665012406948,0.4456575682382134,0.4138957816377171,92365.76975444597,1493963.375,3564,23124.76081516338,0.1590909090909091,0.4318181818181818,0.4090909090909091,116020.03636680856
H4,36,2590211.75,28633,32450.142674659928,0.08469248768903014,0.4848601264275486,0.43044738588342124,133479.273732291,1460257.625,2015,15565.326359754215,0.13945409429280398,0.4456575682382134,0.4148883374689826,95227.00831574791,1509885.125,3564,23737.836197296318,0.1579685746352413,0.43209876543209874,0.4099326599326599,118504.6629516373
H4,37,2613331.75,28633,33392.506720366044,0.08381936925924632,0.4821359969266231,0.43411448328851326,135714.44596118003,1473899.0,2015,15984.88783859604,0.13796526054590572,0.44516129032258067,0.41687344913151364,97790.9101815758,1525189.625,3564,24337.786435069942,0.15712682379349047,0.43125701459034793,0.4118967452300786,121079.66766263933
H4,38,2539684.0,28633,34461.950685283366,0.08266685293193168,0.4786435232074879,0.43868962386058047,138453.93304907042,1486405.5,2015,16384.47931611106,0.13746898263027296,0.4471464019851117,0.4153846153846154,100091.74394336362,1539641.125,3564,24972.902261451847,0.15628507295173963,0.4329405162738496,0.4107744107744108,123668.29703619985
H4,39,2390593.75,28633,35613.05059039297,0.08193343345091328,0.47916739426535815,0.43889917228372854,141896.71548456536,1498647.75,2015,16780.55445215783,0.13746898263027296,0.4466501240694789,0.41588089330024813,102562.24173110946,1553544.625,3564,25714.91815583065,0.15656565656565657,0.43125701459034793,0.4121773288439955,126691.91860444724
H4,40,2410255.25,28633,36964.40423617814,0.08081584186079,0.48049453427862954,0.43868962386058047,146587.36404384172,1509772.0,2015,17176.472598110377,0.13548387096774195,0.4486352357320099,0.41588089330024813,105212.94348598689,1566814.0,3564,26523.85868606963,0.15460157126823793,0.4340628507295174,0.4113355780022447,130117.61790046275
H4,41,2458339.5,28633,38002.101998998005,0.0801522718541543,0.48056438375301225,0.43928334439283345,150019.2398928227,1519641.25,2015,17536.9259849108,0.13548387096774195,0.4491315136476427,0.4153846153846154,107850.4454686167,1578604.125,3564,27029.28573124135,0.15460157126823793,0.43434343434343436,0.4110549943883277,132507.7630597988
H4,42,2482185.5,28633,39147.82679939461,0.0789648307896483,0.4786085984702965,0.4424265707400552,153810.4515738739,1528753.25,2015,17916.70003976918,0.13548387096774195,0.4491315136476427,0.4153846153846154,110771.71427809019,1589688.0,3564,27667.031785456573,0.1531986531986532,0.4351851851851852,0.4116161616161616,135580.8141966468
H4,43,2482328.0,28633,40387.04494468454,0.07837111025739531,0.47916739426535815,0.4424964202144379,158260.51846251436,1539795.0,2015,18288.8244670591,0.1349875930521092,0.4496277915632754,0.4153846153846154,113655.36454021595,1601134.75,3564,28381.363497379545,0.15291806958473625,0.4351851851851852,0.4118967452300786,139033.3552435672
H4,44,2506230.5,28633,42230.42738236838,0.07760276603918556,0.48070408270177767,0.4416931512590368,165465.81841052536,1574067.25,2015,18698.682929941813,0.13399503722084366,0.4496277915632754,0.4163771712158809,116911.9183003488,1613130.0,3564,29309.826393683048,0.15235690235690236,0.4346240179573513,0.41301907968574636,143503.0895180055
H4,45,2555027.25,28633,44566.84762652939,0.0768344218209758,0.4807739321761604,0.44239164600286385,175087.77950155607,1680626.625,2015,19092.92509181395,0.13399503722084366,0.4496277915632754,0.4163771712158809,120155.48635992302,1680626.625,3564,30365.08877740186,0.15151515151515152,0.43490460157126826,0.41358024691358025,148672.61460526192
H4,46,2759528.75,28633,46765.33184985027,0.07599622812838333,0.47990081374637655,0.44413788286243144,185504.75872659127,1773310.25,2015,19469.583845512843,0.13300248138957815,0.4496277915632754,0.4173697270471464,123180.46121007453,1773310.25,3564,31456.79824103864,0.14898989898989898,0.4346240179573513,0.4163860830527497,154139.67161378128
H4,47,2689297.25,28633,46211.03626608329,0.07515803443579087,0.4787832221562533,0.4460936681451472,182775.06544003778,1908952.75,2015,19878.320042137486,0.13300248138957815,0.45161290322580644,0.41588089330024813,127084.24850521868,1908952.75,3564,31494.82638928705,0.14842873176206509,0.43602693602693604,0.4158249158249158,155016.44943568803
H4,48,2764047.0,28633,45747.93662887377,0.07438969021758111,0.4802500611182901,0.4453951734013202,180173.58661464372,2070137.125,2015,20348.13838363663,0.13101736972704714,0.45161290322580644,0.4173697270471464,131786.67922871813,2070137.125,3564,31624.29056639107,0.14562289562289563,0.43742985409652074,0.4169472502805836,156905.10953957576
H4,49,2848212.0,28633,48196.58377984315,0.07386581915971083,0.47186812419236546,0.45426605664792374,188642.00793865856,2208735.75,2015,20806.34233752624,0.13052109181141439,0.4521091811414392,0.4173697270471464,136196.86124174958,2208735.75,3564,32390.026903937625,0.14450056116722784,0.4385521885521885,0.4169472502805836,161357.60545640023
H4,50,2941589.25,28633,47779.30120025888,0.07295777599273566,0.47679251213634616,0.4502846366081095,192376.78861898548,2348198.25,2015,21292.741193120844,0.13052109181141439,0.4521091811414392,0.4173697270471464,140848.16272396338,2348198.25,3564,33223.02137773253,0.14393939393939395,0.4388327721661055,0.4172278338945006,166139.36685295985
H4,51,3025343.25,28633,50125.157363032704,0.07239898019767402,0.46928369364020533,0.458352250899312,201459.54721906263,2503001.5,2015,21794.044955022408,0.12952853598014888,0.4531017369727047,0.4173697270471464,145925.60879905985,2503001.5,3564,34105.85298988364,0.14309764309764308,0.4391133557800225,0.41778900112233447,171393.0926460757
H4,52,3131607.0,28633,51871.26240178317,0.07180525966542102,0.4678168546781685,0.46041281039360177,211254.9993046413,2706400.5,2015,22421.59198153796,0.12903225806451613,0.45459057071960296,0.41687344913151364,152623.75827979387,2706400.5,3564,35216.013018163416,0.1425364758698092,0.44023569023569026,0.4175084175084175,178325.75858471615
H4,53,3331801.0,28633,53475.72938079827,0.07096706597282855,0.4665944888764712,0.4624733698878916,218951.94031730492,2876174.5,2015,22952.212342946877,0.12853598014888337,0.45459057071960296,0.4173697270471464,158455.54716450523,2876174.5,3564,36135.80233109489,0.14225589225589225,0.44107744107744107,0.4169472502805836,184195.1077006017
H4,54,3517682.5,28633,54984.0648044713,0.07044319491495826,0.46516257465162575,0.464394230433416,225523.96688148202,3019471.0,2015,23426.295308984067,0.1270471464019851,0.45508684863523574,0.41786600496277915,163526.98929829724,3019471.0,3564,36956.12166417335,0.14057239057239057,0.44191919191919193,0.4175084175084175,189331.6302554361
H4,55,3733770.75,28633,56729.2783423011,0.07030349596619286,0.46331156358048403,0.4664198651905144,233451.8870675801,3199852.25,2015,23994.54424164229,0.1270471464019851,0.45459057071960296,0.41836228287841193,169917.36433105083,3199852.25,3564,37938.089508936806,0.14029180695847362,0.44163860830527496,0.41835016835016836,195758.3427398831
H4,56,3886766.75,28633,57877.16293272978,0.06981454964551392,0.4600984877588796,0.47008696259560645,237876.82117809902,3299929.5,2015,24347.63604397113,0.12655086848635236,0.4486352357320099,0.4248138957816377,173639.76683697393,3299929.5,3564,38560.79704510856,0.13973063973063973,0.4377104377104377,0.4225589225589226,199581.0747391595
H4,57,4090412.5,28633,59442.47396467532,0.0695351517479831,0.45772360562986764,0.472811092096532,245389.89294781227,3495867.5,2015,24935.30351911646,0.12655086848635236,0.456575682382134,0.41687344913151364,180650.42855089734,3495867.5,3564,39548.906201924685,0.13973063973063973,0.44332210998877664,0.4169472502805836,206457.32228547827
H4,58,4234453.0,28633,60444.42418696737,0.06876680752977334,0.4559773687703,0.475290748437118,249253.49212834676,3608220.5,2015,25267.68067541424,0.12406947890818859,0.45806451612903226,0.41836228287841193,184614.3624549496,3608220.5,3564,40133.366821376265,0.1377665544332211,0.44556677890011226,0.4169472502805836,210373.44331680753
H4,59,4413212.5,28633,61503.301891636875,0.06841756015785981,0.454789927705794,0.47686236161072887,254718.95986239953,3765742.25,2015,25652.53742119858,0.12406947890818859,0.4575682382133995,0.41885856079404465,190077.20739109474,3765742.25,3564,40820.4779360988,0.1377665544332211,0.44640852974186307,0.4161054994388328,215657.7635785348
H4,60,4603987.5,28633,62659.35760632743,0.0676841406768414,0.4538120350644361,0.4785387489959138,260894.44167016784,3920362.25,2015,26073.509554802495,0.12158808933002481,0.458560794044665,0.41985111662531016,195925.26257503795,3920362.25,3564,41567.23708625743,0.1360830527497194,0.44668911335578004,0.4172278338945006,221400.97256263247
H4,61,4815532.5,28633,63981.265411774606,0.06733489330492788,0.45262459399993016,0.480040512695142,267781.82733444555,4079233.75,2015,26512.261808257546,0.12158808933002481,0.45806451612903226,0.42034739454094294,202191.5727555388,4079233.75,3564,42360.11676518373,0.13580246913580246,0.44640852974186307,0.41778900112233447,227611.79028414105
H4,62,5018248.0,28633,65153.081007851506,0.066950721195823,0.450529109768449,0.48252016903572803,274097.08075540536,4234726.0,2015,26941.411022987504,0.12109181141439206,0.458560794044665,0.42034739454094294,208424.42205196636,4234726.0,3564,43129.344617935014,0.13524130190796857,0.44556677890011226,0.41919191919191917,233719.54928024652
H4,63,5197481.0,28633,66128.91148648736,0.06667132329829219,0.44902734606922085,0.484301330632487,279529.6382531946,4381059.0,2015,27352.649074866866,0.12109181141439206,0.458560794044665,0.42034739454094294,214338.34631748038,4381059.0,3564,43847.50969914569,0.13468013468013468,0.4444444444444444,0.4208754208754209,239421.434708856
H4,64,5370075.5,28633,67152.52071842775,0.06604267802884783,0.4474906576328013,0.48646666433835084,285181.8620015598,4519972.0,2015,27782.838567805178,0.12109181141439206,0.458560794044665,0.42034739454094294,219995.30577215008,4519972.0,3564,44556.79520475461,0.13411896745230079,0.4444444444444444,0.4214365881032548,244850.58725649657
H4,65,5550456.0,28633,68319.64951319304,0.065763280131317,0.44682708762616563,0.4874096322425174,291590.1753110576,4659480.5,2015,28191.153375665923,0.12109181141439206,0.45806451612903226,0.42084367245657567,225741.31439163073,4659480.5,3564,45256.749070373335,0.13383838383838384,0.4444444444444444,0.4217171717171717,250424.11646987428
H4,66,5734597.0,28633,69463.77227229552,0.06527433381063807,0.4459539691963818,0.4887716969929801,297876.59195727983,4806406.0,2015,28598.536904387962,0.1205955334987593,0.458560794044665,0.42084367245657567,231855.23607716797,4806406.0,3564,45918.87298780494,0.1335578002244669,0.44556677890011226,0.4208754208754209,256119.06410574375
H4,67,5915521.5,28633,70622.07107189776,0.06506478538748996,0.4442426570740055,0.49069255753850455,304339.04307666817,4949529.0,2015,28996.548815962095,0.1205955334987593,0.45806451612903226,0.42133995037220845,237857.26269332814,4949529.0,3564,46605.302780731974,0.13327721661054995,0.44556677890011226,0.4211560044893378,261889.2538820109
H4,68,6086305.0,28633,71763.91372628424,0.06482031222715048,0.443299689169839,0.4918799986030105,310636.2729790213,5087987.5,2015,29387.967125708627,0.12009925558312655,0.458560794044665,0.42133995037220845,243623.32223997277,5087987.5,3564,47277.8527622036,0.13271604938271606,0.4458473625140292,0.4214365881032548,267444.5159773193
H4,69,6265380.5,28633,72972.89389345673,0.06471553801557643,0.44305521600949954,0.492229245974924,317294.7953155911,5223344.5,2015,29762.56008510301,0.12009925558312655,0.456575682382134,0.42332506203473946,249230.97009832627,5223344.5,3564,47957.460830550146,0.13271604938271606,0.4447250280583614,0.4225589225589226,272950.1135338521
H4,70,6430063.0,28633,74074.32218853701,0.06433136590647155,0.4424265707400552,0.49324206335347326,323558.94493370684,5359096.0,2015,30141.88173877126,0.12009925558312655,0.45607940446650125,0.4238213399503722,254871.28099549876,5359096.0,3564,48633.20845181094,0.1324354657687991,0.4447250280583614,0.4228395061728395,278445.05497496785
H4,71,6589979.0,28633,75118.07303525771,0.06419166695770614,0.4419026996821849,0.4939405580973003,329514.83599112666,5495423.5,2015,30503.974980461982,0.12009925558312655,0.45558312655086847,0.42431761786600497,260334.0324968555,5495423.5,3564,49298.26479730767,0.1324354657687991,0.4441638608305275,0.4234006734006734,283820.3339923468
H4,72,6743994.5,28633,76103.92865274657,0.06366779589983586,0.4419026996821849,0.4944644291551706,334967.6681264118,5631630.5,2015,30834.6368665409,0.11861042183622829,0.45607940446650125,0.4253101736972705,265084.8257982907,5631630.5,3564,49978.61173485166,0.13131313131313133,0.4450056116722783,0.42368125701459036,288843.3422231841
H4,73,6916748.5,28633,77075.20408282343,0.0634931722138791,0.4407152586176789,0.495791569168442,339993.43391377473,5766799.0,2015,31035.0905488701,0.12009925558312655,0.45459057071960296,0.4253101736972705,267557.59080796666,5766799.0,3564,50752.37049244406,0.13159371492704827,0.4441638608305275,0.42424242424242425,293283.42084820435
H4,74,7106731.0,28633,78128.72798377536,0.06268990325847798,0.44068033388048755,0.4966297628610345,345428.22813732305,5899564.5,2015,31136.534136163034,0.11861042183622829,0.45409429280397023,0.4272952853598015,268599.1830294274,5899564.5,3564,51619.66102950141,0.1307519640852974,0.44388327721661053,0.42536475869809204,298232.1446689127
H4,75,7290516.5,28633,79203.65859400627,0.06255020430971257,0.44061048440610484,0.4968742360213739,351192.4243828433,6028806.5,2015,31483.4259098133,0.11811414392059554,0.45409429280397023,0.4277915632754342,273650.0131415527,6028806.5,3564,52278.862894658756,0.13047138047138046,0.4441638608305275,0.42536475869809204,303501.323499729
H4,76,7472741.5,28633,80216.4199935334,0.061991408514650924,0.44029616177138264,0.4977124297139664,356471.52015496494,6157318.0,2015,31867.916348427407,0.11712158808933003,0.45459057071960296,0.428287841191067,279192.20804239577,6157318.0,3564,52906.38287354596,0.12962962962962962,0.4447250280583614,0.42564534231200896,308708.89065793157
H4,77,7659501.0,28633,81181.69174027699,0.06185170956588552,0.43994691439946915,0.498271225509028,361248.1678471762,6287992.0,2015,32257.96229466716,0.11662531017369727,0.45558312655086847,0.428287841191067,284831.3167046365,6287992.0,3564,53548.22988988085,0.12934904601571268,0.4452861952861953,0.42564534231200896,314049.1718824922
H4,78,7851385.5,28633,82227.45293638155,0.06139768798239793,0.43963259176474695,0.4989697202528551,366138.6437275601,6422787.0,2015,32678.036908863527,0.11612903225806452,0.45459057071960296,0.4292803970223325,290603.2452821316,6422787.0,3564,54249.04604428947,0.12878787878787878,0.4444444444444444,0.42676767676767674,319679.22387708403
H4,79,8030103.0,28633,83244.57565055465,0.06104844061048441,0.4391785701812594,0.4997729892082562,371024.61183881975,6547815.5,2015,33105.02512851392,0.11612903225806452,0.45409429280397023,0.4297766749379653,295996.37061162177,6547815.5,3564,54972.911518368164,0.12850729517396184,0.4447250280583614,0.42676767676767674,325020.59525518276
H4,80,8206184.0,28633,84204.49228130536,0.060803967450144936,0.43921349491845074,0.500052387105787,375038.99766714347,6663336.5,2015,33657.976501861005,0.11612903225806452,0.45409429280397023,0.4297766749379653,301370.63339668623,6663336.5,3564,55878.24625091572,0.1282267115600449,0.4447250280583614,0.4270482603815937,330422.367158579
H4,81,8393848.0,28633,85176.89840700144,0.06066426850137953,0.43921349491845074,0.5001571613173611,380057.85798088746,6778643.0,2015,34171.90834875031,0.11612903225806452,0.45508684863523574,0.4287841191066998,306917.6454589303,6778643.0,3564,56788.728335639156,0.12850729517396184,0.4447250280583614,0.42676767676767674,336023.18385246815
H4,82,8579944.0,28633,86179.57808650337,0.06028009639227465,0.4385848496490064,0.5011699786959103,385057.5378856912,6892089.0,2015,34664.097305063246,0.11563275434243177,0.45558312655086847,0.4292803970223325,312378.827468465,6892089.0,3564,57914.296669913,0.127665544332211,0.4450056116722783,0.4276094276094276,342033.6061592233
H4,83,8759471.0,28633,87108.70155556484,0.06028009639227465,0.43848007543743234,0.5013096776446757,389840.3001725856,7001832.5,2015,35139.56541587858,0.11563275434243177,0.45558312655086847,0.4292803970223325,317679.64046849584,7001832.5,3564,58792.91655188364,0.127665544332211,0.4450056116722783,0.4276094276094276,347605.326174274
H4,84,8924484.0,28633,88037.52109387383,0.05968637586002165,0.4388642475465372,0.5015192260678238,394742.7822439617,7105728.5,2015,35627.805125823645,0.11364764267990074,0.45607940446650125,0.4307692307692308,322767.43874451966,7105728.5,3564,59586.3635979389,0.12626262626262627,0.4452861952861953,0.4287317620650954,352788.9129239166
H4,85,9083545.0,28633,88977.5186210143,0.05951175217406489,0.43854992491181505,0.5019383229141201,399799.3278205358,7207666.5,2015,36138.46736256036,0.11315136476426799,0.45558312655086847,0.4312655086848635,327836.04047417245,7207666.5,3564,60428.91678982297,0.12598204264870932,0.4450056116722783,0.42901234567901236,358038.05078480963
H4,86,9234471.0,28633,89874.13289611628,0.059162504802151364,0.4385150001746237,0.5023224950232249,404546.5420480328,7304505.0,2015,36675.861098776855,0.11315136476426799,0.456575682382134,0.430272952853598,332743.76248236775,7304505.0,3564,61279.81496930726,0.12598204264870932,0.44556677890011226,0.42845117845117847,363077.7448755049
H4,87,9382210.0,28633,90747.56063290658,0.0589878811161946,0.438445150700241,0.5025669681835644,409122.7678095555,7398738.5,2015,37230.05547365705,0.11315136476426799,0.456575682382134,0.430272952853598,337592.3862186333,7398738.5,3564,62155.83554379466,0.12598204264870932,0.44556677890011226,0.42845117845117847,368070.1407890634
H4,88,9523477.0,28633,91566.62239904786,0.05888310690462054,0.4380260538539448,0.5031257639786261,413886.2679722397,7487556.5,2015,37784.07086436753,0.11315136476426799,0.45558312655086847,0.4312655086848635,342256.92717911757,7487556.5,3564,63040.07672773693,0.12598204264870932,0.4450056116722783,0.42901234567901236,372951.12094907014
H4,89,9656819.0,28633,92429.95106697312,0.0589878811161946,0.4377815806936053,0.5032654629273915,418808.08441517176,7570488.0,2015,38351.50726726872,0.11315136476426799,0.45558312655086847,0.4312655086848635,346736.9732437165,7570488.0,3564,63950.86316597261,0.12598204264870932,0.4450056116722783,0.42901234567901236,377719.8784778965
H4,90,9784707.0,28633,93252.0995425325,0.05884818216742919,0.4373974085845004,0.5037893339852617,423284.24053737737,7649217.5,2015,38908.39282421417,0.11315136476426799,0.45558312655086847,0.4312655086848635,351046.1710563845,7649217.5,3564,64840.8883081208,0.12598204264870932,0.44556677890011226,0.4287317620650954,382296.77885750204
H4,91,9898654.0,28633,93977.15204629496,0.058952956379003246,0.4368735375266301,0.504208430831558,427028.78735669324,7719223.0,2015,39427.789290916066,0.11513647642679901,0.45508684863523574,0.430272952853598,354939.7511781241,7719223.0,3564,65659.218876148,0.12682379349046016,0.4450056116722783,0.42845117845117847,386412.8737426275
H4,92,10000360.0,28633,94641.6701972877,0.0589180316418119,0.43659413962909926,0.5044878287290888,430648.95865950943,7781150.0,2015,39908.14723145492,0.11464019851116625,0.45459057071960296,0.4307692307692308,358461.82512608357,7781150.0,3564,66420.87992761921,0.12682379349046016,0.4441638608305275,0.42901234567901236,390176.70331424806
H4,93,10091713.0,28633,95284.42739975211,0.05923235427653407,0.43634966646875983,0.5044179792547061,434290.24145046156,7845507.5,2015,40364.32203106062,0.11563275434243177,0.45459057071960296,0.4297766749379653,361697.8023426424,7845507.5,3564,67155.08593767033,0.127665544332211,0.4441638608305275,0.4281705948372615,393699.20184562966
H4,94,10176351.0,28633,95865.3471648032,0.05912758006496001,0.43610519330842035,0.5047672266266197,437537.08072821953,7907286.5,2015,40797.41458277019,0.11612903225806452,0.45459057071960296,0.4292803970223325,364724.92052747845,7907286.5,3564,67848.38267846308,0.12794612794612795,0.44388327721661053,0.4281705948372615,396986.9852805896
H4,95,10251667.0,28633,96376.10989417741,0.05926727901372542,0.4360004190968463,0.5047323018894283,440278.53465852665,7963229.5,2015,41188.82124832444,0.11563275434243177,0.45409429280397023,0.430272952853598,367437.75952026,7963229.5,3564,68469.00566037688,0.12794612794612795,0.4436026936026936,0.42845117845117847,399916.7342009996
H4,96,10321920.0,28633,96845.42806340962,0.05926727901372542,0.4360004190968463,0.5047672266266197,442751.3916575176,8015370.0,2015,41555.995211025314,0.11563275434243177,0.45459057071960296,0.430272952853598,369974.40761356684,8015370.0,3564,69048.60714528456,0.12794612794612795,0.44388327721661053,0.42845117845117847,402648.9335430597
H4,97,10381407.0,28633,97238.46418807804,0.05940697796249083,0.43575594593650685,0.5049069255753851,444788.16558995674,8060285.0,2015,41902.78617247477,0.11563275434243177,0.45459057071960296,0.430272952853598,372201.21195333026,8060285.0,3564,69584.42536647215,0.12794612794612795,0.44388327721661053,0.42845117845117847,405053.1114965951
H4,98,10432972.0,28633,97552.59411931342,0.059441902699682185,0.43582579541088956,0.5047672266266197,446686.8545272372,8098888.0,2015,42204.82221801581,0.11563275434243177,0.45459057071960296,0.430272952853598,374121.8054962237,8098888.0,3564,70062.69342977939,0.12794612794612795,0.44388327721661053,0.42845117845117847,407157.96593696775
H4,99,10475612.0,28633,97799.96030849239,0.0596514511228303,0.4358956448852722,0.5045227534662802,448508.333753499,8131150.0,2015,42459.12378579529,0.11612903225806452,0.45459057071960296,0.4297766749379653,375727.22349713213,8131150.0,3564,70472.51353390384,0.12850729517396184,0.44388327721661053,0.4278900112233446,408955.8835449847
H4,100,10514986.0,28633,98005.653409542,0.05968637586002165,0.43603534383403764,0.5043481297803234,450041.9764970513,8160386.0,2015,42684.113277445766,0.11612903225806452,0.45459057071960296,0.4297766749379653,377173.8331272366,8160386.0,3564,70843.77025585661,0.12850729517396184,0.44388327721661053,0.4278900112233446,410573.25876106106
H4,101,10545051.0,28633,98140.71710754458,0.06007054796912653,0.4357908706736982,0.5041735060943666,451123.0925980273,8183965.0,2015,42865.91273235581,0.11563275434243177,0.45459057071960296,0.4297766749379653,378328.80464180734,8183965.0,3564,71129.38929662546,0.12906846240179573,0.4436026936026936,0.4273288439955107,411845.2942816294
H4,102,10567830.0,28633,98201.27853311814,0.06007054796912653,0.436070268571229,0.5038941081968358,451735.32072273846,8201115.0,2015,42985.654764830615,0.11563275434243177,0.45409429280397023,0.430272952853598,379149.47351476137,8201115.0,3564,71318.9006045427,0.12906846240179573,0.44332210998877664,0.4276094276094276,412731.71074544906
H4,103,10578421.0,28633,98164.47406618901,0.060210246917891945,0.43624489225718577,0.5035797855621137,451711.44310940814,8209697.0,2015,43038.64860434249,0.11563275434243177,0.45459057071960296,0.4297766749379653,379529.1470794191,8209697.0,3564,71389.3829425477,0.12906846240179573,0.4436026936026936,0.4273288439955107,413102.1862534273
H4,104,10580641.0,28633,98020.4823171563,0.060105472706317886,0.43641951594314254,0.5034750113505396,451544.9826743114,8211366.0,2015,43024.38443533676,0.11513647642679901,0.45459057071960296,0.430272952853598,379559.8424611374,8211366.0,3564,71369.88001027444,0.12850729517396184,0.44388327721661053,0.4276094276094276,413114.6016306421
H4,105,10574579.0,28633,97812.10222583805,0.060489644815422766,0.4362798169943771,0.5032305381902001,451392.903217132,8206977.0,2015,42974.084716066835,0.11563275434243177,0.45508684863523574,0.4292803970223325,379313.1979814258,8206977.0,3564,71298.58637154968,0.12878787878787878,0.4441638608305275,0.4270482603815937,412865.4764499832
H4,106,10566423.0,28633,97589.21913833104,0.060594419026996825,0.43624489225718577,0.5031606887158174,450879.11798350833,8200322.5,2015,42893.71559139472,0.11563275434243177,0.45459057071960296,0.4297766749379653,378939.76547148667,8200322.5,3564,71178.48834422625,0.12878787878787878,0.4436026936026936,0.4276094276094276,412445.13867052
H4,107,10547588.0,28633,97291.1198291907,0.0609785911361017,0.43641951594314254,0.5026717423951385,449689.750180704,8186956.0,2015,42756.8015004503,0.11662531017369727,0.45409429280397023,0.4297766749379653,378198.95779282483,8186956.0,3564,70952.08630091464,0.12934904601571268,0.4436026936026936,0.4273288439955107,411571.3332515803
H4,108,10520783.0,28633,96888.64347319513,0.06104844061048441,0.43634966646875983,0.5026368176579471,448294.23078402097,8166945.5,2015,42560.46254861466,0.11712158808933003,0.45409429280397023,0.4292803970223325,377131.0346599515,8166945.5,3564,70642.41672771388,0.12962962962962962,0.44388327721661053,0.42676767676767674,410350.282383485
H4,109,10486598.0,28633,96430.97246699044,0.06125798903363252,0.4362798169943771,0.5024971187091817,446837.8166998444,8141762.0,2015,42338.38148193267,0.11761786600496278,0.45459057071960296,0.428287841191067,375827.84545692516,8141762.0,3564,70290.34347316965,0.13019079685746351,0.44388327721661053,0.42620650953984285,408902.4606059617
H4,110,10449348.0,28633,95922.92479061133,0.061292913770823874,0.43634966646875983,0.502427269234799,445301.9168529809,8114353.0,2015,42100.39629293691,0.11761786600496278,0.45409429280397023,0.4287841191066998,374401.1004204412,8114353.0,3564,69910.64928109811,0.13019079685746351,0.44388327721661053,0.42620650953984285,407323.5419966101
H4,111,10407329.0,28633,95380.9496459517,0.06150246219397199,0.43648936541752525,0.5021129466000769,443724.96061505645,8083367.0,2015,41837.6281557589,0.11811414392059554,0.45459057071960296,0.428287841191067,372818.878819805,8083367.0,3564,69500.5311834953,0.1307519640852974,0.4447250280583614,0.42508417508417506,405598.2129183946
H4,112,10364823.0,28633,94845.52372142914,0.06146753745678064,0.43676876331505604,0.5019033981769288,441890.7127256283,8051582.0,2015,41557.98606917889,0.11811414392059554,0.45508684863523574,0.4277915632754342,371187.76753339934,8051582.0,3564,69064.57958570462,0.1307519640852974,0.4452861952861953,0.4245230078563412,403792.7296717913
H4,113,10314880.0,28633,94261.88346165177,0.06160723640554605,0.43641951594314254,0.5020780218628855,439560.51442283875,8015145.5,2015,41260.68793834344,0.11861042183622829,0.45409429280397023,0.428287841191067,369348.18970401643,8015145.5,3564,68581.88293067135,0.13159371492704827,0.4444444444444444,0.4245230078563412,401720.5583369293
H4,114,10261622.0,28633,93624.60347168232,0.0616421611427374,0.4364544406803339,0.5019732476513115,437231.43636489904,7975801.5,2015,40947.35511929429,0.11811414392059554,0.4531017369727047,0.4292803970223325,367380.2434766384,7975801.5,3564,68082.88327520517,0.13131313131313133,0.4441638608305275,0.42480359147025815,399538.8862821841
H4,115,10204838.0,28633,92962.45806858671,0.06181678482869416,0.43634966646875983,0.5018684734397374,435010.1153461673,7934119.5,2015,40634.78815426546,0.11811414392059554,0.45260545905707195,0.4297766749379653,365309.9976429181,7934119.5,3564,67581.60804426057,0.13131313131313133,0.44388327721661053,0.42508417508417506,397286.9806408083
H4,116,10148861.0,28633,92311.52561119187,0.061956483777459576,0.43655921489190797,0.5015541508050152,432713.74275867676,7892680.5,2015,40296.239440218764,0.11861042183622829,0.4531017369727047,0.4292803970223325,363235.80605225626,7892680.5,3564,67060.20501090646,0.13159371492704827,0.4444444444444444,0.4245230078563412,395022.94465022284
H4,117,10089276.0,28633,91641.35044443597,0.0623057311493731,0.4363147417315685,0.5013795271190584,430163.7646126396,7849420.0,2015,39952.75915979166,0.11811414392059554,0.45260545905707195,0.4292803970223325,361059.95658259786,7849420.0,3564,66515.51789173755,0.13131313131313133,0.44388327721661053,0.42480359147025815,392628.44394575496
H4,118,10027226.0,28633,90943.87658442657,0.062445430098138514,0.43648936541752525,0.5011001292215276,427511.1381216548,7804228.5,2015,39596.398878420834,0.11861042183622829,0.45359801488833745,0.4277915632754342,358779.87178784836,7804228.5,3564,65949.78710662703,0.13159371492704827,0.4450056116722783,0.4234006734006734,390125.0095745682
H4,119,9961072.0,28633,90222.20329914063,0.06265497852128663,0.43634966646875983,0.5009953550099535,424733.4951547791,7756487.5,2015,39220.04468306027,0.11861042183622829,0.45260545905707195,0.4287841191066998,356370.3787620118,7756487.5,3564,65354.919911166435,0.13187429854096522,0.4441638608305275,0.4239618406285073,387486.66565177974
H5,0,1680706.5,28633,1207.6111009491824,0.24160933188977754,0.40816540355533826,0.35050466245241507,29845.993992233765,5.783840179443359,2015,0.21840755499741435,0.22133995037220844,0.39602977667493794,0.38312655086848635,0.5703909654751462,21.0235652923584,3564,0.2694757506195544,0.26374859708193044,0.38047138047138046,0.35662177328843997,0.8886616514621954
H5,1,2992767.5,28633,4613.291052238763,0.2246708343519715,0.4169664373275591,0.3585024272692348,77910.81175424307,22.993135452270508,2015,1.3193273161382988,0.20794044665012407,0.40397022332506205,0.3880893300248139,2.785964607782093,76.08428955078125,3564,1.536627319776504,0.24831649831649832,0.3886083052749719,0.3633557800224467,3.857301614116702
H5,2,2307181.0,28633,4100.31091644402,0.20179513149163553,0.4284566758635141,0.3697831173820417,64415.89225833293,87.83956146240234,2015,5.035001701938685,0.19503722084367245,0.4099255583126551,0.39503722084367243,10.969805672617325,249.72840881347656,3564,5.625237389719349,0.23232323232323232,0.3950617283950617,0.372615039281706,13.621269231927712
H5,3,2002339.375,28633,3909.1263339714337,0.19240037718716166,0.4349177522439144,0.3727517200433067,56176.29831765766,304.29034423828125,2015,9.555803484562034,0.19255583126550868,0.4143920595533499,0.3930521091811414,22.63669950777765,702.4742431640625,3564,10.708142140427888,0.22783389450056116,0.39590347923681257,0.37626262626262624,30.381688801811443
H5,4,1937798.5,28633,4614.065806189331,0.17965284811231796,0.44183285020780216,0.3786540006286453,56022.396131925394,358.8553771972656,2015,14.736055669021766,0.1870967741935484,0.4148883374689826,0.39851116625310173,33.496952764828734,1227.4061279296875,3564,16.807398255195764,0.22053872053872053,0.3978675645342312,0.38215488215488214,49.07159941172795
H5,5,1940029.5,28633,6368.240060580435,0.17319177173191772,0.44626829183110395,0.3805399364369783,66133.07142865173,412.5340881347656,2015,18.855825304327578,0.18461538461538463,0.41687344913151364,0.39851116625310173,43.23934834462962,1897.982666015625,3564,21.851679445677842,0.21829405162738497,0.3992704826038159,0.3824354657687991,68.70281476519969
H5,6,1830291.625,28633,6034.861939836579,0.16432088848531415,0.4506688087172144,0.3850452275346628,59472.18187870084,595.4296264648438,2015,24.406613337686846,0.18014888337468982,0.41885856079404465,0.40148883374689825,56.50226598796498,2490.73779296875,3564,28.35861453549979,0.21268237934904602,0.40235690235690236,0.38524130190796857,88.90947569350996
H5,7,1741455.5,28633,6339.088255987996,0.15929172632975938,0.4525896692627388,0.3881535291446932,58123.15406485194,1439.5614013671875,2015,29.30716984812355,0.17866004962779156,0.41935483870967744,0.40198511166253104,74.86917833740343,2945.51904296875,3564,34.18754062676071,0.2107182940516274,0.40263748597081933,0.3866442199775533,110.71658539813905
H5,8,1717995.75,28633,8010.791040420656,0.15160828414766178,0.457758530367059,0.3906331854852792,69574.50904035837,2292.145263671875,2015,35.70811599888226,0.17667493796526054,0.4218362282878412,0.40148883374689825,98.22191186594968,3562.12255859375,3564,42.23054132367853,0.2059483726150393,0.4054433221099888,0.3886083052749719,140.78242350525213
H5,9,2194757.75,28633,9864.497038199772,0.14661404672929837,0.4619494988300213,0.3914364544406803,80391.96336603239,3836.802734375,2015,40.89151738488483,0.17667493796526054,0.4228287841191067,0.40049627791563275,130.8945830172011,4041.949951171875,3564,49.580020036763045,0.2048260381593715,0.4074074074074074,0.3877665544332211,183.75692499449792
H5,10,2587829.25,28633,11757.558081003213,0.1385464324380959,0.4679914783641253,0.3935319386721615,90261.37003072785,4844.97998046875,2015,47.32333461175869,0.169727047146402,0.4272952853598015,0.40297766749379654,157.5286328945906,5008.36669921875,3564,58.7347990052663,0.20033670033670034,0.4107744107744108,0.3888888888888889,224.11418907360647
H5,11,2870724.75,28633,13288.964879985144,0.1352984318793001,0.47172842524360004,0.39297314287709983,95926.55559250456,5529.69580078125,2015,52.61902832934143,0.169727047146402,0.4267990074441687,0.40347394540942927,177.7534561298944,221927.40625,3564,189.12273963684444,0.20033670033670034,0.4107744107744108,0.3888888888888889,5219.132883061772
H5,12,3068019.5,28633,15186.331740229934,0.1307931407816156,0.47518597422554393,0.3940558097300318,100571.32982199814,6513.9580078125,2015,59.975669285959796,0.1687344913151365,0.426302729528536,0.40496277915632756,205.23838557113828,394447.4375,3564,297.9217129354629,0.19809203142536475,0.4110549943883277,0.39085297418630754,9333.287625429886
H5,13,3213590.75,28633,17294.603383119364,0.12768483917158524,0.4755352215974575,0.39684978870534,105925.51229825706,7383.943359375,2015,68.7692221831489,0.16823821339950373,0.4277915632754342,0.40397022332506205,245.81553253407566,391686.53125,3564,308.0514142457088,0.19696969696969696,0.4127384960718294,0.39029180695847365,9212.540975239126
H5,14,3327579.5,28633,18365.683713212802,0.1234240212342402,0.47665281318758074,0.3999580903153704,108395.44617425793,19956.107421875,2015,97.12668564370905,0.16674937965260547,0.4277915632754342,0.4054590570719603,639.3750436316999,431512.96875,3564,365.0450076391795,0.19584736251402918,0.41245791245791247,0.39197530864197533,10101.71740941783
H5,15,3414246.5,28633,18107.480091522233,0.12122376279118499,0.4754304473858834,0.4034156392973143,108344.67874867244,44525.20703125,2015,154.5085736206028,0.1662531017369727,0.4307692307692308,0.40297766749379654,1519.4924558645607,500351.28125,3564,458.7103360697191,0.19444444444444445,0.41414141414141414,0.39169472502805835,11691.9769012053
H5,16,3481157.75,28633,18866.922785252405,0.11780113854643244,0.47738623266859914,0.40484755352215973,110354.26995709473,343857.96875,2015,1159.609773557247,0.16476426799007443,0.4297766749379653,0.4054590570719603,17547.31747771189,637594.4375,3564,1326.7869306325608,0.1919191919191919,0.4152637485970819,0.39281705948372614,20949.03247356789
H5,17,3532777.75,28633,20535.089821818212,0.11455313798763664,0.48049453427862954,0.40498725247092515,115543.9591136642,690614.6875,2015,2330.0730027145382,0.16476426799007443,0.4292803970223325,0.40595533498759306,36048.94425444389,751416.5625,3564,2995.9927027505496,0.19023569023569023,0.4163860830527497,0.39337822671156003,37923.94407179996
H5,18,3578763.75,28633,21818.267643396797,0.11203855690985925,0.4841267069465302,0.40383473614361054,118827.83440332118,774529.625,2015,2584.3496976217552,0.16228287841191066,0.4317617866004963,0.40595533498759306,39881.43706610362,774529.625,3564,4153.828591717937,0.1888327721661055,0.4180695847362514,0.3930976430976431,48138.841267649346
H5,19,3594794.75,28633,25268.902481775825,0.1098732232039954,0.48807320224915307,0.40205357454685153,138667.29986344095,1825234.875,2015,6241.724025322729,0.15930521091811414,0.4307692307692308,0.4099255583126551,89231.4608002685,1825234.875,3564,7692.966580290746,0.18434343434343434,0.41891133557800225,0.39674523007856344,84883.50677148771
H5,20,3606792.0,28633,24538.347442379934,0.10781266370970559,0.48988928858310343,0.40236789718157373,127287.28176566375,1382436.0,2015,5994.817972883311,0.15781637717121588,0.430272952853598,0.4119106699751861,67023.12320292449,1382436.0,3564,8121.125841871393,0.18237934904601572,0.41919191919191917,0.39870931537598203,67852.64369097473
H5,21,3680778.25,28633,25592.569084336745,0.10606642685013795,0.49153075123109696,0.40243774665595644,129049.0499949943,1301991.25,2015,7896.809085652567,0.15533498759305212,0.4307692307692308,0.4138957816377171,71860.42094121128,1301991.25,3564,10942.492819356496,0.17985409652076317,0.42031425364758696,0.3998316498316498,79519.12848515628
H5,22,3806121.5,28633,27730.78386553965,0.10369154472112597,0.4937310096741522,0.40261237034191316,136641.10713163597,1498674.25,2015,9455.459822962508,0.1523573200992556,0.43424317617866004,0.4133995037220844,82480.03234436683,1498674.25,3564,13067.732025717181,0.17564534231200898,0.4239618406285073,0.4003928170594837,92623.58359922373
H5,23,3854473.75,28633,27727.745129947154,0.10229455523347186,0.4935913107253868,0.4041141340411413,131120.7569787727,1169615.125,2015,6933.460471592698,0.1513647642679901,0.43672456575682383,0.4119106699751861,60501.579161182846,1169615.125,3564,10332.524695432701,0.1734006734006734,0.42480359147025815,0.40179573512906847,68613.60448967466
H5,24,3858231.0,28633,28692.895945785403,0.09984982363007719,0.49488352600146684,0.405266650368456,130408.469393701,1005140.8125,2015,6991.253483172168,0.1488833746898263,0.43771712158808934,0.4133995037220844,54574.719425616495,1005140.8125,3564,11100.451783574379,0.1691919191919192,0.42508417508417506,0.4057239057239057,66680.51292543732
H5,25,3873731.0,28633,29909.473026828902,0.09796388782174414,0.49463905284112736,0.4073970593371285,133693.17355787905,1104064.75,2015,8385.859405651508,0.14689826302729528,0.43672456575682383,0.4163771712158809,61855.01872803563,1104064.75,3564,13495.084526777573,0.16722783389450055,0.4239618406285073,0.40881032547699214,76355.30104656193
H5,26,3854875.5,28633,30224.283785309388,0.09635734991094191,0.4947787517898928,0.40889882303635666,136910.53208814556,1228156.125,2015,10214.662798512425,0.14540942928039702,0.43722084367245656,0.4173697270471464,71492.65999035868,1228156.125,3564,16476.25266276667,0.16526374859708193,0.42508417508417506,0.409652076318743,89598.59494046106
H5,27,3724677.25,28633,30689.59200291548,0.09447141410260888,0.4963154402263123,0.40924807040827016,138125.2164791274,1294110.5,2015,11440.379409531062,0.14540942928039702,0.43821339950372207,0.4163771712158809,77018.5893205102,1294110.5,3564,18637.62947824132,0.16414141414141414,0.4270482603815937,0.40881032547699214,98774.77286034536
H5,28,3481423.5,28633,31000.14984138855,0.09199175776202284,0.49575664443125067,0.4122515978067265,136677.61230861637,1327866.375,2015,12240.028545754965,0.14292803970223325,0.4392059553349876,0.41786600496277915,80334.22307526886,1327866.375,3564,19917.80627290202,0.16189674523007858,0.4278900112233446,0.4102132435465769,104047.64315621671
H5,29,3159006.5,28633,30664.292009247434,0.0908392414347082,0.4938707086229176,0.4152900499423742,134066.53123570443,1344897.625,2015,12697.73909932135,0.1424317617866005,0.4401985111662531,0.4173697270471464,82568.35506290257,1358603.0,3564,20699.985587004692,0.16161616161616163,0.42845117845117847,0.4099326599326599,107298.64774708191
H5,30,2842673.5,28633,30032.22144888471,0.08821988614535675,0.4914609017567143,0.42031921209792894,130367.94891700569,1358842.25,2015,13099.915927253498,0.13995037220843673,0.4426799007444169,0.4173697270471464,84071.02481864045,1391005.375,3564,20929.813913219994,0.1590909090909091,0.43041526374859707,0.4104938271604938,107945.92752094577
H5,31,2648877.5,28633,30160.66359402911,0.08661334823455454,0.4895051164739985,0.4239164600286383,128739.57614057296,1376932.375,2015,13763.50501789014,0.13945409429280398,0.4456575682382134,0.4148883374689826,86095.78722486805,1417889.25,3564,21491.193039818754,0.15881032547699214,0.43097643097643096,0.4102132435465769,109300.92124522649
H5,32,2650606.25,28633,30831.92687394911,0.08500681032375232,0.49037823490378235,0.42461495477246536,129371.00429893563,1393750.75,2015,14419.014753209338,0.13945409429280398,0.44516129032258067,0.4153846153846154,88681.00752479352,1439586.25,3564,22171.730972275163,0.1579685746352413,0.43209876543209874,0.4099326599326599,111561.36651226622
H5,33,2794041.5,28633,31882.99303306712,0.08409876715677715,0.48817797646072714,0.4277232563824957,132038.3455274116,1410308.375,2015,14975.238863886763,0.13846153846153847,0.44516129032258067,0.4163771712158809,91582.39691202524,1459002.75,3564,22840.411177131085,0.1574074074074074,0.4318181818181818,0.4107744107744108,114222.0454205075
H5,34,2874242.0,28633,32893.578791192325,0.08242237977159222,0.4852792232738449,0.4322983969545629,134413.57445189494,1425220.375,2015,15456.822656914974,0.13548387096774195,0.4471464019851117,0.4173697270471464,94311.46726944484,1476765.0,3564,23483.640060750473,0.15432098765432098,0.4329405162738496,0.4127384960718294,116906.76222631014
H5,35,2767959.75,28633,33717.604771962666,0.08158418607899975,0.4827297174588761,0.43568609646212414,135952.41983054718,1439485.0,2015,15878.888718872031,0.13548387096774195,0.4476426799007444,0.41687344913151364,96769.75886901045,1493295.375,3564,24145.28959618234,0.15432098765432098,0.4329405162738496,0.4127384960718294,119634.27444511978
H5,36,2592617.5,28633,34602.64827885239,0.08057136870045054,0.4820661474522404,0.437362483847309,138055.23412362914,1452777.25,2015,16263.700514808314,0.13548387096774195,0.4491315136476427,0.4153846153846154,99164.40530538214,1508991.375,3564,24826.53044088664,0.15432098765432098,0.4332210998877666,0.41245791245791247,122482.80529912804
H5,37,2394259.0,28633,35680.1242580976,0.08008242237977159,0.4826598679844934,0.437257709635735,141467.12038451526,1469154.125,2015,16706.649689716833,0.13548387096774195,0.4481389578163772,0.4163771712158809,102103.34359631494,1526007.25,3564,25675.865634509366,0.15432098765432098,0.4329405162738496,0.4127384960718294,126081.61431966817
H5,38,2381521.5,28633,36596.01853008548,0.07868543289211749,0.4859777180176719,0.43537177382740194,144554.88868080566,1480968.875,2015,17093.71880796651,0.1334987593052109,0.4496277915632754,0.41687344913151364,104769.96679537886,1540957.25,3564,26363.721950619343,0.15151515151515152,0.43602693602693604,0.41245791245791247,129130.21616178173
H5,39,2364802.5,28633,37258.7018680464,0.07830126078301261,0.48423148115810427,0.4374672580588831,146572.04310501547,1493394.75,2015,17500.16690094318,0.13300248138957815,0.4521091811414392,0.4148883374689826,107829.7392060578,1555411.375,3564,26930.348971068328,0.15151515151515152,0.43686868686868685,0.4116161616161616,131925.8133295335
H5,40,2352472.5,28633,38293.53008445238,0.07707889498131526,0.48398700799776484,0.4389340970209199,150127.60638225148,1504203.5,2015,17883.62279997891,0.1315136476426799,0.4491315136476427,0.41935483870967744,110723.75889920033,1568790.875,3564,27615.57886425168,0.14898989898989898,0.43602693602693604,0.414983164983165,135215.6468259871
H5,41,2344168.5,28633,39663.64735370058,0.07634547550029686,0.48573324485733244,0.4379212796423707,155192.70333468524,1514419.125,2015,18274.85023950279,0.13101736972704714,0.4511166253101737,0.41786600496277915,113784.62547406541,1580936.25,3564,28408.928063532796,0.14842873176206509,0.4371492704826038,0.41442199775533106,139038.42917780805
H5,42,2332507.5,28633,41525.310166815776,0.07543743233332169,0.4860126427548633,0.4385848496490064,162727.53217314745,1623240.25,2015,18682.603785213676,0.13052109181141439,0.4501240694789082,0.41935483870967744,117068.48905983563,1623240.25,3564,29392.235324088237,0.14758698092031425,0.43658810325476993,0.4158249158249158,143793.7651069908
H5,43,2477216.25,28633,43707.69835890394,0.074773862326686,0.48374253483742535,0.44148360283588867,172567.8317909862,1721569.375,2015,19065.480899636757,0.13002481389578163,0.4476426799007444,0.42233250620347396,120181.7069741664,1721569.375,3564,30503.74113683458,0.14646464646464646,0.43574635241301907,0.41778900112233447,149282.95423082297
H5,44,2648152.5,28633,44965.761471338934,0.07355149652498864,0.4814375021827961,0.44501100129221527,178444.32963031193,1822440.25,2015,19432.9847610492,0.12903225806451613,0.45260545905707195,0.41836228287841193,123339.56552917932,1822440.25,3564,31180.915496566882,0.1447811447811448,0.4382716049382716,0.4169472502805836,152837.47858109212
H5,45,2535850.25,28633,43998.028691699285,0.07302762546711836,0.48433625536967834,0.44267104390039463,172611.36807306405,1975783.625,2015,19867.46659730042,0.12903225806451613,0.45260545905707195,0.41836228287841193,127727.57037466508,1975783.625,3564,30898.500901161195,0.14393939393939395,0.4388327721661055,0.4172278338945006,152752.15923097497
H5,46,2609924.0,28633,44852.00839973939,0.07222435651171726,0.48409178220933885,0.44371878601613524,175217.9253794213,2057220.25,2015,20182.43561593298,0.12803970223325062,0.4476426799007444,0.42431761786600497,130456.97607008285,2057220.25,3564,31282.592016716953,0.14225589225589225,0.43658810325476993,0.4211560044893378,155020.9802947268
H5,47,2694045.25,28633,47883.87207956192,0.07191003387699507,0.4768274368735375,0.4512625292494674,185586.5568122039,2197029.0,2015,20647.604603590535,0.12803970223325062,0.45260545905707195,0.41935483870967744,134935.46661674313,2197029.0,3564,32102.80658273397,0.14169472502805835,0.44023569023569026,0.4180695847362514,159652.85250689543
H5,48,2781724.5,28633,47579.36395773818,0.07110676492159397,0.48168197534313556,0.4472112597352705,189547.34691259166,2353633.0,2015,21177.15756180155,0.12655086848635236,0.45359801488833745,0.41985111662531016,140071.28204209925,2353633.0,3564,32993.46816630893,0.14057239057239057,0.44079685746352415,0.4186307519640853,164868.28961756045
H5,49,2860868.0,28633,49280.87347342232,0.07082736702406314,0.4729857157824887,0.45622184193063947,198068.62612600194,2542140.75,2015,21770.469159979155,0.12655086848635236,0.45409429280397023,0.41985111662531016,146214.7142446391,2542140.75,3564,34029.465867012244,0.14029180695847362,0.44107744107744107,0.41891133557800225,171171.86249290325
H5,50,3064216.75,28633,50698.48701736712,0.06984947438270526,0.47130932839730383,0.45894597143156496,206181.9493974045,2735113.0,2015,22365.33325789718,0.12456575682382134,0.45359801488833745,0.42233250620347396,152674.07603740753,2735113.0,3564,35051.15355865648,0.138327721661055,0.4424803591470258,0.41947250280583614,177665.25024849217
H5,51,3255222.25,28633,52404.28557835531,0.06918590437606957,0.46893444626829184,0.4618796493556386,213589.14960143945,2890696.25,2015,22881.21965130159,0.12357320099255584,0.45409429280397023,0.42233250620347396,158159.3499861905,2890696.25,3564,35940.64968387779,0.13748597081930417,0.44276094276094274,0.41975308641975306,183208.81400486146
H5,52,3450382.75,28633,53859.38801116996,0.06852233436943388,0.46687388677400204,0.4646387035937555,220407.093886941,3055106.0,2015,23417.1218786382,0.12208436724565756,0.45558312655086847,0.42233250620347396,163990.50585546248,3055106.0,3564,36855.14859226985,0.1366442199775533,0.44388327721661053,0.41947250280583614,189065.56421669543
H5,53,3640235.25,28633,55197.385695305566,0.06838263542066846,0.46222889672755213,0.4693884678517794,226758.43143390646,3220552.5,2015,23946.115608539323,0.12208436724565756,0.45508684863523574,0.4228287841191067,169930.3149678055,3220552.5,3564,37756.174770782425,0.13636363636363635,0.44276094276094274,0.4208754208754209,194975.52063632684
H5,54,3824324.75,28633,56633.54363776076,0.06796353857437223,0.4578283798414417,0.47424300632137745,233160.12771262345,3375699.75,2015,24443.98867658202,0.12158808933002481,0.456575682382134,0.4218362282878412,175567.53172075716,3375699.75,3564,38605.007913718,0.13580246913580246,0.4447250280583614,0.41947250280583614,200608.45605119312
H5,55,4006290.75,28633,58175.67543427014,0.0676841406768414,0.45573289560996055,0.4765829637131981,239742.65784205808,3529165.25,2015,24931.311372918186,0.12109181141439206,0.458560794044665,0.42034739454094294,181199.27123402982,3529165.25,3564,39447.2457376807,0.13552188552188552,0.44556677890011226,0.41891133557800225,206251.04502616503
H5,56,4192842.0,28633,59833.46190184822,0.06702057067020571,0.45377711032724477,0.4792023190025495,246771.44517432078,3683579.0,2015,25422.208999602648,0.12109181141439206,0.45806451612903226,0.42084367245657567,186910.73628476457,3683579.0,3564,40294.715525637286,0.13552188552188552,0.4458473625140292,0.4186307519640853,211974.1500585107
H5,57,4401546.0,28633,61743.23333439662,0.0668110222470576,0.4525198197883561,0.4806691579645863,254809.75552575375,3840025.75,2015,25935.64570833608,0.12109181141439206,0.45806451612903226,0.42084367245657567,192972.5835758019,3840025.75,3564,41199.729652859685,0.13552188552188552,0.44612794612794615,0.41835016835016836,218149.4521211406
H5,58,4618896.5,28633,63467.76639675779,0.06604267802884783,0.4517864003073377,0.4821709216638145,262362.01871354453,3999816.0,2015,26447.105940292906,0.1205955334987593,0.45905707196029777,0.42034739454094294,199348.63927609567,3999816.0,3564,42107.208615826166,0.13439955106621773,0.44668911335578004,0.41891133557800225,224619.5043042896
H5,59,4823494.5,28633,64762.348646589904,0.06597282855446512,0.4489924213320295,0.48506967485069674,268811.2085680227,4164514.5,2015,26900.61294255681,0.1205955334987593,0.4595533498759305,0.41985111662531016,205881.56710224657,4164514.5,3564,42920.77429226903,0.13439955106621773,0.44668911335578004,0.41891133557800225,231038.4425879299
H5,60,5029511.5,28633,66123.86358805274,0.0655537317081689,0.4480843781650543,0.4863618901267768,275602.6739036444,4320424.0,2015,27340.497828620457,0.12009925558312655,0.45905707196029777,0.42084367245657567,212167.89998460328,4320424.0,3564,43705.73361625461,0.13327721661054995,0.4458473625140292,0.4208754208754209,237195.66961416608
H5,61,5251416.5,28633,67694.01608044529,0.06537910802221213,0.44909719554360356,0.48552369643418436,283348.66696563445,4472991.0,2015,27799.455832255797,0.12009925558312655,0.4595533498759305,0.42034739454094294,218365.9812167099,4472991.0,3564,44518.288005389884,0.13327721661054995,0.4447250280583614,0.4219977553310887,243330.69830088172
H5,62,5458078.0,28633,69054.26413014541,0.06482031222715048,0.4488876471204554,0.48629204065239406,290505.09417219576,4626645.0,2015,28277.432024444075,0.12009925558312655,0.458560794044665,0.42133995037220845,224688.50977802425,4626645.0,3564,45325.27494786687,0.13271604938271606,0.4444444444444444,0.4228395061728395,249495.52916905057
H5,63,5649303.5,28633,70196.66508969302,0.06471553801557643,0.4464429155170607,0.48884154646736283,296834.0848272808,4786606.5,2015,28726.595591475634,0.1196029776674938,0.4595533498759305,0.42084367245657567,231338.2573467191,4786606.5,3564,46062.06525415105,0.1324354657687991,0.4450056116722783,0.4225589225589226,255722.50239573157
H5,64,5841872.5,28633,71443.19988941574,0.06405196800894074,0.4449062270806412,0.49104180491041804,303613.9571784689,4945190.5,2015,29180.63563503399,0.11910669975186104,0.4575682382133995,0.42332506203473946,238008.10242035898,4945190.5,3564,46819.57881316944,0.13159371492704827,0.4458473625140292,0.4225589225589226,262049.16186202917
H5,65,6027897.0,28633,72713.11464020227,0.06387734432298398,0.4438235602277093,0.4923340201864981,310435.291532576,5099127.5,2015,29619.086975515318,0.11910669975186104,0.4575682382133995,0.4238213399503722,244427.2602752595,5099127.5,3564,47574.842056025744,0.13159371492704827,0.4458473625140292,0.4228395061728395,268236.71388129465
H5,66,6211544.0,28633,73973.1743986815,0.06307407536758286,0.44371878601613524,0.49324206335347326,317274.238419006,5248051.0,2015,30047.904153101234,0.11662531017369727,0.45707196029776676,0.426302729528536,250638.14609593246,5248051.0,3564,48330.51254544283,0.12991021324354657,0.4458473625140292,0.42424242424242425,274281.1385978847
H5,67,6392454.0,28633,75189.41690195812,0.06282960220724339,0.4436489365417525,0.4935214612510041,324027.5235610247,5396739.0,2015,30468.14424090402,0.11761786600496278,0.45607940446650125,0.426302729528536,256811.03976946598,5396739.0,3564,49082.77749232303,0.13047138047138046,0.4452861952861953,0.42424242424242425,280305.5835277008
H5,68,6601767.0,28633,76323.74509567709,0.062375580623755804,0.4434393881186044,0.4941850312576398,330298.70719533606,5546136.5,2015,30874.099836149937,0.11761786600496278,0.45607940446650125,0.426302729528536,262650.5391265435,5546136.5,3564,49825.57579093282,0.12991021324354657,0.44556677890011226,0.4245230078563412,286090.63214490854
H5,69,6813496.0,28633,77469.59023173296,0.0623057311493731,0.44246149547724656,0.49523277337338034,336334.82036719593,5696300.0,2015,31210.254290665453,0.11712158808933003,0.45607940446650125,0.4267990074441687,267333.54164802755,5696300.0,3564,50608.46234505121,0.12962962962962962,0.44556677890011226,0.42480359147025815,291468.93997147464
H5,70,7025605.5,28633,78630.55702222559,0.06153738693116334,0.44116928020116647,0.4972933328676702,342083.9352831172,5845529.5,2015,31362.77465035593,0.11662531017369727,0.45707196029776676,0.426302729528536,268780.8989818702,5845529.5,3564,51549.00821544261,0.12850729517396184,0.44640852974186307,0.42508417508417506,296439.6044867406
H5,71,7233504.5,28633,79762.13840173197,0.06136276324520658,0.4406454091432962,0.4980267523486886,347641.33234143007,5991086.5,2015,31624.395277082556,0.11662531017369727,0.45508684863523574,0.4287841191066998,272384.82355933875,5991086.5,3564,52384.554517759985,0.12850729517396184,0.4450056116722783,0.42676767676767674,302268.3668161663
H5,72,7431201.5,28633,80841.81532624362,0.06073411797576223,0.4406454091432962,0.49865539761813293,353106.9365459566,6130797.0,2015,32050.358026027086,0.11513647642679901,0.45508684863523574,0.4297766749379653,278408.4324094676,6130797.0,3564,53059.32637863531,0.12682379349046016,0.44556677890011226,0.4276094276094276,307860.8484176757
H5,73,7632256.0,28633,81970.40611363741,0.060419795341040056,0.4405057101945308,0.49907449446442914,358871.01547337713,6271740.5,2015,32478.191547843722,0.11513647642679901,0.45558312655086847,0.4292803970223325,284505.9918876403,6271740.5,3564,53764.44372335342,0.12682379349046016,0.4458473625140292,0.4273288439955107,313635.8185048796
H5,74,7844137.0,28633,83195.3053125982,0.05996577375755247,0.4404009359829567,0.4996682149966821,364571.4956841239,6420222.5,2015,32948.02567629805,0.11364764267990074,0.456575682382134,0.4297766749379653,290888.9298183591,6420222.5,3564,54552.620878325586,0.12598204264870932,0.4458473625140292,0.4281705948372615,319869.56818102207
H5,75,8048942.0,28633,84375.15268194747,0.05961652638563895,0.43952781755317294,0.5008905807983794,370054.7227124981,6563093.0,2015,33457.15373510023,0.11364764267990074,0.45607940446650125,0.4307692307692308,297112.5522188177,6563093.0,3564,55402.031556406204,0.12598204264870932,0.4458473625140292,0.42845117845117847,326015.5941272365
H5,76,8251153.5,28633,85480.3369687918,0.05930220375091677,0.4391785701812594,0.5015541508050152,374700.2733846498,6693474.5,2015,34092.97881760266,0.11364764267990074,0.45607940446650125,0.4307692307692308,303295.8545859257,6693474.5,3564,56437.303115396855,0.12598204264870932,0.4458473625140292,0.42845117845117847,332195.73065445
H5,77,8465160.0,28633,86600.51346633249,0.059162504802151364,0.4391087207068767,0.501728774490972,380310.87767253886,6824167.0,2015,34668.043203083624,0.11315136476426799,0.45607940446650125,0.4307692307692308,309606.2877208095,6824167.0,3564,57544.72434634411,0.12598204264870932,0.44556677890011226,0.42845117845117847,338652.6492994241
H5,78,8674848.0,28633,87774.63193445114,0.05881325743023784,0.43861977438619776,0.5025669681835644,386231.76349608414,6952016.0,2015,35230.66574756485,0.11265508684863523,0.45607940446650125,0.4312655086848635,315779.8809384083,6952016.0,3564,58771.08041035318,0.12570145903479238,0.4452861952861953,0.42901234567901236,345481.9077829361
H5,79,8877874.0,28633,88947.45076037227,0.05863863374428108,0.4387594733349632,0.5026018929207557,392417.3536551565,7077999.0,2015,35798.55173567269,0.11265508684863523,0.45607940446650125,0.4312655086848635,321895.5598178634,7077999.0,3564,59732.828979157035,0.12570145903479238,0.4452861952861953,0.42901234567901236,351778.331510008
H5,80,9069316.0,28633,90103.54227599972,0.0582544616351762,0.4386546991233891,0.5030908392414347,398365.04197957355,7200472.0,2015,36403.1562189775,0.11166253101736973,0.45558312655086847,0.4327543424317618,327937.27958523296,7200472.0,3564,60723.23579069469,0.12457912457912458,0.4450056116722783,0.43041526374859707,358011.08124672226
H5,81,9252771.0,28633,91168.9231368239,0.05814968742360214,0.4383403764886669,0.503509936087731,403734.09511247074,7317881.0,2015,37027.077310298766,0.11166253101736973,0.45508684863523574,0.43325062034739453,333833.1757848428,7317881.0,3564,61709.02061874292,0.12457912457912458,0.4447250280583614,0.43069584736251404,364011.51337622013
H5,82,9426911.0,28633,92242.19551960153,0.057695665840114554,0.4383403764886669,0.5039988824084098,409157.9683248201,7428862.5,2015,37684.69226315425,0.11166253101736973,0.45508684863523574,0.43325062034739453,339533.2058218011,7428862.5,3564,62742.076391278584,0.12429854096520764,0.4447250280583614,0.43097643097643096,369880.6260082346
H5,83,9602044.0,28633,93340.52072017435,0.05752104215415779,0.4380260538539448,0.5044529039918975,414945.03029535554,7538714.5,2015,38377.26624120051,0.11166253101736973,0.45508684863523574,0.43325062034739453,345299.87850431487,7538714.5,3564,63841.39880759814,0.12429854096520764,0.4447250280583614,0.43097643097643096,375885.1273202238
H5,84,9775315.0,28633,94483.88304556182,0.057206719519435616,0.4379911291167534,0.5048370761010024,420747.31090260163,7646383.5,2015,39121.47864844809,0.11215880893300248,0.45508684863523574,0.43325062034739453,351099.51916238706,7646383.5,3564,65007.6147320986,0.12429854096520764,0.4447250280583614,0.43125701459034793,381948.9604520476
H5,85,9946964.0,28633,95651.00957198319,0.0569971710962875,0.4380609785911361,0.5049418503125764,426601.8334535009,7752088.5,2015,39897.76065810617,0.11166253101736973,0.45558312655086847,0.4327543424317618,356938.41140706395,7752088.5,3564,66226.59908502136,0.12401795735129069,0.4452861952861953,0.43069584736251404,388089.5041603226
H5,86,10111797.0,28633,96842.24670218889,0.05678762267313939,0.43788635490517935,0.5053260224216812,432286.0786632383,7864853.5,2015,40709.468064933964,0.11166253101736973,0.45558312655086847,0.4327543424317618,362707.1716827801,7864853.5,3564,67491.05478686893,0.12401795735129069,0.4447250280583614,0.43125701459034793,394197.3886181157
H5,87,10272478.0,28633,98013.86053753932,0.05661299898718262,0.4375371075332658,0.5059197429539343,437700.8777147635,7982940.0,2015,41552.029314461404,0.11166253101736973,0.45558312655086847,0.43325062034739453,368479.98851500655,7982940.0,3564,68791.3250639135,0.12401795735129069,0.4447250280583614,0.43153759820426485,400301.9991736784
H5,88,10427134.0,28633,99155.30225340869,0.05664792372437397,0.43732755911011767,0.5061292913770824,443429.2661631005,8097632.5,2015,42445.56944318014,0.11166253101736973,0.45508684863523574,0.4337468982630273,374233.59286031406,8097632.5,3564,70179.31889334772,0.12429854096520764,0.4447250280583614,0.43153759820426485,406515.23079162213
H5,89,10571813.0,28633,100347.5913587665,0.05657807424999127,0.43757203227045716,0.5059197429539343,449318.61434615264,8208501.0,2015,43353.21216977214,0.11116625310173697,0.45508684863523574,0.4337468982630273,379798.31088741636,8208501.0,3564,71601.03084507391,0.12401795735129069,0.4447250280583614,0.43153759820426485,412653.2375460843
H5,90,10717305.0,28633,101522.50619518042,0.05647330003841721,0.4375371075332658,0.5060245171655083,455182.1524145293,8360042.5,2015,44249.57896633728,0.11166253101736973,0.45508684863523574,0.43325062034739453,385615.00463649596,8360042.5,3564,73021.8742267353,0.12401795735129069,0.4441638608305275,0.4318181818181818,419257.96776833467
H5,91,10862221.0,28633,102667.9632246739,0.05640345056403451,0.4375371075332658,0.5060594419026997,460857.984999087,8476284.0,2015,45103.16368964184,0.11116625310173697,0.45508684863523574,0.4337468982630273,390968.58458546014,8476284.0,3564,74392.01575269569,0.12373737373737374,0.44388327721661053,0.4323793490460157,425328.71014998085
H5,92,11009542.0,28633,103746.51439298176,0.0563336010896518,0.43788635490517935,0.5057800440051688,466335.2355305679,8574523.0,2015,45883.72342406038,0.11116625310173697,0.45558312655086847,0.43325062034739453,395959.8297127032,8574523.0,3564,75657.63587990249,0.12345679012345678,0.4450056116722783,0.43153759820426485,430978.30266402994
H5,93,11138249.0,28633,104671.01541062487,0.0563336010896518,0.4382006775399015,0.5054657213704467,471126.0418240535,8659918.0,2015,46528.40739021847,0.11066997518610422,0.45508684863523574,0.43424317617866004,400237.40045215865,8659918.0,3564,76706.14726073423,0.12317620650953984,0.4444444444444444,0.4323793490460157,435808.82210258325
H5,94,11240199.0,28633,105423.05208053366,0.05629867635246045,0.4380609785911361,0.5056752697935948,474990.29519332043,8730279.0,2015,47051.70575126271,0.11066997518610422,0.45558312655086847,0.4337468982630273,403741.2188691104,8730279.0,3564,77553.52880234111,0.12317620650953984,0.4447250280583614,0.43209876543209874,439726.6684438155
H5,95,11314158.0,28633,105999.7308776007,0.0563336010896518,0.43830545175147556,0.5053609471588726,477880.17297976115,8784469.0,2015,47477.32715398223,0.11066997518610422,0.45558312655086847,0.4337468982630273,406464.09371031384,8784469.0,3564,78230.38081367874,0.12345679012345678,0.4444444444444444,0.43209876543209874,442754.56501761556
H5,96,11372214.0,28633,106437.4278431628,0.05640345056403451,0.4390039464953026,0.5046275276778542,480124.42421175446,8829240.0,2015,47826.98923587528,0.11166253101736973,0.45607940446650125,0.432258064516129,408711.8425474524,8829240.0,3564,78779.88041410409,0.12401795735129069,0.4452861952861953,0.43069584736251404,445230.5512459236
H5,97,11413259.0,28633,106739.89804735959,0.05668284846156533,0.4392484196556421,0.5041385813571753,481486.31359180465,8862830.0,2015,48096.745287068516,0.11215880893300248,0.45707196029776676,0.4312655086848635,410389.4296457383,8862830.0,3564,79188.29167859265,0.12457912457912458,0.4458473625140292,0.4298540965207632,447048.7481258168
H5,98,11450684.0,28633,106904.99159842612,0.05668284846156533,0.43914364544406803,0.5042782803059407,482595.601097751,8888007.0,2015,48292.03004338768,0.11215880893300248,0.45707196029776676,0.4312655086848635,411644.1995537,8888007.0,3564,79491.21506289828,0.12457912457912458,0.44640852974186307,0.4292929292929293,448417.9069571221
H5,99,11476943.0,28633,106999.19003087786,0.05664792372437397,0.4392484196556421,0.5041385813571753,483675.35072926845,8906087.0,2015,48449.139990686264,0.11215880893300248,0.45806451612903226,0.430272952853598,412575.2443218693,8906087.0,3564,79738.10615195747,0.12485970819304153,0.44668911335578004,0.4287317620650954,449476.7003909608
H5,100,11498537.0,28633,107032.62293203008,0.05664792372437397,0.4395976670275556,0.5038242587224531,484508.52128392813,8920480.0,2015,48565.2863578296,0.11166253101736973,0.45806451612903226,0.4307692307692308,413308.0195246161,8920480.0,3564,79924.81990210748,0.12457912457912458,0.44696969696969696,0.4287317620650954,450310.8016618577
H5,101,11511895.0,28633,107018.62709709902,0.05689239688471344,0.4394928928159816,0.5036496350364964,485054.46659401193,8930041.0,2015,48645.09677457994,0.11166253101736973,0.458560794044665,0.430272952853598,413800.01152144815,8930041.0,3564,80052.93940229368,0.12457912457912458,0.44753086419753085,0.4281705948372615,450876.5971504634
H5,102,11520057.0,28633,106951.19579689359,0.056822547410330736,0.4398072154507037,0.5033702371389656,485218.7131335871,8935869.0,2015,48678.39335911663,0.11116625310173697,0.45806451612903226,0.4307692307692308,414080.4583800346,8935869.0,3564,80108.85547820375,0.12429854096520764,0.44696969696969696,0.4287317620650954,451180.8359946087
H5,103,11517558.0,28633,106817.48545439707,0.05706702057067021,0.43994691439946915,0.503020989767052,484858.7220777923,8935389.0,2015,48662.8810585944,0.11116625310173697,0.458560794044665,0.4307692307692308,414029.5540171284,8935389.0,3564,80075.29855339727,0.12429854096520764,0.44753086419753085,0.42845117845117847,451090.8121416327
H5,104,11507745.0,28633,106582.54007058154,0.05710194530786156,0.4401564628226173,0.5028114413439039,484308.0026984276,8929507.0,2015,48589.97036468985,0.11066997518610422,0.458560794044665,0.4312655086848635,413696.1277602723,8929507.0,3564,79962.97972237413,0.12401795735129069,0.4478114478114478,0.42845117845117847,450698.0277246182
H5,105,11489941.0,28633,106295.82062555023,0.05727656899381832,0.44008661334823457,0.5026368176579471,483679.0679448722,8918455.0,2015,48486.004369998605,0.11116625310173697,0.4575682382133995,0.4312655086848635,413117.97919161664,8918455.0,3564,79804.54183097991,0.12429854096520764,0.44668911335578004,0.42901234567901236,450065.6312398037
H5,106,11468307.0,28633,105960.00389844275,0.05738134320539238,0.4401215380854259,0.502532043446373,482765.4556079693,8904423.0,2015,48343.23080035105,0.11116625310173697,0.45806451612903226,0.4307692307692308,412367.27587939217,8904423.0,3564,79588.23458640068,0.12429854096520764,0.4478114478114478,0.4278900112233446,449226.1020158773
H5,107,11439877.0,28633,105574.84988255014,0.05783536478887996,0.44001676387385186,0.5021478713372682,481491.05748231884,8885325.0,2015,48167.773733313836,0.11265508684863523,0.45707196029776676,0.430272952853598,411364.63567841647,8885325.0,3564,79309.0843980221,0.12542087542087543,0.44696969696969696,0.4276094276094276,448092.08846021385
H5,108,11411190.0,28633,105126.44897782544,0.05783536478887996,0.440226312297,0.5019383229141201,479920.8397910399,8861834.0,2015,47943.082085887014,0.11265508684863523,0.45707196029776676,0.430272952853598,410126.8128419212,8861834.0,3564,78958.5053359184,0.12542087542087543,0.44696969696969696,0.4276094276094276,446685.3850052354
H5,109,11373590.0,28633,104608.31184030141,0.058079837949219434,0.440331086508574,0.5015890755422066,477939.2955890444,8831987.0,2015,47670.29298919525,0.11265508684863523,0.45707196029776676,0.430272952853598,408551.238452568,8831987.0,3564,78523.59513901606,0.12570145903479238,0.44640852974186307,0.4278900112233446,444893.9435689755
H5,110,11329591.0,28633,103989.10284521779,0.05818461216079349,0.44036601124576535,0.5014843013306325,475780.4299127874,8797205.0,2015,47353.70871046893,0.11265508684863523,0.45707196029776676,0.430272952853598,406727.97508939396,8797205.0,3564,78029.49840947782,0.12570145903479238,0.44612794612794615,0.4281705948372615,442853.8122832259
H5,111,11278934.0,28633,103319.2709363812,0.058464010058324314,0.4404009359829567,0.5011699786959103,473786.0814526472,8758559.0,2015,47026.8386954082,0.11265508684863523,0.45806451612903226,0.4297766749379653,404750.3592561431,8758559.0,3564,77522.1091730446,0.12598204264870932,0.44668911335578004,0.4276094276094276,440696.18127781147
H5,112,11223546.0,28633,102632.4869045999,0.058568784269898366,0.44026123703419134,0.5012049034331016,471597.1612484854,8718081.0,2015,46684.27552375507,0.11265508684863523,0.4575682382133995,0.430272952853598,402680.0637828207,8718081.0,3564,76990.73689957315,0.12598204264870932,0.44668911335578004,0.4276094276094276,438420.6789410494
H5,113,11158494.0,28633,101895.40008085851,0.058952956379003246,0.440226312297,0.5008207313239967,468999.852802692,8672439.0,2015,46305.60555081727,0.11166253101736973,0.45806451612903226,0.430272952853598,400332.15452800103,8672439.0,3564,76394.08316451094,0.12570145903479238,0.44668911335578004,0.4276094276094276,435818.68116097164
H5,114,11084914.0,28633,101104.71902305698,0.059057730590577305,0.440331086508574,0.5006111829008487,466069.45266298606,8622624.0,2015,45893.263044989624,0.11166253101736973,0.45707196029776676,0.4312655086848635,397765.34439484193,8622624.0,3564,75749.43179350471,0.12570145903479238,0.44612794612794615,0.4281705948372615,432958.4299284473
H5,115,10992923.0,28633,100225.69950139607,0.059441902699682185,0.43994691439946915,0.5006461076380401,462519.92415058106,8564202.0,2015,45414.33556241411,0.11166253101736973,0.45607940446650125,0.432258064516129,394729.64615309326,8564202.0,3564,74989.3195895632,0.12626262626262627,0.4452861952861953,0.42845117845117847,429555.2339917187
H5,116,10895137.0,28633,99269.34108436143,0.059441902699682185,0.44001676387385186,0.500541333426466,458771.8677926944,8500486.0,2015,44853.14641324404,0.11166253101736973,0.45806451612903226,0.430272952853598,391354.71675672056,8500486.0,3564,74104.9722375647,0.12626262626262627,0.44612794612794615,0.4276094276094276,425760.12334311445
H5,117,10796078.0,28633,98269.5370761523,0.05989592428316977,0.43952781755317294,0.5005762581636574,454924.24121026,8430659.0,2015,44227.47152667038,0.11265508684863523,0.45607940446650125,0.4312655086848635,387730.79559243994,8430659.0,3564,73120.36748977828,0.12682379349046016,0.4450056116722783,0.4281705948372615,421683.3930149733
H5,118,10701850.0,28633,97266.13921960776,0.060105472706317886,0.4393881186044075,0.5005064086892747,451032.525559111,8361365.0,2015,43580.99504574942,0.11265508684863523,0.4575682382133995,0.4297766749379653,384143.3294479117,8361365.0,3564,72108.17332843173,0.12682379349046016,0.4458473625140292,0.4273288439955107,417615.41588007996
H5,119,10605147.0,28633,96247.44295240456,0.060489644815422766,0.43914364544406803,0.5004016344777006,446897.61726425675,8243030.0,2015,42977.60233873437,0.11315136476426799,0.456575682382134,0.4307692307692308,380206.1062419051,8243030.0,3564,71135.63297064153,0.1271043771043771,0.4450056116722783,0.4281705948372615,413011.75801165635
H6,0,1340651.625,28633,601.7899662027586,0.2431110955890057,0.4075367582858939,0.34956169454824854,19050.747203815918,5.438338279724121,2015,0.19890218282267882,0.2218362282878412,0.39602977667493794,0.38312655086848635,0.527245334695812,19.418851852416992,3564,0.2460288927207176,0.26430976430976433,0.38019079685746354,0.3560606060606061,0.8223059998859813
H6,1,2288833.5,28633,3225.6553357034963,0.22641707121153914,0.41553452310271366,0.35815317989732126,56460.30257528095,21.174480438232422,2015,1.2075990132381413,0.20794044665012407,0.40397022332506205,0.3880893300248139,2.5581278525286706,71.04527282714844,3564,1.4101971307079124,0.24887766554433222,0.3888888888888889,0.3622334455667789,3.5729095557761354
H6,2,2217648.25,28633,3528.0936502298496,0.20406523940907345,0.42775818111968705,0.3682464289456222,57465.635130495844,81.09738159179688,2015,4.663965695860266,0.19503722084367245,0.4104218362282878,0.3945409429280397,10.13400458458239,226.26918029785156,3564,5.219423231210496,0.23316498316498316,0.3950617283950617,0.3720538720538721,12.596450387283891
H6,3,1709910.0,28633,3321.2288754889896,0.19498480773932175,0.43331121433311215,0.3717039779275661,49692.69084255474,287.9340515136719,2015,8.991618419744263,0.19255583126550868,0.4148883374689826,0.3925558312655087,21.32514614001871,651.4134521484375,3564,10.066083579653863,0.22839506172839505,0.39646464646464646,0.37514029180695846,28.41655740469721
H6,4,1551882.125,28633,3291.9738732980904,0.18276114972234833,0.440331086508574,0.37697761324346035,45084.05808033988,348.1195983886719,2015,13.956119344720971,0.1870967741935484,0.4153846153846154,0.3975186104218362,31.818808052917845,1151.260498046875,3564,15.910423104509832,0.22109988776655443,0.39702581369248036,0.3818742985409652,46.39797678390001
H6,5,1595475.5,28633,4106.347418016908,0.1764397722907135,0.44494115181783256,0.37868892536583665,48555.1165102658,397.895263671875,2015,17.912883460548944,0.18560794044665013,0.4153846153846154,0.3990074441687345,41.1152140159597,1782.9891357421875,3564,20.748882313910578,0.2191358024691358,0.39814814814814814,0.38271604938271603,65.04120913274475
H6,6,1627011.125,28633,5446.02446831141,0.16683546956309153,0.44983061502462196,0.38336884014947786,56677.88888620753,466.0558776855469,2015,23.129126424560503,0.18064516129032257,0.41836228287841193,0.40099255583126553,53.05678545378522,2399.185302734375,3564,26.92600240717352,0.21408529741863075,0.4009539842873176,0.38496071829405165,84.79417262168785
H6,7,1591271.875,28633,5757.066341085633,0.1617015331959627,0.4515419271469982,0.38679146439423046,56173.00809999794,1407.3846435546875,2015,27.86257255022579,0.1791563275434243,0.41935483870967744,0.40148883374689825,71.29964862497341,2838.21435546875,3564,32.50508469312461,0.21184062850729518,0.40263748597081933,0.38552188552188554,105.79654815020255
H6,8,1488478.5,28633,5444.647872017574,0.15565955366185869,0.45499947612894215,0.3893758949463905,51124.8127364933,2043.2379150390625,2015,33.88574591685507,0.17667493796526054,0.4218362282878412,0.40148883374689825,91.42165967332888,3350.702392578125,3564,39.95776177715104,0.20622895622895623,0.4054433221099888,0.388327721661055,131.86981815759333
H6,9,1451660.0,28633,6391.137313755556,0.15199245625676666,0.4569552614116579,0.39105228233157546,55592.061747039945,3635.51171875,2015,38.96833329454663,0.1771712158808933,0.4228287841191067,0.4,124.07072902268932,3946.770751953125,3564,47.117158513637584,0.2059483726150393,0.4068462401795735,0.3872053872053872,174.09436690388415
H6,10,1567096.875,28633,7498.1160467318705,0.14549645513917508,0.4609366814514721,0.3935668634093528,65253.17639093322,4628.11474609375,2015,45.17886699723257,0.17121588089330025,0.426302729528536,0.40248138957816376,150.44731228182403,4745.41259765625,3564,55.997780401158465,0.20117845117845118,0.4099326599326599,0.3888888888888889,213.92594495017835
H6,11,1913451.5,28633,8635.778025170002,0.1402577445604722,0.4657213704466874,0.39402088499284044,71928.96643901792,5362.05322265625,2015,50.04649986693894,0.1707196029776675,0.4258064516129032,0.40347394540942927,170.83252774205616,5902.4775390625,3564,62.58395731176255,0.20089786756453423,0.4102132435465769,0.3888888888888889,247.61590274111663
H6,12,2207033.0,28633,10716.179373018678,0.13425068976355953,0.471029930499773,0.3947193797366675,81851.25619681607,6025.39599609375,2015,56.860971556762166,0.16923076923076924,0.4267990074441687,0.40397022332506205,192.22354904886498,7447.67333984375,3564,72.30713043622656,0.1989337822671156,0.4118967452300786,0.3891694725028058,290.46755324737086
H6,13,2436304.75,28633,11796.425953717675,0.13086299025599832,0.47392868368665525,0.3952781755317291,85970.82674974145,7006.49365234375,2015,64.6840009817812,0.16823821339950373,0.426302729528536,0.4054590570719603,228.17433038731926,102068.0234375,3564,140.51528015890526,0.1972502805836139,0.4118967452300786,0.39085297418630754,2398.0691951102476
H6,14,2586841.25,28633,13025.10640331203,0.12695141969056684,0.4774910068801732,0.395662347640834,88256.0260359739,19716.580078125,2015,92.06493916647439,0.16674937965260547,0.4272952853598015,0.40595533498759306,617.9159986298373,339850.0,3564,303.98352133319725,0.19612794612794612,0.4121773288439955,0.39197530864197533,8081.576815265448
H6,15,2713132.25,28633,15014.380812551048,0.12530995704257325,0.4766877379247721,0.3980721545070373,93453.85508683743,44075.94140625,2015,144.86562649356765,0.16674937965260547,0.4287841191066998,0.4044665012406948,1479.61925984714,338930.9375,3564,353.4013689200456,0.1947250280583614,0.4132996632996633,0.39225589225589225,8129.589443929085
H6,16,2820466.25,28633,16869.510879138947,0.12111898857961094,0.47784025425208676,0.40114553137987635,98340.4325750511,338213.6875,2015,1134.2450647456733,0.16526054590570718,0.4312655086848635,0.40347394540942927,17239.23596482614,349777.5,3564,1132.9847891445365,0.19304152637485972,0.41470258136924804,0.39225589225589225,16875.62324047324
H6,17,2894526.0,28633,17277.8300045809,0.11898857961093842,0.47843397478433974,0.40261237034191316,100887.08736883503,686599.5625,2015,2270.881296929659,0.16476426799007443,0.4292803970223325,0.40595533498759306,35782.83868722914,686599.5625,3564,2039.9574756705892,0.19135802469135801,0.4152637485970819,0.39337822671156003,31807.24958467343
H6,18,2962157.25,28633,17522.705994460983,0.11615967589843887,0.4790276953165927,0.40484755352215973,103282.8892410407,772594.375,2015,2512.1861241352995,0.16377171215880892,0.4312655086848635,0.40496277915632756,39700.51312311301,772594.375,3564,2292.823368663746,0.19023569023569023,0.4161054994388328,0.393658810325477,35090.55400312709
H6,19,3064425.0,28633,20974.419690064635,0.11308629902559983,0.4817169000803269,0.4051968008940733,126592.05266650762,1808647.375,2015,6099.77252585213,0.16129032258064516,0.4287841191066998,0.4099255583126551,88467.60098624999,1808647.375,3564,5681.490685355435,0.186307519640853,0.41778900112233447,0.39590347923681257,76948.14269381105
H6,20,3163162.25,28633,21033.77276506033,0.11004784688995216,0.48499982537631403,0.4049523277337338,117474.58119433808,1389494.0,2015,5945.94291990636,0.15831265508684864,0.4307692307692308,0.4109181141439206,67253.84679326288,1389494.0,3564,7038.020389163258,0.1829405162738496,0.42059483726150393,0.39646464646464646,63210.221598582146
H6,21,3189109.5,28633,22130.291954769255,0.10851115845353264,0.48685083644745575,0.40463800509901166,118637.6425832001,1299642.75,2015,7801.457380810308,0.15632754342431762,0.4312655086848635,0.41240694789081883,71416.36666945387,1299642.75,3564,10987.546339726543,0.18125701459034793,0.41975308641975306,0.398989898989899,79814.62611682525
H6,22,3182296.0,28633,23467.576394349206,0.10578702895260714,0.49153075123109696,0.4027171445534872,124467.84540422725,1495455.375,2015,9435.871985673295,0.15285359801488835,0.43424317617866004,0.4129032258064516,82515.25661197849,1495455.375,3564,13428.835378575663,0.17704826038159371,0.4239618406285073,0.3992704826038159,94597.44618476555
H6,23,3219247.25,28633,23105.377016827133,0.10432018999057033,0.4928578912443684,0.4028219187650613,117983.53929615015,1184588.0,2015,6959.176995362257,0.1513647642679901,0.43573200992555833,0.4129032258064516,61195.50685678074,1184588.0,3564,10520.750112808906,0.17424242424242425,0.42424242424242425,0.4015151515151515,70646.80752650322
H6,24,3284639.0,28633,23344.00521598365,0.10239932944504593,0.4942548807320225,0.4033807145601229,115559.08434351733,1001321.875,2015,6893.653724617936,0.15037220843672455,0.43771712158808934,0.4119106699751861,54180.78519429211,1001321.875,3564,10464.52104622312,0.1722783389450056,0.4225589225589226,0.4054433221099888,64197.27641186804
H6,25,3383948.75,28633,25007.89186607812,0.10033876995075612,0.4943247302064052,0.4053364998428387,120144.58748349844,1101288.75,2015,8277.45558611538,0.1488833746898263,0.43622828784119105,0.4148883374689826,61453.62188807609,1101288.75,3564,12488.5603824776,0.17031425364758698,0.4211560044893378,0.40852974186307517,72559.84574373114
H6,26,3475616.0,28633,27186.070676153508,0.09859253309118848,0.49495337547584956,0.4064890161701533,126226.7776622298,1224782.125,2015,10108.172454206839,0.14640198511166252,0.43672456575682383,0.41687344913151364,71092.82098350624,1224782.125,3564,15446.959446377608,0.16666666666666666,0.42424242424242425,0.4090909090909091,85874.78770225459
H6,27,3500387.5,28633,28649.139535569837,0.0972653930779171,0.4958963433800161,0.40683826354206687,128580.63535338706,1293688.125,2015,11345.41075783812,0.14640198511166252,0.43821339950372207,0.4153846153846154,76788.79023020678,1293688.125,3564,17472.196147581428,0.1663860830527497,0.4264870931537598,0.40712682379349047,94660.25781777213
H6,28,3504395.75,28633,29349.739871490558,0.0954842314811581,0.49554709600810254,0.4089686725107394,129178.03289274672,1328460.375,2015,12170.537696513733,0.1444168734491315,0.43870967741935485,0.41687344913151364,80177.21772823903,1328460.375,3564,19033.168493835856,0.1638608305274972,0.4273288439955107,0.40881032547699214,101093.94076567695
H6,29,3556939.0,28633,29001.97987191386,0.09482066147452241,0.4946739775783187,0.4105053609471589,130338.31440562225,1346096.125,2015,12653.823869384116,0.1444168734491315,0.4392059553349876,0.4163771712158809,82493.80941324236,1357594.875,3564,20130.78122471673,0.1638608305274972,0.4278900112233446,0.40824915824915825,105650.75506427545
H6,30,3539229.5,28633,29385.279122603435,0.09272517724304125,0.4917402996542451,0.41553452310271366,131678.61236527393,1359976.875,2015,12958.80177340893,0.14292803970223325,0.4411910669975186,0.41588089330024813,84022.9111589638,1390419.875,3564,20851.953309421348,0.16189674523007858,0.4287317620650954,0.40937149270482603,108759.60944211687
H6,31,3296368.0,28633,29894.11358501905,0.09136311249257849,0.4892955680508504,0.4193413194565711,130686.94450373703,1377974.75,2015,13217.997298287672,0.1424317617866005,0.44069478908188586,0.41687344913151364,85439.10105788111,1417544.625,3564,21345.381052119596,0.1610549943883277,0.4287317620650954,0.4102132435465769,110893.52580224817
H6,32,2871256.5,28633,29966.916784920344,0.0894422519470541,0.4924737191352635,0.4181189536548737,129082.702902387,1394906.375,2015,13427.493183247809,0.141439205955335,0.44168734491315137,0.41687344913151364,86635.98934065599,1439443.875,3564,21598.969403945463,0.15965207631874298,0.43013468013468015,0.4102132435465769,112119.15968239798
H6,33,2435473.0,28633,30021.718005825536,0.08766109035029511,0.49341668703943004,0.41892222261027484,128323.97299783296,1411498.75,2015,13631.208531747116,0.14044665012406948,0.4411910669975186,0.41836228287841193,87772.20705897933,1458846.625,3564,21931.51539599336,0.1590909090909091,0.43041526374859707,0.4104938271604938,113408.52261986367
H6,34,2111797.75,28633,30010.381365245627,0.08525128348409178,0.4931372891418992,0.42161142737400903,126461.96565245118,1426654.5,2015,14028.62959385524,0.13746898263027296,0.44168734491315137,0.42084367245657567,88914.59710110024,1476804.875,3564,22203.234939691156,0.15600448933782268,0.43097643097643096,0.41301907968574636,113766.20856352845
H6,35,2007050.875,28633,30182.995755810836,0.08399399294520309,0.4936611601997695,0.42241469632941014,124717.47537588194,1441117.75,2015,14701.377607611568,0.1369727047146402,0.4471464019851117,0.41588089330024813,90801.68170439916,1493503.5,3564,22788.603707781094,0.15572390572390574,0.4335016835016835,0.4107744107744108,114983.5329674986
H6,36,1994994.0,28633,30475.080808437175,0.08252715398316628,0.49331191282785597,0.42416093318897774,124196.40082510587,1454329.875,2015,15323.751017609467,0.13548387096774195,0.4481389578163772,0.4163771712158809,93377.48371444888,1509138.125,3564,23397.382239275583,0.15432098765432098,0.4340628507295174,0.4116161616161616,117026.02486823277
H6,37,2087532.0,28633,31108.460001666655,0.08203820766248734,0.4919847728145846,0.4259770195229281,125669.77106767867,1467663.125,2015,15828.483927828684,0.13548387096774195,0.4476426799007444,0.41687344913151364,96169.48911237101,1524256.75,3564,23982.146570077974,0.15432098765432098,0.4337822671156005,0.4118967452300786,119453.98349629267
H6,38,2134033.0,28633,32032.671208641525,0.0808856913351727,0.4894352669996158,0.4296790416652115,128183.97126295084,1482242.25,2015,16243.62857616345,0.1344913151364764,0.4481389578163772,0.4173697270471464,98694.67068127384,1539828.0,3564,24597.18886366944,0.15347923681257014,0.4340628507295174,0.41245791245791247,122035.25573903348
H6,39,2142580.5,28633,33057.32086864542,0.07997764816819754,0.48824782593510985,0.43177452589669263,131009.4819101172,1494305.25,2015,16612.454805149766,0.1344913151364764,0.4501240694789082,0.4153846153846154,100990.06327180429,1554884.25,3564,25219.923351249225,0.1526374859708193,0.43630751964085296,0.4110549943883277,124638.72691602766
H6,40,2207765.25,28633,34557.22799013413,0.07910452973841371,0.4880382775119617,0.4328921174868159,135796.5491081645,1505716.25,2015,17000.119034813437,0.13300248138957815,0.4496277915632754,0.41786600496277915,103452.9699909555,1568704.875,3564,25958.98244325543,0.15095398428731763,0.43490460157126826,0.41442199775533106,127635.59242755029
H6,41,2270715.25,28633,36547.0757338714,0.07840603499458666,0.4881081269863444,0.4334858380190689,142666.972158743,1516065.875,2015,17392.19278556902,0.1325062034739454,0.4486352357320099,0.41885856079404465,106102.64821629833,1580899.125,3564,26779.34937025218,0.15039281705948374,0.43574635241301907,0.41386083052749717,131064.80676183575
H6,42,2334433.5,28633,37335.65225083308,0.07753291656480285,0.4868159117102644,0.4357210211993155,145131.66338367222,1525483.875,2015,17765.702266392535,0.13101736972704714,0.45062034739454093,0.41836228287841193,108849.7930759238,1592298.25,3564,27271.17490218344,0.14814814814814814,0.43799102132435463,0.41386083052749717,133416.52437606562
H6,43,2399096.25,28633,37725.123532828286,0.07672964760940174,0.4861523417036287,0.4371180106869696,146351.64827792594,1534927.75,2015,18135.937809865572,0.13101736972704714,0.4491315136476427,0.41985111662531016,111712.60595658135,1603226.875,3564,27891.03091343511,0.1478675645342312,0.43686868686868685,0.4152637485970819,136410.32839641144
H6,44,2465349.5,28633,38931.2658013995,0.0756469807564698,0.4854189222226103,0.43896902175811126,150758.0876242842,1543628.125,2015,18500.384135786364,0.13002481389578163,0.4511166253101737,0.41885856079404465,114507.68647132801,1613885.625,3564,28593.012661643235,0.1473063973063973,0.4385521885521885,0.41414141414141414,139750.30461576566
H6,45,2533080.5,28633,41175.32662122972,0.07536758285893899,0.48374253483742535,0.4408898823036357,159246.32675443476,1585516.75,2015,18892.610167199728,0.13002481389578163,0.4511166253101737,0.41885856079404465,117643.11253556985,1624333.25,3564,29506.44897407055,0.14758698092031425,0.4377104377104377,0.41470258136924804,144088.65013674562
H6,46,2601193.25,28633,43653.582864484524,0.07414521705724164,0.4810882548108825,0.4447665281318758,169707.74810801612,1693698.625,2015,19294.062365064343,0.12853598014888337,0.4496277915632754,0.4218362282878412,120897.84521193588,1693698.625,3564,30638.52026748975,0.14534231200897868,0.4385521885521885,0.4161054994388328,149547.70055282005
H6,47,2670532.75,28633,45372.863253338575,0.07348164705060595,0.47605909265532775,0.4504592602940663,177884.3636599511,1789693.375,2015,19658.578908452873,0.12803970223325062,0.45062034739454093,0.42133995037220845,123938.69849696079,1789693.375,3564,31550.31636353349,0.14450056116722784,0.4371492704826038,0.41835016835016836,154141.65579609567
H6,48,2743400.5,28633,43903.52657806299,0.07250375440924807,0.4773163831942165,0.4502147871337268,170169.01316716478,1877604.125,2015,19946.422203314316,0.12803970223325062,0.4481389578163772,0.4238213399503722,126611.77380047436,1877604.125,3564,31093.255468711224,0.14309764309764308,0.43630751964085296,0.42059483726150393,152692.13679502578
H6,49,2818041.25,28633,44117.88184103933,0.0722592812489086,0.4770020605594943,0.4508085076659798,170972.1328506389,2022292.125,2015,20384.600469412617,0.12803970223325062,0.4521091811414392,0.41985111662531016,130814.81667482188,2022292.125,3564,31472.828776185892,0.14225589225589225,0.4391133557800225,0.4186307519640853,155481.8221889554
H6,50,2921673.25,28633,46972.64750834043,0.0715957112422729,0.46907414521705726,0.45933014354066987,181807.30150135828,2156069.5,2015,20852.81998783208,0.1270471464019851,0.4521091811414392,0.42084367245657567,135120.7196148174,2156069.5,3564,32311.975911898186,0.1414141414141414,0.43967452300785637,0.41891133557800225,160076.8255477517
H6,51,2997691.75,28633,47277.280519032,0.07107184018440262,0.4727063178849579,0.4562567666678308,186210.5740381543,2301776.0,2015,21336.155192097805,0.1270471464019851,0.45260545905707195,0.42084367245657567,139775.4474407893,2301776.0,3564,33108.329929050524,0.14057239057239057,0.44079685746352415,0.41891133557800225,164707.22686680636
H6,52,3083375.25,28633,48625.86922254355,0.0702685712290015,0.4700520378584151,0.4597143156497747,193909.32848753812,2470375.0,2015,21875.227737744703,0.12406947890818859,0.45459057071960296,0.42133995037220845,145215.8374451294,2470375.0,3564,34060.89235190735,0.13804713804713806,0.4430415263748597,0.41891133557800225,170327.0403453461
H6,53,3168907.5,28633,50615.46670686959,0.06984947438270526,0.4667341878252366,0.46345126252924945,204201.3261643601,2676660.5,2015,22522.778767122625,0.12357320099255584,0.45508684863523574,0.42133995037220845,152070.1432671966,2676660.5,3564,35191.13189854522,0.1377665544332211,0.44332210998877664,0.41891133557800225,177333.7642546202
H6,54,3240559.5,28633,52267.56195743502,0.06855725910662522,0.4641497572730765,0.4673279083574896,211366.87518439698,2834251.5,2015,23027.797164109215,0.12208436724565756,0.45459057071960296,0.42332506203473946,157465.30871788255,2834251.5,3564,36067.65240878337,0.13692480359147025,0.44276094276094274,0.42031425364758696,182777.22847593133
H6,55,3363258.25,28633,53983.49556726143,0.06838263542066846,0.46170502566968186,0.46991233890964973,218902.46259441183,2996138.5,2015,23534.574961822487,0.12208436724565756,0.45558312655086847,0.42233250620347396,163074.32239793963,2996138.5,3564,36958.043653056746,0.1366442199775533,0.44332210998877664,0.42003367003367004,188461.70207855332
H6,56,3568891.0,28633,55718.46455214868,0.0682080117347117,0.4590856703803304,0.4727063178849579,226375.23446468965,3164902.5,2015,24060.114288163837,0.12158808933002481,0.45607940446650125,0.42233250620347396,168994.515572139,3164902.5,3564,37869.22150982501,0.13580246913580246,0.44388327721661053,0.42031425364758696,194391.25649196733
H6,57,3773307.5,28633,57384.62848391283,0.06796353857437223,0.45667586351412703,0.4753605979115007,233613.19346321415,3327694.5,2015,24567.172641416564,0.12158808933002481,0.45707196029776676,0.42133995037220845,174816.58485992393,3327694.5,3564,38753.30450018045,0.13580246913580246,0.44388327721661053,0.42031425364758696,200249.98289988667
H6,58,3958455.25,28633,58752.36032390022,0.06712534488177976,0.45290399189746094,0.4800055879579506,239518.32386130755,3487257.5,2015,25022.190839739495,0.12158808933002481,0.45806451612903226,0.42084367245657567,180355.23894663743,3487257.5,3564,39549.56089745673,0.13552188552188552,0.44556677890011226,0.41919191919191917,205736.66967762614
H6,59,4121465.0,28633,59630.426386231105,0.06688087172144029,0.4504592602940663,0.4826598679844934,244090.7333074362,3646435.25,2015,25402.346947187933,0.12109181141439206,0.45806451612903226,0.42084367245657567,185733.04306401245,3646435.25,3564,40217.91263418376,0.13496071829405162,0.44612794612794615,0.41891133557800225,210863.83558493044
H6,60,4292453.0,28633,60695.350006866865,0.06614745224042189,0.449341668703943,0.4845108790556351,249605.07235552938,3802280.0,2015,25788.99027342994,0.1205955334987593,0.45806451612903226,0.42133995037220845,191219.38994753547,3802280.0,3564,40896.79183121377,0.13468013468013468,0.44668911335578004,0.4186307519640853,216132.56747635177
H6,61,4499228.0,28633,62144.061482543795,0.06593790381727377,0.45011001292215275,0.4839520832605735,256856.32952931395,3957889.0,2015,26206.40220654263,0.1205955334987593,0.45806451612903226,0.42133995037220845,197162.5024579751,3957889.0,3564,41660.13240761482,0.13439955106621773,0.44640852974186307,0.41919191919191917,222040.99861086695
H6,62,4705563.5,28633,63475.3865302276,0.065763280131317,0.4488177976460727,0.4854189222226103,263681.18085088505,4118798.25,2015,26653.734687483662,0.12009925558312655,0.46054590570719606,0.41935483870967744,203546.28676519386,4118798.25,3564,42458.91032163364,0.13383838383838384,0.44753086419753085,0.4186307519640853,228327.26798184795
H6,63,4887570.0,28633,64560.74873445182,0.0656235811825516,0.4457444207732337,0.48866692278140605,269322.45031987067,4275673.0,2015,27081.628378334783,0.12009925558312655,0.45905707196029777,0.42084367245657567,209859.20096914933,4275673.0,3564,43209.68331311784,0.13383838383838384,0.44640852974186307,0.42003367003367004,234415.62601613655
H6,64,5056109.0,28633,65731.42793368213,0.06516955959906402,0.44518562497817205,0.4896797401599553,275195.0619032272,4421008.5,2015,27504.837329408903,0.1196029776674938,0.456575682382134,0.4238213399503722,215756.43690095175,4421008.5,3564,43933.16989738781,0.13271604938271606,0.4447250280583614,0.4225589225589226,240092.13043532023
H6,65,5246782.5,28633,67011.33950498042,0.06475046275276779,0.44480145286906714,0.49044808437816506,281886.8671073019,4563821.5,2015,27946.39871909856,0.1196029776674938,0.45607940446650125,0.42431761786600497,221600.07624685403,4563821.5,3564,44679.23726271154,0.13215488215488216,0.4441638608305275,0.42368125701459036,245788.15706950292
H6,66,5434886.5,28633,68218.10884739857,0.06398211853455803,0.44480145286906714,0.4912164285963748,288285.986872422,4708752.5,2015,28371.667350313815,0.11861042183622829,0.45607940446650125,0.4253101736972705,227609.57645389266,4708752.5,3564,45393.68915067041,0.13159371492704827,0.4441638608305275,0.42424242424242425,251555.99829130992
H6,67,5642286.0,28633,69409.24847181205,0.06384241958579262,0.44347431285579575,0.49268326755841163,294305.14224010485,4858867.0,2015,28780.407015304263,0.11811414392059554,0.45607940446650125,0.4258064516129032,233884.22567713525,4858867.0,3564,46063.886016737015,0.13103254769921435,0.4447250280583614,0.42424242424242425,257378.91970233037
H6,68,5843123.0,28633,70611.43204333246,0.06328362379073098,0.4432298396954563,0.49348653651381275,300747.906125611,5004027.0,2015,29199.9099371983,0.11761786600496278,0.456575682382134,0.4258064516129032,239994.3202214787,5004027.0,3564,46764.329262810556,0.13047138047138046,0.4452861952861953,0.42424242424242425,263236.3928168487
H6,69,6040393.5,28633,71859.17273004455,0.06314392484196557,0.44298536653511683,0.4938707086229176,307519.22234210686,5145694.5,2015,29594.423446240653,0.11761786600496278,0.456575682382134,0.4258064516129032,245877.7018993651,5145694.5,3564,47467.125043952605,0.13047138047138046,0.44556677890011226,0.4239618406285073,268958.60465507174
H6,70,6232820.0,28633,73036.49588181578,0.06258512904690393,0.442705968637586,0.49470890231551007,313921.1477298142,5284430.5,2015,29991.168545454606,0.11712158808933003,0.45508684863523574,0.4277915632754342,251666.9295597178,5284430.5,3564,48168.27832817672,0.12934904601571268,0.4452861952861953,0.42536475869809204,274604.1936619914
H6,71,6425858.5,28633,74070.90427775352,0.062340655886564456,0.44214717284252436,0.4955121712709112,319595.34353727783,5422390.5,2015,30367.049267044542,0.11712158808933003,0.45607940446650125,0.4267990074441687,257362.82118822527,5422390.5,3564,48831.22347700536,0.12934904601571268,0.44612794612794615,0.4245230078563412,280087.92052342923
H6,72,6617461.5,28633,75105.651151207,0.06185170956588552,0.4416931512590368,0.49652498864946043,325432.02327682485,5559166.0,2015,30726.09268899748,0.11662531017369727,0.45558312655086847,0.428287841191067,262625.24153945193,5559166.0,3564,49492.93624811413,0.12850729517396184,0.44556677890011226,0.42620650953984285,285322.19069999096
H6,73,6813893.0,28633,76292.9445819013,0.0617120106171201,0.44165822652184544,0.49669961233541715,331979.9804326128,5698300.0,2015,31036.10487910564,0.11612903225806452,0.45558312655086847,0.428287841191067,266949.9756097448,5698300.0,3564,50239.10961812539,0.12794612794612795,0.4458473625140292,0.42620650953984285,290405.91005814064
H6,74,7015900.5,28633,77510.61259499883,0.06108336534767576,0.44116928020116647,0.49774735445115775,338370.7853164039,5840301.5,2015,31184.855754197768,0.11513647642679901,0.45607940446650125,0.4287841191066998,268413.29491330683,5840301.5,3564,51150.58438129248,0.12682379349046016,0.44612794612794615,0.4270482603815937,295214.2967559285
H6,75,7219866.0,28633,78713.33262111292,0.06083889218733629,0.4412391296755492,0.49792197813711453,344634.37607975095,5982796.5,2015,31408.703998749443,0.11513647642679901,0.45558312655086847,0.4292803970223325,271520.5240263829,5982796.5,3564,52001.522537699,0.12682379349046016,0.4452861952861953,0.4278900112233446,300973.29597436415
H6,76,7417072.0,28633,79833.45374927353,0.06017532218070059,0.4408898823036357,0.4989347955156637,350408.262327754,6122020.0,2015,31829.86762946049,0.11364764267990074,0.456575682382134,0.4297766749379653,277519.7310970037,6122020.0,3564,52683.60198865709,0.12598204264870932,0.44612794612794615,0.4278900112233446,306600.729581914
H6,77,7615647.5,28633,80904.2894557396,0.06003562323193518,0.44043586072014806,0.4995634407851081,355847.9776443654,6261387.0,2015,32255.302085027415,0.11364764267990074,0.45607940446650125,0.4307692307692308,283600.9465555448,6261387.0,3564,53369.49290039928,0.12598204264870932,0.4458473625140292,0.42845117845117847,312300.2196640811
H6,78,7822400.5,28633,82076.24737121291,0.0596514511228303,0.4400516886110432,0.5003317850033179,361291.4952750925,6406203.5,2015,32716.3413583083,0.11364764267990074,0.45607940446650125,0.4307692307692308,289884.0953353092,6406203.5,3564,54131.98763225369,0.12598204264870932,0.44556677890011226,0.4287317620650954,318391.0471170683
H6,79,8024960.0,28633,83239.33004024635,0.059337128488108126,0.4394928928159816,0.5011699786959103,366773.22045271716,6547886.0,2015,33203.58283695361,0.11315136476426799,0.45607940446650125,0.4307692307692308,296058.27618737554,6547886.0,3564,54947.298023900265,0.12570145903479238,0.4458473625140292,0.42845117845117847,324471.21768287965
H6,80,8221794.0,28633,84311.26274211523,0.05888310690462054,0.43928334439283345,0.501833548702546,371275.4771286123,6676161.5,2015,33816.68099204236,0.11265508684863523,0.45607940446650125,0.4312655086848635,302090.70177216956,6676161.5,3564,55942.64623606519,0.12542087542087543,0.4458473625140292,0.4287317620650954,330488.5086721015
H6,81,8429468.0,28633,85366.69891206264,0.05881325743023784,0.4391785701812594,0.5020081723885028,376496.12022399966,6803395.5,2015,34383.74502232322,0.11265508684863523,0.45607940446650125,0.4312655086848635,308225.3948156111,6803395.5,3564,56976.719714667495,0.12570145903479238,0.44556677890011226,0.4287317620650954,336677.6825941423
H6,82,8632491.0,28633,86476.87243379027,0.058464010058324314,0.43889917228372854,0.5026368176579471,382054.738006714,6927149.5,2015,34926.77293491616,0.11166253101736973,0.45558312655086847,0.4327543424317618,314186.9512214969,6927149.5,3564,58194.77679290038,0.12457912457912458,0.4450056116722783,0.43041526374859707,343274.6615487811
H6,83,8830213.0,28633,87588.28056372043,0.058359235846750256,0.43889917228372854,0.5027765166067125,387952.61949896486,7048944.5,2015,35470.49737279008,0.11166253101736973,0.45508684863523574,0.43325062034739453,320080.45760754583,7048944.5,3564,59142.99182457494,0.12457912457912458,0.4447250280583614,0.43069584736251404,349399.4765952114
H6,84,9015849.0,28633,88729.56904732344,0.057975063737645376,0.43879439807215453,0.5032305381902001,394039.08167477045,7167191.0,2015,36048.16895946103,0.11166253101736973,0.45558312655086847,0.4327543424317618,325893.8541743239,7167191.0,3564,60098.24375424226,0.12429854096520764,0.4450056116722783,0.43069584736251404,355426.24615693814
H6,85,9198523.0,28633,89857.04758852482,0.05794013900045402,0.4385848496490064,0.503509936087731,400168.14888399513,7283954.0,2015,36663.73277713382,0.11215880893300248,0.45558312655086847,0.4327543424317618,331746.24836995493,7283954.0,3564,61100.638649593835,0.12457912457912458,0.4450056116722783,0.43069584736251404,361494.70544713427
H6,86,9375323.0,28633,90969.36726349335,0.05755596689134914,0.4387245485977718,0.503719484510879,405886.25668081996,7396814.0,2015,37329.86903182686,0.11166253101736973,0.45607940446650125,0.432258064516129,337540.53814151435,7396814.0,3564,62154.34072168597,0.12429854096520764,0.4452861952861953,0.43041526374859707,367489.40498606465
H6,87,9550258.0,28633,92023.12391665878,0.05748611741696644,0.4384102259630496,0.5041036566199839,411159.26267462043,7507109.5,2015,38024.379038443236,0.11215880893300248,0.45607940446650125,0.4317617866004963,343310.163779136,7507109.5,3564,63238.10532530096,0.12457912457912458,0.4450056116722783,0.43041526374859707,373437.97230368544
H6,88,9715833.0,28633,93012.8045048047,0.05727656899381832,0.4380609785911361,0.5046624524150456,416624.87962921953,7609769.0,2015,38709.980064301744,0.11166253101736973,0.45508684863523574,0.43325062034739453,348832.0289109131,7609769.0,3564,64318.960469016725,0.12429854096520764,0.4447250280583614,0.43097643097643096,379203.07481729786
H6,89,9868369.0,28633,94057.47471731683,0.057206719519435616,0.43774665595641393,0.5050466245241505,422203.81544995814,7703685.5,2015,39396.51907641321,0.11166253101736973,0.45508684863523574,0.43325062034739453,354018.7211242401,7703685.5,3564,65411.71241228012,0.12401795735129069,0.4450056116722783,0.43097643097643096,384734.3480802664
H6,90,10010595.0,28633,95074.1019342078,0.05710194530786156,0.4376069570076485,0.5052910976844899,427745.6071686427,7791937.0,2015,40063.299664657345,0.11166253101736973,0.45459057071960296,0.4337468982630273,358932.0405542139,7791937.0,3564,66486.25502919746,0.12401795735129069,0.4447250280583614,0.43125701459034793,390041.53814947716
H6,91,10142891.0,28633,96083.1645047062,0.057206719519435616,0.43722278489854366,0.5056054203192121,433258.26880429505,7887028.0,2015,40732.70872333626,0.11166253101736973,0.45459057071960296,0.4337468982630273,363627.06119753484,7887028.0,3564,67566.43760156627,0.12457912457912458,0.4444444444444444,0.43097643097643096,395179.8033275832
H6,92,10269765.0,28633,97055.33883576891,0.05717179478224426,0.4370481612125869,0.5058149687423602,438605.84644527436,7979670.5,2015,41398.951884417445,0.11215880893300248,0.45409429280397023,0.4337468982630273,368200.3414146646,7979670.5,3564,68641.00372439406,0.12485970819304153,0.44388327721661053,0.43125701459034793,400198.66685389244
H6,93,10394321.0,28633,98055.42829116932,0.057311493731009674,0.437362483847309,0.5053609471588726,443982.09538136487,8071664.0,2015,42132.82811013547,0.11265508684863523,0.45508684863523574,0.4327543424317618,372860.25076640444,8071664.0,3564,69807.34474070532,0.1251402918069585,0.4444444444444444,0.43069584736251404,405358.0775548024
H6,94,10515350.0,28633,99015.1846785297,0.05727656899381832,0.4371878601613523,0.5055355708448294,448759.37795333075,8162440.5,2015,42878.14065756599,0.11265508684863523,0.45508684863523574,0.432258064516129,377457.8944230727,8162440.5,3564,70978.95316533791,0.12485970819304153,0.4450056116722783,0.43013468013468015,410425.58710320404
H6,95,10623945.0,28633,99880.00122477788,0.05734641846820103,0.4370481612125869,0.5056054203192121,452560.2931634221,8248259.5,2015,43569.62471302872,0.11215880893300248,0.45508684863523574,0.4327543424317618,381671.8850077528,8248259.5,3564,72044.52732783974,0.12485970819304153,0.4447250280583614,0.43041526374859707,415029.2641345531
H6,96,10723079.0,28633,100624.10211130047,0.05741626794258373,0.4375371075332658,0.5050815492613419,456169.2910714252,8373319.5,2015,44166.576713851064,0.11215880893300248,0.45558312655086847,0.432258064516129,385748.7048254485,8373319.5,3564,72988.3599164719,0.12485970819304153,0.4450056116722783,0.43013468013468015,419702.62709026487
H6,97,10813081.0,28633,101288.58240412119,0.05741626794258373,0.4377815806936053,0.504802151363811,459640.46437492647,8439754.0,2015,44722.92199505439,0.11215880893300248,0.45607940446650125,0.4317617866004963,389083.93437399255,8439754.0,3564,73871.31093767002,0.12485970819304153,0.4450056116722783,0.43013468013468015,423465.5388179391
H6,98,10900073.0,28633,101882.1325795535,0.05752104215415779,0.43795620437956206,0.5045227534662802,463005.1337386802,8501525.0,2015,45211.47989317575,0.11265508684863523,0.45558312655086847,0.4317617866004963,392146.56202400406,8501525.0,3564,74662.82989286935,0.1251402918069585,0.4450056116722783,0.4298540965207632,426943.9241760743
H6,99,10978033.0,28633,102394.12955503674,0.05762581636573185,0.4379212796423707,0.5044878287290888,466169.54292795184,8553000.0,2015,45638.108942932464,0.11265508684863523,0.456575682382134,0.4307692307692308,394792.5983703513,8553000.0,3564,75353.82396853023,0.1251402918069585,0.4458473625140292,0.42901234567901236,429981.43256556557
H6,100,11054750.0,28633,102843.08034721127,0.0577305905773059,0.4382705270142842,0.5040687318827926,468979.1839982912,8601471.0,2015,45998.32038944182,0.11265508684863523,0.45707196029776676,0.4307692307692308,397236.5975766532,8601471.0,3564,75948.1915918399,0.1251402918069585,0.4458473625140292,0.4292929292929293,432767.43731339235
H6,101,11111206.0,28633,103170.93217244468,0.05787028952607132,0.43830545175147556,0.5038941081968358,471034.0718064957,8639021.0,2015,46283.65835083693,0.11265508684863523,0.45707196029776676,0.4307692307692308,399106.0341715834,8639021.0,3564,76403.74730554427,0.1251402918069585,0.44612794612794615,0.42901234567901236,434869.03104345425
H6,102,11156374.0,28633,103406.28256048534,0.0577305905773059,0.4387245485977718,0.5035797855621137,472447.87227198033,8668969.0,2015,46496.06369182817,0.11166253101736973,0.4575682382133995,0.4312655086848635,400578.77076937776,8668969.0,3564,76742.77614379313,0.12457912457912458,0.44668911335578004,0.42901234567901236,436493.1624212725
H6,103,11181738.0,28633,103503.09925560524,0.05790521426326267,0.43914364544406803,0.5029860650298607,472926.9548805977,8687195.0,2015,46619.55490709415,0.11315136476426799,0.45707196029776676,0.430272952853598,401443.4673146943,8687195.0,3564,76926.77077540244,0.12542087542087543,0.44612794612794615,0.4287317620650954,437400.82778660674
H6,104,11196211.0,28633,103465.26381219391,0.058079837949219434,0.43903887123249397,0.5029511402926693,473180.45997211355,8697070.0,2015,46675.39216422042,0.11364764267990074,0.45707196029776676,0.4297766749379653,401901.8313551646,8697070.0,3564,77012.53675709321,0.12570145903479238,0.44612794612794615,0.42845117845117847,437879.09930866153
H6,105,11199241.0,28633,103347.86359007303,0.0583243111095589,0.4391087207068767,0.5026018929207557,473344.1100986926,8699346.0,2015,46689.857876238944,0.11364764267990074,0.45707196029776676,0.4292803970223325,402014.6465603095,8699346.0,3564,77039.19232695104,0.12626262626262627,0.44640852974186307,0.4273288439955107,438025.77913999296
H6,106,11199901.0,28633,103175.878479555,0.058289386372367545,0.4393881186044075,0.5023574197604163,473502.17904243356,8698948.0,2015,46668.77330514403,0.11364764267990074,0.45707196029776676,0.4297766749379653,401983.2085974066,8698948.0,3564,77024.2955284911,0.12626262626262627,0.44640852974186307,0.4276094276094276,438029.52643041784
H6,107,11194784.0,28633,102975.50293734478,0.05853385953270702,0.43963259176474695,0.5018684734397374,473639.31173993147,8695063.0,2015,46633.94129838629,0.11315136476426799,0.45707196029776676,0.430272952853598,401794.6251589394,8695063.0,3564,76987.76499684453,0.12598204264870932,0.44668911335578004,0.4276094276094276,437885.9319986344
H6,108,11190251.0,28633,102783.06631266158,0.05860370900708972,0.4396675165019383,0.501833548702546,473434.7761152842,8690876.0,2015,46584.88331970549,0.11315136476426799,0.456575682382134,0.4307692307692308,401572.5627138882,8690876.0,3564,76920.67306268385,0.12598204264870932,0.44640852974186307,0.4278900112233446,437658.46507372364
H6,109,11173794.0,28633,102507.75660514901,0.05881325743023784,0.4393182691300248,0.5019033981769288,472404.3175338911,8679800.0,2015,46482.66676226665,0.11265508684863523,0.456575682382134,0.4307692307692308,400986.9947577084,8679800.0,3564,76749.68630004046,0.12598204264870932,0.44640852974186307,0.4276094276094276,436965.80706752004
H6,110,11149894.0,28633,102127.68185099585,0.05881325743023784,0.43952781755317294,0.5016938497537806,471228.87225503114,8662870.0,2015,46319.71330912306,0.11265508684863523,0.456575682382134,0.4307692307692308,400081.32766410045,8662870.0,3564,76496.24643274481,0.12598204264870932,0.44640852974186307,0.4276094276094276,435939.2584335717
H6,111,11114893.0,28633,101674.1929896892,0.05926727901372542,0.43945796807879023,0.5012747529074844,469975.8011051447,8639364.0,2015,46125.88004679567,0.11265508684863523,0.456575682382134,0.4307692307692308,398874.1448779505,8639364.0,3564,76194.20556514579,0.12654320987654322,0.44640852974186307,0.4270482603815937,434620.2823067891
H6,112,11076615.0,28633,101206.04213740602,0.059337128488108126,0.43945796807879023,0.501239828170293,468408.3407654284,8613495.0,2015,45909.62857751941,0.11265508684863523,0.45558312655086847,0.4317617866004963,397550.9486857475,8613495.0,3564,75869.82945804641,0.12654320987654322,0.44556677890011226,0.4278900112233446,433152.67256510165
H6,113,11023534.0,28633,100648.64364287691,0.059546676911256244,0.43970244123912966,0.5007858065868054,466126.04711629933,8579982.0,2015,45629.23478209858,0.11265508684863523,0.456575682382134,0.4307692307692308,395790.92596650857,8579982.0,3564,75413.2103298946,0.12682379349046016,0.44612794612794615,0.4270482603815937,431149.08388418425
H6,114,10962282.0,28633,99990.00418494562,0.05958160164844759,0.43970244123912966,0.500750881849614,463741.25991647044,8540968.0,2015,45289.549331300375,0.11265508684863523,0.456575682382134,0.4307692307692308,393731.1544292009,8540968.0,3564,74876.57471720336,0.12682379349046016,0.4458473625140292,0.4273288439955107,428834.2731788841
H6,115,10894196.0,28633,99280.52724678976,0.06000069849474383,0.43987706492508644,0.5001571613173611,461467.7477857614,8496236.0,2015,44906.5856748228,0.11315136476426799,0.4575682382133995,0.4297766749379653,391406.56658998574,8496236.0,3564,74285.54413895903,0.1271043771043771,0.44696969696969696,0.42620650953984285,426270.71666311246
H6,116,10834004.0,28633,98590.50501603137,0.06017532218070059,0.43963259176474695,0.5002619355289352,459214.29373652226,8452628.0,2015,44519.46696438192,0.11364764267990074,0.4575682382133995,0.4297766749379653,389172.180245663,8452628.0,3564,73682.57560101057,0.12738496071829405,0.44612794612794615,0.4270482603815937,423782.20374834817
H6,117,10768405.0,28633,97859.53671408781,0.060489644815422766,0.4392484196556421,0.5002619355289352,456645.7771930757,8405709.0,2015,44074.409615611665,0.11315136476426799,0.45558312655086847,0.4312655086848635,386718.4800024084,8405709.0,3564,72993.88232467251,0.1271043771043771,0.4452861952861953,0.4276094276094276,421025.4918327446
H6,118,10704270.0,28633,97120.59353579013,0.060524569552614114,0.43956274229036424,0.4999126881570216,453975.9128501834,8358179.5,2015,43621.54135948297,0.11315136476426799,0.456575682382134,0.430272952853598,384249.16491321445,8358179.5,3564,72291.4048397991,0.1271043771043771,0.44556677890011226,0.4273288439955107,418233.7630848894
H6,119,10634834.0,28633,96344.36752118763,0.06083889218733629,0.43928334439283345,0.4999126881570216,450961.6320855583,8268022.5,2015,43184.48302832803,0.1141439205955335,0.45806451612903226,0.428287841191067,381371.0500070201,8268022.5,3564,71585.05702624083,0.12794612794612795,0.4458473625140292,0.4264870931537598,414855.9595594035
H7,0,1658274.875,28633,1156.1361022673934,0.24831488143051725,0.4044633814130549,0.3476408340027241,28933.858570750646,4.277596950531006,2015,0.13524427093086838,0.22630272952853597,0.39503722084367243,0.37965260545905705,0.3815841124301513,13.928923606872559,3564,0.1689510947307487,0.26907968574635244,0.3787878787878788,0.35269360269360267,0.5964871923375764
H7,1,2998457.25,28633,4602.799456625642,0.23053819020011873,0.4134390388712325,0.3561275451402228,77861.55420866482,15.248501777648926,2015,0.8382626843404272,0.2119106699751861,0.40198511166253104,0.38610421836228287,1.8030216859165695,52.95563507080078,3564,0.9898988908318789,0.25224466891133557,0.3866442199775533,0.3613916947250281,2.6158740801611433
H7,2,2335786.75,28633,4137.957687487596,0.20748786365382602,0.4251039010931443,0.36747808472741245,65112.587398101714,56.99114227294922,2015,3.3714340095944983,0.19950372208436726,0.40694789081885857,0.3935483870967742,7.2302725229145866,158.06166076660156,3564,3.8076221652114413,0.2362514029180696,0.3930976430976431,0.3706509539842873,9.126784385778734
H7,3,1997720.25,28633,3892.192145908224,0.19865190514441378,0.4309014074669088,0.3704466873886774,56089.56511612795,214.77883911132812,2015,6.944779608940029,0.19404466501240694,0.41240694789081883,0.3935483870967742,16.478790264327657,464.71026611328125,3564,7.7451760683882895,0.23176206509539843,0.3953423120089787,0.3728956228956229,21.30548306635262
H7,4,1936340.75,28633,4584.278526153722,0.1864631718646317,0.4377815806936053,0.375755247441763,55924.21221477735,313.6544189453125,2015,11.129942131641972,0.1890818858560794,0.4143920595533499,0.3965260545905707,25.785015031676963,888.396240234375,3564,12.663995475765793,0.2250280583613917,0.3947811447811448,0.38019079685746354,36.813742729037436
H7,5,1966534.625,28633,6401.740844863576,0.17923375126602173,0.4425313449516292,0.37823490378234903,66801.53877233027,350.1339416503906,2015,14.505666116124884,0.18759305210918115,0.4148883374689826,0.3975186104218362,33.548386810015295,1369.4554443359375,3564,16.75784943761984,0.22166105499438832,0.39702581369248036,0.3813131313131313,51.8729043539868
H7,6,1859389.0,28633,6089.207263043764,0.17095658855167115,0.4472112597352705,0.38183215171305834,60285.902799817995,399.9147033691406,2015,18.639590321411088,0.18411910669975187,0.4163771712158809,0.39950372208436724,42.376370127547546,1977.3543701171875,3564,21.796583112761695,0.21773288439955107,0.3992704826038159,0.382996632996633,69.39141168490943
H7,7,1752781.875,28633,6347.893840145718,0.16578772744735096,0.4489225718576468,0.38532462543219365,58465.756956039084,958.2244873046875,2015,22.585469808368643,0.1826302729528536,0.4163771712158809,0.40099255583126553,55.77491270241645,2442.385986328125,3564,26.449267906130636,0.21604938271604937,0.3998316498316498,0.3841189674523008,86.98550730508163
H7,8,1733001.875,28633,8007.73525969708,0.15754548947019173,0.4544756050710718,0.38804875493311913,70010.49920242857,1461.6712646484375,2015,27.39799326822819,0.17866004962779156,0.41985111662531016,0.40148883374689825,70.87711529051441,2802.91455078125,3564,32.20039229925722,0.2107182940516274,0.40235690235690236,0.38692480359147025,105.62939328981234
H7,9,2221071.0,28633,9903.700754301344,0.1522020046799148,0.459539691963818,0.38825830335626726,81174.71445264046,2518.16259765625,2015,31.707613595246706,0.17866004962779156,0.42133995037220845,0.4,93.8970653868258,3117.67626953125,3564,37.790662737830836,0.20987654320987653,0.404320987654321,0.38580246913580246,131.52797025899756
H7,10,2643203.5,28633,11971.935803872368,0.14490273460692207,0.464394230433416,0.3907030349596619,92185.2421193104,3815.538818359375,2015,37.23643955936605,0.1771712158808933,0.42233250620347396,0.40049627791563275,122.98448366127383,3815.538818359375,3564,45.445664403281704,0.20622895622895623,0.4060044893378227,0.3877665544332211,172.4979455823636
H7,11,2991549.25,28633,13794.794520452531,0.141130862990256,0.4683058009988475,0.39056333601089654,99761.99581376824,4662.9443359375,2015,41.12840611643918,0.17468982630272953,0.4248138957816377,0.40049627791563275,144.77481854136266,233215.5,3564,181.24347915007962,0.2037037037037037,0.4090909090909091,0.3872053872053872,5482.516073232104
H7,12,3241519.5,28633,15836.425020984832,0.13638109873223203,0.47211259735270494,0.3915412286522544,105167.4673454243,5315.82958984375,2015,46.33147053297879,0.17270471464019851,0.4258064516129032,0.40198511166253104,163.04558138041986,411267.09375,3564,288.4996076278014,0.20202020202020202,0.4102132435465769,0.38804713804713803,9727.74141745068
H7,13,3340539.75,28633,17733.69609021722,0.13299339922467082,0.4730555652568714,0.39402088499284044,108805.19875117438,5749.2265625,2015,52.476397854047974,0.171712158808933,0.4277915632754342,0.40099255583126553,184.3831853415276,408511.75,3564,294.6026613836538,0.20089786756453423,0.4121773288439955,0.3872053872053872,9602.76501609844
H7,14,3379843.75,28633,18460.02808417257,0.12901197918485663,0.4731603394684455,0.3978975308210806,109453.98454130253,18897.333984375,2015,81.19709868995365,0.16823821339950373,0.4272952853598015,0.4044665012406948,600.4754707908742,461241.0,3564,359.19619694012664,0.19837261503928172,0.41245791245791247,0.3894500561167228,10783.007124860236
H7,15,3462061.5,28633,18226.082205496106,0.12583382810044355,0.47186812419236546,0.40236789718157373,109853.6447522623,42441.8515625,2015,127.06198158076867,0.16774193548387098,0.4272952853598015,0.40496277915632756,1376.8363997302984,536241.0625,3564,442.84457378550974,0.19696969696969696,0.4127384960718294,0.39057239057239057,12487.298466051889
H7,16,3547779.5,28633,19081.145085480704,0.12241120385569099,0.47357943631474175,0.4041141340411413,112608.85808178544,317477.75,2015,1055.2948465773632,0.16674937965260547,0.428287841191067,0.40496277915632756,16105.147674753576,701416.4375,3564,1270.7768717432284,0.19528619528619529,0.4132996632996633,0.39169472502805835,21169.59314997339
H7,17,3593252.25,28633,20596.66980185168,0.11909335382251249,0.47696713582230293,0.40393951035518455,116917.14860967318,671964.1875,2015,2252.020047251188,0.16674937965260547,0.430272952853598,0.40297766749379654,35071.74493270246,766453.3125,3564,2992.370944715952,0.19332210998877666,0.4161054994388328,0.39057239057239057,37822.464355099815
H7,18,3627649.75,28633,21794.143107767857,0.11657877274473509,0.4796912653232284,0.4037299619320365,120062.92182612294,772332.0625,2015,2564.66806363521,0.16526054590570718,0.428287841191067,0.4064516129032258,39869.37484162134,772332.0625,3564,4144.682292773607,0.1919191919191919,0.41442199775533106,0.393658810325477,48423.05048035354
H7,19,3670405.5,28633,25168.620450146576,0.11469283693640206,0.4827297174588761,0.4025774456047218,139141.8449821058,1740142.375,2015,5839.106881643257,0.16377171215880892,0.4277915632754342,0.4084367245657568,85524.78453965737,1740142.375,3564,7292.474805017458,0.1893939393939394,0.41470258136924804,0.39590347923681257,81917.39236567574
H7,20,3713861.5,28633,24885.468765458434,0.1120036321726679,0.48625711591520276,0.40187895086089476,130620.24230149131,1415439.875,2015,5981.466324010439,0.16327543424317617,0.4287841191066998,0.4079404466501241,68376.79117453929,1415439.875,3564,7983.924902205567,0.18686868686868688,0.4161054994388328,0.39730639730639733,68534.05474871743
H7,21,3775157.5,28633,25723.847608675944,0.11039709426186568,0.4882129011979185,0.40139000454021584,130768.41009327961,1294330.125,2015,7605.408330997619,0.1598014888337469,0.4297766749379653,0.4104218362282878,70096.57728390436,1294330.125,3564,10573.291523512871,0.1835016835016835,0.4186307519640853,0.3978675645342312,77426.10851086826
H7,22,3859225.25,28633,27597.520169349995,0.10805713687004505,0.49079733175007856,0.4011804561170677,137380.92850166312,1480042.125,2015,9421.23636709989,0.15533498759305212,0.43325062034739453,0.4114143920595533,82501.15991717392,1480042.125,3564,13012.251242182112,0.17985409652076317,0.42312008978675647,0.39702581369248036,92525.11207142114
H7,23,3877483.0,28633,27728.421256159007,0.10638074948486012,0.4912164285963748,0.40243774665595644,133019.44549499784,1240195.625,2015,7235.542230785067,0.1533498759305211,0.4347394540942928,0.4119106699751861,64174.62906745013,1240195.625,3564,10641.56526390425,0.17732884399551066,0.4225589225589226,0.4001122334455668,72412.9233266796
H7,24,3877120.0,28633,28367.017319990784,0.1040407920930395,0.4914609017567143,0.4045332308874376,130851.69564351994,988843.25,2015,6750.120596674169,0.1523573200992556,0.4337468982630273,0.4138957816377171,53354.75705087719,988843.25,3564,10767.827604072158,0.17480359147025815,0.4214365881032548,0.40404040404040403,65257.68825625224
H7,25,3936100.75,28633,29891.768952561975,0.10177068417560158,0.4918101491286278,0.4064191666957706,135501.27350259648,1091440.75,2015,8094.941309804782,0.1513647642679901,0.4337468982630273,0.4148883374689826,60619.50684995372,1091440.75,3564,13031.876608225444,0.1722783389450056,0.42059483726150393,0.40712682379349047,74811.41453635565
H7,26,3964855.0,28633,30500.56581448123,0.09960535046973772,0.4926134180840289,0.4078161561834247,139172.48402484882,1209652.125,2015,9893.23936232187,0.1498759305210918,0.4347394540942928,0.4153846153846154,70002.83492638622,1209652.125,3564,16027.235298372569,0.17031425364758698,0.4211560044893378,0.40852974186307517,87816.2752956755
H7,27,3814532.75,28633,30625.441798163305,0.09796388782174414,0.4935214612510041,0.4085495756644431,139380.43165928818,1290663.75,2015,11229.320567589388,0.1498759305210918,0.43622828784119105,0.4138957816377171,76492.56923085278,1290663.75,3564,18280.2719145908,0.1697530864197531,0.42312008978675647,0.40712682379349047,97678.78566856463
H7,28,3569267.0,28633,31055.10192392588,0.09551915621834946,0.4933468375650473,0.41113400621660323,138865.50255103895,1329967.625,2015,12097.952988292998,0.1488833746898263,0.43771712158808934,0.4133995037220844,79952.7724242075,1329967.625,3564,19799.427774229225,0.1675084175084175,0.42480359147025815,0.40768799102132436,103811.18030854844
H7,29,3411339.0,28633,31775.267614628843,0.094087241993504,0.49142597701952295,0.41448678098697306,140766.8539298223,1350655.375,2015,12635.088969113425,0.1488833746898263,0.43771712158808934,0.4133995037220844,82539.09093739401,1353690.125,3564,20776.00672703479,0.16722783389450055,0.42508417508417506,0.40768799102132436,107915.13500431158
H7,30,3250979.5,28633,31653.142659167508,0.09164251039010932,0.48922571857646774,0.419131771033423,139254.12193185903,1364397.375,2015,12970.157730443103,0.14491315136476426,0.4401985111662531,0.4148883374689826,84083.04884008405,1388506.625,3564,21044.76264201857,0.1638608305274972,0.4276094276094276,0.40852974186307517,108891.40768014501
H7,31,2944357.75,28633,31047.951682830255,0.09007089721649844,0.4857681695945238,0.42416093318897774,134411.66670040428,1382073.25,2015,13556.415258652642,0.14491315136476426,0.4426799007444169,0.41240694789081883,85832.17879046722,1416308.125,3564,21446.28424714024,0.1638608305274972,0.4281705948372615,0.4079685746352413,109608.97168792393
H7,32,2714273.25,28633,30923.094201565098,0.08828973561973946,0.485488771696993,0.42622149268326753,131628.63554678345,1399413.375,2015,14241.92458744939,0.1424317617866005,0.4456575682382134,0.4119106699751861,88247.11113281845,1438947.375,3564,22086.22698737268,0.16189674523007858,0.43041526374859707,0.40768799102132436,111480.8512271856
H7,33,2695820.75,28633,31364.642385780433,0.08720706876680753,0.4838473090489994,0.4289456221841931,131736.96543588556,1416340.75,2015,14826.727253772258,0.14193548387096774,0.4456575682382134,0.41240694789081883,91112.83338229392,1458714.625,3564,22743.910958314416,0.16161616161616163,0.43069584736251404,0.40768799102132436,114010.45743483675
H7,34,2735902.5,28633,31827.90909734684,0.08605455243949289,0.4824852442985367,0.4314951279991618,132303.32202517943,1431890.25,2015,15262.359036562071,0.14044665012406948,0.44516129032258067,0.4143920595533499,93672.9788210543,1476927.25,3564,23214.64846294569,0.15965207631874298,0.43125701459034793,0.40937149270482603,116209.30031681761
H7,35,2736603.75,28633,32831.758296261636,0.08511158453532637,0.48021513638109875,0.43470820382076625,134704.8989799917,1446858.25,2015,15643.661088831763,0.14044665012406948,0.4446650124069479,0.4148883374689826,95949.47225496623,1493994.25,3564,23822.92568829071,0.15937149270482603,0.43069584736251404,0.4099326599326599,118745.2589209305
H7,36,2629409.25,28633,33774.03285414995,0.08392414347082038,0.47770055530332134,0.43837530122585827,136942.56847940807,1460493.0,2015,16012.543869946858,0.13945409429280398,0.4456575682382134,0.4148883374689826,98205.85388254898,1509914.25,3564,24442.982212444356,0.15824915824915825,0.43153759820426485,0.4102132435465769,121347.01061149953
H7,37,2442206.5,28633,34636.137284056065,0.08312087451541927,0.4773163831942165,0.4395976670275556,139289.2069488877,1474111.5,2015,16385.938056068695,0.13796526054590572,0.4466501240694789,0.4153846153846154,100580.20857595024,1525184.625,3564,25140.71218995806,0.1574074074074074,0.43097643097643096,0.4116161616161616,124249.38725486664
H7,38,2376069.5,28633,35842.60983756892,0.08224775608563546,0.47867844794467923,0.4391087207068767,143493.3933051399,1486734.625,2015,16816.26420876834,0.13796526054590572,0.4476426799007444,0.4148883374689826,103279.489304246,1539766.875,3564,25961.09291133235,0.15712682379349047,0.4323793490460157,0.4107744107744108,127664.47644750703
H7,39,2442796.5,28633,37034.164937170084,0.08130478818146894,0.47811965214961755,0.4405755596689135,147642.95551440775,1499243.0,2015,17199.001771608844,0.13746898263027296,0.4476426799007444,0.4148883374689826,105851.23953112928,1553940.375,3564,26532.382390883467,0.15628507295173963,0.4329405162738496,0.4107744107744108,130231.79596619375
H7,40,2486560.0,28633,38204.49026007153,0.0801522718541543,0.4775957810917473,0.4422868717912898,151478.70327935167,1510615.0,2015,17595.413605033977,0.13647642679900746,0.4491315136476427,0.4148883374689826,108827.71444815738,1567442.125,3564,27155.932423406553,0.15516273849607182,0.4337822671156005,0.4113355780022447,133243.6333051784
H7,41,2509347.0,28633,39457.43243019518,0.07952362658470995,0.47612894212971046,0.44438235602277093,155937.61673797414,1520881.5,2015,17963.27933135436,0.1359801488833747,0.4491315136476427,0.4148883374689826,111629.8576730867,1579628.75,3564,27841.592064145494,0.15460157126823793,0.4340628507295174,0.4113355780022447,136538.70453441382
H7,42,2495929.25,28633,40873.2890688856,0.07847588446896937,0.4789927705794014,0.4425313449516292,161429.73882901788,1530368.5,2015,18352.82630493097,0.13548387096774195,0.4491315136476427,0.4153846153846154,114703.93747283744,1590988.5,3564,28671.943662997644,0.15347923681257014,0.43434343434343436,0.4121773288439955,140545.88098141368
H7,43,2446823.5,28633,42330.11216265839,0.07798693814829043,0.4800055879579506,0.44200747389375894,167434.91882985478,1631849.25,2015,18738.58307694542,0.1349875930521092,0.4496277915632754,0.4153846153846154,117872.51716014963,1631849.25,3564,29572.475999686976,0.1531986531986532,0.4340628507295174,0.4127384960718294,144988.19294485362
H7,44,2572513.5,28633,44463.77568899653,0.0769042712953585,0.48014528690671604,0.4429504417979255,177306.70961696524,1722610.5,2015,19122.577686287903,0.13399503722084366,0.4471464019851117,0.41885856079404465,120906.3100778093,1722610.5,3564,30682.920296479857,0.15179573512906847,0.43265993265993263,0.4155443322109989,150458.78153528535
H7,45,2756176.75,28633,45786.63820640556,0.07620577655153145,0.4783292005727657,0.44553487235008554,183574.07000683204,1820484.0,2015,19476.047539288487,0.13399503722084366,0.4501240694789082,0.41588089330024813,123945.6758512418,1820484.0,3564,31368.190848366183,0.15123456790123457,0.4340628507295174,0.4152637485970819,154053.99096459808
H7,46,2623695.25,28633,44700.92239319594,0.07526280864736493,0.4805993084902036,0.4441728075996228,177321.28646941856,1975302.25,2015,19910.871319253907,0.13300248138957815,0.45161290322580644,0.4153846153846154,128315.2049340621,1975302.25,3564,31078.591923717715,0.14814814814814814,0.43602693602693604,0.4158249158249158,153853.85642228634
H7,47,2698353.25,28633,45629.90627437732,0.07480878706387735,0.4795166416372717,0.4457094960360423,180997.71280984962,2116823.0,2015,20361.99769769237,0.13300248138957815,0.45062034739454093,0.4163771712158809,132682.44979641476,2116823.0,3564,31653.91495068965,0.1473063973063973,0.43658810325476993,0.4161054994388328,157534.47209806007
H7,48,2783171.0,28633,48579.12067789093,0.07404044284566759,0.47120455418572976,0.454789927705794,191150.65988483265,2251958.25,2015,20817.77640243395,0.1315136476426799,0.4521091811414392,0.41687344913151364,137058.35243447355,2251958.25,3564,32473.54476356361,0.14506172839506173,0.4391133557800225,0.4161054994388328,162167.13710539468
H7,49,2871728.5,28633,48357.151306121945,0.07337687283903188,0.4773163831942165,0.449341668703943,195387.89633759498,2397303.25,2015,21313.895505217348,0.13052109181141439,0.45260545905707195,0.41687344913151364,141896.8207769438,2397303.25,3564,33317.23887364826,0.14393939393939395,0.4391133557800225,0.4169472502805836,167132.64492131583
H7,50,2963338.25,28633,50345.01193910427,0.07264345335801348,0.47089023155100757,0.4565012398281703,203958.00602317805,2556403.25,2015,21827.858415301504,0.13002481389578163,0.45359801488833745,0.4163771712158809,147146.49999677888,2556403.25,3564,34228.516293777444,0.14337822671156006,0.4393939393939394,0.4172278338945006,172597.14515158234
H7,51,3205283.0,28633,51821.15316617274,0.07211958230014319,0.4691789194286313,0.45877134774560824,212876.20271111833,2761808.25,2015,22456.357304697194,0.12952853598014888,0.45409429280397023,0.41687344913151364,154010.08493874245,2761808.25,3564,35324.66527757955,0.14309764309764308,0.4399551066217733,0.4172278338945006,179599.46458145845
H7,52,3384676.75,28633,53299.53217560544,0.07107184018440262,0.4665246394020885,0.46243844515070026,219564.08501281083,2916004.0,2015,22953.60883888699,0.12853598014888337,0.45459057071960296,0.41687344913151364,159403.08488776386,2916004.0,3564,36174.78302628169,0.1425364758698092,0.4405162738496072,0.4172278338945006,184986.276767971
H7,53,3573992.25,28633,54734.1346955153,0.0708622917612545,0.4646037788565641,0.4645339293821814,226243.81624595218,3071429.75,2015,23456.120191953283,0.12853598014888337,0.45459057071960296,0.41687344913151364,164910.7708920136,3071429.75,3564,37041.1356235438,0.1419753086419753,0.44107744107744107,0.4169472502805836,190542.02686560116
H7,54,3763352.25,28633,56166.121042752115,0.07037334544057557,0.4616002514581078,0.46802640310131666,232831.93452829457,3231462.25,2015,23971.349637776708,0.1270471464019851,0.45558312655086847,0.4173697270471464,170640.26105902527,3231462.25,3564,37919.25747732958,0.14029180695847362,0.44219977553310885,0.4175084175084175,196265.41680586434
H7,55,3951392.5,28633,57575.214424765436,0.07016379701742745,0.45866657353403417,0.4711696294485384,239304.19820028954,3387143.75,2015,24474.42189583441,0.1270471464019851,0.45508684863523574,0.41786600496277915,176320.0494044939,3387143.75,3564,38779.802673050566,0.14029180695847362,0.44163860830527496,0.4180695847362514,201971.01629624728
H7,56,4093039.25,28633,58892.99024059358,0.06963992595955716,0.4572346593091887,0.4731603394684455,244158.67982390334,3494918.5,2015,24845.373322889925,0.12655086848635236,0.45707196029776676,0.41687344913151364,180335.30116631463,3494918.5,3564,39416.831848196074,0.13973063973063973,0.4436026936026936,0.4169472502805836,206009.94213676572
H7,57,4341371.5,28633,61093.39270988921,0.06936052806202633,0.4569552614116579,0.47368421052631576,253926.15926654864,3689915.75,2015,25439.45736385099,0.1260545905707196,0.4575682382133995,0.4163771712158809,187464.15056848407,3689915.75,3564,40464.98194681762,0.1394500561167228,0.4441638608305275,0.4163860830527497,213249.17003395766
H7,58,4480539.5,28633,62039.48105820673,0.06852233436943388,0.4545803792826459,0.4768972863479202,257173.19106436937,3771677.5,2015,25703.998676994244,0.12406947890818859,0.4511166253101737,0.4248138957816377,190504.24152072164,3771677.5,3564,40954.9348952776,0.1377665544332211,0.44163860830527496,0.42059483726150393,216375.59240303945
H7,59,4634002.5,28633,62736.04525215304,0.06841756015785981,0.4517864003073377,0.47983096427199384,261568.7775876885,3929092.75,2015,26113.55683721323,0.12406947890818859,0.4575682382133995,0.41885856079404465,196368.64311968334,3929092.75,3564,41646.388737456866,0.1377665544332211,0.4458473625140292,0.4166666666666667,221917.03207141944
H7,60,4829321.5,28633,63929.90878596963,0.06771906541403276,0.4500750881849614,0.48220584640100583,267851.21243803663,4083272.5,2015,26546.297504413094,0.12208436724565756,0.4575682382133995,0.42034739454094294,202483.155881112,4083272.5,3564,42409.930752820525,0.1360830527497194,0.44640852974186307,0.4175084175084175,227911.82844597186
H7,61,5053125.5,28633,65527.432160690754,0.06736981804211924,0.4516117766213809,0.48101840533649987,275596.800675408,4236331.5,2015,26975.38992861681,0.12208436724565756,0.45806451612903226,0.41985111662531016,208641.35293464013,4236331.5,3564,43207.515697467,0.1360830527497194,0.44556677890011226,0.41835016835016836,234089.7704993107
H7,62,5259791.0,28633,66848.91072131121,0.06677609750986624,0.45129745398665877,0.48196137324066635,282303.9957233239,4383307.5,2015,27397.765922305563,0.12109181141439206,0.45806451612903226,0.42084367245657567,214590.2848743874,4383307.5,3564,43966.27588956625,0.13468013468013468,0.4447250280583614,0.42059483726150393,239951.42826269777
H7,63,5441224.5,28633,67886.67645233675,0.06656654908671812,0.44944644291551705,0.48398700799776484,288153.3200132006,4526851.5,2015,27839.482690114597,0.12109181141439206,0.458560794044665,0.42034739454094294,220429.17318081105,4526851.5,3564,44703.91570349092,0.13468013468013468,0.4441638608305275,0.4211560044893378,245587.10015970338
H7,64,5614545.0,28633,68912.64778044309,0.06586805434289107,0.4482590018510111,0.48587294380609786,294113.55245740357,4670226.5,2015,28263.542469153956,0.12109181141439206,0.458560794044665,0.42034739454094294,226346.60961599243,4670226.5,3564,45411.15674801494,0.13411896745230079,0.4447250280583614,0.4211560044893378,251253.27081166394
H7,65,5797149.5,28633,69979.57668651402,0.06579820486850836,0.446373066042678,0.4878287290888136,300154.0314212096,4819171.0,2015,28667.619207125634,0.12109181141439206,0.458560794044665,0.42034739454094294,232540.19328215002,4819171.0,3564,46073.29710641133,0.13383838383838384,0.44556677890011226,0.42059483726150393,257003.10888908355
H7,66,5969073.0,28633,71050.1198782205,0.06509971012468131,0.44511577550378933,0.48978451437152937,306284.894020718,4962860.5,2015,29075.848993926273,0.1205955334987593,0.458560794044665,0.42084367245657567,238569.17587990334,4962860.5,3564,46755.25477088103,0.13327721661054995,0.4458473625140292,0.4208754208754209,262744.38258059125
H7,67,6136795.5,28633,72151.25546108314,0.06499493591310726,0.44361401180456117,0.4913910522823316,312400.63464199106,5100744.5,2015,29460.875536978398,0.1205955334987593,0.45806451612903226,0.42133995037220845,244294.2772455615,5100744.5,3564,47426.51312795765,0.13327721661054995,0.44612794612794615,0.42059483726150393,268278.6366002197
H7,68,6311707.5,28633,73336.2491410506,0.06461076380400238,0.4430901407466909,0.4922990954493067,318930.4342708428,5234469.5,2015,29835.506505291534,0.12009925558312655,0.45707196029776676,0.4228287841191067,249840.51457110854,5234469.5,3564,48096.66601964634,0.13271604938271606,0.4452861952861953,0.4219977553310887,273696.6514742814
H7,69,6498037.5,28633,74658.93021096541,0.06450598959242831,0.4447665281318758,0.49072748227569585,326229.63849010284,5371120.0,2015,30214.055824831743,0.12009925558312655,0.45806451612903226,0.4218362282878412,255506.34718197398,5371120.0,3564,48799.97014906151,0.13271604938271606,0.4452861952861953,0.4219977553310887,279328.6824675809
H7,70,6667447.0,28633,75734.40440334087,0.06426151643208886,0.4436489365417525,0.49208954702615865,332392.45602907543,5510520.0,2015,30590.57740838944,0.12009925558312655,0.45707196029776676,0.4228287841191067,261052.83001324197,5510520.0,3564,49494.04673048625,0.1324354657687991,0.4447250280583614,0.4228395061728395,284829.12897630635
H7,71,6809806.5,28633,76596.89713724972,0.0642265916948975,0.4413089791499319,0.4944644291551706,337236.2364126544,5649832.5,2015,30912.12432113202,0.12009925558312655,0.45607940446650125,0.4238213399503722,265712.8507425276,5649832.5,3564,50178.49586818838,0.1324354657687991,0.4444444444444444,0.42312008978675647,289833.32099050254
H7,72,6958846.0,28633,77554.4845330878,0.0636328711626445,0.44099465651520975,0.4954073970593371,342220.51363904163,5784438.0,2015,31086.79437398905,0.11910669975186104,0.45558312655086847,0.4253101736972705,267689.8881349189,5784438.0,3564,50976.973155283435,0.13131313131313133,0.4444444444444444,0.42424242424242425,294206.16500286275
H7,73,7135327.0,28633,78634.31638251846,0.06328362379073098,0.4408898823036357,0.4958963433800161,347833.6408553695,5918680.5,2015,31213.294164146944,0.1196029776674938,0.45359801488833745,0.4267990074441687,269261.0653642118,5918680.5,3564,51834.325527943656,0.13159371492704827,0.44332210998877664,0.42508417508417506,299398.9794523444
H7,74,7317800.0,28633,79619.10308249353,0.06268990325847798,0.44036601124576535,0.49694408549575664,352946.6168744914,6047463.5,2015,31588.060538686426,0.11910669975186104,0.45459057071960296,0.426302729528536,274616.8543386018,6047463.5,3564,52464.35772022493,0.13103254769921435,0.4441638608305275,0.42480359147025815,304564.19683390367
H7,75,7497903.5,28633,80539.56873018005,0.06241050536094716,0.4399119896622778,0.49767750497677504,357642.7582626221,6174308.5,2015,31963.64130598287,0.11861042183622829,0.45359801488833745,0.4277915632754342,280085.29836090223,6174308.5,3564,53066.63743446326,0.1307519640852974,0.44388327721661053,0.42536475869809204,309646.77047068166
H7,76,7681199.5,28633,81558.10466535352,0.061956483777459576,0.44001676387385186,0.4980267523486886,362837.58395073033,6302551.0,2015,32352.93665531798,0.11712158808933003,0.45607940446650125,0.4267990074441687,285601.4707859672,6302551.0,3564,53720.40080970592,0.12991021324354657,0.44556677890011226,0.4245230078563412,314962.14364400366
H7,77,7875483.0,28633,82746.29681781254,0.06185170956588552,0.43952781755317294,0.4986204728809416,368789.23777446087,6438681.5,2015,32773.15511952777,0.11662531017369727,0.45508684863523574,0.428287841191067,291433.90710366255,6438681.5,3564,54456.08559687053,0.12962962962962962,0.4450056116722783,0.42536475869809204,320771.53917486727
H7,78,8057797.5,28633,83848.65079455334,0.06122306429644117,0.43970244123912966,0.4991094192016205,374099.5339102804,6565744.0,2015,33238.34017593865,0.11662531017369727,0.45409429280397023,0.4297766749379653,296945.255813613,6565744.0,3564,55246.7077078787,0.12934904601571268,0.4444444444444444,0.4264870931537598,326306.5231912283
H7,79,8245266.0,28633,84863.16303391637,0.06111829008486711,0.43928334439283345,0.49959836552229947,378424.4956671696,6686662.5,2015,33822.218698613695,0.11612903225806452,0.45409429280397023,0.4297766749379653,302652.13017231884,6686662.5,3564,56211.52585542232,0.12878787878787878,0.4447250280583614,0.4264870931537598,332049.6762502779
H7,80,8440798.0,28633,85849.791776288,0.06066426850137953,0.4391087207068767,0.5002270107917438,383379.68862749357,6806554.5,2015,34347.10143138411,0.11612903225806452,0.45409429280397023,0.4297766749379653,308391.70674102195,6806554.5,3564,57194.96484396922,0.12850729517396184,0.4444444444444444,0.4270482603815937,337890.01312361617
H7,81,8630994.0,28633,86812.54020003162,0.06066426850137953,0.4387594733349632,0.5006111829008487,388061.51523136516,6922397.0,2015,34842.73783807738,0.11612903225806452,0.45459057071960296,0.4292803970223325,313955.2688966155,6922397.0,3564,58315.98353489449,0.12850729517396184,0.4441638608305275,0.4273288439955107,344018.1509337416
H7,82,8808184.0,28633,87744.41440166174,0.060210246917891945,0.4384102259630496,0.5014144518562498,392886.52955891006,7031521.5,2015,35327.14126953461,0.11612903225806452,0.45459057071960296,0.4297766749379653,319220.2688407426,7031521.5,3564,59141.8313188153,0.12794612794612795,0.4444444444444444,0.4278900112233446,349441.34068868385
H7,83,8974977.0,28633,88703.45425064323,0.060210246917891945,0.4385848496490064,0.501239828170293,397985.21070604393,7137291.0,2015,35824.16057890735,0.11612903225806452,0.45508684863523574,0.4292803970223325,324405.23130760144,7137291.0,3564,59960.26778274198,0.12794612794612795,0.4447250280583614,0.4276094276094276,354758.73388415395
H7,84,9132305.0,28633,89647.0621865211,0.05958160164844759,0.4385848496490064,0.5018684734397374,403067.2900140491,7238444.0,2015,36351.454254505516,0.11364764267990074,0.45607940446650125,0.4307692307692308,329470.42213732144,7238444.0,3564,60818.09174211139,0.12626262626262627,0.4452861952861953,0.4287317620650954,359998.3899482598
H7,85,9287432.0,28633,90612.67556501506,0.059337128488108126,0.4386546991233891,0.5020081723885028,408345.4358966644,7337540.5,2015,36909.523476380986,0.11315136476426799,0.45607940446650125,0.4307692307692308,334526.7085195464,7337540.5,3564,61715.604541786146,0.12598204264870932,0.4452861952861953,0.4287317620650954,365240.33112969826
H7,86,9439642.0,28633,91550.87374390644,0.05909265532776866,0.43809590332832743,0.5028463660810952,413211.8982788225,7434438.0,2015,37505.0946203111,0.11315136476426799,0.456575682382134,0.430272952853598,339562.43072683545,7434438.0,3564,62655.87816247097,0.12598204264870932,0.44556677890011226,0.42845117845117847,370461.54277222755
H7,87,9589820.0,28633,92408.88076318173,0.05884818216742919,0.437851430167988,0.5033353124017742,417501.83874767134,7528857.0,2015,38115.18458735823,0.11315136476426799,0.456575682382134,0.430272952853598,344542.0472719883,7528857.0,3564,63601.514071237085,0.12598204264870932,0.44556677890011226,0.42845117845117847,375576.9815003221
H7,88,9731199.0,28633,93241.961310258,0.058743407955855136,0.4379911291167534,0.5032654629273915,422257.38069621375,7616328.5,2015,38710.36390984447,0.11315136476426799,0.45558312655086847,0.4312655086848635,349280.22174328356,7616328.5,3564,64541.98740327506,0.12598204264870932,0.4452861952861953,0.4287317620650954,380536.54424705205
H7,89,9864118.0,28633,94175.43882714739,0.058778332693046484,0.4375371075332658,0.503719484510879,427574.085281216,7697893.0,2015,39314.01945279929,0.11315136476426799,0.45558312655086847,0.4312655086848635,353808.60170084727,7697893.0,3564,65516.51101267346,0.12570145903479238,0.4452861952861953,0.42901234567901236,385421.6042407957
H7,90,9991114.0,28633,95067.332632896,0.05870848321866378,0.43729263437292637,0.5040338071456012,432397.4619011922,7775284.0,2015,39910.764740862396,0.11315136476426799,0.45558312655086847,0.4312655086848635,358195.7301585597,7775284.0,3564,66475.91692207808,0.12598204264870932,0.4444444444444444,0.42957351290684626,390151.30476262
H7,91,10104982.0,28633,95843.2041136356,0.05902280585338595,0.4364544406803339,0.5045576782034715,436289.3326653903,7853319.0,2015,40478.568942983045,0.11513647642679901,0.45459057071960296,0.4307692307692308,362220.6327857181,7853319.0,3564,67369.62074637813,0.1271043771043771,0.44388327721661053,0.4292929292929293,394452.7189779593
H7,92,10207069.0,28633,96547.56865869196,0.05888310690462054,0.43634966646875983,0.504802151363811,440023.5012028705,7928228.0,2015,41005.71357261045,0.11513647642679901,0.45558312655086847,0.4292803970223325,365880.62138415844,7928228.0,3564,68203.70552330438,0.1271043771043771,0.4441638608305275,0.4287317620650954,398397.5844769946
H7,93,10302563.0,28633,97254.04828857862,0.059057730590577305,0.43624489225718577,0.5047672266266197,443910.1427596321,7998849.0,2015,41518.4735888936,0.11563275434243177,0.45508684863523574,0.4297766749379653,369353.17914174445,7998849.0,3564,69024.569890085,0.127665544332211,0.44388327721661053,0.4287317620650954,402199.32429109386
H7,94,10396068.0,28633,97933.1553149946,0.059162504802151364,0.43610519330842035,0.5047672266266197,447539.2117143193,8068048.0,2015,42057.6681092212,0.11612903225806452,0.45508684863523574,0.4292803970223325,372825.68730669696,8068048.0,3564,69877.42611045657,0.1282267115600449,0.44388327721661053,0.4281705948372615,406004.2727531769
H7,95,10479181.0,28633,98527.13517859508,0.05926727901372542,0.436070268571229,0.5047323018894283,450586.8548641621,8130691.5,2015,42568.576225968434,0.11612903225806452,0.45459057071960296,0.430272952853598,375974.7670675591,8130691.5,3564,70671.51882229662,0.1282267115600449,0.4436026936026936,0.4287317620650954,409447.37255553954
H7,96,10554446.0,28633,99044.52822123026,0.05919742953934272,0.43575594593650685,0.5050466245241505,453389.6600916074,8187983.0,2015,43031.204123341464,0.11513647642679901,0.45459057071960296,0.430272952853598,378838.4989415114,8187983.0,3564,71397.37704605125,0.127665544332211,0.44388327721661053,0.42845117845117847,412598.4509599297
H7,97,10620054.0,28633,99500.21074013051,0.059337128488108126,0.43586072014808086,0.504802151363811,455957.39695515414,8238634.5,2015,43449.339433195615,0.11513647642679901,0.45459057071960296,0.430272952853598,381372.49831962405,8238634.5,3564,72055.14172385569,0.127665544332211,0.4441638608305275,0.4281705948372615,415420.0238634717
H7,98,10680213.0,28633,99887.60243149742,0.059337128488108126,0.43610519330842035,0.5045926029406629,458169.2493016544,8308448.0,2015,43801.829045750026,0.11513647642679901,0.45459057071960296,0.430272952853598,383773.81341158325,8308448.0,3564,72620.84132270259,0.12738496071829405,0.4441638608305275,0.42845117845117847,418172.3170391862
H7,99,10728614.0,28633,100177.3629385103,0.0596514511228303,0.43593056962246357,0.5044878287290888,459795.54975576,8371483.5,2015,44092.995114203375,0.11513647642679901,0.45459057071960296,0.430272952853598,385770.28478120296,8371483.5,3564,73077.42500655889,0.12794612794612795,0.4441638608305275,0.4278900112233446,420465.25991430954
H7,100,10769414.0,28633,100379.16955785443,0.059721300597213006,0.4359654943596549,0.5043830545175148,461137.938283855,8401238.0,2015,44336.94689139561,0.11563275434243177,0.45459057071960296,0.4297766749379653,387259.7310424059,8401238.0,3564,73476.46954707203,0.1282267115600449,0.4441638608305275,0.4276094276094276,422133.6463583345
H7,101,10797966.0,28633,100489.57676264917,0.059930849020361124,0.43586072014808086,0.5042433555687493,462133.6872058798,8422444.0,2015,44505.13021574285,0.11563275434243177,0.45459057071960296,0.4297766749379653,388293.3647607213,8422444.0,3564,73746.08714576691,0.12878787878787878,0.4436026936026936,0.4276094276094276,423303.20633828733
H7,102,10821565.0,28633,100530.42157576582,0.05989592428316977,0.4359654943596549,0.5041735060943666,462953.02469677874,8438888.0,2015,44630.27894412407,0.11563275434243177,0.45359801488833745,0.4307692307692308,389102.94349535287,8438888.0,3564,73949.96643006925,0.12878787878787878,0.4430415263748597,0.4281705948372615,424222.4058383322
H7,103,10834906.0,28633,100501.88097867722,0.06003562323193518,0.43617504278280306,0.5038242587224531,463497.0387254128,8448650.0,2015,44702.94026261843,0.11612903225806452,0.45409429280397023,0.4297766749379653,389568.7363064098,8448650.0,3564,74069.93293860613,0.12906846240179573,0.44332210998877664,0.4276094276094276,424769.85141120065
H7,104,10844890.0,28633,100426.69668886189,0.06003562323193518,0.4363147417315685,0.503719484510879,463793.66935682914,8455129.0,2015,44738.44423612755,0.11612903225806452,0.45409429280397023,0.430272952853598,389869.508869516,8455129.0,3564,74135.47872217941,0.12878787878787878,0.4436026936026936,0.4278900112233446,425118.32927090744
H7,105,10843683.0,28633,100269.80072890154,0.06038487060384871,0.4365242901547166,0.5030908392414347,463601.74068629247,8454672.0,2015,44716.43705269963,0.11563275434243177,0.45459057071960296,0.4297766749379653,389803.48319644376,8454672.0,3564,74102.63191825848,0.12850729517396184,0.44388327721661053,0.4276094276094276,425041.65394745325
H7,106,10837475.0,28633,100050.85675157436,0.060419795341040056,0.43648936541752525,0.5030908392414347,463144.11316318874,8449795.0,2015,44649.02561295057,0.11563275434243177,0.45459057071960296,0.4297766749379653,389513.577435528,8449795.0,3564,74002.40609883565,0.12850729517396184,0.4436026936026936,0.4278900112233446,424706.45108138985
H7,107,10819254.0,28633,99746.28662541781,0.06069919323857088,0.43655921489190797,0.5027415918695212,462218.7935202691,8437362.0,2015,44519.403055314695,0.11612903225806452,0.45359801488833745,0.430272952853598,388824.8365825659,8437362.0,3564,73797.03376394873,0.12878787878787878,0.44332210998877664,0.4278900112233446,423916.0403175044
H7,108,10796665.0,28633,99378.26054278344,0.06083889218733629,0.4369433870010128,0.502217720811651,461179.8928899805,8420758.0,2015,44348.00697383461,0.11662531017369727,0.45409429280397023,0.4292803970223325,387926.89987597667,8420758.0,3564,73531.79723343362,0.12906846240179573,0.44388327721661053,0.4270482603815937,422898.4306274721
H7,109,10765839.0,28633,98953.12203716936,0.06111829008486711,0.4369783117382042,0.5019383229141201,459987.75436518574,8398685.0,2015,44136.34629094741,0.11712158808933003,0.45508684863523574,0.4277915632754342,386752.40660091315,8398685.0,3564,73202.07530919925,0.12962962962962962,0.4444444444444444,0.42592592592592593,421590.04637687956
H7,110,10733406.0,28633,98509.34530086369,0.06115321482205847,0.4370481612125869,0.501833548702546,458465.2142866327,8374532.5,2015,43894.92172238003,0.11712158808933003,0.45558312655086847,0.4272952853598015,385464.6389280044,8374532.5,3564,72825.31936421063,0.12962962962962962,0.4447250280583614,0.42564534231200896,420123.6746241879
H7,111,10689412.0,28633,97978.73542834455,0.06132783850801523,0.4367338385778647,0.5019732476513115,456231.2839621139,8343030.5,2015,43595.05231032039,0.11712158808933003,0.45459057071960296,0.428287841191067,383781.3323289102,8343030.5,3564,72334.74981242954,0.13019079685746351,0.44388327721661053,0.42592592592592593,418167.1860580442
H7,112,10640878.0,28633,97357.39550112178,0.06143261271958929,0.43683861278943875,0.5017986239653547,454019.7596652691,8261769.0,2015,43274.941643795886,0.11761786600496278,0.45409429280397023,0.4287841191066998,381595.22166643146,8261769.0,3564,71821.73180502208,0.13047138047138046,0.4441638608305275,0.42564534231200896,415555.60264470096
H7,113,10588954.0,28633,96717.02260697084,0.0616421611427374,0.436663989103482,0.5017986239653547,452130.3407334921,8216180.5,2015,42945.59604542785,0.11811414392059554,0.45359801488833745,0.4287841191066998,379585.6618356353,8216180.5,3564,71307.90512395145,0.13131313131313133,0.44388327721661053,0.42508417508417506,413324.86102040816
H7,114,10539688.0,28633,96110.44534301166,0.0616421611427374,0.43676876331505604,0.5016938497537806,450150.7690922886,8178760.0,2015,42625.2420506005,0.11861042183622829,0.45409429280397023,0.4287841191066998,377695.0360182583,8178760.0,3564,70807.30234719308,0.13159371492704827,0.4444444444444444,0.42480359147025815,411234.6749682777
H7,115,10485895.0,28633,95478.62542920944,0.06174693535431146,0.4368036880522474,0.5015192260678238,447794.16610976396,8139170.0,2015,42280.07131032906,0.11811414392059554,0.45260545905707195,0.430272952853598,375661.44291311136,8139170.0,3564,70259.78166544405,0.13131313131313133,0.4441638608305275,0.42508417508417506,408958.29747096373
H7,116,10428806.0,28633,94796.88177412745,0.06185170956588552,0.4369433870010128,0.5013096776446757,445309.0164233787,8097551.5,2015,41908.93289932898,0.11861042183622829,0.45359801488833745,0.4292803970223325,373499.35963768844,8097551.5,3564,69675.86191582933,0.13159371492704827,0.4447250280583614,0.4245230078563412,406539.6663942413
H7,117,10366726.0,28633,94080.6588934617,0.06220095693779904,0.4367338385778647,0.5011699786959103,442731.4516637639,8052084.0,2015,41523.75627436469,0.11910669975186104,0.4531017369727047,0.4292803970223325,371174.83526020485,8052084.0,3564,69064.47282625116,0.13187429854096522,0.4444444444444444,0.4245230078563412,403959.95954992535
H7,118,10303966.0,28633,93356.20644855617,0.0622358816749904,0.4369783117382042,0.5008556560611881,440064.77061723557,8005556.0,2015,41147.54480243901,0.11861042183622829,0.45359801488833745,0.428287841191067,368848.55400089425,8005556.0,3564,68468.93255075613,0.13187429854096522,0.4447250280583614,0.4239618406285073,401386.9046680719
H7,119,10236877.0,28633,92615.03869073925,0.06255020430971257,0.436663989103482,0.5007858065868054,437199.7672914266,7956416.0,2015,40760.28307661803,0.11861042183622829,0.4531017369727047,0.428287841191067,366402.7046940147,7956416.0,3564,67854.74327463264,0.13187429854096522,0.4444444444444444,0.42368125701459036,398683.6795260763
H8,0,1461409.75,28633,785.9063364465345,0.2409108371459505,0.4087241993503999,0.3504697377152237,22370.463736781327,6.059141635894775,2015,0.23394350341670284,0.22084367245657568,0.3970223325062035,0.3826302729528536,0.604412600164892,22.25762367248535,3564,0.2880659689830841,0.26262626262626265,0.38103254769921435,0.35662177328843997,0.9404114394046947
H8,1,2645295.0,28633,3897.917002268071,0.22376279118499634,0.4170712115391332,0.35920092201306186,66974.13786628704,24.377099990844727,2015,1.4075586304410488,0.20794044665012407,0.40297766749379654,0.3890818858560794,2.9657966664174484,80.01412963867188,3564,1.6363635556230258,0.24775533108866443,0.388327721661055,0.36391694725028056,4.081392403560425
H8,2,2332391.0,28633,3811.7145489478676,0.20179513149163553,0.42838682638913145,0.3698529668564244,61257.54445025356,92.99530029296875,2015,5.320917025988083,0.19404466501240694,0.4104218362282878,0.3955334987593052,11.613154204607342,268.3356628417969,3564,5.938521335898357,0.23120089786756454,0.3950617283950617,0.37373737373737376,14.41631482654877
H8,3,1835417.0,28633,3654.8855435218215,0.19254007613592708,0.4349876017182971,0.37254217162015857,53899.237273297746,315.9666442871094,2015,9.988283757000067,0.19156327543424317,0.4148883374689826,0.3935483870967742,23.63583944156543,741.7054443359375,3564,11.200176039568367,0.22699214365881032,0.39646464646464646,0.3765432098765432,31.881713156509534
H8,4,1722565.625,28633,3779.130325048918,0.17923375126602173,0.44232179652848114,0.37844445220549716,49110.77139766425,366.95672607421875,2015,15.335010328517017,0.18560794044665013,0.4153846153846154,0.3990074441687345,34.78204239350267,1286.6627197265625,3564,17.49642575600987,0.21941638608305275,0.39814814814814814,0.3824354657687991,51.142627022748364
H8,5,1692029.75,28633,4918.967182654894,0.17315684699472636,0.44689693710054834,0.3799811406419167,53902.772436345585,424.10089111328125,2015,19.581277055545954,0.18411910669975187,0.41588089330024813,0.4,44.883677388839196,1980.6612548828125,3564,22.691612005635577,0.21773288439955107,0.398989898989899,0.3835578002244669,71.40915435103318
H8,6,1714909.875,28633,6086.215404030124,0.16344777005553032,0.451122830300702,0.385464324380959,60884.58423199001,730.1615600585938,2015,25.385550103502656,0.17866004962779156,0.41935483870967744,0.40248138957816376,59.30497555967111,2557.0087890625,3564,29.462264615400958,0.21099887766554434,0.40347923681257014,0.38580246913580246,92.11198755358495
H8,7,1641936.5,28633,5620.339449553923,0.15918695211818532,0.45269444347431287,0.3881535291446932,54343.14198616236,1453.793212890625,2015,30.418160388080466,0.17766749379652605,0.41935483870967744,0.40297766749379654,77.57970875716184,3029.426513671875,3564,35.48374391002999,0.20959595959595959,0.40291806958473625,0.38748597081930414,114.52021452703912
H8,8,1565438.25,28633,6170.468083796768,0.15237662836587154,0.4566409387769357,0.3910173575943841,54786.4705522939,2485.47119140625,2015,37.091007577947735,0.1761786600496278,0.4218362282878412,0.40198511166253104,103.45041812649944,3717.728759765625,3564,43.95525178282404,0.20510662177328845,0.4062850729517396,0.3886083052749719,147.66143264136682
H8,9,1590081.625,28633,7801.06773100652,0.14832535885167464,0.459539691963818,0.3922047986588901,67103.34049658634,3986.032958984375,2015,42.369115035469754,0.17667493796526054,0.4228287841191067,0.40049627791563275,136.08672246875793,4109.95751953125,3564,51.50466771493431,0.2048260381593715,0.4074074074074074,0.3877665544332211,191.1508455258661
H8,10,1973842.5,28633,8897.25364625078,0.1406069919323857,0.464987950965669,0.39443998183913664,73780.02401395989,4994.4794921875,2015,48.98116154111301,0.169727047146402,0.4267990074441687,0.40347394540942927,162.64342911820577,5194.3583984375,3564,60.809330733235726,0.2000561167227834,0.4107744107744108,0.3891694725028058,231.7001793696592
H8,11,2318905.75,28633,10710.813558628599,0.1358921524115531,0.46973771522369295,0.39437013236475393,83178.83200609806,5653.44677734375,2015,54.60871800683743,0.16923076923076924,0.426302729528536,0.4044665012406948,183.0557969805433,6629.19091796875,3564,68.31014143924676,0.1994949494949495,0.4110549943883277,0.3894500561167228,269.5676297476403
H8,12,2600552.0,28633,12589.094282906357,0.1310376139419551,0.47431285579576016,0.3946495302622848,90784.89935011446,6717.248046875,2015,62.29197626678158,0.16823821339950373,0.4258064516129032,0.40595533498759306,212.54583299179117,121553.0234375,3564,147.59593948384384,0.1978114478114478,0.4107744107744108,0.39141414141414144,2851.592109667968
H8,13,2788329.0,28633,13813.958186549777,0.12834840917822093,0.4773163831942165,0.3944050571019453,93145.72308242845,7587.57080078125,2015,71.52834457453449,0.16774193548387098,0.4277915632754342,0.4044665012406948,256.7092992945296,363978.90625,3564,297.47928595997496,0.19668911335578002,0.41245791245791247,0.39085297418630754,8630.831495883996
H8,14,2922658.75,28633,15728.288354422242,0.12426221492683268,0.4778053295148954,0.3980023050326546,97850.77592248247,20146.244140625,2015,96.52996055876892,0.1662531017369727,0.4287841191066998,0.40496277915632756,631.618501815772,363354.65625,3564,324.47548846128456,0.19528619528619529,0.4132996632996633,0.39169472502805835,8588.418444511068
H8,15,3035528.0,28633,17397.076862710233,0.12178255858624663,0.47745608214298185,0.4008312087451542,102170.6240205091,44993.08984375,2015,159.31141541114806,0.16674937965260547,0.430272952853598,0.40297766749379654,1547.7080799349164,379953.5625,3564,395.8328957089737,0.1941638608305275,0.41358024691358025,0.39225589225589225,9033.218462989194
H8,16,3132798.0,28633,17623.632522260858,0.11832500960430273,0.4782942758355743,0.4034156392973143,103433.28338460607,348263.6875,2015,1174.4509190294636,0.16426799007444168,0.4287841191066998,0.40694789081885857,17787.063959462244,410198.59375,3564,1204.1626323118155,0.19135802469135801,0.41414141414141414,0.3945005611672278,17964.87759150872
H8,17,3208532.75,28633,18152.260569602775,0.11601997694967345,0.47808472741242625,0.4059302203750917,106059.87158873874,693718.3125,2015,2300.6711604841794,0.16377171215880892,0.430272952853598,0.40595533498759306,36152.4237210503,693718.3125,3564,2104.2723838088336,0.19023569023569023,0.4161054994388328,0.393658810325477,32532.689737708417
H8,18,3275699.5,28633,19300.982912032872,0.11284182586526037,0.4824852442985367,0.404672929836203,109969.15863175275,776977.0,2015,2548.908838785539,0.1617866004962779,0.4327543424317618,0.4054590570719603,39893.9475669474,776977.0,3564,2576.6579801205276,0.18771043771043772,0.41975308641975306,0.3925364758698092,36574.370339967056
H8,19,3343360.75,28633,23289.926840367265,0.11011769636433485,0.4858380190689065,0.4040442845667586,133172.82843941567,1836854.375,2015,6269.338921083577,0.15930521091811414,0.4297766749379653,0.4109181141439206,89688.6693365722,1836854.375,3564,6878.889867291816,0.18434343434343434,0.41835016835016836,0.39730639730639733,80878.43534739704
H8,20,3402405.5,28633,23150.97765559203,0.10774281423532288,0.4887716969929801,0.40352041350888834,123620.3507757613,1377001.75,2015,5995.296384092809,0.15732009925558313,0.430272952853598,0.41240694789081883,66792.53826802938,1377001.75,3564,8296.843846414606,0.18181818181818182,0.41919191919191917,0.398989898989899,69329.7963706168
H8,21,3431943.0,28633,24359.96996351032,0.10599657737575524,0.4922990954493067,0.40173925191212934,125417.35785697046,1304300.25,2015,7940.315939148194,0.15483870967741936,0.4317617866004963,0.4133995037220844,72177.16359959115,1304300.25,3564,11710.516537412132,0.1787317620650954,0.4217171717171717,0.3998316498316498,83541.80016641486
H8,22,3448310.5,28633,25272.25054516728,0.10407571683023085,0.4935214612510041,0.40247267139314774,129164.86384906666,1500628.25,2015,9432.484775783581,0.15186104218362284,0.43573200992555833,0.41240694789081883,82372.00836271275,1500628.25,3564,13175.875147679262,0.17536475869809204,0.42424242424242425,0.4006734006734007,93062.55541177622
H8,23,3506485.0,28633,24822.930225745393,0.10253902839381134,0.49502322495023227,0.40243774665595644,122355.32601066276,1158281.75,2015,6872.571522032892,0.15086848635235733,0.43722084367245656,0.4119106699751861,59887.643878773364,1158281.75,3564,9923.083381751609,0.17312008978675644,0.4239618406285073,0.40291806958473625,66592.25577876673
H8,24,3598310.75,28633,25865.120894175026,0.10023399573918207,0.49512799916180633,0.40463800509901166,122722.95218844315,1008172.375,2015,7006.9046847303325,0.14838709677419354,0.43672456575682383,0.4148883374689826,54713.52357666209,1008172.375,3564,10695.352068619588,0.16947250280583614,0.4234006734006734,0.40712682379349047,65098.24462625412
H8,25,3685986.75,28633,28108.22584924867,0.09852268361680579,0.495093074424615,0.4064191666957706,128292.05204400446,1106084.75,2015,8412.650397524607,0.14640198511166252,0.43672456575682383,0.41687344913151364,61993.1323134722,1106084.75,3564,13030.894331057092,0.1675084175084175,0.42368125701459036,0.40881032547699214,74448.89042568048
H8,26,3737240.25,28633,29921.29935659766,0.09688122096881222,0.49575664443125067,0.40743198407431985,133362.35579239446,1231681.5,2015,10247.8448828419,0.1444168734491315,0.43771712158808934,0.41786600496277915,71696.12963130114,1231681.5,3564,16004.291086391358,0.1644219977553311,0.4264870931537598,0.4090909090909091,87674.02949980857
H8,27,3697216.25,28633,29908.24643047026,0.0953445325323927,0.49568679495686796,0.4090385219851221,132914.33180635786,1294625.125,2015,11451.398995978305,0.1444168734491315,0.43771712158808934,0.41786600496277915,77047.72657895487,1294625.125,3564,18172.28516635791,0.1638608305274972,0.42676767676767674,0.40937149270482603,96830.04928139421
H8,28,3573983.25,28633,29224.684891874786,0.09356337093563372,0.49635036496350365,0.41008626410086263,131135.11989618748,1327438.125,2015,12250.666526293333,0.14292803970223325,0.43970223325062036,0.4173697270471464,80381.84878159464,1327438.125,3564,19757.66656029681,0.16189674523007858,0.4276094276094276,0.4104938271604938,103553.82497429963
H8,29,3382718.25,28633,29436.431320173902,0.09199175776202284,0.4943945796807879,0.4136485872943806,130235.19742549524,1344003.875,2015,12699.51816808061,0.14292803970223325,0.44069478908188586,0.4163771712158809,82548.90708271573,1359379.5,3564,20567.71717434155,0.16133557800224466,0.4292929292929293,0.40937149270482603,107054.4883021212
H8,30,3085445.25,28633,29803.103511593472,0.08996612300492439,0.49170537491705374,0.41832850207802186,129572.48577412742,1358035.625,2015,12984.836512922046,0.141439205955335,0.4421836228287841,0.4163771712158809,84010.72252021522,1391452.875,3564,20931.93730508108,0.15965207631874298,0.43013468013468015,0.4102132435465769,108758.40190161072
H8,31,2728949.5,28633,29876.639053948074,0.08835958509412217,0.4926483428212203,0.41899207208465755,128948.58907975192,1376144.0,2015,13246.458616697859,0.14094292803970224,0.44168734491315137,0.4173697270471464,85434.5477440232,1418133.625,3564,21350.92457922335,0.15937149270482603,0.43013468013468015,0.4104938271604938,110506.40306032477
H8,32,2451274.5,28633,29969.2343282913,0.08581007927915342,0.49449935389236194,0.41972549156567596,127752.75372546742,1392941.25,2015,13639.421533012588,0.13895781637717122,0.44069478908188586,0.42034739454094294,86716.05026607863,1439816.0,3564,21617.924079306944,0.15712682379349047,0.43041526374859707,0.41245791245791247,111049.58735646172
H8,33,2359164.5,28633,30612.2147690092,0.0842035413683512,0.49456920336674465,0.4212272552649041,127979.18621616228,1409308.25,2015,14294.117058382286,0.1369727047146402,0.4471464019851117,0.41588089330024813,88640.8467693665,1459028.25,3564,22219.89081158721,0.15600448933782268,0.4329405162738496,0.4110549943883277,112391.93111671749
H8,34,2416681.25,28633,31223.462872796037,0.08277162714350575,0.4938008591485349,0.42342751370795934,128464.78259134381,1424083.0,2015,14952.599362545145,0.13548387096774195,0.4476426799007444,0.41687344913151364,91251.22545199981,1476679.375,3564,22890.367384572357,0.15432098765432098,0.4340628507295174,0.4116161616161616,114576.48812859778
H8,35,2487226.0,28633,31711.86013645639,0.0821429818740614,0.4927880417699857,0.4250689763559529,129060.02879007749,1438376.75,2015,15494.474693141412,0.13548387096774195,0.4476426799007444,0.41687344913151364,94150.50300325324,1493245.625,3564,23517.717713252707,0.15432098765432098,0.4335016835016835,0.4121773288439955,117128.92799678993
H8,36,2465456.5,28633,32339.47881716801,0.0808856913351727,0.48933049278804175,0.4298187406139769,130172.71286710163,1454000.875,2015,15933.728360902069,0.1344913151364764,0.4481389578163772,0.4173697270471464,96821.5167254573,1510090.0,3564,24142.113414983072,0.15291806958473625,0.4346240179573513,0.41245791245791247,119801.00627456195
H8,37,2292087.0,28633,32972.28789716171,0.0801522718541543,0.48765410540285686,0.43219362274298884,131317.60079478534,1466992.0,2015,16313.225113663406,0.1344913151364764,0.4501240694789082,0.4153846153846154,99182.06355049559,1526116.125,3564,24767.68499868056,0.1526374859708193,0.43630751964085296,0.4110549943883277,122446.63939526559
H8,38,2154279.0,28633,34059.443289730756,0.07899975552683966,0.4881081269863444,0.4328921174868159,134456.83456020177,1479886.125,2015,16700.667569742807,0.1325062034739454,0.4511166253101737,0.4163771712158809,101644.29771669481,1541309.75,3564,25490.76216863564,0.15039281705948374,0.43602693602693604,0.41358024691358025,125426.65653833693
H8,39,2215155.0,28633,35711.678238361026,0.07837111025739531,0.4892955680508504,0.43233332169175426,140077.62119977758,1492470.625,2015,17118.334545531274,0.1325062034739454,0.4491315136476427,0.41836228287841193,104440.37650708306,1555656.25,3564,26341.04753836223,0.1501122334455668,0.43658810325476993,0.4132996632996633,128999.93232842382
H8,40,2242392.5,28633,36665.92903197062,0.07739321761603744,0.48838752488387527,0.43421925750008733,143149.40878451325,1503169.0,2015,17497.750550608267,0.13101736972704714,0.45062034739454093,0.41836228287841193,107165.79187449676,1568903.375,3564,26864.04979064392,0.14870931537598203,0.4371492704826038,0.41414141414141414,131456.58205379205
H8,41,2263231.25,28633,37641.53024632195,0.07648517444906228,0.48699053539622117,0.4365242901547166,146356.06025098157,1513166.125,2015,17886.56540035528,0.13101736972704714,0.45062034739454093,0.41836228287841193,110151.31597956865,1580886.625,3564,27508.100051213485,0.1478675645342312,0.4377104377104377,0.41442199775533106,134549.61110814838
H8,42,2327573.0,28633,39021.75145131078,0.07540250759613033,0.48692068592183846,0.4376768064820312,151252.32810130517,1522007.375,2015,18255.271643056363,0.13052109181141439,0.4501240694789082,0.41935483870967744,112963.3693370436,1592114.5,3564,28212.570930122525,0.1473063973063973,0.43799102132435463,0.41470258136924804,137909.6254726574
H8,43,2393373.75,28633,40964.39883718704,0.07519295917298223,0.48667621276149897,0.4381308280655188,158572.32282250992,1570211.75,2015,18657.711023000502,0.13002481389578163,0.4511166253101737,0.41885856079404465,116198.82783601663,1602856.5,3564,29110.318599726983,0.1473063973063973,0.43799102132435463,0.41470258136924804,142215.79582665066
H8,44,2459867.0,28633,43176.111295296025,0.07397059337128488,0.48531414801103623,0.4407152586176789,167440.97790529553,1638183.0,2015,18979.51508667633,0.12853598014888337,0.4481389578163772,0.42332506203473946,118511.85345081173,1638183.0,3564,30090.88325367885,0.1447811447811448,0.4377104377104377,0.4175084175084175,146699.97670137542
H8,45,2584909.75,28633,45122.58610635323,0.07334194810184054,0.4820661474522404,0.44459190444591906,176412.12079525806,1729129.375,2015,19344.413713968537,0.12803970223325062,0.4481389578163772,0.4238213399503722,121496.85049246534,1729129.375,3564,31084.92012162848,0.1442199775533109,0.43630751964085296,0.41947250280583614,151636.0018690857
H8,46,2598516.0,28633,44079.69217256758,0.07236405546048266,0.4825550937729194,0.44511577550378933,171191.1112266305,1865138.375,2015,19733.28754124657,0.12803970223325062,0.45260545905707195,0.41935483870967744,125262.933117045,1865138.375,3564,30906.771182171073,0.14337822671156006,0.4391133557800225,0.4175084175084175,151664.87042976142
H8,47,2672696.5,28633,43881.8436362156,0.07208465756295183,0.48136765270841336,0.4466175392030175,170204.19021264426,2016075.75,2015,20188.77478844723,0.12803970223325062,0.4521091811414392,0.41985111662531016,129717.98621400638,2016075.75,3564,31189.578599507673,0.1425364758698092,0.4388327721661055,0.4186307519640853,154169.82499113647
H8,48,2754444.0,28633,46161.90933653442,0.0714560122935075,0.47350958684035904,0.4551042503405162,178268.65963931356,2150320.75,2015,20640.747662618116,0.1260545905707196,0.4521091811414392,0.42233250620347396,133946.35973721935,2150320.75,3564,31953.652770448723,0.14029180695847362,0.4405162738496072,0.41947250280583614,158477.01194263672
H8,49,2848729.0,28633,45978.641233537295,0.07072259281248909,0.47811965214961755,0.45115775503789335,182697.43450015006,2296260.0,2015,21148.604135083944,0.1250620347394541,0.45359801488833745,0.42133995037220845,138765.95927742924,2296260.0,3564,32822.199264803916,0.13916947250280584,0.44219977553310885,0.4186307519640853,163424.54329598157
H8,50,2931585.0,28633,48611.541833389296,0.07002409806866203,0.4701917368071805,0.45985401459854014,192871.70216095584,2462100.5,2015,21694.889184338062,0.12307692307692308,0.45459057071960296,0.42233250620347396,144207.27634587567,2462100.5,3564,33780.508387983624,0.13748597081930417,0.4430415263748597,0.41947250280583614,169059.34547977638
H8,51,3009927.25,28633,50421.1663615083,0.0696748506967485,0.46959801627492753,0.4607969825027067,202928.2577708778,2668011.0,2015,22332.151756114337,0.12307692307692308,0.45508684863523574,0.4218362282878412,151005.1713021408,2668011.0,3564,34915.68396909812,0.13748597081930417,0.44332210998877664,0.41919191919191917,176093.3895798914
H8,52,3143650.75,28633,51977.32018394304,0.06845248489505117,0.46834072573603885,0.46320678936891,210292.98306186532,2830135.75,2015,22850.878340762803,0.12208436724565756,0.45459057071960296,0.42332506203473946,156573.3486540182,2830135.75,3564,35806.672591224204,0.1366442199775533,0.44276094276094274,0.42059483726150393,181672.07195393776
H8,53,3351648.25,28633,53696.17621260178,0.06831278594628576,0.46596584360702686,0.4657213704466874,217941.4184113871,2994825.0,2015,23373.498751017494,0.12208436724565756,0.45607940446650125,0.4218362282878412,162330.71113330027,2994825.0,3564,36721.39337889009,0.13636363636363635,0.4436026936026936,0.42003367003367004,187510.0910404261
H8,54,3558993.5,28633,55413.064752941405,0.06778891488841546,0.46383543463835436,0.4683756504732302,225471.23116774322,3166888.25,2015,23914.186498856394,0.12158808933002481,0.456575682382134,0.4218362282878412,168405.20650170775,3166888.25,3564,37654.56149063266,0.13580246913580246,0.44388327721661053,0.42031425364758696,193591.27954396766
H8,55,3765756.25,28633,57054.523548847785,0.06750951699088464,0.46006356302168827,0.4724269199874271,232751.01051702726,3332286.25,2015,24430.328462026937,0.12158808933002481,0.45707196029776676,0.42133995037220845,174344.40522615844,3332286.25,3564,38553.316755157146,0.13580246913580246,0.4441638608305275,0.42003367003367004,199565.87578121122
H8,56,3959280.0,28633,58602.291715956715,0.06698564593301436,0.4568504872000838,0.4761638668669018,239503.382044547,3494717.75,2015,24942.938324958093,0.12109181141439206,0.45806451612903226,0.42084367245657567,180250.13882538106,3494717.75,3564,39433.4755775175,0.13496071829405162,0.44556677890011226,0.41947250280583614,205458.43915715397
H8,57,4143604.5,28633,60060.017640695514,0.06674117277267488,0.45370726085286206,0.47955156637446306,245923.2382027963,3656875.0,2015,25447.833603605442,0.12109181141439206,0.45806451612903226,0.42084367245657567,186208.95101200123,3656875.0,3564,40297.45300440208,0.13496071829405162,0.44612794612794615,0.41891133557800225,211357.87869182744
H8,58,4340529.5,28633,61662.94638962565,0.06611252750323054,0.45224042189082525,0.4816470506059442,252818.33233479885,3818322.5,2015,25927.811282596118,0.1205955334987593,0.4575682382133995,0.4218362282878412,192149.993402483,3818322.5,3564,41140.18360345835,0.13468013468013468,0.44612794612794615,0.41919191919191917,217294.29908112428
H8,59,4562245.0,28633,63260.558405378855,0.06590297908008243,0.4522753466280166,0.481821674291901,260458.12018357735,3982064.75,2015,26371.503216234185,0.1205955334987593,0.45905707196029777,0.42034739454094294,198423.52257881884,3982064.75,3564,41959.486197576465,0.13439955106621773,0.44668911335578004,0.41891133557800225,223578.59912055416
H8,60,4779116.0,28633,64647.89494349611,0.0656235811825516,0.45108790556351064,0.4833234379911291,267538.79378061206,4151012.75,2015,26844.339677607088,0.12009925558312655,0.46054590570719606,0.41935483870967744,205142.33719898836,4151012.75,3564,42802.506946718095,0.13383838383838384,0.44696969696969696,0.41919191919191917,230189.74303430266
H8,61,4970801.0,28633,65785.48585644105,0.06541403275940348,0.44846855027415916,0.48611741696643734,273540.822015935,4314363.0,2015,27296.474428768717,0.12009925558312655,0.45905707196029777,0.42084367245657567,211731.4558554165,4314363.0,3564,43597.76692236348,0.13327721661054995,0.44612794612794615,0.42059483726150393,236561.32565441067
H8,62,5158587.5,28633,67014.41201600533,0.06485523696434184,0.446862012363357,0.48831767540949256,279877.4142155367,4466977.0,2015,27756.065875717388,0.1196029776674938,0.458560794044665,0.42233250620347396,217936.80916516192,4466977.0,3564,44375.26856606862,0.1324354657687991,0.44556677890011226,0.4222783389450056,242545.48434522454
H8,63,5366132.5,28633,68448.58133913032,0.06436629064366291,0.4467572381517829,0.4888764712045542,287323.4268408577,4619225.5,2015,28225.587322503958,0.11910669975186104,0.45806451612903226,0.4228287841191067,224200.04840671542,4619225.5,3564,45176.300243115315,0.13187429854096522,0.4444444444444444,0.42368125701459036,248675.34036781976
H8,64,5570380.0,28633,69766.63023324143,0.06370272063702721,0.44591904445919045,0.49037823490378235,294295.91710039566,4777711.5,2015,28682.150280183876,0.11811414392059554,0.45905707196029777,0.4228287841191067,230801.5537063059,4777711.5,3564,45934.42227611232,0.13103254769921435,0.4458473625140292,0.42312008978675647,254939.73716404318
H8,65,5763495.5,28633,71036.32149629376,0.06342332273949638,0.4449062270806412,0.49170537491705374,300996.7015309248,4938482.5,2015,29133.6021702609,0.11761786600496278,0.4575682382133995,0.4248138957816377,237560.56332141825,4938482.5,3564,46692.25051558791,0.13047138047138046,0.4458473625140292,0.42368125701459036,261338.52795183967
H8,66,5966995.5,28633,72280.77665648655,0.06282960220724339,0.444487130234345,0.49268326755841163,307611.25107634417,5092681.0,2015,29579.64504484922,0.11761786600496278,0.456575682382134,0.4258064516129032,244010.52917679126,5092681.0,3564,47445.470541462186,0.13019079685746351,0.44556677890011226,0.42424242424242425,267512.0806919316
H8,67,6174831.0,28633,73574.83527790668,0.06282960220724339,0.4438235602277093,0.4933468375650473,314569.15684316924,5242451.0,2015,30005.845110622027,0.11761786600496278,0.45607940446650125,0.426302729528536,250249.38955020506,5242451.0,3564,48203.452588719585,0.13019079685746351,0.44556677890011226,0.42424242424242425,273597.1860135475
H8,68,6381408.5,28633,74751.37140425672,0.06209618272622498,0.44319491495826496,0.49470890231551007,321022.8345583086,5390338.5,2015,30427.31943650315,0.11712158808933003,0.45607940446650125,0.4267990074441687,256401.48553099876,5390338.5,3564,48944.187614028815,0.12906846240179573,0.4458473625140292,0.42508417508417506,279559.29387420247
H8,69,6589698.5,28633,75839.69163707102,0.06202633325184228,0.4424964202144379,0.4955121712709112,326911.0157317161,5538919.0,2015,30825.80512850769,0.11712158808933003,0.45707196029776676,0.426302729528536,262244.00102494506,5538919.0,3564,49667.81248312438,0.12906846240179573,0.44612794612794615,0.42508417508417506,285294.6352065757
H8,70,6795947.5,28633,76950.18162067341,0.06153738693116334,0.44165822652184544,0.49683931128418257,332718.6736506361,5685609.5,2015,31171.281460503662,0.11612903225806452,0.45607940446650125,0.428287841191067,267032.92141791916,5685609.5,3564,50410.86008148082,0.12794612794612795,0.4458473625140292,0.4264870931537598,290579.86050669
H8,71,7005100.5,28633,78124.75200166492,0.06122306429644117,0.4408898823036357,0.4978870533999232,338671.16022857185,5832685.5,2015,31327.958755987194,0.11563275434243177,0.456575682382134,0.4277915632754342,268702.07256826636,5832685.5,3564,51322.355543686805,0.12738496071829405,0.44640852974186307,0.42620650953984285,295440.7373791879
H8,72,7211667.0,28633,79345.77045971614,0.06045472007823141,0.44102958125240105,0.4985156986693675,344924.0685012392,5977284.0,2015,31556.230226998636,0.11364764267990074,0.45558312655086847,0.4307692307692308,271651.93079488334,5977284.0,3564,52205.15420346422,0.12598204264870932,0.44556677890011226,0.42845117845117847,301237.53397111763
H8,73,7415456.0,28633,80553.45028899937,0.06024517165508329,0.44099465651520975,0.49879509656689835,351282.3728514789,6120827.0,2015,31985.955889601373,0.11364764267990074,0.456575682382134,0.4297766749379653,277809.5646615699,6120827.0,3564,52920.400851009465,0.12598204264870932,0.44612794612794615,0.4278900112233446,307084.0346483046
H8,74,7621594.5,28633,81758.51571467021,0.059721300597213006,0.440820032829253,0.4994935913107254,357525.5916235757,6265629.5,2015,32441.794824733715,0.11364764267990074,0.45607940446650125,0.4307692307692308,284106.32764636964,6265629.5,3564,53667.87661724441,0.12598204264870932,0.4458473625140292,0.42845117845117847,313080.1339336492
H8,75,7843593.0,28633,83053.21466591515,0.0596514511228303,0.44043586072014806,0.4999825376314043,363592.79514004197,6420772.0,2015,32927.30293166811,0.11364764267990074,0.45607940446650125,0.4307692307692308,290827.9917723203,6420772.0,3564,54488.47199739562,0.12598204264870932,0.44556677890011226,0.4287317620650954,319627.7132658889
H8,76,8056943.0,28633,84270.40410327105,0.059057730590577305,0.4396675165019383,0.5012747529074844,369067.8977156283,6569634.0,2015,33474.76632024084,0.11315136476426799,0.45607940446650125,0.4307692307692308,297359.77524606965,6569634.0,3564,55386.651477509484,0.12570145903479238,0.4458473625140292,0.42845117845117847,326054.6610496241
H8,77,8269350.0,28633,85368.38969956349,0.0589180316418119,0.4392484196556421,0.501833548702546,373591.2604626015,6705517.5,2015,34126.3461290649,0.11265508684863523,0.45607940446650125,0.4312655086848635,303833.86671247805,6705517.5,3564,56443.56156856802,0.12542087542087543,0.4458473625140292,0.4287317620650954,332462.392246185
H8,78,8486116.0,28633,86495.11968763082,0.058394160583941604,0.4393881186044075,0.502217720811651,379131.5476162711,6838026.5,2015,34716.55088763287,0.11166253101736973,0.45558312655086847,0.4327543424317618,310218.3505375736,6838026.5,3564,57594.11343070112,0.12457912457912458,0.4452861952861953,0.43013468013468015,339024.67301063926
H8,79,8702061.0,28633,87699.94473323203,0.05842908532113296,0.43903887123249397,0.502532043446373,385261.1319894066,6969530.0,2015,35287.93712461567,0.11166253101736973,0.45607940446650125,0.432258064516129,316555.2896399213,6969530.0,3564,58817.07656380695,0.12457912457912458,0.4452861952861953,0.43013468013468015,346003.6685456093
H8,80,8905891.0,28633,88910.20639627657,0.058009988474836724,0.43928334439283345,0.5027066671323298,391662.7975846842,7096892.0,2015,35877.89690863129,0.11166253101736973,0.45607940446650125,0.432258064516129,322745.0102710712,7096892.0,3564,59800.64680988547,0.12429854096520764,0.4452861952861953,0.43041526374859707,352379.24162227986
H8,81,9104221.0,28633,90131.88154317683,0.05790521426326267,0.4388642475465372,0.5032305381902001,398188.19685722,7223529.5,2015,36505.79832599168,0.11166253101736973,0.45558312655086847,0.4327543424317618,329008.42581959424,7223529.5,3564,60840.6495147137,0.12429854096520764,0.4450056116722783,0.43069584736251404,358880.63664142386
H8,82,9294526.0,28633,91329.2605427157,0.0576607411029232,0.4389340970209199,0.5034051618761569,404422.67641206353,7345325.5,2015,37181.62667660057,0.11166253101736973,0.45508684863523574,0.43325062034739453,335170.2455819117,7345325.5,3564,61919.327206557944,0.12429854096520764,0.4447250280583614,0.43097643097643096,365241.1006161906
H8,83,9484004.0,28633,92513.97364775634,0.05748611741696644,0.4386546991233891,0.5038941081968358,410566.96420702845,7465286.5,2015,37899.04236520792,0.11215880893300248,0.45558312655086847,0.4327543424317618,341367.7062382599,7465286.5,3564,63059.59069310061,0.12457912457912458,0.4447250280583614,0.43097643097643096,371666.8702216453
H8,84,9670841.0,28633,93714.49577175597,0.05713687004505291,0.4387594733349632,0.5041036566199839,416596.57464318257,7582241.5,2015,38673.81064860677,0.11166253101736973,0.456575682382134,0.4317617866004963,347576.99877512135,7582241.5,3564,64271.13124832207,0.12401795735129069,0.44556677890011226,0.43041526374859707,378122.0963892282
H8,85,9855807.0,28633,94917.39378117897,0.05685747214752209,0.4379911291167534,0.5051513987357246,422486.155446997,7696685.5,2015,39478.94587866788,0.11166253101736973,0.45558312655086847,0.4327543424317618,353794.2020230526,7696685.5,3564,65525.27240820677,0.12373737373737374,0.4452861952861953,0.43097643097643096,384593.0415438511
H8,86,10031149.0,28633,96152.40161217492,0.056508224775608566,0.4379212796423707,0.5055704955820207,428409.3739911642,7808044.5,2015,40314.63093249804,0.11166253101736973,0.45558312655086847,0.4327543424317618,359855.10693680553,7808044.5,3564,66824.89698983109,0.12345679012345678,0.4450056116722783,0.43153759820426485,390977.2107568167
H8,87,10202879.0,28633,97405.21011119957,0.05640345056403451,0.43788635490517935,0.5057101945307861,434402.0805332672,7932489.0,2015,41176.1713336169,0.11166253101736973,0.45459057071960296,0.4337468982630273,365920.5146715716,7932489.0,3564,68169.60669576889,0.12373737373737374,0.4444444444444444,0.4318181818181818,397413.19329074165
H8,88,10366755.0,28633,98613.6805269432,0.05640345056403451,0.4376069570076485,0.506094366639891,440595.90309511067,8053111.5,2015,42088.09139215078,0.11166253101736973,0.45558312655086847,0.43325062034739453,371947.21665726096,8053111.5,3564,69593.48312753058,0.12373737373737374,0.4450056116722783,0.43153759820426485,403912.04133177997
H8,89,10522477.0,28633,99892.24906667619,0.05640345056403451,0.4376069570076485,0.505989592428317,446875.8165192569,8170655.5,2015,43045.47208262604,0.11166253101736973,0.45607940446650125,0.432258064516129,377873.7407418064,8170655.5,3564,71093.63433494965,0.12373737373737374,0.4452861952861953,0.43097643097643096,410431.03720453236
H8,90,10676741.0,28633,101158.30083062677,0.05629867635246045,0.4375371075332658,0.5061642161142738,453066.9442067153,8316455.5,2015,44000.76864736293,0.11166253101736973,0.45508684863523574,0.43325062034739453,383969.02807970793,8316455.5,3564,72600.01222356461,0.12345679012345678,0.4447250280583614,0.4318181818181818,417267.72480697546
H8,91,10830438.0,28633,102395.7420474901,0.056158977403695035,0.437851430167988,0.5060245171655083,459041.1844611044,8454099.0,2015,44923.73202803264,0.11116625310173697,0.45607940446650125,0.43325062034739453,389817.60945049167,8454099.0,3564,74071.12895398703,0.12317620650953984,0.4450056116722783,0.43209876543209874,423907.65960775624
H8,92,10986345.0,28633,103564.80564035826,0.05619390214088639,0.4379911291167534,0.5058149687423602,464743.5687347461,8560366.0,2015,45770.79146897262,0.11066997518610422,0.45558312655086847,0.4337468982630273,395184.6501085318,8560366.0,3564,75435.04971388214,0.12317620650953984,0.4447250280583614,0.43209876543209874,429956.9349900574
H8,93,11124698.0,28633,104569.96437852543,0.056228826878077745,0.4382705270142842,0.505500646107638,469656.1669645704,8651843.0,2015,46467.04894019301,0.11066997518610422,0.45508684863523574,0.43424317617866004,399777.15235578734,8651843.0,3564,76559.53745306494,0.12317620650953984,0.4441638608305275,0.43265993265993263,435122.10369929025
H8,94,11232745.0,28633,105362.23335315574,0.05619390214088639,0.43830545175147556,0.5055355708448294,473727.04267447395,8726328.0,2015,47025.63178141956,0.11116625310173697,0.45508684863523574,0.4337468982630273,403486.598278166,8726328.0,3564,77459.93144174443,0.12345679012345678,0.4444444444444444,0.43209876543209874,439268.37911599275
H8,95,11312316.0,28633,105989.92223611953,0.056228826878077745,0.4388642475465372,0.5049069255753851,477058.7499735178,8784198.0,2015,47488.14824141403,0.11116625310173697,0.45558312655086847,0.43325062034739453,406406.2353139162,8784198.0,3564,78199.42464358197,0.12345679012345678,0.4447250280583614,0.4318181818181818,442548.37311977096
H8,96,11377138.0,28633,106480.93359968964,0.056158977403695035,0.43914364544406803,0.5047672266266197,479988.7929506665,8833821.0,2015,47884.907257368584,0.11116625310173697,0.45707196029776676,0.432258064516129,408922.2618617298,8833821.0,3564,78836.10168366645,0.12345679012345678,0.44556677890011226,0.43125701459034793,445378.60147025046
H8,97,11433900.0,28633,106878.53684070613,0.05626375161526909,0.4392484196556421,0.5045227534662802,482442.62446949567,8875223.0,2015,48234.853611961604,0.11116625310173697,0.45707196029776676,0.432258064516129,411043.38995343953,8875223.0,3564,79392.41223790013,0.12373737373737374,0.44612794612794615,0.43041526374859707,447782.9512382329
H8,98,11488695.0,28633,107202.60908391993,0.05608912792931233,0.43914364544406803,0.504802151363811,484499.8866178056,8911353.0,2015,48535.480833571964,0.11066997518610422,0.45707196029776676,0.4327543424317618,412896.2437055037,8911353.0,3564,79870.30052174338,0.12345679012345678,0.44668911335578004,0.43013468013468015,449864.82035514317
H8,99,11531804.0,28633,107449.64559564635,0.0563336010896518,0.4393182691300248,0.5044179792547061,485998.18774275517,8940688.0,2015,48782.21719908306,0.11116625310173697,0.4575682382133995,0.4317617866004963,414397.7558427087,8940688.0,3564,80256.08731254848,0.12401795735129069,0.44668911335578004,0.42957351290684626,451536.53852620244
H8,100,11566453.0,28633,107610.2161376933,0.0563336010896518,0.4395976670275556,0.5041385813571753,486992.52132547804,8964213.0,2015,48965.83073446602,0.11066997518610422,0.4575682382133995,0.4317617866004963,415582.2081173368,8964213.0,3564,80542.88180401971,0.12373737373737374,0.44696969696969696,0.42957351290684626,452828.87573040853
H8,101,11587533.0,28633,107683.00518715999,0.056508224775608566,0.43994691439946915,0.5035797855621137,487366.7663180621,8979565.0,2015,49083.01709554188,0.11116625310173697,0.45806451612903226,0.4312655086848635,416339.7671975341,8979565.0,3564,80715.29100392823,0.12401795735129069,0.44725028058361394,0.42901234567901236,453622.3260619552
H8,102,11598704.0,28633,107633.94618483396,0.05647330003841721,0.440226312297,0.5033353124017742,487507.6973720158,8987875.0,2015,49131.431312136025,0.11066997518610422,0.458560794044665,0.4312655086848635,416730.47983032063,8987875.0,3564,80790.09383545001,0.12373737373737374,0.4478114478114478,0.4287317620650954,454024.0045168424
H8,103,11600546.0,28633,107523.16554023426,0.05668284846156533,0.44008661334823457,0.5032305381902001,487570.6640422712,8989969.0,2015,49140.938225454716,0.11017369727047147,0.45806451612903226,0.4317617866004963,416830.96311407007,8989969.0,3564,80808.25064174995,0.12345679012345678,0.44753086419753085,0.42901234567901236,454142.9790997895
H8,104,11597262.0,28633,107345.42811322861,0.05671777319875668,0.44029616177138264,0.503020989767052,487421.07601804537,8988221.0,2015,49107.08645717456,0.11017369727047147,0.45806451612903226,0.4317617866004963,416725.47718725505,8988221.0,3564,80764.46221767132,0.12345679012345678,0.44725028058361394,0.4292929292929293,454030.62944490573
H8,105,11586522.0,28633,107123.38289643197,0.05696224635909615,0.440331086508574,0.5027066671323298,487059.86745501694,8981839.0,2015,49042.79132767047,0.11017369727047147,0.45806451612903226,0.4317617866004963,416393.338886995,8981839.0,3564,80669.4639998236,0.12345679012345678,0.4478114478114478,0.4287317620650954,453673.77330551605
H8,106,11571543.0,28633,106839.22212953278,0.05703209583347885,0.44054063493172213,0.502427269234799,486528.8636152006,8972206.0,2015,48942.784812977385,0.11017369727047147,0.45806451612903226,0.4317617866004963,415886.2044812642,8972206.0,3564,80522.76763668332,0.12373737373737374,0.44668911335578004,0.42957351290684626,453121.52039711474
H8,107,11550285.0,28633,106522.47937239897,0.05727656899381832,0.4405755596689135,0.5021478713372682,485836.33524067065,8958698.0,2015,48817.99084765398,0.11116625310173697,0.4575682382133995,0.4312655086848635,415187.06340862805,8958698.0,3564,80334.88059240174,0.12429854096520764,0.44668911335578004,0.42901234567901236,452365.5510598592
H8,108,11525736.0,28633,106159.93263130425,0.057311493731009674,0.44099465651520975,0.501728774490972,484918.5050964209,8942660.0,2015,48659.99599872331,0.11116625310173697,0.458560794044665,0.430272952853598,414339.8057810419,8942660.0,3564,80096.72512635442,0.12429854096520764,0.44753086419753085,0.4281705948372615,451430.4250877177
H8,109,11493949.0,28633,105756.38717865213,0.0577305905773059,0.440820032829253,0.5014843013306325,483709.99888567,8922418.0,2015,48473.421728363595,0.11265508684863523,0.45806451612903226,0.4297766749379653,413287.39599904185,8922418.0,3564,79807.52506785658,0.12542087542087543,0.44725028058361394,0.4276094276094276,450258.63877701067
H8,110,11457609.0,28633,105304.56152659585,0.05776551531449726,0.44102958125240105,0.5012747529074844,482159.0971657722,8898887.0,2015,48248.77954991867,0.11215880893300248,0.45806451612903226,0.430272952853598,412047.4980463778,8898887.0,3564,79458.18659762622,0.1251402918069585,0.44753086419753085,0.4276094276094276,448859.9666208992
H8,111,11419925.0,28633,104786.17105513629,0.057975063737645376,0.44109943072678376,0.5009255055355708,480133.0371311642,8869137.0,2015,47969.04557529771,0.11166253101736973,0.45806451612903226,0.430272952853598,410468.4773713248,8869137.0,3564,79015.16976253667,0.1251402918069585,0.44668911335578004,0.4281705948372615,447059.90540476644
H8,112,11376844.0,28633,104173.52931748834,0.05811476268641078,0.44102958125240105,0.5009255055355708,478013.10745223664,8834285.0,2015,47650.67066065203,0.11166253101736973,0.45905707196029777,0.4292803970223325,408635.5802389086,8834285.0,3564,78515.64527334314,0.1251402918069585,0.44668911335578004,0.4281705948372615,444999.7515789372
H8,113,11327077.0,28633,103513.60762658689,0.058359235846750256,0.44099465651520975,0.5006810323752314,475809.05322745774,8795086.0,2015,47314.89934928601,0.11166253101736973,0.45806451612903226,0.430272952853598,406620.5187170916,8795086.0,3564,77991.83388167655,0.12542087542087543,0.44612794612794615,0.42845117845117847,442779.4935055318
H8,114,11274702.0,28633,102813.86670802931,0.058464010058324314,0.44116928020116647,0.5003667097405092,473651.6329378663,8754746.0,2015,46965.7988121665,0.11166253101736973,0.458560794044665,0.4297766749379653,404546.61493386095,8754746.0,3564,77451.53941699592,0.12542087542087543,0.44640852974186307,0.4281705948372615,440503.7150247134
H8,115,11212792.0,28633,102073.21339232374,0.0589180316418119,0.4406454091432962,0.5004714839520833,471292.9238611888,8710231.0,2015,46595.89902966077,0.11166253101736973,0.456575682382134,0.4317617866004963,402260.5590501106,8710231.0,3564,76874.49415989239,0.12570145903479238,0.44556677890011226,0.4287317620650954,437996.57743554976
H8,116,11147017.0,28633,101322.33312671342,0.05902280585338595,0.44116928020116647,0.4998428386826389,468642.1968113631,8663459.0,2015,46210.00517793671,0.11166253101736973,0.45905707196029777,0.4297766749379653,399861.4757000801,8663459.0,3564,76274.76877568815,0.12570145903479238,0.44696969696969696,0.4276094276094276,435340.55856418
H8,117,11062420.0,28633,100474.50038037356,0.05937205322529948,0.44099465651520975,0.49963329025949077,465219.56671593053,8607972.0,2015,45759.91100563502,0.11116625310173697,0.45607940446650125,0.4327543424317618,396996.06158228335,8607972.0,3564,75555.1276067228,0.12598204264870932,0.4450056116722783,0.42901234567901236,432124.76300137193
H8,118,10965503.0,28633,99519.69920110924,0.05947682743687354,0.44127405441274054,0.4992840428875773,461565.60130584304,8545873.0,2015,45232.87521893349,0.11116625310173697,0.45905707196029777,0.4297766749379653,393736.98161471385,8545873.0,3564,74722.22337087398,0.12598204264870932,0.44696969696969696,0.4270482603815937,428483.1689939103
H8,119,10862329.0,28633,98508.32184199122,0.05989592428316977,0.4409597317780184,0.49914434393881185,457931.2588697497,8477371.0,2015,44644.88567115792,0.11166253101736973,0.45806451612903226,0.430272952853598,390158.54605966405,8477371.0,3564,73800.4311323158,0.12654320987654322,0.44640852974186307,0.4270482603815937,424505.7357522733
H9,0,1483233.875,28633,826.862296809558,0.24136485872943805,0.4085495756644431,0.3502601892920756,23101.0467611836,5.919928550720215,2015,0.22608833792120192,0.22084367245657568,0.3970223325062035,0.3826302729528536,0.5872458704210683,21.639944076538086,3564,0.27866937771514,0.26290684624017957,0.38103254769921435,0.35662177328843997,0.9143448664545333
H9,1,2631771.5,28633,3902.4305110070045,0.22442636119163203,0.4168267383787937,0.3587818251667656,66934.3009017117,23.683021545410156,2015,1.3629998477141907,0.20794044665012407,0.40397022332506205,0.3880893300248139,2.8748577819811354,78.03546905517578,3564,1.5860503193480397,0.24803591470258138,0.3886083052749719,0.3633557800224467,3.968290553474594
H9,2,2285911.0,28633,3727.159529065567,0.2021793036007404,0.42838682638913145,0.3695037194845109,59911.91039227725,90.37646484375,2015,5.177056744957833,0.19404466501240694,0.4109181141439206,0.39503722084367243,11.288935459321179,258.9512023925781,3564,5.780918615221662,0.23120089786756454,0.3956228956228956,0.37317620650953987,14.01541934523637
H9,3,1827355.375,28633,3641.0978391318295,0.19271469982188383,0.43495267698110573,0.37233262319701044,53728.878003749734,310.2303161621094,2015,9.771388187380586,0.19156327543424317,0.4148883374689826,0.3935483870967742,23.13587617378705,722.0364990234375,3564,10.953431401405915,0.22699214365881032,0.39646464646464646,0.3765432098765432,31.13054463512768
H9,4,1739764.75,28633,3801.722438566172,0.17986239653546607,0.4420423986309503,0.37813012957077496,49532.00399769557,362.8518371582031,2015,15.034705760100456,0.18660049627791564,0.4148883374689826,0.3990074441687345,34.13674994784248,1256.945556640625,3564,17.15061935350672,0.21997755331088664,0.3978675645342312,0.3824354657687991,50.09973852369803
H9,5,1730409.375,28633,4997.845710162519,0.17361086857821395,0.44689693710054834,0.37952711905842906,54857.45321600725,418.3067932128906,2015,19.217038045113075,0.18411910669975187,0.4173697270471464,0.39851116625310173,44.05704865012697,1939.860595703125,3564,22.27133766119798,0.21801346801346802,0.3995510662177329,0.3824354657687991,70.06484909080459
H9,6,1747083.375,28633,6173.447997036523,0.16425103901093144,0.45084343240317115,0.38494045332308874,61752.93822177593,663.4019775390625,2015,24.896049528519786,0.17965260545905706,0.41885856079404465,0.40148883374689825,57.89332383656561,2523.346435546875,3564,28.908491013492487,0.21184062850729518,0.40291806958473625,0.38524130190796857,90.49254641835087
H9,7,1643068.875,28633,5628.9159019437275,0.1597806726504383,0.452415045576782,0.38780428177277965,54377.404287091056,1445.68798828125,2015,29.8619514458547,0.17866004962779156,0.41935483870967744,0.40198511166253104,76.20579079729941,2987.5478515625,3564,34.83300557895783,0.21043771043771045,0.40291806958473625,0.3866442199775533,112.60659109038855
H9,8,1554057.5,28633,6165.957505200348,0.15290049942374184,0.4561170677190654,0.3910173575943841,54658.17286487582,2388.837646484375,2015,36.39776893195499,0.1761786600496278,0.4218362282878412,0.40198511166253104,100.83081782148764,3643.737060546875,3564,43.095137451335695,0.20566778900112234,0.4054433221099888,0.3888888888888889,144.24821117733757
H9,9,1596846.75,28633,7787.422112308535,0.14870953096077952,0.45919044459190445,0.392100024447316,67060.83594156892,3910.658935546875,2015,41.629773873118936,0.17667493796526054,0.4228287841191067,0.40049627791563275,133.47723244976956,4075.788818359375,3564,50.53483172885574,0.2048260381593715,0.4074074074074074,0.3877665544332211,187.42840677366084
H9,10,1971026.125,28633,8878.304975355757,0.1409911640414906,0.4648133272797122,0.39423043341598857,73650.13188928913,4920.20361328125,2015,48.14596038145638,0.169727047146402,0.4272952853598015,0.40297766749379654,160.09094680547918,5101.5849609375,3564,59.77060114379387,0.20033670033670034,0.4107744107744108,0.3888888888888889,227.8994954961881
H9,11,2315170.0,28633,10714.468472860735,0.13645094820661474,0.46928369364020533,0.3942653581531799,83171.07587707935,5584.66748046875,2015,53.61063515686413,0.16923076923076924,0.4267990074441687,0.40397022332506205,180.27281170655476,6467.025390625,3564,67.03667973802365,0.2000561167227834,0.4107744107744108,0.3891694725028058,264.53825742454904
H9,12,2610527.75,28633,12660.689345130597,0.131526560262634,0.4738937589494639,0.3946146055250934,91229.3636748341,6570.4609375,2015,61.11917148113658,0.1687344913151365,0.4258064516129032,0.4054590570719603,208.18934236944585,125259.796875,3564,147.8828642670798,0.19809203142536475,0.4107744107744108,0.39113355780022446,2937.9274577205033
H9,13,2837281.0,28633,14081.636465543796,0.12869765655013446,0.47696713582230293,0.39443998183913664,94790.63432874007,7467.90966796875,2015,70.19443358841659,0.16774193548387098,0.4277915632754342,0.4044665012406948,251.25884014137984,366346.84375,3564,297.0089250784836,0.19696969696969696,0.41245791245791247,0.39057239057239057,8685.836548648515
H9,14,3007073.75,28633,16112.79655418033,0.1246114622987462,0.47738623266859914,0.39803722976984596,100132.53058500556,20044.068359375,2015,95.29830000608081,0.16674937965260547,0.428287841191067,0.40496277915632756,627.7337565253006,370511.875,3564,326.2534513230399,0.19584736251402918,0.41301907968574636,0.39141414141414144,8754.620441696632
H9,15,3101670.0,28633,17653.91616502143,0.1219571822722034,0.47745608214298185,0.4006216603220061,103552.71414884643,44836.16796875,2015,157.05014379750654,0.1662531017369727,0.4317617866004963,0.40198511166253104,1535.3938782954697,390278.0625,3564,399.01216668383046,0.19388327721661056,0.41470258136924804,0.39141414141414144,9266.49540055152
H9,16,3146214.0,28633,17601.211437782866,0.11867425697621625,0.4782942758355743,0.40310131666259214,103216.13590063232,346029.3125,2015,1165.5806195207904,0.16476426799007443,0.4292803970223325,0.40595533498759306,17665.152812081968,420937.0,3564,1202.4472344011642,0.1919191919191919,0.41442199775533106,0.393658810325477,18008.609550367506
H9,17,3152230.5,28633,17807.472654900375,0.11643907379596968,0.47784025425208676,0.40572067195194356,104028.33872268665,692172.625,2015,2294.3680796084445,0.16476426799007443,0.4297766749379653,0.4054590570719603,36074.22432310932,692172.625,3564,2103.309432113976,0.19079685746352412,0.4158249158249158,0.39337822671156003,32527.799976123264
H9,18,3161740.0,28633,18718.166379722064,0.11312122376279118,0.48189152376628364,0.40498725247092515,106968.13757992591,775670.5625,2015,2544.98668236505,0.1617866004962779,0.4327543424317618,0.4054590570719603,39837.599752865404,775670.5625,3564,2581.574497804991,0.18855218855218855,0.41891133557800225,0.3925364758698092,36507.857406224524
H9,19,3236556.25,28633,22621.448191100975,0.11036216952467433,0.48562847064575837,0.40400935982956726,130605.50436841218,1831140.25,2015,6236.724191064449,0.15930521091811414,0.4297766749379653,0.4109181141439206,89443.89745942524,1831140.25,3564,6777.974396875759,0.18434343434343434,0.4180695847362514,0.39758698092031425,80283.74005215276
H9,20,3323282.75,28633,22659.533860150164,0.10805713687004505,0.4881430517235358,0.4037998114064192,121706.38092326547,1379370.25,2015,5985.319281022814,0.15732009925558313,0.430272952853598,0.41240694789081883,66875.53726572254,1379370.25,3564,8170.21134296466,0.18209876543209877,0.4186307519640853,0.3992704826038159,68577.92422858714
H9,21,3356613.75,28633,23843.525337881583,0.10641567422205148,0.4915656759682883,0.4020884992840429,123407.27840483793,1303107.75,2015,7911.258586520859,0.15533498759305212,0.4317617866004963,0.4129032258064516,72004.900455253,1303107.75,3564,11600.296111162455,0.18013468013468015,0.4211560044893378,0.3992704826038159,82926.77716419693
H9,22,3361986.0,28633,24784.31936599871,0.10442496420214438,0.49362623546257817,0.4020186498096602,127261.01562066439,1499820.375,2015,9430.218237519815,0.1523573200992556,0.4347394540942928,0.4129032258064516,82411.0658638745,1499820.375,3564,13187.705658008521,0.17592592592592593,0.42368125701459036,0.4006734006734007,93151.54843119504
H9,23,3400280.5,28633,24172.104405260663,0.10281842629134216,0.4945342786295533,0.4026472950791045,119864.1889311329,1164031.75,2015,6892.103714205848,0.1513647642679901,0.43672456575682383,0.4119106699751861,60171.48883624399,1164031.75,3564,9890.311650683238,0.1734006734006734,0.4239618406285073,0.40263748597081933,66628.47400954396
H9,24,3453200.25,28633,24926.42706046288,0.10047846889952153,0.49502322495023227,0.4045332308874376,118835.16863127626,1006669.125,2015,6983.77420079187,0.14838709677419354,0.43672456575682383,0.4148883374689826,54599.74597662747,1006669.125,3564,10601.299883400743,0.16947250280583614,0.4234006734006734,0.40712682379349047,64671.70361268986
H9,25,3455763.5,28633,26622.80342780693,0.09904655467467607,0.4947787517898928,0.4061746935354311,122043.00606567798,1104984.5,2015,8379.44114885737,0.14689826302729528,0.43672456575682383,0.4163771712158809,61865.22171547701,1104984.5,3564,12880.465361770757,0.16778900112233447,0.42368125701459036,0.40852974186307517,73816.09374021884
H9,26,3427679.5,28633,28144.00770852502,0.09723046834072574,0.495791569168442,0.40697796249083223,126145.1102267947,1229993.5,2015,10210.054989610213,0.14540942928039702,0.43771712158808934,0.41687344913151364,71539.58647269862,1229993.5,3564,15775.872023294925,0.16498316498316498,0.42620650953984285,0.40881032547699214,86845.03641206905
H9,27,3438650.5,28633,28567.604984542355,0.09597317780183705,0.49547724653371983,0.4085495756644431,127637.52790126218,1294367.75,2015,11422.637042862973,0.14540942928039702,0.43821339950372207,0.4163771712158809,76972.73245909627,1294367.75,3564,17904.406968249434,0.1644219977553311,0.4273288439955107,0.40824915824915825,95798.89854893892
H9,28,3428205.5,28633,28102.453256729958,0.09429679041665212,0.49596619285439875,0.40973701672894913,127247.53511950404,1327655.25,2015,12228.637904379302,0.14292803970223325,0.43870967741935485,0.41836228287841193,80324.2851798812,1327655.25,3564,19500.790401207883,0.16245791245791247,0.4270482603815937,0.4104938271604938,102554.35580818592
H9,29,3297413.25,28633,28257.858452603406,0.09296965040338072,0.49435965494359657,0.4127056193902141,126358.73728224024,1344452.5,2015,12688.30847463924,0.14292803970223325,0.44069478908188586,0.4163771712158809,82536.92317172472,1358998.75,3564,20441.808604910013,0.16217732884399552,0.4292929292929293,0.40881032547699214,106622.92192785199
H9,30,3031805.25,28633,28477.284824222505,0.0908392414347082,0.4918101491286278,0.4174204589110467,124887.24571924662,1358428.75,2015,12970.480377490829,0.141439205955335,0.4421836228287841,0.4163771712158809,83989.6923605822,1391226.25,3564,20746.61267221523,0.16021324354657687,0.43041526374859707,0.409652076318743,108135.04210087025
H9,31,2660081.0,28633,28796.388284686316,0.0894422519470541,0.4933468375650473,0.41724583522508996,124616.18017090301,1376550.5,2015,13226.574832786539,0.141439205955335,0.4411910669975186,0.4173697270471464,85406.88673145797,1418031.5,3564,21189.25090278669,0.15993265993265993,0.4298540965207632,0.4102132435465769,110107.2307208593
H9,32,2308118.0,28633,28989.373797162814,0.08710229455523347,0.49463905284112736,0.41825865260363915,124406.9603847908,1393342.75,2015,13481.621223325732,0.13945409429280398,0.44168734491315137,0.41885856079404465,86621.42269471646,1439694.375,3564,21490.66698890466,0.1579685746352413,0.43069584736251404,0.4113355780022447,111255.35289583271
H9,33,2113408.5,28633,29519.848526459627,0.08518143400970908,0.49421995599483115,0.4205986099954598,124383.2631488617,1409760.75,2015,13984.543059472298,0.13746898263027296,0.4426799007444169,0.41985111662531016,88021.33651670504,1458949.5,3564,21954.527385180158,0.15684624017957352,0.43041526374859707,0.4127384960718294,112155.010969811
H9,34,2086307.125,28633,30121.099268462844,0.08329549820137604,0.49488352600146684,0.42185590053434846,124484.46578863425,1424649.625,2015,14670.179668539513,0.13548387096774195,0.4476426799007444,0.41687344913151364,90178.80789587859,1476733.25,3564,22613.891301574196,0.15432098765432098,0.4340628507295174,0.4116161616161616,113856.44802828462
H9,35,2148329.5,28633,30493.9888029753,0.08252715398316628,0.49397548283449166,0.42356721265672476,124437.87282433678,1438924.375,2015,15262.048925290661,0.13548387096774195,0.4476426799007444,0.41687344913151364,92890.44077895053,1493267.125,3564,23238.54861777607,0.15432098765432098,0.4337822671156005,0.4118967452300786,116137.05258690362
H9,36,2236055.25,28633,31114.09251718796,0.0814794118674257,0.49201969755177594,0.42653581531798973,125859.47601954897,1452857.25,2015,15743.37280072598,0.1344913151364764,0.4481389578163772,0.4173697270471464,95629.22704873611,1509168.25,3564,23819.38676908052,0.15347923681257014,0.43434343434343436,0.4121773288439955,118598.289873517
H9,37,2277619.75,28633,32322.12173394203,0.08085076659798135,0.4892955680508504,0.4298885900883596,129399.52837680075,1467997.75,2015,16154.636832163795,0.1344913151364764,0.4491315136476427,0.4163771712158809,98141.7157551284,1526320.0,3564,24473.609483077118,0.15347923681257014,0.4346240179573513,0.4118967452300786,121323.29819286181
H9,38,2225614.0,28633,33607.01936753459,0.0794188523731359,0.4877239548772396,0.4328921174868159,133110.70537401835,1480822.375,2015,16528.628310952085,0.1334987593052109,0.4501240694789082,0.41687344913151364,100471.44454501537,1541322.25,3564,25128.326747407824,0.15095398428731763,0.43658810325476993,0.4127384960718294,124032.25752840818
H9,39,2199284.5,28633,34970.78701232918,0.0788251318408829,0.48786365382600494,0.43331121433311215,137377.34481962066,1492980.375,2015,16937.30166250219,0.1325062034739454,0.4496277915632754,0.41786600496277915,103118.95928607757,1555566.875,3564,25905.48436241672,0.15039281705948374,0.43574635241301907,0.41386083052749717,127229.54907242037
H9,40,2201839.25,28633,36206.86113000143,0.07767261551356826,0.48971466489714666,0.4326127195892851,141437.50753428822,1503426.625,2015,17329.272578303386,0.13101736972704714,0.4486352357320099,0.42034739454094294,105774.94187786072,1568746.125,3564,26684.08474363981,0.14870931537598203,0.43630751964085296,0.414983164983165,130543.79397773367
H9,41,2264818.75,28633,36671.711027019126,0.07721859393008068,0.4884224496210666,0.4343589564488527,142754.5658291548,1513463.875,2015,17703.069347485147,0.13101736972704714,0.4511166253101737,0.41786600496277915,108581.78949445066,1580674.25,3564,27154.0520113896,0.14814814814814814,0.43799102132435463,0.41386083052749717,132873.27267630066
H9,42,2328468.25,28633,37649.52185882308,0.0761010023399574,0.4871651590821779,0.4367338385778647,146095.85308279624,1523040.625,2015,18075.71519669623,0.13052109181141439,0.4486352357320099,0.42084367245657567,111414.21626287719,1592099.5,3564,27811.01640544845,0.14758698092031425,0.43686868686868685,0.4155443322109989,135992.26919593723
H9,43,2393966.25,28633,39024.90563953227,0.07547235707051304,0.48692068592183846,0.4376768064820312,151122.1892840587,1532532.5,2015,18451.028154828044,0.13002481389578163,0.4511166253101737,0.41885856079404465,114341.44841831435,1603129.5,3564,28553.48213072752,0.14758698092031425,0.43799102132435463,0.41442199775533106,139543.61942152705
H9,44,2460863.5,28633,41076.34885867757,0.07456431390353788,0.48562847064575837,0.4398072154507037,159038.78990126838,1601426.75,2015,18847.816077829528,0.12853598014888337,0.4511166253101737,0.42034739454094294,117498.89811948707,1613797.25,3564,29480.445707929284,0.14590347923681257,0.4385521885521885,0.4155443322109989,143959.71213022296
H9,45,2528487.0,28633,43956.64416083213,0.07386581915971083,0.4827995669332588,0.44333461390703033,171095.73844286855,1707539.25,2015,19253.499038286165,0.12853598014888337,0.4486352357320099,0.4228287841191067,120800.26444090334,1707539.25,3564,30661.79929417143,0.1447811447811448,0.43742985409652074,0.41778900112233447,149695.56677683134
H9,46,2598038.5,28633,45185.547233496545,0.07288792651835295,0.479446792162889,0.4476652813187581,176378.10546280103,1751621.125,2015,19501.427588101935,0.12803970223325062,0.4476426799007444,0.42431761786600497,122497.19199814618,1751621.125,3564,31251.83247810127,0.143658810325477,0.43574635241301907,0.42059483726150393,152385.4043386423
H9,47,2669601.25,28633,43399.48733198146,0.07239898019767402,0.48007543743233333,0.4475954318443754,168003.59300650508,1906694.375,2015,19917.853435094104,0.12803970223325062,0.4521091811414392,0.41985111662531016,126783.87044251448,1906694.375,3564,30904.90298022784,0.14309764309764308,0.4382716049382716,0.4186307519640853,152047.423712915
H9,48,2743751.75,28633,43877.684201068885,0.07170048545384695,0.4783990500471484,0.44993538923619597,170275.66222800233,2046858.625,2015,20365.332231914985,0.12655086848635236,0.45161290322580644,0.4218362282878412,131006.46912773642,2046858.625,3564,31433.791445751194,0.14113355780022446,0.4393939393939394,0.41947250280583614,155446.64346001143
H9,49,2843752.75,28633,46739.458115530026,0.07131631334474207,0.4697726399608843,0.45894597143156496,181173.20175109847,2181452.5,2015,20834.85349464231,0.1260545905707196,0.45260545905707195,0.4218362282878412,135375.6894517444,2181452.5,3564,32293.064980107705,0.14029180695847362,0.44135802469135804,0.4186307519640853,160147.22852938905
H9,50,2921104.5,28633,46854.90017283908,0.07040827017776691,0.47253169419900115,0.45706003562323194,184981.70804888278,2328588.5,2015,21334.979109766504,0.12406947890818859,0.45359801488833745,0.42233250620347396,140168.9751082872,2328588.5,3564,33099.127429380016,0.138327721661055,0.4424803591470258,0.41919191919191917,164876.87643080982
H9,51,3005928.5,28633,47981.36132702579,0.06998917333147069,0.46795655362693395,0.46205427304159535,192185.43315044645,2502195.5,2015,21895.441507831358,0.12357320099255584,0.45508684863523574,0.42133995037220845,145847.8574008519,2502195.5,3564,34077.16563527317,0.1377665544332211,0.4430415263748597,0.41919191919191917,170700.14731164442
H9,52,3087298.0,28633,50035.02389238248,0.06908113016449552,0.4653721230747739,0.4655467467607306,202297.4208445597,2699758.75,2015,22508.968004423405,0.12258064516129032,0.45508684863523574,0.42233250620347396,152395.4904858419,2699758.75,3564,35148.73306642967,0.13720538720538722,0.4430415263748597,0.41975308641975306,177376.28592181412
H9,53,3162948.0,28633,51828.960149872815,0.06848740963224252,0.4634163377920581,0.46809625257569937,209889.45268710318,2851805.0,2015,22998.354857019796,0.12208436724565756,0.45508684863523574,0.4228287841191067,157654.87069407073,2851805.0,3564,36011.78189945267,0.13692480359147025,0.4430415263748597,0.42003367003367004,182728.15041130362
H9,54,3347795.75,28633,53510.30582430829,0.06810323752313764,0.46090175671428074,0.47099500576258163,217297.29082575237,3012744.25,2015,23507.248008248807,0.12158808933002481,0.45607940446650125,0.42233250620347396,163254.49398221928,3012744.25,3564,36898.10962197981,0.1360830527497194,0.44332210998877664,0.42059483726150393,188392.16179147837
H9,55,3545547.5,28633,55129.70410787045,0.06806831278594629,0.4576886808926763,0.47424300632137745,224364.8709167314,3180098.75,2015,24028.38806803998,0.12158808933002481,0.45607940446650125,0.42233250620347396,169161.59377152353,3180098.75,3564,37796.91562221977,0.1360830527497194,0.44332210998877664,0.42059483726150393,194281.8808523558
H9,56,3739578.5,28633,56690.19280428577,0.06733489330492788,0.45402158348758426,0.4786435232074879,231155.09441814545,3338704.75,2015,24528.65070765688,0.12158808933002481,0.45707196029776676,0.42133995037220845,174856.62252945738,3338704.75,3564,38657.113355791786,0.13552188552188552,0.4444444444444444,0.42003367003367004,199980.1868126795
H9,57,3922417.5,28633,58231.03331427004,0.06716026961897112,0.45101805608912793,0.481821674291901,237623.8275328452,3494981.25,2015,25018.423914907755,0.12109181141439206,0.4575682382133995,0.42133995037220845,180535.87802625287,3494981.25,3564,39499.30493052603,0.13524130190796857,0.4452861952861953,0.41947250280583614,205634.13209366688
H9,58,4106323.0,28633,59773.38959545182,0.06635700066357,0.4506688087172144,0.4829741906192156,244071.15762808602,3651135.25,2015,25468.3318053762,0.1205955334987593,0.4575682382133995,0.4218362282878412,186047.40560995118,3651135.25,3564,40289.178206397926,0.13468013468013468,0.4458473625140292,0.41947250280583614,211113.58634194464
H9,59,4305418.0,28633,61214.85200617892,0.06614745224042189,0.45091328187755386,0.48293926588202424,250898.76414370345,3810476.25,2015,25864.29428578656,0.1205955334987593,0.45806451612903226,0.42133995037220845,191665.7841863252,3810476.25,3564,41021.99378559772,0.13468013468013468,0.44668911335578004,0.4186307519640853,216677.96418820598
H9,60,4508971.5,28633,62516.99480555777,0.06572835539412566,0.45011001292215275,0.48416163168372156,257574.96959086385,3970222.25,2015,26300.120632284532,0.12009925558312655,0.45905707196029777,0.42084367245657567,197781.8963045464,3970222.25,3564,41800.48633591351,0.13383838383838384,0.44668911335578004,0.41947250280583614,222700.92432715552
H9,61,4705080.5,28633,63742.48051598455,0.06565850591974295,0.4473509586840359,0.48699053539622117,263876.1614031545,4134297.75,2015,26749.608553173977,0.12009925558312655,0.4595533498759305,0.42034739454094294,204298.1326393727,4134297.75,3564,42594.87373069494,0.13383838383838384,0.44696969696969696,0.41919191919191917,229044.4179310961
H9,62,4895807.5,28633,64985.796289142745,0.06530925854782943,0.4460238186707645,0.4887018475185974,270102.01239121135,4290955.5,2015,27187.045104604582,0.1196029776674938,0.45905707196029777,0.42133995037220845,210609.46608578134,4290955.5,3564,43363.72994724511,0.132996632996633,0.44668911335578004,0.42059483726150393,235172.27223091578
H9,63,5073115.5,28633,66239.51991199364,0.06499493591310726,0.4454999476128942,0.4895051164739985,276382.49740699376,4440522.5,2015,27622.90968444239,0.1196029776674938,0.45707196029776676,0.42332506203473946,216683.43459403134,4440522.5,3564,44118.3029572255,0.1324354657687991,0.4452861952861953,0.4222783389450056,241058.70948477564
H9,64,5264698.0,28633,67448.99138436806,0.06405196800894074,0.44501100129221527,0.49097195543603533,282585.5258677261,4585952.5,2015,28080.33966066171,0.11861042183622829,0.45508684863523574,0.426302729528536,222649.63903031862,4585952.5,3564,44868.07653115512,0.13159371492704827,0.4436026936026936,0.42480359147025815,246798.64988789527
H9,65,5469471.5,28633,68666.57030428198,0.06387734432298398,0.4446268291831104,0.4914958264939056,288933.2609793125,4734096.5,2015,28504.431991173893,0.11861042183622829,0.45607940446650125,0.4253101736972705,228797.96843588137,4734096.5,3564,45577.96143624344,0.13159371492704827,0.44388327721661053,0.4245230078563412,252654.08112031428
H9,66,5679666.0,28633,69921.3812038047,0.06307407536758286,0.44378863549051795,0.49317221387909055,295305.8851666569,4886187.0,2015,28926.496060874797,0.11662531017369727,0.45707196029776676,0.426302729528536,235173.45860811425,4886187.0,3564,46275.95983826913,0.12962962962962962,0.44556677890011226,0.42480359147025815,258609.28288476705
H9,67,5883187.5,28633,71144.26092199943,0.06307407536758286,0.4432298396954563,0.4936960849369608,301714.6051942472,5033259.0,2015,29347.511504996717,0.11761786600496278,0.456575682382134,0.4258064516129032,241348.57271011398,5033259.0,3564,46989.59235037207,0.13019079685746351,0.4452861952861953,0.4245230078563412,264550.6613182454
H9,68,6079234.5,28633,72348.63668201945,0.06258512904690393,0.4429155170607341,0.4945342786295533,308157.2560109749,5174779.5,2015,29753.455413363834,0.11712158808933003,0.45508684863523574,0.4277915632754342,247233.4486998512,5174779.5,3564,47690.51860733841,0.12934904601571268,0.4450056116722783,0.42564534231200896,270227.3423414523
H9,69,6276162.0,28633,73588.7154798543,0.062340655886564456,0.44274089337477734,0.49495337547584956,315089.8021431257,5315890.0,2015,30148.28031590004,0.11712158808933003,0.45607940446650125,0.4267990074441687,253119.98800098992,5315890.0,3564,48413.08217708885,0.12906846240179573,0.4458473625140292,0.42508417508417506,276024.8517363072
H9,70,6474404.5,28633,74757.9479997991,0.0617120106171201,0.4426361191632033,0.4957217196940593,321687.6320149427,5457592.5,2015,30543.45307595613,0.11662531017369727,0.45558312655086847,0.428287841191067,258926.78153689293,5457592.5,3564,49113.78166121851,0.1282267115600449,0.44556677890011226,0.4264870931537598,281706.72847844067
H9,71,6679037.0,28633,75913.57517544007,0.061572311668354696,0.4420423986309503,0.496385289700695,328150.737789333,5603095.5,2015,30912.734774425768,0.11612903225806452,0.45558312655086847,0.428287841191067,264318.80452768435,5603095.5,3564,49841.80098837848,0.127665544332211,0.4458473625140292,0.4264870931537598,287243.8940748751
H9,72,6884814.0,28633,77129.9719271696,0.060873816924527646,0.4419026996821849,0.4972234833932875,334610.6271257262,5748908.5,2015,31210.20421747643,0.11364764267990074,0.456575682382134,0.4297766749379653,268152.17133354105,5748908.5,3564,50660.41781367478,0.12598204264870932,0.44640852974186307,0.4276094276094276,292370.1256142185
H9,73,7099600.5,28633,78426.56782067778,0.060524569552614114,0.44134390388712325,0.49813152656026266,341333.52885764366,5898983.5,2015,31324.91605505784,0.11364764267990074,0.45607940446650125,0.430272952853598,269217.583622086,5898983.5,3564,51659.86510758237,0.12598204264870932,0.44556677890011226,0.42845117845117847,297764.03656278946
H9,74,7307743.0,28633,79621.78936463418,0.060140397443509234,0.4412391296755492,0.4986204728809416,347348.02321778605,6045370.5,2015,31691.09637929602,0.11364764267990074,0.45707196029776676,0.4292803970223325,274342.03233453195,6045370.5,3564,52440.97081322144,0.12598204264870932,0.44612794612794615,0.4278900112233446,303727.13004669413
H9,75,7511055.5,28633,80652.97839862265,0.059930849020361124,0.44061048440610484,0.49952851604791676,352426.1160903327,6188719.0,2015,32124.122478372832,0.11364764267990074,0.45607940446650125,0.4307692307692308,280593.1304264569,6188719.0,3564,53114.69870123538,0.12598204264870932,0.4458473625140292,0.42845117845117847,309446.6107272035
H9,76,7713785.5,28633,81752.89697254125,0.059546676911256244,0.44019138755980863,0.5002968602661265,357646.8056204258,6330880.5,2015,32572.983412002748,0.11364764267990074,0.45607940446650125,0.4307692307692308,286788.6528473835,6330880.5,3564,53836.40914495258,0.12598204264870932,0.4458473625140292,0.42845117845117847,315314.74967486085
H9,77,7923872.0,28633,82971.95316105596,0.05926727901372542,0.439737365976321,0.5010302797471449,363350.79743906076,6478072.0,2015,33045.70059113897,0.11315136476426799,0.45607940446650125,0.4307692307692308,293172.24000033445,6478072.0,3564,54629.531907141565,0.12570145903479238,0.44556677890011226,0.4287317620650954,321558.4977503076
H9,78,8122842.0,28633,84102.88925225972,0.058778332693046484,0.4390039464953026,0.502217720811651,368345.86896289577,6614289.5,2015,33606.7086192148,0.11215880893300248,0.45558312655086847,0.432258064516129,299275.2337866453,6614289.5,3564,55547.45070430363,0.12485970819304153,0.4452861952861953,0.4298540965207632,327615.3057305443
H9,79,8330496.0,28633,85184.7740979047,0.058743407955855136,0.43896902175811126,0.5022875702860335,373279.1425056763,6743591.0,2015,34219.30311310271,0.11265508684863523,0.45607940446650125,0.4312655086848635,305505.3684676515,6743591.0,3564,56568.42510293633,0.12542087542087543,0.44556677890011226,0.42901234567901236,333824.31967394263
H9,80,8540517.0,28633,86317.66939309984,0.058289386372367545,0.4388642475465372,0.5028463660810952,378983.5954889563,6871607.5,2015,34782.19079680237,0.11166253101736973,0.45558312655086847,0.4327543424317618,311664.36780432763,6871607.5,3564,57767.75092134932,0.12457912457912458,0.4452861952861953,0.43013468013468015,340374.55655751465
H9,81,8749317.0,28633,87501.27995048504,0.0582544616351762,0.4388642475465372,0.5029162155554779,385162.1407782564,6999074.0,2015,35339.69706845065,0.11166253101736973,0.45558312655086847,0.4327543424317618,317807.3807262887,6999074.0,3564,58881.040938042184,0.12457912457912458,0.4450056116722783,0.43041526374859707,347045.02126878273
H9,82,8946442.0,28633,88698.96712673988,0.05783536478887996,0.4391785701812594,0.5029860650298607,391557.8420423219,7123285.0,2015,35927.80200949262,0.11166253101736973,0.45558312655086847,0.4327543424317618,323872.30739519355,7123285.0,3564,59857.79630465088,0.12429854096520764,0.4450056116722783,0.43069584736251404,353310.48925026815
H9,83,9139656.0,28633,89887.28837383381,0.05776551531449726,0.43889917228372854,0.5033353124017742,397956.5593604103,7246717.0,2015,36551.552983335685,0.11166253101736973,0.45558312655086847,0.4327543424317618,330003.75992845156,7246717.0,3564,60885.13925067984,0.12429854096520764,0.4450056116722783,0.43069584736251404,359671.7395249695
H9,84,9325338.0,28633,91057.35533468491,0.057590891628540496,0.4387245485977718,0.503719484510879,404025.566379929,7365464.0,2015,37226.3480785554,0.11166253101736973,0.45558312655086847,0.4327543424317618,336044.3158118253,7365464.0,3564,61956.963140791115,0.12401795735129069,0.4450056116722783,0.43097643097643096,365911.4000253494
H9,85,9510404.0,28633,92206.75346740779,0.05741626794258373,0.438445150700241,0.5041735060943666,409911.6407601154,7482437.0,2015,37943.162677000684,0.11215880893300248,0.45607940446650125,0.4317617866004963,342120.3465657391,7482437.0,3564,63087.95225831687,0.12429854096520764,0.4452861952861953,0.43041526374859707,372203.5451964146
H9,86,9691776.0,28633,93369.42233727268,0.05703209583347885,0.43861977438619776,0.5044179792547061,415731.22827555094,7595788.0,2015,38708.277517694325,0.11166253101736973,0.45607940446650125,0.432258064516129,348170.4688182343,7595788.0,3564,64280.081653024514,0.12373737373737374,0.4452861952861953,0.43097643097643096,378491.9614597055
H9,87,9870561.0,28633,94545.47436969123,0.056822547410330736,0.4380260538539448,0.5051513987357246,421498.9472291918,7706300.5,2015,39496.15970522599,0.11166253101736973,0.45558312655086847,0.4327543424317618,354198.57488342846,7706300.5,3564,65507.79278979743,0.12345679012345678,0.4452861952861953,0.43125701459034793,384779.3129856801
H9,88,10036755.0,28633,95667.6700701469,0.05671777319875668,0.43788635490517935,0.5054657213704467,427389.25843044056,7812437.0,2015,40267.291332842025,0.11166253101736973,0.45607940446650125,0.432258064516129,359929.3056519237,7812437.0,3564,66725.98260673367,0.12345679012345678,0.44556677890011226,0.43097643097643096,390861.06398201943
H9,89,10187692.0,28633,96819.3668530193,0.05668284846156533,0.4374672580588831,0.5058848182167429,433163.58087744523,7921795.0,2015,41029.304483934306,0.11215880893300248,0.45508684863523574,0.4327543424317618,365293.98240038747,7921795.0,3564,67936.53750699146,0.12429854096520764,0.4444444444444444,0.43125701459034793,396652.8878257172
H9,90,10329638.0,28633,97920.22338162405,0.05661299898718262,0.43764188174483987,0.5057800440051688,438770.69077554066,8026265.0,2015,41810.49831416541,0.11215880893300248,0.45508684863523574,0.43325062034739453,370499.3973815933,8026265.0,3564,69170.34794796546,0.12429854096520764,0.4444444444444444,0.43153759820426485,402313.1949206695
H9,91,10464961.0,28633,99020.66453120051,0.05668284846156533,0.43781650543079664,0.505500646107638,444319.4463357406,8127494.5,2015,42631.397491563344,0.11166253101736973,0.45459057071960296,0.4337468982630273,375617.6906480652,8127494.5,3564,70463.38112897656,0.12429854096520764,0.4441638608305275,0.43153759820426485,407959.1681447288
H9,92,10595888.0,28633,100074.50585821892,0.056543149512799915,0.4376768064820312,0.5057800440051688,449810.326672571,8227910.0,2015,43445.59429387878,0.11116625310173697,0.45459057071960296,0.43424317617866004,380635.5595830894,8227910.0,3564,71750.86166332322,0.12373737373737374,0.4441638608305275,0.43209876543209874,413530.0820299261
H9,93,10725035.0,28633,101127.1720524211,0.05647330003841721,0.43757203227045716,0.5059546676911256,455432.7733283814,8372481.5,2015,44257.88391986209,0.11116625310173697,0.45508684863523574,0.4337468982630273,385897.59755986335,8372481.5,3564,73048.97761195524,0.12345679012345678,0.4447250280583614,0.4318181818181818,419607.36127876054
H9,94,10860845.0,28633,102176.97650801793,0.0563336010896518,0.43764188174483987,0.5060245171655083,460744.8631096242,8474877.0,2015,45052.83341543728,0.11066997518610422,0.45558312655086847,0.4337468982630273,390840.84947272565,8474877.0,3564,74328.72342484939,0.12317620650953984,0.4447250280583614,0.43209876543209874,425209.7187760217
H9,95,10988463.0,28633,103125.48549977694,0.05657807424999127,0.4380609785911361,0.5053609471588726,465292.84337872325,8561424.0,2015,45752.06983122559,0.11116625310173697,0.45508684863523574,0.4337468982630273,395220.17962728423,8561424.0,3564,75445.03722317501,0.12373737373737374,0.4447250280583614,0.43153759820426485,430141.41147003806
H9,96,11105443.0,28633,103911.50635159579,0.056543149512799915,0.4383403764886669,0.5051513987357246,469309.6990008136,8637498.0,2015,46322.48310613628,0.11116625310173697,0.45558312655086847,0.43325062034739453,399029.8769860093,8637498.0,3564,76365.19142193592,0.12373737373737374,0.4450056116722783,0.43125701459034793,434414.2080278058
H9,97,11190055.0,28633,104518.60135020009,0.05664792372437397,0.4386546991233891,0.5047672266266197,472480.5613807321,8696020.0,2015,46769.76245163142,0.11116625310173697,0.45607940446650125,0.43325062034739453,401943.07190794643,8696020.0,3564,77079.1312332971,0.12373737373737374,0.4452861952861953,0.43125701459034793,437675.83585511666
H9,98,11258184.0,28633,104981.66866562117,0.05661299898718262,0.4392484196556421,0.5042782803059407,474926.08782094845,8743461.0,2015,47124.31413308052,0.11215880893300248,0.45707196029776676,0.432258064516129,404300.61967009923,8743461.0,3564,77645.19496961657,0.12429854096520764,0.44612794612794615,0.43041526374859707,440289.8473428134
H9,99,11304192.0,28633,105306.25509029064,0.05671777319875668,0.4395976670275556,0.503719484510879,476572.22051797935,8777609.0,2015,47395.47543117735,0.11116625310173697,0.45707196029776676,0.432258064516129,406012.9912401605,8777609.0,3564,78068.02914113307,0.12429854096520764,0.44612794612794615,0.4298540965207632,442175.1343240116
H9,100,11339872.0,28633,105495.83033501681,0.05664792372437397,0.43977229071351237,0.503614710299305,477980.50511716324,8804543.0,2015,47597.98859960553,0.11116625310173697,0.458560794044665,0.4307692307692308,407357.42863847344,8804543.0,3564,78391.50481355966,0.12429854096520764,0.44696969696969696,0.42901234567901236,443664.0613847656
H9,101,11364586.0,28633,105610.2413844924,0.05678762267313939,0.4396675165019383,0.5035448608249223,479172.0038656841,8824077.0,2015,47755.9117272878,0.11116625310173697,0.4575682382133995,0.4312655086848635,408353.4166618538,8824077.0,3564,78646.9451236854,0.12429854096520764,0.44640852974186307,0.4292929292929293,444799.1458194259
H9,102,11384518.0,28633,105661.30266532136,0.05689239688471344,0.4398421401878951,0.5033353124017742,479984.9506666604,8839603.0,2015,47868.68232163274,0.11116625310173697,0.458560794044665,0.4307692307692308,409131.83599536505,8839603.0,3564,78833.31357844657,0.12429854096520764,0.44696969696969696,0.42901234567901236,445675.19213493523
H9,103,11395727.0,28633,105647.21432884305,0.05710194530786156,0.4399818391366605,0.5029511402926693,480376.5156331524,8848899.0,2015,47937.36078516339,0.11066997518610422,0.458560794044665,0.4312655086848635,409595.4069636795,8848899.0,3564,78941.9197441603,0.12401795735129069,0.44725028058361394,0.42901234567901236,446190.5100078817
H9,104,11402071.0,28633,105546.62647345808,0.05710194530786156,0.44001676387385186,0.5028812908182866,480639.2370210472,8853799.0,2015,47959.817291033,0.11017369727047147,0.45806451612903226,0.4317617866004963,409830.7709786213,8853799.0,3564,78988.17574180131,0.12373737373737374,0.44668911335578004,0.42957351290684626,446463.5945018102
H9,105,11402848.0,28633,105407.02264731121,0.057311493731009674,0.43987706492508644,0.5028114413439039,480875.42051120603,8854332.0,2015,47960.442920646536,0.11017369727047147,0.45806451612903226,0.4317617866004963,409867.9441902778,8854332.0,3564,79001.78013786155,0.12373737373737374,0.44668911335578004,0.42957351290684626,446549.2564262878
H9,106,11401471.0,28633,105241.02281275479,0.05734641846820103,0.4401564628226173,0.5024971187091817,480794.8389869742,8852748.0,2015,47929.37778517061,0.11066997518610422,0.458560794044665,0.4307692307692308,409775.8256780538,8852748.0,3564,78964.87183673553,0.12401795735129069,0.44725028058361394,0.4287317620650954,446463.066316897
H9,107,11392548.0,28633,105018.83709831424,0.057695665840114554,0.44026123703419134,0.5020430971256942,480190.6035041873,8845816.0,2015,47855.11716034947,0.11215880893300248,0.4575682382133995,0.430272952853598,409394.8430999501,8845816.0,3564,78847.56896537416,0.1251402918069585,0.44640852974186307,0.42845117845117847,446021.91876011394
H9,108,11378929.0,28633,104705.93451866176,0.0577305905773059,0.44036601124576535,0.5019033981769288,479541.72233013704,8834627.0,2015,47743.822121018835,0.11215880893300248,0.4575682382133995,0.430272952853598,408804.14871104277,8834627.0,3564,78679.64960060608,0.1251402918069585,0.44640852974186307,0.42845117845117847,445369.0886140886
H9,109,11360410.0,28633,104361.07985521581,0.057975063737645376,0.4405057101945308,0.5015192260678238,478991.2453554577,8819711.0,2015,47617.01921748848,0.11265508684863523,0.4575682382133995,0.4297766749379653,408057.645348931,8819711.0,3564,78494.27468614838,0.12570145903479238,0.44668911335578004,0.4276094276094276,444591.77397664904
H9,110,11340711.0,28633,104012.63038232857,0.05804491321202808,0.4408898823036357,0.5011350539587189,478016.53491642955,8803660.0,2015,47459.10211957934,0.11265508684863523,0.45806451612903226,0.4297766749379653,407215.9326277346,8803660.0,3564,78261.30949334962,0.12570145903479238,0.44668911335578004,0.4278900112233446,443673.45242388063
H9,111,11311946.0,28633,103596.69946000125,0.058289386372367545,0.4406454091432962,0.5010652044843362,476434.24678869505,8781852.0,2015,47256.63745656879,0.11215880893300248,0.456575682382134,0.4312655086848635,406060.37885604316,8781852.0,3564,77936.76273406453,0.12542087542087543,0.44556677890011226,0.42901234567901236,442350.14280878025
H9,112,11277623.0,28633,103092.37515855557,0.058359235846750256,0.4405755596689135,0.5010652044843362,474715.76072757,8755772.0,2015,47015.37039147163,0.11166253101736973,0.458560794044665,0.4297766749379653,404684.26756863674,8755772.0,3564,77554.25651731507,0.1251402918069585,0.44668911335578004,0.4281705948372615,440795.8415016267
H9,113,11231495.0,28633,102520.7572621671,0.05863863374428108,0.44029616177138264,0.5010652044843362,472758.11080919835,8722941.0,2015,46740.3676642413,0.11166253101736973,0.45806451612903226,0.430272952853598,403000.0367803673,8722941.0,3564,77117.3103238632,0.12542087542087543,0.44640852974186307,0.4281705948372615,438918.1753874186
H9,114,11180956.0,28633,101895.51206227233,0.058778332693046484,0.44043586072014806,0.5007858065868054,470567.41895054304,8686512.0,2015,46420.906191700946,0.11166253101736973,0.45806451612903226,0.430272952853598,401103.3715739593,8686512.0,3564,76618.13932290065,0.12542087542087543,0.44640852974186307,0.4281705948372615,436800.27156870824
H9,115,11116731.0,28633,101190.99912293394,0.05919742953934272,0.4405755596689135,0.5002270107917438,467958.7145825804,8642993.0,2015,46068.16650988838,0.11166253101736973,0.45707196029776676,0.4312655086848635,398863.18470348493,8642993.0,3564,76050.27049791688,0.12598204264870932,0.44556677890011226,0.42845117845117847,434296.16161434446
H9,116,11043656.0,28633,100404.7550238826,0.05923235427653407,0.440820032829253,0.49994761289421297,465233.60692922137,8594682.0,2015,45674.8741480397,0.11166253101736973,0.458560794044665,0.4297766749379653,396384.1202061555,8594682.0,3564,75445.47428301847,0.12598204264870932,0.44696969696969696,0.4270482603815937,431553.476396685
H9,117,10958482.0,28633,99562.48256214565,0.059546676911256244,0.44075018335487026,0.49973806447106484,462375.73318616895,8540745.0,2015,45230.802899084374,0.11215880893300248,0.4595533498759305,0.428287841191067,393576.4155907286,8540745.0,3564,74751.21747690973,0.12654320987654322,0.44725028058361394,0.42620650953984285,428466.41958641243
H9,118,10878477.0,28633,98733.56652223326,0.05961652638563895,0.4407152586176789,0.4997031397338735,459596.10097170295,8486539.0,2015,44762.57326537331,0.11215880893300248,0.4575682382133995,0.4307692307692308,390763.8862971757,8486539.0,3564,74027.10453775796,0.12654320987654322,0.4458473625140292,0.4278900112233446,425354.43187203334
H9,119,10798851.0,28633,97887.4759975087,0.060105472706317886,0.44036601124576535,0.49952851604791676,456574.61369307345,8429887.0,2015,44256.03971703274,0.11215880893300248,0.4575682382133995,0.430272952853598,387833.934987557,8429887.0,3564,73230.87830554137,0.12654320987654322,0.4458473625140292,0.4276094276094276,422074.73218536045
