checkpoint,requested_epoch,loaded_epoch,cell_balance_mae_ft3,cell_balance_mse_ft6,cell_balance_rmse_ft3,cell_mse_loss,num_cell_samples,num_one_step_hydrographs,num_rollout_hydrographs,one_step_mse_loss,one_step_zone_0_rmse,one_step_zone_0_volume_rmse,one_step_zone_0_wd_rmse,one_step_zone_1_rmse,one_step_zone_1_volume_rmse,one_step_zone_1_wd_rmse,one_step_zone_2_rmse,one_step_zone_2_volume_rmse,one_step_zone_2_wd_rmse,one_step_zone_3_rmse,one_step_zone_3_volume_rmse,one_step_zone_3_wd_rmse,one_step_zone_loss,relative_cell_balance_rmse,rollout_length,rollout_rmse,rollout_volume_rmse,rollout_wd_rmse,target_budget_rms_ft3,zone_0_rollout_rmse,zone_0_rollout_volume_rmse,zone_0_rollout_wd_rmse,zone_1_rollout_rmse,zone_1_rollout_volume_rmse,zone_1_rollout_wd_rmse,zone_2_rollout_rmse,zone_2_rollout_volume_rmse,zone_2_rollout_wd_rmse,zone_3_cell_balance_mae_ft3,zone_3_cell_balance_mse_ft6,zone_3_cell_balance_rmse_ft3,zone_3_rollout_rmse,zone_3_rollout_volume_rmse,zone_3_rollout_wd_rmse
noface_e50_seed1,0,0,2597.712205762987,10656406.454545455,3264.4151780289,0.0023295042685583813,77,3,3,0.0024492666125297546,0.049312704553206764,0.04923869172732035,0.04930190866192182,0.05013605331381162,0.04691146189967791,0.052820066610972084,0.050007314731677376,0.044053410490353904,0.05468039959669113,0.047339739898840584,0.03412109302977721,0.05741224065423012,0.0024036949034780264,4.846457706122112,25,0.5060326649745306,0.5115119384725889,0.49980585704247155,673.5672476632254,0.47931813552975655,0.5256833508610725,0.42719756255547203,0.5228226515154044,0.5407448137799898,0.5028470910092195,0.5198342423141002,0.5021070125699043,0.5358149163921674,1917.376047902293,5969577.814935065,2443.271948624439,0.5592004188895225,0.35657410604258377,0.704672401001056
noface_e50_seed1,1,1,2550.347803685572,10101513.16883117,3178.287773130553,0.0019709670526132763,77,3,3,0.002145717153325677,0.04722079262137413,0.05033992355068525,0.043666474521160126,0.04653057207663854,0.04321727777520815,0.04912267501155535,0.045295584946870804,0.042089059948921204,0.04755996043483416,0.04239868621031443,0.03268947824835777,0.0500349390010039,0.0019824826158583164,4.718590139524798,25,0.49596865038077037,0.5390683926145236,0.4475070632994175,673.5672476632254,0.48801185583074885,0.5765195006132126,0.3775659380356471,0.49323082114259403,0.5373194240033626,0.4434467106560866,0.5016182565689087,0.512838923484087,0.4886963073909283,1890.6089089133523,5678945.529220779,2383.0538242391376,0.5270852986971537,0.36790879830718043,0.6471877402067184
noface_e50_seed1,2,2,2541.4101229580965,9393422.149350649,3064.8690264594748,0.0017301678225131972,77,3,3,0.0019124951213598251,0.04631504788994789,0.053077692786852516,0.03808493912220001,0.04112255324920019,0.037669699639081955,0.043836203714211784,0.04123998433351517,0.0403891292711099,0.04148015255729357,0.039950352162122726,0.03311287239193916,0.04539272810022036,0.0016659218817949295,4.550204952946091,25,0.4939572153488795,0.5627555900812149,0.41065096537272133,673.5672476632254,0.5147848622500897,0.630578429599603,0.3598141770561536,0.4535079887509346,0.49770514480769634,0.40176483208934466,0.4880582174658775,0.5203770147264004,0.45119485596815745,1954.0012841162743,5769490.766233766,2401.9764291586557,0.4935755175848802,0.40966130038102466,0.5615469106038411
noface_e50_seed1,3,3,1828.597703809862,5295944.555194805,2301.2919317624187,0.0013539779344694568,77,3,3,0.001368880970403552,0.03992944955825806,0.03993184367815653,0.039131143440802894,0.032356620455781616,0.02533670949439208,0.037973438700040184,0.03415354837973913,0.029562593748172123,0.038122287640968956,0.03677007183432579,0.024588569377859432,0.045660228778918587,0.001217652849542598,3.416573385576838,25,0.4379302176833153,0.429246647109588,0.443280449261268,673.5672476632254,0.45917561958233516,0.4868500405550003,0.4247673426071803,0.3718507102628549,0.3404853685448567,0.3990222292145093,0.4319004087646802,0.4179370764642954,0.44373436863223714,1433.1243944044238,3311107.698051948,1819.644937357821,0.4877542438606421,0.33482422749201457,0.6004996535678705
noface_e50_seed1,4,4,1338.4286506950082,2882750.3181818184,1697.866401747151,0.0007689546894995713,77,3,3,0.0007466425886377692,0.026538850118716557,0.024402300516764324,0.028365906948844593,0.026555148263772328,0.02216247965892156,0.030259699871142704,0.02808269113302231,0.025182275101542473,0.030692509065071743,0.03063323659201463,0.02426006644964218,0.03587775553266207,0.0008369860200521847,2.520708077237243,25,0.31943227524558704,0.28272723528246085,0.3519443701952696,673.5672476632254,0.3099313520391782,0.2931894682099422,0.32489173439641794,0.30865438483655455,0.2698448370645444,0.3426649374018113,0.31908566114803155,0.27735001663366954,0.35564280884961286,1316.587319906656,2813801.6428571427,1677.4390131558114,0.38296420286099114,0.26850524614254634,0.46987566183010737
noface_e50_seed1,5,5,1436.7651763519684,3219509.4155844157,1794.2991432825286,0.0007710577980554723,77,3,3,0.0007166490540839732,0.025144965077439945,0.022594693427284557,0.027439816544453304,0.026224407677849133,0.023976542055606842,0.028292006502548855,0.02777242350081603,0.026317747309803963,0.02901864858965079,0.032684979339440666,0.028623477245370548,0.03602543845772743,0.0008808469477420052,2.663875284178981,25,0.3251277441283067,0.28066639850536984,0.3635214176774025,673.5672476632254,0.29396917315820853,0.2627626287937164,0.3218763318657875,0.31450994409620764,0.2882878093918165,0.3365555302798748,0.3361142514397701,0.2908197278529406,0.3743653716892004,1553.504228071733,3699571.1266233767,1923.4269226106244,0.4493274214367072,0.31982317013045153,0.5476854530721903
noface_e50_seed1,6,6,1376.2254717938313,2971453.5292207794,1723.7904539765786,0.0006729207559512904,77,3,3,0.0006621941380823652,0.02461792528629303,0.0228923416386048,0.026208743453025818,0.02473531663417816,0.02225021831691265,0.026974588632583618,0.02637038379907608,0.025581137587626774,0.027024171004692715,0.031176979343096416,0.027880482375621796,0.033843277022242546,0.0007966848788782954,2.5591957743741878,25,0.30018785608311493,0.2685346758365631,0.32836906659106413,673.5672476632254,0.27565626000364624,0.25194620810449125,0.2972652804603179,0.2818201842655738,0.2649672015259663,0.29635438571373623,0.3108215625335773,0.2878119623661041,0.3307498014469941,1517.0306079418629,3541251.2305194805,1881.8212536049964,0.41481609622637433,0.311161085019509,0.49584533999363584
noface_e50_seed1,7,7,1434.540110402293,3323805.5032467535,1823.1306873745375,0.0008621299488155486,77,3,3,0.0008849069514932731,0.030415089180072147,0.02725192221502463,0.033269003033638,0.027623326207200687,0.021568354219198227,0.03250688314437866,0.03038409724831581,0.025101497769355774,0.03476588552196821,0.030363387738664944,0.025257598608732224,0.03459773709376653,0.0008832575598110756,2.7066795389761564,25,0.3546499218791723,0.35516252599656584,0.35327293338874977,673.5672476632254,0.35924911717573804,0.3680296952029069,0.34967426712314287,0.32244014461835224,0.32011828864614167,0.3233628172675769,0.37711267339686555,0.37875410055120784,0.3738911384344101,1414.8952113560267,3300170.237012987,1816.6370680499138,0.36832393204172453,0.33229718513786793,0.40030316799879073
noface_e50_seed1,8,8,1365.144191989651,3019373.146103896,1737.6343533965644,0.0007542227372200554,77,3,3,0.000783319080558916,0.026811955496668816,0.023977919792135555,0.029191505784789722,0.02439161017537117,0.019421149045228958,0.0284676110992829,0.02816375655432542,0.027648622170090675,0.0285668782889843,0.038321882486343384,0.0343548891445001,0.04162267471353213,0.001045302429702133,2.5797488809392917,25,0.3385135944932699,0.29187831975519657,0.37891852592428527,673.5672476632254,0.30846386852363744,0.28763509817421434,0.3260556788990895,0.2534783867994944,0.22951120215157667,0.27532865087191266,0.3402174592514833,0.301002194210887,0.3746052583058675,1910.5213844992898,5100690.85064935,2258.470909852361,0.5684297630190849,0.39201083429157735,0.7002860812097788
noface_e50_seed1,9,9,1522.8761239980722,3556175.701298701,1885.7825169670816,0.0008432144093532841,77,3,3,0.0009183929845069846,0.031185129036506016,0.025766133641203243,0.03578164428472519,0.02598606546719869,0.02221365210910638,0.029267703493436176,0.02998053717116515,0.03103799931704998,0.028865811104575794,0.03549614051977793,0.03426561007897059,0.036473989486694336,0.0009987489902414382,2.7996944974823768,25,0.3400197169929743,0.2832546570152044,0.3880807324250539,673.5672476632254,0.33202883956333,0.2668877751628558,0.38598539017140865,0.2756907869627078,0.24552538625895978,0.30230271110932033,0.3454695193717877,0.3258602679769198,0.3630137900263071,1971.8295882584212,5597591.935064935,2365.9230619495925,0.4793857212364674,0.35554813742637636,0.5744785361985365
noface_e50_seed1,10,10,1612.0208724381087,3826531.698051948,1956.1522686263327,0.0006812002193091994,77,3,3,0.0006928905107391378,0.024950357774893444,0.026842355107267696,0.02287995194395383,0.02533238132794698,0.02831449235479037,0.021942948922514915,0.027424762025475502,0.0297966202100118,0.024778733029961586,0.03226320010920366,0.031008383259177208,0.03321917044619719,0.0008500128363569578,2.904167735905684,25,0.2998223995417357,0.3044773276646932,0.2944414443274339,673.5672476632254,0.26394580624997616,0.28546407975256444,0.23984484026829403,0.29350154923895994,0.3288936688005924,0.2517604993035396,0.31240938648581507,0.30214524748424687,0.3210701004664103,1723.4953771814123,4386916.334415585,2094.496678062676,0.4257555002719164,0.3221528109908104,0.5063650019466877
noface_e50_seed1,11,11,1121.680622843953,1972487.9107142857,1404.4528866125363,0.0004186958317227613,77,3,3,0.0004443509387783706,0.021558646733562153,0.021358852585156757,0.021732953066627186,0.01967427631219228,0.019603641082843144,0.019743986427783966,0.020577970892190933,0.018034983426332474,0.022830549006660778,0.022742701694369316,0.01695002367099126,0.02727094478905201,0.0004538939683698118,2.085096761288405,25,0.24225541189312935,0.2304852655529976,0.25332132533192636,673.5672476632254,0.22704717695713042,0.22921636688212554,0.22451909609138965,0.235389882872502,0.2415921755383412,0.22856288475294909,0.24631240718066694,0.2228031704823176,0.26772069620589417,956.944863059304,1532074.2467532468,1237.769868252272,0.3109716535359621,0.21488776735961437,0.3835784124334653
noface_e50_seed1,12,12,1122.6882102272727,1939958.1720779222,1392.8238122885184,0.0003973227939205607,77,3,3,0.00040260380289206904,0.01973515438536803,0.01977948596080144,0.019675250475605328,0.019383829087018967,0.01993753823141257,0.018812059114376705,0.02054216464360555,0.01880860763291518,0.022117302442590397,0.022314971933762234,0.018648715689778328,0.025297571594516437,0.0004423937837903698,2.0678318566120537,25,0.2347489436964194,0.2287373814980189,0.24041108682751655,673.5672476632254,0.21627150634924572,0.22034042368332546,0.21169460068146387,0.2349602463344733,0.246972693502903,0.22185178210337958,0.24150782890617847,0.2275338870783647,0.25465775368114313,1024.838586584314,1667272.6712662338,1291.2291319770607,0.2974492470671733,0.21700463235378264,0.35976289356748264
noface_e50_seed1,13,13,1040.894096869927,1667630.7922077922,1291.3677989665812,0.0003667876382158803,77,3,3,0.0004227568667071561,0.02158309829731782,0.020410374427835148,0.02263317195077737,0.018792433043320973,0.01792483466366927,0.019613031297922134,0.02046477235853672,0.01708519148329894,0.023319232588013012,0.019508017227053642,0.015906517083446186,0.022533247868220013,0.00038777948551190394,1.9172069358281028,25,0.22662506674726804,0.21165292717516423,0.24059650423626106,673.5672476632254,0.22723101437091828,0.21064179219305515,0.24258212747673194,0.21690228179097176,0.22044250319401423,0.2129357269157966,0.22868336578210194,0.20684474957485993,0.24851516981919605,888.8311513925528,1294846.4991883116,1137.9132212907589,0.24155957482755183,0.19830972075462341,0.27813192221025623
noface_e50_seed1,14,14,865.8701187728287,1206007.198051948,1098.1835903217404,0.00033904894560502917,77,3,3,0.00038945901906117797,0.019860354562600453,0.016569143782059353,0.02267041491965453,0.01844780705869198,0.013981705841918787,0.022018473595380783,0.02037143148481846,0.01400948284814755,0.025170129413406055,0.020864764228463173,0.014031200669705868,0.02592331791917483,0.00040621505468152463,1.6303993315168102,25,0.22119090837736924,0.18185416040321192,0.2544543248663346,673.5672476632254,0.21751163177192212,0.1825664561241865,0.24753756870826085,0.20489204674959183,0.17852620754390955,0.22806122332811354,0.23575863428413868,0.18272143067171176,0.2787202313294013,812.1087995256696,1093279.343344156,1045.5999920352697,0.25021359632412593,0.18301209535449744,0.30233978770673275
noface_e50_seed1,15,15,910.6207196124188,1318258.9448051949,1148.154582277663,0.00030168080732661796,77,3,3,0.0003237201793429752,0.018431498979528744,0.01773516150812308,0.019091313083966572,0.016013772537310917,0.014612878362337748,0.017284232502182324,0.019096773738662403,0.016516846604645252,0.021366344143946964,0.01849731554587682,0.014884061180055141,0.02151027445991834,0.0003286032297182828,1.704587903080057,25,0.19450439644356568,0.18566627519826095,0.20290993611017863,673.5672476632254,0.18760061137378214,0.18006776424745718,0.19471458030243716,0.18522101876636346,0.1858071868121624,0.1845784107595682,0.20975612451632816,0.19849731201926868,0.2202915129562219,858.7756038517147,1210717.1152597403,1100.3259132001483,0.22084246175984543,0.18756616910298665,0.24962168137232463
noface_e50_seed1,16,16,883.1702302214387,1243608.7597402597,1115.1720762914842,0.00027270076056343636,77,3,3,0.00030058043194003403,0.01815049598614375,0.018358702460924785,0.017885003238916397,0.016124657355248928,0.015070953406393528,0.017095227415362995,0.016581960022449493,0.014899899251759052,0.018095582102735836,0.01733774443467458,0.013810751028358936,0.020257423321406048,0.00028188062909369666,1.6556209942812647,25,0.20135593064129353,0.171279528811574,0.22728423771758874,673.5672476632254,0.19543643355369567,0.17470441631972788,0.21382877188424268,0.19822977978736162,0.16463009362419445,0.22677280080815157,0.2047518724327286,0.16969414638976257,0.23446910987297695,816.9047597909903,1070506.413961039,1034.6527987499182,0.22896014856795469,0.17149152256548406,0.27456364961961904
noface_e50_seed1,17,17,876.620992288961,1246969.9488636365,1116.6780864974635,0.00024135160965197902,77,3,3,0.0002463022295463209,0.016057516137758892,0.01696539173523585,0.015068151367207369,0.014499321579933167,0.015187775405744711,0.013758371584117413,0.01576782949268818,0.014055260457098484,0.017304009447495144,0.016570981591939926,0.013381044380366802,0.019238006323575974,0.00025003829796332866,1.6578568663656097,25,0.18583212703466415,0.1843795288602511,0.1871976484855016,673.5672476632254,0.17548965148627757,0.18541217647492886,0.1648757160703341,0.19133280118306478,0.18971603040893872,0.19272885142515103,0.19002500617255766,0.17984411163876454,0.19960875354707242,765.245132248123,967176.1347402597,983.4511349021159,0.21116866846879323,0.1713253589719534,0.2445156655460596
noface_e50_seed1,18,18,850.0810681627943,1181787.0819805195,1087.1003090701977,0.00025622613441543773,77,3,3,0.0002852425774714599,0.01769448568423589,0.017929719761013985,0.01745565173526605,0.01449453334013621,0.012459027270476023,0.01627181377261877,0.017102365071574848,0.013420578402777513,0.020117038240035374,0.017905029157797497,0.012663199876745542,0.02191563881933689,0.00028352571340898675,1.6139447291144613,25,0.1877552407234907,0.17775086340804894,0.19713844371338685,673.5672476632254,0.18496812450389066,0.1833953459809224,0.18640681150058905,0.17070550402005513,0.16490919291973113,0.17615903078267972,0.20445035548259816,0.18715397930393615,0.2198392463475466,759.1090793361911,979347.8790584416,989.6200680354262,0.2110965733230114,0.16155503084262213,0.2506230007360379
noface_e50_seed1,19,19,976.9021630225244,1545047.6948051949,1242.9994749818661,0.0003160941013884912,77,3,3,0.00035965403852363426,0.019181685522198677,0.01767441878716151,0.0205727977057298,0.019071001559495926,0.019077235832810402,0.018971243873238564,0.01763881929218769,0.016767948245008785,0.018463892862200737,0.01929884838561217,0.018732454627752304,0.019795700286825497,0.00035185360078079003,1.8453977376336879,25,0.21192300349473953,0.20794592229028544,0.2157112856209278,673.5672476632254,0.21045421364406744,0.20245934473971525,0.2179368593543768,0.21585809374849002,0.2215927499781052,0.2095528542995453,0.19363270287712414,0.19163315580536922,0.19547580254574617,1100.1349011706068,1858415.7094155843,1363.2372168539064,0.23349948974947135,0.2210142315675815,0.24472557030618192
noface_e50_seed1,20,20,720.2430633941254,858557.2329545454,926.5836351644385,0.0001749057812592039,77,3,3,0.000204277903928111,0.015116263801852861,0.01619472075253725,0.013885524434347948,0.012732142892976602,0.012126310728490353,0.013272086158394814,0.013788105299075445,0.012076973294218382,0.015307584467033545,0.014461148840685686,0.011159204257031282,0.017125073820352554,0.00019134448181527355,1.3756364169709716,25,0.15090479696790376,0.14830853356669346,0.15341763717432816,673.5672476632254,0.15480440045396487,0.16316108249127864,0.14587531390289465,0.13600803753981988,0.13014537586520117,0.14159943077713252,0.14927100837230683,0.1367464500044783,0.16073067756990592,627.1939974698154,664515.2881493507,815.1780714355303,0.16779885839670897,0.13030778805414836,0.19828092609842618
noface_e50_seed1,21,21,727.8041675121754,872078.4594155845,933.8514118507208,0.0001676589072539846,77,3,3,0.00019999594466450313,0.014500601838032404,0.01565782881031434,0.013206029931704203,0.01359816330174605,0.013694261200726032,0.01340112742036581,0.013805308068792025,0.012798313051462173,0.014729234079519907,0.014097164695461592,0.011088601623972258,0.01655151043087244,0.0001928736746776849,1.3864263963108163,25,0.1491905033836762,0.14873897494127353,0.14959597268452246,673.5672476632254,0.14934211359669766,0.15674161677559217,0.14140425314505894,0.1442202585314711,0.14409851394593715,0.14431375205516817,0.14946806024760007,0.14312242894122998,0.15544466913988192,625.7052097072849,664883.7881493507,815.4040643443903,0.1589875744531552,0.12548042446374894,0.18652824240426222
noface_e50_seed1,22,22,792.2358430144075,997760.564935065,998.8796548809396,0.00018673389413025133,77,3,3,0.00020242171982924143,0.01432491559535265,0.016819937154650688,0.011244806150595347,0.013537243629495302,0.014451925021906694,0.01252634326616923,0.014070915368696054,0.01401888020336628,0.014029662745694319,0.015598387457430363,0.01249355667581161,0.01815999982257684,0.00021296321938280016,1.482969456051055,25,0.15717235745241245,0.1606176026413838,0.15350371843824784,673.5672476632254,0.15520981301863987,0.17115007668733598,0.13706565208733082,0.15084230359643697,0.1503115136673053,0.1512822792430719,0.1553126610070467,0.1514935685073336,0.15895587605734665,703.3029016271814,826828.9878246753,909.301373486632,0.18262566110740105,0.14520232015599807,0.21349223795036476
noface_e50_seed1,23,23,776.1683952034293,970730.6688311688,985.2566512493934,0.000178819832954459,77,3,3,0.00020348326749323556,0.01506891039510568,0.01677246515949567,0.013060990100105604,0.012484741397202015,0.012556683582564196,0.012381969019770622,0.013824846285084883,0.012606430798768997,0.014927069035669168,0.015014051149288813,0.012184040931363901,0.017348787126441795,0.0001966929315434148,1.4627442986093773,25,0.16029198158532382,0.15913545603553453,0.16132268572847047,673.5672476632254,0.163498114682734,0.17297732862333456,0.15323124367743732,0.14179503526538612,0.13562134710450968,0.1476465305685997,0.1559987807273865,0.1459593004360795,0.1652736071124673,692.0615464247667,794665.4147727273,891.4400791824021,0.19094023884584507,0.16215693968037764,0.2156702315310637
noface_e50_seed1,24,24,913.605570211039,1281992.3555194805,1132.2510125937094,0.00046783946711545835,77,3,3,0.0005158744655394306,0.022594252601265907,0.015525166566173235,0.027904647092024486,0.02014430860678355,0.012762332955996195,0.025452944760521252,0.025657522181669872,0.015871912551422913,0.03262495497862498,0.02389488493402799,0.02332754929860433,0.024324027821421623,0.0005588948455018302,1.6809769425722132,25,0.27595108655591805,0.19568912242849668,0.3374321981271108,673.5672476632254,0.27012733081976575,0.1810417597492536,0.33618147946894167,0.26408415774504346,0.16668197045723598,0.33409839026629923,0.3094435889273882,0.19984709799289704,0.38919845429559546,1326.7507593724636,2531520.439935065,1591.0752464717264,0.2738401892532905,0.29604381777346134,0.24800207947691283
noface_e50_seed1,25,25,742.5104053051441,885501.689935065,941.0109935250837,0.00015562431574587455,77,3,3,0.00018514847033657134,0.014464774169027805,0.016463986908396084,0.012106436615188917,0.013213043411572775,0.014697570043305555,0.011511682843168577,0.011748120188713074,0.010562079027295113,0.01277583216627439,0.012998946631948153,0.009459415450692177,0.015719062959154446,0.00016037900544082126,1.3970557457918091,25,0.15313816034545502,0.16281112971405187,0.1427686991294225,673.5672476632254,0.15171041252712408,0.16521211989223958,0.13664054926484823,0.1591999613493681,0.17957000804444154,0.13559534677614768,0.148199883873264,0.14750804709891477,0.14859477366010349,532.4054070014458,493613.06696428574,702.5760221956665,0.151002978309989,0.1216448196892937,0.1753894303490718
noface_e50_seed1,26,26,675.2199128386262,724171.4415584416,850.9826329358559,0.00012743696160296994,77,3,3,0.00014990999867829183,0.01325807316849629,0.015348951642711958,0.010755065207680067,0.010730450972914696,0.011568014820416769,0.009796307732661566,0.010794229184587797,0.009186663975318273,0.012172403745353222,0.012799588032066822,0.008972362304727236,0.015684833750128746,0.00013599501107819378,1.263396692591763,25,0.1373148657133182,0.14635479756941397,0.12757966596633197,673.5672476632254,0.14091596147666374,0.1585132723301649,0.12058175610999267,0.13214191265404224,0.1463696586340666,0.1160601936156551,0.12805164507279793,0.12151844117790461,0.13414735250175,543.9466049392502,510336.4618506493,714.3783744281802,0.14536249376833438,0.11569480329751969,0.16963854177544516
noface_e50_seed1,27,27,633.0803706181514,649077.2828733766,805.6533267314029,0.0001126803375906069,77,3,3,0.00013779025175608695,0.01280334840218226,0.014706336582700411,0.010554339115818342,0.009948289332290491,0.010390559832255045,0.009455847553908825,0.010393581974009672,0.008656579380234083,0.011870471139748892,0.012423111436267694,0.008787994583447775,0.015179526681701342,0.00012508455498997742,1.1960993197433774,25,0.12895623757193486,0.13739702983448904,0.1198471483339866,673.5672476632254,0.1337102381636699,0.1514732959245642,0.11300849691033363,0.11970878941317399,0.13176712118089198,0.10610940071443717,0.11989781230688096,0.11213416325549284,0.1271001681809624,529.8046522264357,482971.8778409091,694.9617815685328,0.1401882723470529,0.11169401794672013,0.1635783587520321
noface_e50_seed1,28,28,659.334457595627,686194.4094967532,828.368522758291,0.00012142599205782807,77,3,3,0.0001454988911670322,0.01268989716966947,0.01371449138969183,0.011562398945291838,0.010606653367479643,0.011690700426697731,0.009343445301055908,0.011559415298203627,0.011258572340011597,0.011822665731112162,0.013008253648877144,0.010695963787535826,0.014895097352564335,0.0001430215585666398,1.229823043849163,25,0.1388873424132665,0.14935467209666967,0.12749203223735095,673.5672476632254,0.1374706850076715,0.1486761124804616,0.12508228309452535,0.13409151047468185,0.1563361497844259,0.10726199574768543,0.14074738206962745,0.14882228647669157,0.13204512500514587,610.5988761604606,616095.908685065,784.9177719258655,0.15281671371310948,0.13275134102751812,0.17031962788353364
noface_e50_seed1,29,29,613.3377376407772,608989.8112824676,780.3779925667225,0.00011287818835933342,77,3,3,0.00012912252956690887,0.011825591015319029,0.014040563876430193,0.009074741974473,0.009950398467481136,0.01003397349268198,0.009859342748920122,0.010868154155711332,0.010964769249161085,0.010715969838202,0.012998812831938267,0.010138211150964102,0.015288184707363447,0.00013425838551484048,1.1585747306954879,25,0.13592987041920424,0.1467186845590671,0.12415177381287018,673.5672476632254,0.13773639128853876,0.1560753168165684,0.11611012889693181,0.12666486737628777,0.13490008406341075,0.11772160287946462,0.13167682483792306,0.14456627771258354,0.11706440437585115,589.0422823026582,582409.1124188312,763.1573313667577,0.1542755404363076,0.12785580517103276,0.1767066309104363
noface_e50_seed1,30,30,692.8513992111405,785868.2150974026,886.4920840579472,0.0001373963070316724,77,3,3,0.00016252478235401213,0.012539696569244066,0.01264657142261664,0.012406206379334131,0.011436440981924534,0.011241827781001726,0.011543696746230125,0.012842530384659767,0.012911062377194563,0.012653298986454805,0.01612923325349887,0.015830688799420994,0.016065532341599464,0.00019593918599033108,1.3161151869147611,25,0.14637841208527486,0.15462284173816443,0.13747953216234843,673.5672476632254,0.13395304940640926,0.1374923884620269,0.1300508593271176,0.13545111120988926,0.1500978040943543,0.11864900201559067,0.1567496776704987,0.172102298711737,0.1395863099768758,931.1428206802963,1299294.3498376624,1139.865935028178,0.20164995460460583,0.20435334406793118,0.19858952892323334
noface_e50_seed1,31,31,643.2916553051441,661954.0827922078,813.6056064164061,0.00011844582577514184,77,3,3,0.00015157967573031783,0.013202572551866373,0.01384421189626058,0.01249321767439445,0.010808697901666164,0.0102327528099219,0.011344344665606817,0.011437730863690376,0.010887781158089638,0.011950182728469372,0.012632221604386965,0.00832948616395394,0.015777832518021267,0.0001394059848583614,1.2079055346574659,25,0.13957347282518942,0.14268489277611177,0.13628077323238055,673.5672476632254,0.14405968750516573,0.15258986074477435,0.13463164341946443,0.13022466621051232,0.13669595669955015,0.12324734022219976,0.13601184368133545,0.14219251020501059,0.12940178009370962,491.7019978312703,420812.9695616883,648.7009862499735,0.14429516901572545,0.09979013673340281,0.17787555802613497
noface_e50_seed1,32,32,643.7121685077618,679387.5397727273,824.2496829072652,0.00010146411007660284,77,3,3,0.0001146203091290469,0.011695881063739458,0.014533382219572863,0.00787177418048183,0.008238915043572584,0.009058024113376936,0.007323070739706357,0.00896276906132698,0.007734031571696202,0.010029136824111143,0.013371868059039116,0.011904029486080011,0.01455568273862203,0.0001176809140209419,1.2237080792850232,25,0.12084172078718741,0.13827525295317172,0.10034772569934527,673.5672476632254,0.12322738031546275,0.15388893264035383,0.08161009825145205,0.10342792162050804,0.12027249573419492,0.08310847643762827,0.10341871014485757,0.09921736933290959,0.10740516355882089,736.1557502251167,816430.8007305195,903.5656039992444,0.16596046914656956,0.15166435374567905,0.17831516098231076
noface_e50_seed1,33,33,608.8510551948052,632584.310064935,795.351689546791,9.345026547316002e-05,77,3,3,0.0001160699127164359,0.011881707546611628,0.014888754114508629,0.007788032138099273,0.008474941986302534,0.009230541375776133,0.007633093434075515,0.009721555126210054,0.009412721420327822,0.00997509527951479,0.011764509292940298,0.009300146562357744,0.013721378520131111,0.00010694413504097611,1.1808051717271981,25,0.11325022296359141,0.13111904329309862,0.09189983693261941,673.5672476632254,0.11959956364085277,0.15020429125676552,0.0775073130056262,0.09560706706096729,0.10896340363969405,0.07995309652139743,0.101687234180669,0.10496668872733911,0.09825301649669806,555.5208407315341,508719.2297077922,713.2455605945208,0.13641215580205124,0.11797872966776292,0.1522849846382936
noface_e50_seed1,34,34,602.3297356939935,593280.221185065,770.2468573029461,0.00012944539095722623,77,3,3,0.00017113405920099467,0.01311932442088922,0.012908165653546652,0.01332508617391189,0.013229673107465109,0.011250139524539312,0.01494490448385477,0.012180830352008343,0.009583900372187296,0.014306882085899511,0.013853296947975954,0.009870927780866623,0.016880921709040802,0.00017336534801870584,1.1435337154161318,25,0.1461893622825543,0.13301427168150742,0.1581813726077477,673.5672476632254,0.14102869819849728,0.13700558288643758,0.1447052084778746,0.15751781971504292,0.13928984362632035,0.17374524243175984,0.13379598688334227,0.11176316199203332,0.15263184051960707,607.0510987120789,603086.1773538961,776.5862330442744,0.15848516784608363,0.12626712841292223,0.1848597626760602
noface_e50_seed1,35,35,707.2100877637987,786140.3482142857,886.6455595187322,0.00012021307036350179,77,3,3,0.00013442587805911899,0.011752081414063772,0.014807135487596193,0.007540547909835975,0.008898065735896429,0.010173982940614223,0.00739350076764822,0.010860820300877094,0.009705445108314356,0.011841197808583578,0.01672327145934105,0.015528556890785694,0.01761459931731224,0.0001745472545735538,1.3163430416112558,25,0.13908474812904995,0.1517729170123736,0.1248462409277757,673.5672476632254,0.12385258300850789,0.15747592954585948,0.07649397553876042,0.1109015879034996,0.13096779813369117,0.08613695133477449,0.13519385709116857,0.1189741110180815,0.14950259264558555,994.5927639255276,1352464.4395292208,1162.955046220283,0.23970508414010208,0.2069903773938616,0.2671243274708589
noface_e50_seed1,36,36,620.1985005960836,644732.783685065,802.9525413653444,0.00010889124612069942,77,3,3,0.00011853121880752344,0.010381377302110195,0.012445809630056223,0.007755971203247706,0.00987070860962073,0.010343067658444246,0.009360273368656635,0.011473985699315866,0.011652295167247454,0.011265378134946028,0.01380558746556441,0.01014309749007225,0.01662138570100069,0.000148053159743237,1.1920896453189924,25,0.12492209788411855,0.1371036234870553,0.1113284873093168,673.5672476632254,0.1137451866020759,0.13945527747273445,0.08005162755648296,0.11474947871019443,0.124504554271698,0.10344646692276001,0.13813175292064747,0.15199420088281235,0.12228350631892682,619.9903465370079,615699.6684253247,784.6653225581749,0.16945543984572092,0.12812125625709692,0.20178049894670647
noface_e50_seed1,37,37,890.9564050451502,1270385.4350649351,1127.1137631423614,0.00019254061497759993,77,3,3,0.00020493937578673163,0.015944115817546844,0.02096159818271796,0.008308058915038904,0.01394669245928526,0.015958734167118866,0.01147338313361009,0.010335176872710386,0.009823577478528023,0.01079957683881124,0.012155690230429173,0.008186783641576767,0.015108000176648298,0.00014651942668327442,1.6733500137552757,25,0.17690654523670674,0.20040241514643034,0.14918900351971387,673.5672476632254,0.181471035455664,0.22622911095619203,0.12014015726745128,0.1954978769645095,0.21037763014435767,0.17863103967159988,0.13972065709531306,0.13205151464790105,0.14681017058591048,492.66513180423095,448860.5706168831,669.9705744410594,0.15729415856301784,0.11200473071386417,0.19186753006031115
noface_e50_seed1,38,38,802.6152137657265,1111319.8709415584,1054.191572220893,0.00021652308464286147,77,3,3,0.00021591935364995152,0.013205088364581266,0.015217990924914679,0.010809349517027536,0.012476096861064434,0.012721822907527288,0.012104462832212448,0.013979068646828333,0.014061446612079939,0.013871892044941584,0.024374468872944515,0.029219256713986397,0.018250540519754093,0.00035119015956297517,1.5650873403927363,25,0.19055771749466657,0.18993186682462693,0.1904423916588227,673.5672476632254,0.1671515387420853,0.16280620659391085,0.16980761967599392,0.16387117841591436,0.1542719048137466,0.17249107985446852,0.1881163872530063,0.16992654226720333,0.20432681909451883,1832.074778371043,4404134.396103896,2098.602962950328,0.3192891971518596,0.3521747980515162,0.2805574858933687
noface_e50_seed1,39,39,716.0249911221591,772976.2662337662,879.1906882091997,0.00011049664024469237,77,3,3,0.0001377239483796681,0.012459353233377138,0.015327130754788717,0.008670565982659658,0.010046047779421011,0.012689598215123018,0.00637768255546689,0.011264239437878132,0.013194276951253414,0.008877115634580454,0.01259243922928969,0.010571487558384737,0.014280475676059723,0.00013361762588222822,1.305275295465054,25,0.13363285707930725,0.1612006571640571,0.09861019497116406,673.5672476632254,0.13464912046988806,0.16426192879676818,0.09621059160679579,0.12330178199956815,0.15912400470425686,0.07123120274394751,0.1338645091901223,0.16443095615754524,0.09369168686370055,661.5862557547433,686531.4025974026,828.5719055081476,0.151211743367215,0.1433913727104664,0.15813168700784444
noface_e50_seed1,40,40,672.2764607218953,716279.3709415584,846.3328960530592,0.00010278238423543608,77,3,3,0.00011009008934100469,0.011331873945891857,0.014997447219987711,0.005643526557832956,0.008423133132358393,0.009777353455622992,0.006804388016462326,0.008801369617382685,0.008754170189301172,0.008841571708520254,0.01304108245919148,0.011546299792826176,0.014355103174845377,0.00011403337703086436,1.2564935409036015,25,0.1183337120960156,0.13918069497992594,0.09276710512737434,673.5672476632254,0.11742688324302435,0.14973740965127946,0.07116369218875965,0.10694843349357445,0.12540381186952193,0.08428680800522367,0.10189738381654025,0.11051647962381442,0.09244483719269435,793.9606862253956,853224.9707792208,923.7017758883117,0.16440861125787098,0.15694673273712398,0.17105623193085193
noface_e50_seed1,41,41,628.5434166053673,634883.7426948051,796.7959228653251,9.235702515519284e-05,77,3,3,0.00010176106782940526,0.01027437299489975,0.013117485990126928,0.006246107009549935,0.00917228621741136,0.010571070946753025,0.0075162434950470924,0.009277294079462687,0.008784865339597067,0.00973360612988472,0.012336722575128078,0.010355715329448381,0.013952587731182575,0.00011282080959063023,1.1829493278208094,25,0.11309459992994865,0.13208831376085678,0.09012382832666238,673.5672476632254,0.10519250241418679,0.13152228078494468,0.0693778358399868,0.11419415656477212,0.13986900358150403,0.08057500290994843,0.10793568739046654,0.11374907570580642,0.1016264221817255,687.6004143256646,673343.3952922078,820.5750394035928,0.14877898474534354,0.13959627371281386,0.1567597411821286
noface_e50_seed1,42,42,601.8674042937043,589861.1578733766,768.0241909428222,8.517620815175839e-05,77,3,3,9.4419529583926e-05,0.010116258325676123,0.013213297973076502,0.005481147362540166,0.007931835949420929,0.009478327507774035,0.0059985679884751635,0.008270632475614548,0.0076213073916733265,0.008857490184406439,0.013255644589662552,0.012129745135704676,0.014161863053838411,0.0001112535586192583,1.1402338721297565,25,0.110086414826413,0.12855079570164282,0.08769265277932088,673.5672476632254,0.10371145516633988,0.13217924622197946,0.06330853233113885,0.09933063367381692,0.12251443772266309,0.06868587919821342,0.09653052164862554,0.09589379368970792,0.0971357653165857,759.6960088556463,840911.5710227273,917.0123069090879,0.16890614345669747,0.1639063190917174,0.17330844896535078
noface_e50_seed1,43,43,637.71209558264,652106.174512987,807.5309124194486,8.912727557267849e-05,77,3,3,0.00010342082290056472,0.010660528515775999,0.013807398887972036,0.006053601546833913,0.008910923264920712,0.01075794082134962,0.0065612356799344225,0.008796311294039091,0.008576751065750917,0.008994744469722113,0.012415649679799875,0.011313639270762602,0.01334306038916111,0.00010967244694863136,1.1988868449601384,25,0.11429135909924905,0.1358055919657151,0.08750529563054442,673.5672476632254,0.10815928040693204,0.13738479730983574,0.06701784592742721,0.11133479151874781,0.1369645916049679,0.0776097349015375,0.10550995662808418,0.11148230986048778,0.09906440193454424,733.9180396934609,757994.8291396104,870.6289847803198,0.1548840548718969,0.15589114108433327,0.1532657711704572
noface_e50_seed1,44,44,644.9590263862115,662581.6704545454,813.9911980203136,9.125052190041048e-05,77,3,3,0.00010994857924136643,0.010764937226970991,0.013064499013125896,0.007813762873411179,0.009117645832399527,0.010697041638195515,0.0071966204171379404,0.009149336566527685,0.009174342888096968,0.009080401932199797,0.013727767082552115,0.01406423964848121,0.013127603568136692,0.00012685946906761578,1.2084779965834953,25,0.11538101449608802,0.13551326539367436,0.09061280747875572,673.5672476632254,0.10950722845892112,0.13147462776551644,0.08130499887590607,0.10864550542086363,0.1329165717959404,0.07692532927418748,0.10339252645770709,0.1129106741398573,0.09273920815438032,906.0346655907568,1088362.9435876624,1043.2463484660095,0.1655936836451292,0.18397156203786533,0.14430684521794318
noface_e50_seed1,45,45,654.4556385387074,697182.2459415584,834.9743983749192,9.677272086642538e-05,77,3,3,0.00010676121989187475,0.010885874119897684,0.013272026553750038,0.007797489874064922,0.009208405079940954,0.010777059942483902,0.007294634201874335,0.009568258188664913,0.009916584938764572,0.00920577688763539,0.011108639339605967,0.007929899885008732,0.013553889778753122,0.00010389601084170863,1.2396303431790305,25,0.11683311875909567,0.13717396988222996,0.09206309579933683,673.5672476632254,0.11719921501974265,0.14495256745566926,0.0802204118669033,0.11213055210808913,0.1372826402882735,0.07918703605110447,0.11418342194209496,0.12968130939950545,0.09605703906466563,479.98660199053876,399664.95698051946,632.1906017812346,0.1289459942281246,0.10370557579522331,0.14979432225227357
noface_e50_seed1,46,46,600.9264803799716,609949.1217532468,780.9923954516117,8.629882897555756e-05,77,3,3,9.325666906079277e-05,0.010090764611959457,0.012793174323936304,0.006317141931504011,0.008433399101098379,0.009549077910681566,0.007134433525304,0.008580579111973444,0.007820027725150188,0.009263382914165655,0.011627222411334515,0.009539251526196798,0.01335182599723339,9.863402374321595e-05,1.15948689334446,25,0.1100467736274004,0.12594036169350148,0.09131422518442074,673.5672476632254,0.10752145095417896,0.13575480939199527,0.06825414786736171,0.10426393275459607,0.11876158446073531,0.0873566304706037,0.10350628883888324,0.10089861150210103,0.10602050962547462,597.5328111524706,559566.044237013,748.0414722707645,0.1408565899853905,0.12789982181042434,0.15205162938684225
noface_e50_seed1,47,47,641.6074852881494,657783.2808441558,811.0383966521905,8.858400892145787e-05,77,3,3,9.867355887157221e-05,0.009544084469477335,0.012306651410957178,0.005540971799443166,0.008918804116547108,0.010566849882404009,0.006883590171734492,0.009399890589217344,0.009448789370556673,0.009345596966644129,0.014000917474428812,0.014296477660536766,0.013620293388764063,0.0001309671473184911,1.2040941709471285,25,0.11370236833890279,0.1382087862243255,0.08215190628543496,673.5672476632254,0.0997827913487951,0.13060654832671087,0.05339233220865329,0.11150003639360269,0.1386431155477961,0.07492205475767454,0.11389792889356613,0.12745873351891834,0.09835507355630398,913.9640605976056,1163637.2556818181,1078.7201934152424,0.16781640517214935,0.18012509471426408,0.15382926886280376
noface_e50_seed1,48,48,577.398307899376,553515.5827922078,743.9862786316746,7.73327461596542e-05,77,3,3,8.887332902910809e-05,0.010137728415429592,0.012841324632366499,0.00636837026104331,0.008055227808654308,0.009328515268862247,0.0065303275672098,0.00835361098870635,0.008082348542908827,0.008595772708455721,0.010429631297787031,0.007348107174038887,0.012777011220653852,8.499987598042935e-05,1.104546400099991,25,0.10326418147732815,0.12315791878849268,0.07846117393424114,673.5672476632254,0.1068457616865635,0.1370110197365284,0.06361973990375797,0.09238577102000514,0.11264592555661997,0.0660722307736675,0.097372695847104,0.10745445620268583,0.08594871178269387,480.6078146401938,382316.26075487013,618.3172816239816,0.11860298037528992,0.09660978918895126,0.13678492835412423
noface_e50_seed1,49,49,548.5256866851411,503539.3908279221,709.6050949844724,7.437937694538215e-05,77,3,3,8.811070195709665e-05,0.009420624002814293,0.011968870336810747,0.005848816595971584,0.007688233784089486,0.00891428223500649,0.006224798349042733,0.008780258086820444,0.007610253989696503,0.009789455371598402,0.013173437677323818,0.011852089005211989,0.014261816317836443,0.00011217997477312262,1.0535029686289994,25,0.10211190820982059,0.116124365242819,0.08578610202297568,673.5672476632254,0.0941656290491422,0.12066535415748755,0.05624977521598339,0.08780673659717043,0.10605422396212816,0.06449386587987344,0.10169813969482978,0.09190724970772862,0.11058117281645537,678.1347144981484,703047.0965909091,838.4790376574175,0.15692912419637045,0.1468712179362774,0.16596417665481566
cellbalance_all_w3e9_e50_seed1,0,0,1561.5382095931413,3838627.2045454546,1959.241487041721,0.0016388874138136963,77,3,3,0.0017801534462099273,0.04038789620002111,0.03057684376835823,0.04811640828847885,0.04198108861843745,0.025761709238092106,0.0534026175737381,0.0453994149963061,0.030958551292618115,0.055931774278481804,0.04494186987479528,0.029085575913389523,0.056387958427270256,0.0019775627103323736,2.9087540907590497,25,0.43643881991505623,0.3498064121355613,0.5076055113971233,673.5672476632254,0.3972495756546656,0.3646973056594531,0.4257191449900468,0.45532411684592566,0.32038147444526355,0.557202119131883,0.4754667168358962,0.37005737602710725,0.560629063496987,1581.5581086394075,3968433.5941558443,1992.0927674573402,0.49599440520008403,0.30928771637380126,0.628964973638455
cellbalance_all_w3e9_e50_seed1,1,1,2031.3994838169642,5772898.110389611,2402.6856037337907,0.0015835724423288718,77,3,3,0.0016931731564303238,0.04094314699371656,0.041169180224339165,0.04053609694043795,0.03903060654799143,0.03152544858554999,0.04505665476123492,0.04335808381438255,0.03882591426372528,0.046755449225505195,0.04314514622092247,0.039283315340677895,0.046272811790307365,0.001784578082151711,3.567105752349617,25,0.45702873696883517,0.45731533870100977,0.4534316237767537,673.5672476632254,0.44020398686329526,0.47697055791815124,0.395314904799064,0.44088047489523885,0.40719925716519356,0.468227023879687,0.4815413223206997,0.47840039735039075,0.48226921300093334,2184.3894185648337,6524399.032467533,2554.290318751479,0.5285535624623299,0.4409793779005607,0.6006163979073366
cellbalance_all_w3e9_e50_seed1,2,2,1666.461222859172,3947710.2337662335,1986.8845547153044,0.001147233270253841,77,3,3,0.0012337739656989772,0.035183986028035484,0.033917161325613655,0.036106038838624954,0.03291175079842409,0.024368586639563244,0.03939565519491831,0.03587625175714493,0.030488365640242893,0.040006741881370544,0.038049050917228065,0.03321141190826893,0.0419259803990523,0.0013069837586954236,2.949793894534373,25,0.3972868219514688,0.38903843770424523,0.40244225785136223,673.5672476632254,0.38782976180315015,0.41183837587634725,0.3585923144221306,0.373634586284558,0.33604192222158114,0.40424966437121235,0.4146576491246621,0.391241617873311,0.43446243738134704,1877.0411440366274,4931845.290584415,2220.77583078176,0.4639120585223039,0.3925123715152343,0.5225352648397287
cellbalance_all_w3e9_e50_seed1,3,3,1579.6185025301847,3473605.728896104,1863.7611780740856,0.0009320057246700994,77,3,3,0.001017580080466966,0.032562716553608574,0.03328595124185085,0.03153550128142039,0.028952961787581444,0.023145173365871113,0.03344431581596533,0.03177805927892526,0.027028176312645275,0.035480753208200135,0.034679558128118515,0.02984265734752019,0.038568648199240364,0.0010528300578395526,2.7670008964063246,25,0.36563407187660535,0.37046849141518273,0.3575366354982058,673.5672476632254,0.36493978450695674,0.40191948438684144,0.32042080668111644,0.34030376143753527,0.31946365353961786,0.3557050151129564,0.3706652081509431,0.3476299564788739,0.38952414475381375,1677.5323446694906,3973568.448051948,1993.381159751428,0.41665740167101223,0.36325321418543655,0.4603996923069159
cellbalance_all_w3e9_e50_seed1,4,4,978.3680633941254,1486119.4285714286,1219.0649812751692,0.000599798357474025,77,3,3,0.000624838430667296,0.023878817756970722,0.01985407155007124,0.02702004772921403,0.023597233618299168,0.01538288282851378,0.029397166644533474,0.026392260566353798,0.018425438553094864,0.03218087429801623,0.029818914830684662,0.021192854270339012,0.03608346668382486,0.0007472932532740136,1.8098638042517847,25,0.28466876710454625,0.23202252392967543,0.3273093048731486,673.5672476632254,0.2654275410622358,0.23751453874011835,0.28890363718072576,0.2774031700193882,0.20264903945227464,0.33417141266167166,0.30743665613234045,0.23555081351349752,0.36401834959785145,1199.6376303140219,2177422.1875,1475.6090903420188,0.345918403044343,0.2644201224918167,0.4093212251613538
cellbalance_all_w3e9_e50_seed1,5,5,732.2092982700893,878103.4512987013,937.071742877087,0.000458299766699844,77,3,3,0.0004708979298205425,0.01993594318628311,0.014001932926476002,0.02437685119609038,0.021404245868325233,0.012849230008820692,0.027308496336142223,0.023464379211266834,0.01438807820280393,0.029786064599951107,0.02648031897842884,0.015967830705145996,0.03372749748329321,0.0005937698491228124,1.3912074052413104,25,0.24540224912265937,0.16578875709325075,0.3043125649044911,673.5672476632254,0.22090947615603607,0.15763459365814925,0.2689813055843115,0.24461963154375554,0.15498675049593053,0.308834314395984,0.2709695464124282,0.1820453352232774,0.3366941293577353,898.3113775872565,1295069.4853896103,1138.0111973920161,0.30741792467733225,0.19813268444190424,0.38604115108648934
cellbalance_all_w3e9_e50_seed1,6,6,884.2995161576705,1213834.2086038962,1101.7414436263603,0.0004477877360345288,77,3,3,0.0005010456564680984,0.0214262002458175,0.01785377785563469,0.024315367142359417,0.021262681111693382,0.013830127815405527,0.026617885877688725,0.023275416965285938,0.015735775232315063,0.02877323826154073,0.026153564453125,0.018371681061883766,0.031859069441755615,0.0005865418837250521,1.6356814370778554,25,0.24608970704178015,0.2042185993740956,0.28064202606678007,673.5672476632254,0.23585659421980382,0.20997842334210873,0.2579071473826965,0.2347512818376223,0.17945229038596153,0.27815104559063913,0.2590825344622135,0.20372910721848408,0.3034303438166777,1095.716781814377,1841414.875,1356.9874262497792,0.29499369487166405,0.23141175145904222,0.34551249203582607
cellbalance_all_w3e9_e50_seed1,7,7,1546.8954095221186,3192886.6672077924,1786.8650388901206,0.0006711340993914947,77,3,3,0.000724735805609574,0.026366138209899265,0.027615799258152645,0.02487452949086825,0.025449836626648903,0.02559055450061957,0.025002970670660336,0.026763645311196644,0.025592637558778126,0.027699819455544155,0.031340740621089935,0.03167315013706684,0.030770577490329742,0.0008166136491733292,2.6528383692782063,25,0.32555894476672015,0.3492782215029001,0.29832501041392484,673.5672476632254,0.30432644178469975,0.3291450802485148,0.275746915191412,0.33384134478867056,0.3574632775783539,0.30590116101006665,0.33288365612427395,0.35311700912813343,0.3097253829985857,2052.7787404246146,5201799.657467533,2280.7454170659935,0.3857017940034469,0.4099547507117192,0.3577682514488697
cellbalance_all_w3e9_e50_seed1,8,8,523.491982199929,461375.04464285716,679.24593826011,0.00027141461920676533,77,3,3,0.0002829009899869561,0.015555644718309244,0.009198737951616446,0.01993514783680439,0.016375899004439514,0.009047924540936947,0.021285471816857655,0.01841122346619765,0.009379792648057142,0.02419166515270869,0.02018195576965809,0.010503324369589487,0.02651362617810567,0.000351746139737467,1.0084307700776507,25,0.19131163795789083,0.10876741028080383,0.24765727212031682,673.5672476632254,0.16733228945483763,0.09832844919214646,0.2151981651286284,0.19173815966894228,0.1106630848099788,0.24740057244896888,0.21940207039316495,0.12240272934238115,0.2849898392955462,551.4220410631849,542891.557224026,736.8117515512533,0.24238880537450314,0.12641794759780167,0.31847069206337136
cellbalance_all_w3e9_e50_seed1,9,9,881.7834401316456,1210437.5657467532,1100.1988755433053,0.0003889178121674129,77,3,3,0.00043615624114560586,0.021093683317303658,0.018673658991853397,0.023047462726632755,0.019339194521307945,0.012785784589747587,0.024101612468560536,0.02056379181643327,0.014060487039387226,0.025390077382326126,0.022617703303694725,0.01636558895309766,0.027328915273149807,0.0004532261227723211,1.6333912899716734,25,0.23530491339663664,0.20536183988054593,0.2604826678832372,673.5672476632254,0.24092763103544712,0.22557961865017812,0.254044876297315,0.21096750358740488,0.16651913935939472,0.24620725135008495,0.23406940641502538,0.19517864006261032,0.26567908756434916,942.2007168856534,1394721.6984577922,1180.9833607878616,0.2646317792435487,0.20472403173645337,0.311565326799949
cellbalance_all_w3e9_e50_seed1,10,10,687.7430174195921,764283.3474025974,874.233005212339,0.0003425346681010583,77,3,3,0.0002994408132508397,0.016571904843052227,0.010328698592881361,0.021025557691852253,0.01700260614355405,0.012460590961078802,0.02043994888663292,0.017679225653409958,0.012280348998804888,0.021659786502520244,0.020400046060482662,0.011931226588785648,0.026236476376652718,0.0003511604154482484,1.2979149568885269,25,0.21112783759832382,0.1390096469844381,0.2641438822944959,673.5672476632254,0.20033437204857668,0.11283118246744077,0.259849582289656,0.2014558764671286,0.16299987230449914,0.23318823133905728,0.21659845816592374,0.1586943735058109,0.2617663055409988,677.0105182598163,765554.9078733766,874.9599464394794,0.26792300251622997,0.15290660763780275,0.34644023890296616
cellbalance_all_w3e9_e50_seed1,11,11,729.9253143706879,839368.2982954546,916.1704526426589,0.00035529202167791397,77,3,3,0.00031097686345068115,0.01683936392267545,0.010216066613793373,0.021450402836004894,0.017090356598297756,0.012432541387776533,0.020655451342463493,0.017649092401067417,0.01228538186599811,0.021666772042711575,0.02171896956861019,0.013611777375141779,0.0275240708142519,0.0003763775166589767,1.3601766650933298,25,0.21748435681064923,0.14616535852352777,0.27051189315815766,673.5672476632254,0.20048188091566166,0.12009501487016677,0.2567051865408818,0.20272310630728801,0.1651950609435638,0.23394835837185382,0.2231970158716043,0.16044762145727873,0.2716568758090337,790.1103499771713,981417.2885551949,990.6650738545267,0.3041863606373469,0.18076420831183593,0.39006038670738535
cellbalance_all_w3e9_e50_seed1,12,12,692.8104232193588,766410.8936688312,875.4489669128814,0.00031981921970977316,77,3,3,0.00027201863607236493,0.0157950296998024,0.010116595774888992,0.019863432894150417,0.01613310817629099,0.012586038870116075,0.018925275032718975,0.016596089427669842,0.01219198169807593,0.019973902652661007,0.019712733725706737,0.013244486413896084,0.024495900919040043,0.00032053524046204984,1.2997202134605483,25,0.20715726214150587,0.1410192962984244,0.2567274852345387,673.5672476632254,0.1976944901794195,0.11202352061867714,0.25611588994661966,0.1937007269139091,0.16426356381426255,0.2189443928251664,0.21067152654131255,0.15735353538145622,0.2528624211748441,747.7351807433289,898747.8348214285,948.0231193496436,0.2686480433990558,0.17174180008471013,0.33861845955252645
cellbalance_all_w3e9_e50_seed1,13,13,502.71691339666194,427069.38737824676,653.5054608633709,0.0002024415967375185,77,3,3,0.0001888342812890187,0.013140405838688215,0.009191363429029783,0.016148467858632404,0.013574453070759773,0.008475692166636387,0.017173688858747482,0.013999313736955324,0.008830176666378975,0.01766158702472846,0.016228079795837402,0.009777576041718325,0.02074155646065871,0.00022092845271496722,0.970215614150697,25,0.1599241410320004,0.10113430228084326,0.2022625706344843,673.5672476632254,0.15511579557011526,0.09263189812501271,0.1987400207296014,0.15031435653567315,0.10410058610141278,0.18524675493439038,0.16668930241217217,0.11208500118926168,0.20732203712066014,520.0970522397524,483599.7345779221,695.4133551909412,0.19147901085515817,0.1127657314389944,0.24611612123747667
cellbalance_all_w3e9_e50_seed1,14,14,469.0046739454393,375191.6185064935,612.5288715697355,0.00018267566942936414,77,3,3,0.0001722502444560329,0.012758249727388224,0.009106605934600035,0.015560304435590902,0.012560077011585236,0.007873397010068098,0.015902063498894375,0.013257772040863832,0.008318969048559666,0.016770128160715103,0.015600985536972681,0.009168684793015322,0.02006121538579464,0.0001992400890837113,0.9093804274105557,25,0.1525375035777688,0.09411325099567572,0.19406139943748713,673.5672476632254,0.14872525880734125,0.08972295278062423,0.19007264979183675,0.14087251072128615,0.09295226521790027,0.17616312440484763,0.15797206651419402,0.10268718832482894,0.1983794125666221,482.3607229257559,424071.783887987,651.2079421260056,0.1857030415783326,0.10207103913649916,0.24193522706627846
cellbalance_all_w3e9_e50_seed1,15,15,411.13378272118507,286559.2489853896,535.3122910838024,0.0001374527150742383,77,3,3,0.00014270722264579186,0.01133056947340568,0.007889128445337215,0.013944320070246855,0.011568147378663221,0.0066788531839847565,0.01491460483521223,0.01237943551192681,0.006863951838264863,0.016055047512054443,0.014649797230958939,0.00787220165754358,0.019142985343933105,0.00017377879218353579,0.794742162628803,25,0.13351630680263044,0.07918948072940112,0.17139457962165275,673.5672476632254,0.12657979506999253,0.07759656561538578,0.16128553898384174,0.12841193633774917,0.0771222748607397,0.16438748306284348,0.13968064268430075,0.08349791803707679,0.17897260641058285,398.36451265409397,302592.88453733764,550.0844340074873,0.16450907438993453,0.08373317228009304,0.21701664383212727
cellbalance_all_w3e9_e50_seed1,16,16,461.3279450651887,359468.15016233764,599.5566279863293,0.0001514544634922565,77,3,3,0.0001600624139731129,0.011966390535235405,0.009270580485463142,0.014152095032234987,0.012476403576632341,0.00745044369250536,0.015984108050664265,0.013286927714943886,0.007635345682501793,0.017152307865520317,0.014787887843946615,0.008324733935296535,0.01916862465441227,0.00018991550314240158,0.8901214096533678,25,0.14043468875189621,0.09186934801439445,0.17603251120696464,673.5672476632254,0.13301619364569583,0.09135290652513504,0.16434285995860895,0.13751526250193516,0.08735970779632529,0.1736994304632147,0.1500662106772264,0.0968198300898075,0.18877220378567774,474.89391178279726,402341.68526785716,634.3040952633502,0.1640500479688247,0.09629812531794112,0.21100745290517808
cellbalance_all_w3e9_e50_seed1,17,17,535.0786053546063,472180.4995941558,687.1539125946645,0.00017372545878427078,77,3,3,0.00018445516373806944,0.012842086764673391,0.010807690831522146,0.014572381041944027,0.013488493859767914,0.00873247254639864,0.016944116912782192,0.014045545520881811,0.008659717005987963,0.01783720590174198,0.015877092257142067,0.008635405140618483,0.02070932959516843,0.00021777787090589604,1.0201712078171477,25,0.15051060383518536,0.11081021130084992,0.1816573058317105,673.5672476632254,0.1448415992408991,0.11343390237540006,0.17042421070237954,0.1488361423338453,0.1073092837507526,0.18098064894477525,0.15507525070259967,0.11254148005197445,0.18812091083576282,510.6139772093141,459653.788961039,677.9777201066706,0.17222621347755193,0.10273469331363837,0.22068793120483557
cellbalance_all_w3e9_e50_seed1,18,18,474.2994357022372,369741.8526785714,608.0640202138023,0.00014768452876831055,77,3,3,0.00015147392211171487,0.011734513255457083,0.009670795872807503,0.013415259619553884,0.012047204189002514,0.008221194613724947,0.014912346688409647,0.012746191583573818,0.00794069686283668,0.01615353487432003,0.014374085081120333,0.008160909482588371,0.018589841822783153,0.00017796121634698162,0.902751762831892,25,0.13780273309598368,0.09941752518216769,0.1675131782889366,673.5672476632254,0.13579057247688373,0.09897847220301628,0.16424531769007444,0.13033397315690914,0.09724379822611809,0.15652092500279347,0.14098014067858458,0.103672727458179,0.17018579980979362,487.4568231756037,415497.6414366883,644.591065278358,0.15825484242290258,0.09903844316800435,0.20060842188696065
cellbalance_all_w3e9_e50_seed1,19,19,385.8668815315544,249200.0202922078,499.1993792987005,0.00011612621996651537,77,3,3,0.00010606684372760355,0.010169008436302343,0.00867259098837773,0.011364364996552467,0.009544789480666319,0.006631572575618823,0.011756760689119497,0.010219448246061802,0.006536923348903656,0.01288345487167438,0.012449759989976883,0.006576951127499342,0.01631261066844066,0.00012212920895156762,0.7411277508378695,25,0.12063661102205515,0.08035202238708734,0.15018250747273365,673.5672476632254,0.12151869796216488,0.08311169175431132,0.14926496393978594,0.11055196547259886,0.07586667490502198,0.13667631258567176,0.11927090706924598,0.07994129286458095,0.14851285429050526,372.03429264217226,268224.2883522727,517.9037442925786,0.14049696079144874,0.07560752876102925,0.18371625798443952
cellbalance_all_w3e9_e50_seed1,20,20,453.6497949377283,345031.50405844155,587.3938236468285,0.00017027319974021067,77,3,3,0.00012982884557762495,0.012010915204882622,0.010226819974680742,0.013360807051261267,0.010082006144026915,0.007426007806013028,0.012161271646618843,0.010373114297787348,0.007304550148546696,0.012715608812868595,0.012796785992880663,0.006895413156598806,0.016721197093526523,0.0001293106640029388,0.8720641119125756,25,0.1494582110022505,0.0997877736017108,0.18615794790287812,673.5672476632254,0.15647199928760527,0.10857908574243387,0.19214039565374455,0.1374945256486535,0.09120081507911285,0.17145357203980288,0.14023653289924065,0.09414111154774825,0.17421761152644952,408.7031773158482,312437.2086038961,558.9608292214187,0.1558061168467005,0.08155222926909725,0.20457135240236918
cellbalance_all_w3e9_e50_seed1,21,21,395.64482453581576,256992.08969155845,506.943872328642,9.993936493463644e-05,77,3,3,0.00012623171399657926,0.011633511322240034,0.010167122508088747,0.012825279496610165,0.009775215138991674,0.006570951547473669,0.012159923401971659,0.011101856517295042,0.006254851197203,0.014397458483775457,0.012365797845025858,0.006778316417088111,0.016107750746111076,0.0001290009628670911,0.7526254788773624,25,0.1251821397865812,0.08697546012699604,0.154170689471066,673.5672476632254,0.12352544439335664,0.09296387083828449,0.1478372382124265,0.11164308899392685,0.07509454452122251,0.1388555430745085,0.13366168872763715,0.0856624920045336,0.16847192881007989,414.8983312829748,303278.7589285714,550.707507601423,0.147357677295804,0.08431378573800127,0.1904498390853405
cellbalance_all_w3e9_e50_seed1,22,22,541.6695322804637,448803.25426136365,669.9277977971683,0.00012166309132627756,77,3,3,0.0001546175869104142,0.011959971860051155,0.011033785529434681,0.01273938330511252,0.012417163078983625,0.011983514142533144,0.012830298083523909,0.012206082542737326,0.010231898166239262,0.013898952553669611,0.014555341253678003,0.012538943129281202,0.016315836148957413,0.00017646271347378692,0.9945967535109771,25,0.1313322151824832,0.1194067711258928,0.14218810971826315,673.5672476632254,0.11890543068448703,0.10323424847175677,0.1326765627041459,0.13539706823726494,0.13249925589809816,0.1381642682602008,0.13540240665276845,0.12220187700043122,0.1473454431568583,739.7850207043932,761775.9366883116,872.7977639111547,0.16641630644599598,0.14901071370889743,0.18192849388966958
cellbalance_all_w3e9_e50_seed1,23,23,503.8544608772575,404048.1130275974,635.6477900752881,0.00023425797392862135,77,3,3,0.00021833556335574636,0.016267421344916027,0.011950415869553884,0.01961302695175012,0.012756991510589918,0.008420787130792936,0.01593135731915633,0.012908932442466417,0.007922837821145853,0.01641039488216241,0.014286440486709276,0.007297999691218138,0.018833108246326447,0.00018124250830927244,0.9437035311329499,25,0.17748212691396476,0.11739098720252514,0.22175708609322706,673.5672476632254,0.18425663519650698,0.10881083495914937,0.23665308656791845,0.17246715551863115,0.13183412886535129,0.20487041083474955,0.1563920873651902,0.11413100885848204,0.1891722413400809,508.19455669452617,430305.6590909091,655.9768738994608,0.18718416498353083,0.12129017426321904,0.2351052463054657
cellbalance_all_w3e9_e50_seed1,24,24,468.2410801478795,347657.46732954547,589.6248530460241,0.00012854009127023617,77,3,3,0.00017185061005875468,0.013285196696718534,0.012613632095356783,0.01370347353319327,0.01209814784427484,0.008348079087833563,0.014905777759850025,0.012759074879189333,0.006392932186524074,0.016869471097985905,0.014425750511387983,0.0064027792153259116,0.019353053842981655,0.00017765991894217828,0.8753763712407059,25,0.15140803391734758,0.11090248338257273,0.18301473148167133,673.5672476632254,0.14281197094668946,0.1281457653765877,0.15581162525961798,0.1505623473599553,0.10319022443766396,0.1860654830932617,0.1615238669887185,0.07854394191876053,0.21442672816415628,378.40977735643264,272057.41233766236,521.5912310781905,0.17455579675734043,0.07648309593399366,0.23463498676816621
cellbalance_all_w3e9_e50_seed1,25,25,545.9471819989093,501465.72849025973,708.1424492926968,0.00013231492139075508,77,3,3,0.00013920020137447864,0.013436749887963137,0.013806532137095928,0.012800110504031181,0.008920135597387949,0.006861069394896428,0.01056927970300118,0.00954113807529211,0.006981543265283108,0.01151883602142334,0.012608665662507216,0.007723589427769184,0.01604240822295348,0.00011602162218575056,1.0513314769229376,25,0.14380691558122635,0.13738072256247202,0.14981758122642835,673.5672476632254,0.16416501057644686,0.1719837535917759,0.15559622305134932,0.11071343289067348,0.08974558005730311,0.12823321262995402,0.11944675277918577,0.09769976994022728,0.13770518189917008,446.4152990564123,367063.22017045453,605.8574256130353,0.14682534104834,0.09377875731637081,0.18521310133238633
cellbalance_all_w3e9_e50_seed1,26,26,331.04362586876016,188763.1398133117,434.46880188721457,8.178394381939615e-05,77,3,3,8.805334073258564e-05,0.009229778312146664,0.007825310031572977,0.010439781472086906,0.008538303586343924,0.00516928577174743,0.010903726952771345,0.009449765086174011,0.004925398311267297,0.012396855900684992,0.011451448624332746,0.005064040577660005,0.015363414150973162,0.00010269290699701135,0.6450266152258685,25,0.10776513893157244,0.07216996656109889,0.1341897302865982,673.5672476632254,0.09619573670128981,0.07565674825261036,0.11300845048079888,0.10772029450784126,0.06998969592154027,0.13519955668598413,0.11883541664729516,0.0674626250565052,0.15383994409193597,312.5495131851791,215712.4924918831,464.44858971890864,0.13748223076264063,0.06606647937869033,0.18281022480378548
cellbalance_all_w3e9_e50_seed1,27,27,394.5401127802861,261804.14468344155,511.6680024033568,9.063356444496638e-05,77,3,3,0.00010130992692817624,0.010696188236276308,0.00992963882163167,0.011344559490680695,0.008381992888947329,0.006135091496010621,0.010125179464618364,0.00933453223357598,0.006108625481526057,0.01166351449986299,0.011608988046646118,0.006827511669447024,0.014852783642709255,0.00010251727023084338,0.7596390771351518,25,0.11576968011756739,0.0936621374823153,0.1342235839366913,673.5672476632254,0.11921759724617004,0.10859269166986148,0.12867709971964358,0.10234467022120952,0.07551223763575156,0.12337930129220089,0.11354812726378441,0.07710782067850232,0.14069114610552788,389.3497326343091,291614.95454545453,540.01384662382,0.13223192752649388,0.07818810700128476,0.16974448334425687
cellbalance_all_w3e9_e50_seed1,28,28,512.4234468534395,449249.66071428574,670.2608900378164,0.0001906691232088397,77,3,3,0.00017448360449634492,0.01329442330946525,0.010682506486773491,0.01526365956912438,0.011415506713092327,0.008062829418728748,0.013971695676445961,0.012391926099856695,0.008958573142687479,0.015042068747182688,0.01739700511097908,0.009518797819813093,0.022657286375761032,0.00020961355282148966,0.9950912731625837,25,0.1703314380844434,0.11696138425419728,0.21045939630518357,673.5672476632254,0.16955731112509967,0.12712542691578468,0.20290392405043045,0.14864694599062203,0.0998745702020824,0.18493634451180696,0.15977478057146072,0.11689761642366647,0.19329170264303686,524.8951162363028,487368.36282467534,698.1177284847272,0.23044378315409025,0.10318412529304624,0.30901880798240505
cellbalance_all_w3e9_e50_seed1,29,29,360.45211633459314,219825.47382305196,468.8554935404425,0.00013345527485717547,77,3,3,0.00016632188877944523,0.013867078348994255,0.010622023294369379,0.016442136528591316,0.010568201852341494,0.00567809601003925,0.01380219031125307,0.012313689726094404,0.005837617597232263,0.016280099439124267,0.012482719185451666,0.005690858854601781,0.016629811376333237,0.00014546468689028794,0.6960782240630322,25,0.14894161706169445,0.07975369559600949,0.1948419299845894,673.5672476632254,0.1518928254271547,0.09198148840417465,0.19393528526027998,0.13593265051643053,0.06400226588050524,0.18113056215147177,0.15740628965198994,0.06695528480534753,0.21199991253515085,333.9500940496271,223204.8434456169,472.44559839797097,0.15000681505848965,0.06493206975360712,0.20183178558945655
cellbalance_all_w3e9_e50_seed1,30,30,372.21836595411423,222651.09598214287,471.8591908420804,8.464717799827892e-05,77,3,3,9.505913233927761e-05,0.009084982487062613,0.009176770690828562,0.00893144216388464,0.009977802634239197,0.006821712789436181,0.012341119969884554,0.01002856312940518,0.005621349749465783,0.013012524383763472,0.011318647923568884,0.005166156527896722,0.015146541719635328,0.00011214990809094161,0.700537611469499,25,0.10741812892258168,0.08210628028338154,0.12772642174114784,673.5672476632254,0.09452861373623213,0.08963867984091242,0.09880633968859912,0.11727334372699261,0.08034480987737576,0.14505941749860843,0.11271391501029332,0.06807808975999553,0.1440470183516542,300.97966062867795,187349.29362824676,432.838646181515,0.1289390961950024,0.065696220031629,0.1699554786706964
cellbalance_all_w3e9_e50_seed1,31,31,430.0817557991325,309894.7193587662,556.681883447599,0.00031600169578186154,77,3,3,0.0003210219826238851,0.015455329169829687,0.012196061201393604,0.01778329536318779,0.017352585991223652,0.0068406689291199045,0.023547403514385223,0.019133344913522404,0.00601247667024533,0.02637424257894357,0.0260274192939202,0.007297311133394639,0.03606312225262324,0.00047939524908239645,0.8264681594582706,25,0.2195363985002041,0.10200790560493866,0.2929472371439139,673.5672476632254,0.18505160535375278,0.12498643928517898,0.22897403785338005,0.2093904515604178,0.07111124642193317,0.28741652925809225,0.23645865614215533,0.06947513084858656,0.32707996629178526,402.9468102393212,321944.6866883117,567.4016978193771,0.3376550148179134,0.0833665892171363,0.4701204108198484
cellbalance_all_w3e9_e50_seed1,32,32,344.8121690626268,206439.5106534091,454.3561495714668,6.209158693143928e-05,77,3,3,7.531291703344323e-05,0.009253320128967365,0.009564171234766642,0.008782456008096537,0.006954499830802281,0.0054848155317207175,0.008158450946211815,0.008099926790843407,0.005269052771230538,0.010151001624763012,0.009841482775906721,0.003957517600307862,0.01333685622860988,7.469369908600736e-05,0.6745520230500263,25,0.09105089422315359,0.07660611859212318,0.103387931411465,673.5672476632254,0.09357145832230647,0.0908180737743775,0.09599309282998245,0.07792567233244578,0.06101503588880102,0.09174205041800935,0.0901777750129501,0.06354224557057023,0.11050981591145198,239.7189891864727,136850.27079951297,369.93279227383044,0.10787854249278704,0.049085320274656015,0.1444264214982589
cellbalance_all_w3e9_e50_seed1,33,33,276.2362944367644,137122.6627435065,370.3007733498628,4.697558551334304e-05,77,3,3,6.186902343567151e-05,0.008201389107853174,0.008000925183296204,0.00834099513789018,0.006204080302268267,0.004360331920906901,0.007606614381074905,0.007009565054128568,0.003682375497495135,0.00920203203956286,0.010052085233231386,0.004126161880170305,0.01358880071590344,6.79585743152226e-05,0.5497606580998847,25,0.07835219902296861,0.06057067912071943,0.09272249144812425,673.5672476632254,0.07769664248451591,0.07171658933783571,0.08314610287547111,0.06756557712952296,0.047885665607949095,0.08266349133724968,0.07403695742289225,0.04541369191060463,0.09432783062259356,253.12958160004058,153275.33248782466,391.5039367462665,0.10693186295529207,0.04841237214083473,0.1432215811808904
cellbalance_all_w3e9_e50_seed1,34,34,271.20300233518924,130736.91467126623,361.57560021559283,5.1948673911271735e-05,77,3,3,6.354945314039166e-05,0.008026244894911846,0.008091818386067947,0.007791955179224412,0.006488163800289233,0.004702024161815643,0.0078657620276014,0.007421945066501697,0.0035876755136996508,0.009863202460110188,0.010746019271512827,0.00372642387325565,0.01472919217000405,7.66026108370473e-05,0.5368069802532557,25,0.08278682655344406,0.0625543532644709,0.09876062436650197,673.5672476632254,0.07999097595612208,0.07431759954119722,0.08474353938053052,0.0719813129802545,0.05069970153893034,0.08823126858721177,0.08152503852422038,0.04485323575946192,0.10616848370681206,234.03220159357244,136703.8455762987,369.7348314350417,0.1159583466872573,0.04737703880605598,0.1568748181561629
cellbalance_all_w3e9_e50_seed1,35,35,332.61599929611407,178922.81463068182,422.9926886255622,0.00015059071377542644,77,3,3,0.00013992895886379605,0.012194724753499031,0.007310948955516021,0.015505999016265074,0.008636360056698322,0.005260515337189038,0.011008749715983868,0.010731846404572329,0.005105741632481416,0.014280665976305803,0.016648283538719017,0.006233960545311372,0.022690042853355408,0.00017176618469723812,0.627988801553268,25,0.14271524791916212,0.0729181383550167,0.1881045955667893,673.5672476632254,0.15105399719129006,0.07757011312991381,0.19870857921739418,0.10745022967457771,0.06547827836746971,0.13709193103015424,0.12686461386581263,0.06503576947376132,0.16719488507757585,371.5727007977374,258839.5898944805,508.76280317499675,0.19216112355391185,0.07709936724354824,0.26054926328361033
cellbalance_all_w3e9_e50_seed1,36,36,241.28224618094308,105021.24157873377,324.0698097304557,7.534028710714275e-05,77,3,3,7.8160512202885e-05,0.007679217495024204,0.006989266723394394,0.0081474962644279,0.008967410152157148,0.004065757694964607,0.011999105724195639,0.009426709885398546,0.0036010324644545713,0.0128171785424153,0.012103091614941755,0.0034720621382196746,0.016732769086956978,0.00011069653798282768,0.4811246551175633,25,0.10348615224162737,0.05557412156214317,0.13515214356283348,673.5672476632254,0.08978808334097266,0.06767965912818909,0.10676526678726077,0.1076837685952584,0.042443487228204804,0.14619922949622075,0.10928196515887975,0.03934544667912026,0.1494052795569102,191.07532867827973,110267.70576298701,332.06581540861293,0.13868326036880413,0.03817915681749582,0.1923542293906212
cellbalance_all_w3e9_e50_seed1,37,37,441.7495069627638,304638.86343344155,551.9409963333413,8.518897608722343e-05,77,3,3,0.00010958329949062318,0.0111306585992376,0.01290048286318779,0.00898359560718139,0.009162484047313532,0.006171405004958312,0.011387133660415808,0.009090463009973368,0.005525179207324982,0.011599595348040262,0.011606198425094286,0.00488821758578221,0.015654233594735462,0.00010468632293244202,0.8194296831506636,25,0.11431271658589442,0.10282334230840207,0.12423168515165647,673.5672476632254,0.11788176231086255,0.128748343984286,0.10506670588006575,0.1065283926948905,0.07132379759723942,0.13234287104258935,0.10356092313925425,0.06971424323817094,0.12845624967167774,316.45764596121654,188605.77201704544,434.2876604475949,0.12996046975255013,0.06342061221289139,0.17228128919998806
cellbalance_all_w3e9_e50_seed1,38,38,301.8226510580484,155430.52150974027,394.2467774246738,0.00010552522824629657,77,3,3,0.000119522497698199,0.009180620623131594,0.008414011759062609,0.009764197592933973,0.011567596035699049,0.0058574131689965725,0.015272692156334719,0.011831116552154223,0.004375011970599492,0.01614899995426337,0.014529648547371229,0.004907492858668168,0.019950347642103832,0.00016881066646116474,0.5853116801513364,25,0.12304700231800476,0.0720881920432051,0.15807533213247857,673.5672476632254,0.10286171089236935,0.0814741155008475,0.1198436084513863,0.1323490310832858,0.06651341815168658,0.17474005003770193,0.13231687591721614,0.05322100943575303,0.17928042355924845,306.664611221908,175883.14326298703,419.38424298367124,0.16516139157116413,0.06186776981999477,0.22518831419448057
cellbalance_all_w3e9_e50_seed1,39,39,279.9875753823813,142108.15848214287,376.97235771624275,3.7991832231183527e-05,77,3,3,4.6406357190183677e-05,0.006874974817037582,0.007295824742565553,0.006415784979859988,0.005242187374581893,0.004461371960739295,0.005914615311970313,0.006324871287991603,0.004225530506422122,0.007843150602032741,0.009727174726625284,0.004608807774881522,0.01293457051118215,5.95829842495732e-05,0.5596655107920625,25,0.06783374367281794,0.05947796274597446,0.07524755391602715,673.5672476632254,0.06498207569122315,0.0660245234395067,0.06386839973429839,0.05758473268399636,0.05219194620847702,0.062430309529105825,0.06319259278476239,0.049130910532549026,0.07457908114418388,256.5112522670201,154995.4085836039,393.69456255275344,0.10247560868660609,0.05627930293790996,0.13342261344194412
cellbalance_all_w3e9_e50_seed1,40,40,299.0920663808847,159295.22615665584,399.11806042405027,7.123103857232415e-05,77,3,3,9.470632600520427e-05,0.009442933835089207,0.008719550756116709,0.010107376612722874,0.009399522716800371,0.004933688323944807,0.012331921917696794,0.009207451095183691,0.004336888591448466,0.01227455772459507,0.011785336149235567,0.004335891921073198,0.016092858587702114,0.00010801396759537359,0.5925437464613836,25,0.10494344712545474,0.06878848059102893,0.13115792439629634,673.5672476632254,0.0996742725931108,0.08119271891812484,0.11466165772328774,0.10409308038651943,0.054271181194732586,0.13655749189356964,0.10098472647368908,0.05336307922378183,0.13233889733751614,256.072531365729,150242.73599837662,387.61157877232796,0.1326145905504624,0.055413857183108726,0.17915915861725806
cellbalance_all_w3e9_e50_seed1,41,41,370.7724581631747,221829.20515422078,470.9874787658593,7.264768604042504e-05,77,3,3,8.93463147804141e-05,0.010898521480460962,0.008390482204655806,0.012906293074289957,0.006883423620214065,0.006318811792880297,0.007403423078358173,0.007329772226512432,0.005474796984344721,0.008765756307790676,0.00981507853915294,0.005185081157833338,0.012856897277136644,6.990741530898958e-05,0.6992434391663692,25,0.11089668378233909,0.08460491733625532,0.1318833467240135,673.5672476632254,0.13012285395214954,0.09171757221842805,0.1593153343598048,0.08364747017001112,0.08445319475606083,0.08261973500872652,0.08136749209215244,0.06957483214015762,0.09157442724332214,323.5956169227501,195926.53236607142,442.6358914119724,0.1100473424171408,0.06936344837148985,0.13920153794189294
cellbalance_all_w3e9_e50_seed1,42,42,215.69562401709618,90557.72818587662,300.92811132540714,3.051830513018044e-05,77,3,3,4.030487374014532e-05,0.006003916108359893,0.00604657440756758,0.005958882470925649,0.0054113770214219885,0.00395787584905823,0.0065474008830885095,0.006091711577028036,0.003075823032607635,0.008038265320161978,0.009336667756239573,0.0029388801970829568,0.012867496038476626,5.6155390969555206e-05,0.44676773161017347,25,0.06274821440999706,0.048426923509687185,0.07432819857572516,673.5672476632254,0.055777659012625616,0.05663539184257388,0.05488547449931502,0.05619101867079735,0.04204611814580858,0.06737478880211711,0.06131463702768088,0.036405034627144534,0.07866615068167448,168.39037332906352,97361.23478084416,312.0276186186796,0.10043199064830939,0.03466388658930858,0.13771181804438432
cellbalance_all_w3e9_e50_seed1,43,43,217.17191978553672,92968.4901075487,304.90734675889445,3.1748184624888526e-05,77,3,3,4.4339641438758313e-05,0.00651703542098403,0.0070733608057101565,0.005903730945040782,0.005664838012307882,0.004065252219637235,0.006902012197921674,0.006097810032467048,0.003248366837700208,0.00797960643346111,0.009181580816706022,0.0028712532172600427,0.012653235966960589,5.58268159996563e-05,0.4526754348829978,25,0.06416340257972479,0.05012764515044788,0.0754765463868777,673.5672476632254,0.05785858477776249,0.05958032034337521,0.05587021386871735,0.05908081306144595,0.04134338189537327,0.07244147210692366,0.061067891971518594,0.036976222035785516,0.07799985473975539,159.54926785555753,94984.46940949676,308.1955051740644,0.09938783453156551,0.03517172274179756,0.13604097416003544
cellbalance_all_w3e9_e50_seed1,44,44,222.85029542600952,96706.9940137987,310.9774815220528,3.163967519796714e-05,77,3,3,4.3027611051608496e-05,0.006512658670544624,0.007159283384680748,0.00579281027118365,0.005668435090531905,0.00408546378215154,0.006896400513748328,0.005782515741884708,0.0029203301140417657,0.007633599452674389,0.00885748661433657,0.0027880230142424503,0.012202872894704342,5.222036755488565e-05,0.46168735579247966,25,0.06337500107164185,0.05046978398847083,0.07385479357714454,673.5672476632254,0.058382494182636344,0.06031634384766221,0.05609438518683116,0.060436631894359986,0.04253460487040381,0.07392821593830982,0.057135233307878175,0.034444714675967894,0.07303881457696358,160.0236459707285,94047.02120535714,306.67086787850775,0.09438687153781454,0.03452285111881793,0.12887518083055813
cellbalance_all_w3e9_e50_seed1,45,45,224.36513806627943,98077.08918425324,313.17261882906246,3.0471363462819175e-05,77,3,3,4.116694132486979e-05,0.006385088277359803,0.006847706778595845,0.005884265837570031,0.005345065767566363,0.004291540632645289,0.006220019267251094,0.005712034025539954,0.0030016504848996797,0.007498777781923612,0.00878288084641099,0.0025698819663375616,0.01215132512152195,5.057072606480991e-05,0.46494632854482937,25,0.061352765653282404,0.050044313225274285,0.07063598834599058,673.5672476632254,0.05689907724037766,0.057810953222215175,0.055685248672962186,0.05690883404885729,0.046691528766726456,0.06534792487819989,0.056120305036505065,0.03657022608133654,0.07030900995557507,145.74103328159876,89160.91862824676,298.5982562377864,0.09204907711595296,0.03225280280224979,0.12608031092832486
cellbalance_all_w3e9_e50_seed1,46,46,278.855386709238,139652.08548092534,373.7005291418857,3.793063143501814e-05,77,3,3,5.460059825660816e-05,0.007812845210234324,0.008210865470270315,0.007392365640650193,0.006093038401256005,0.005111136939376593,0.006933916670580705,0.0060236689945062,0.0038545807668318353,0.0075909742154181,0.00887870571265618,0.0030439397475371757,0.012180192396044731,5.5013464589137584e-05,0.5548080469149101,25,0.07203067631771166,0.060349491958816844,0.08185389589518309,673.5672476632254,0.0705324851286908,0.06780068163449565,0.07284985385214289,0.06784530052915215,0.05714387983083725,0.07687417263785998,0.06299615540852149,0.04956775584879021,0.07392079690471291,186.00477401931565,110694.65883725649,332.70806848836185,0.09718845854202907,0.04114707030666371,0.13110136217127244
cellbalance_all_w3e9_e50_seed1,47,47,701.7943087491122,749364.2715097403,865.658287957633,0.00016252823871735773,77,3,3,0.00014074490657852343,0.010005573431650797,0.009670049417763948,0.010274268065889677,0.012514418922364712,0.009868028573691845,0.014613788574934006,0.013428550524016222,0.010178769007325172,0.01597420498728752,0.014948662370443344,0.012350018757085005,0.01710669758419196,0.00019213639704200128,1.285184650769199,25,0.1593292881672581,0.1471158111964663,0.16996867943555116,673.5672476632254,0.13943663834283748,0.1456410438939929,0.13212739286323388,0.16945160131901502,0.1420934811234474,0.19242201335728168,0.17414217953880629,0.1352131427079439,0.20546831130981447,681.5476078182072,871136.5693993507,933.346971602389,0.19366228236506383,0.18013981580734253,0.2056035267810027
cellbalance_all_w3e9_e50_seed1,48,48,255.94306054053368,115914.49893465909,340.4621842946131,3.013760602674689e-05,77,3,3,3.4274560675839894e-05,0.0053007276728749275,0.0055361913206676645,0.0050509908857444925,0.004816948125759761,0.004136372900878389,0.005412346838663022,0.005951231811195612,0.004075006349012256,0.007358319902171691,0.009225952749451002,0.0038215102006991706,0.012474116248389086,5.349467392079532e-05,0.5054613113623951,25,0.060910122282803056,0.053207326779762906,0.067649081616352,673.5672476632254,0.05406793737784028,0.05666188742344578,0.051294135997692746,0.051193769766638676,0.04866133159026503,0.05356571450208624,0.0623387890184919,0.05262310236071547,0.07056011715903879,229.06676790311738,134992.3627232143,367.4130682531778,0.0993939618455867,0.04674840391923984,0.132438082434237
cellbalance_all_w3e9_e50_seed1,49,49,248.72383712174056,104400.61023741883,323.11083274538913,2.8431657932293542e-05,77,3,3,4.318165762621599e-05,0.006734789659579595,0.00716091242308418,0.006274013314396143,0.005238653936733802,0.004748676748325427,0.005684391284982364,0.006045249445984761,0.003711515183870991,0.007678928629805644,0.008822327169279257,0.003798238467425108,0.01186312548816204,5.151587174623273e-05,0.479700926472215,25,0.06252163581550121,0.054292917835215726,0.06975776622071862,673.5672476632254,0.05847468394786119,0.058882706065972644,0.05802924010902643,0.05367378886168202,0.050707522667944434,0.05641509460285306,0.06075066601236661,0.04583428297502299,0.07259652755533655,238.66749632203735,127125.50375405845,356.54663615585895,0.09470004589607318,0.04958477805679043,0.12428875308483839
cellbalance_high_w3e9_e50_seed1,0,0,1958.559326171875,6058322.821428572,2461.366047833717,0.0018711571639113418,77,3,3,0.0021411130437627435,0.04613372435172399,0.040319833904504776,0.05127074817816416,0.04632622500260671,0.03156749034921328,0.057323584953943886,0.04641895120342573,0.030772073194384575,0.05764112497369448,0.045319993048906326,0.02461359401543935,0.05906184141834577,0.0021210580210511885,3.6542246618623695,25,0.4878803785641988,0.4107173458983501,0.5539600986739,673.5672476632254,0.4545652410387993,0.4465504144628843,0.4616833508014679,0.4965388160943985,0.394312789440155,0.5804190109173457,0.5249212511380513,0.3867153426011403,0.6328964574138324,1405.8416224888392,3059503.9837662335,1749.1437859039015,0.5536630166073641,0.28625569100181264,0.72826168085138
cellbalance_high_w3e9_e50_seed1,1,1,1716.9850551060267,4657473.876623376,2158.1181331482703,0.0013293004549386632,77,3,3,0.0014198291658734281,0.03739762554566065,0.03672626366217931,0.03787845000624657,0.03762184704343478,0.026111521447698276,0.04618993898232778,0.03828590735793114,0.026152778416872025,0.0470180499056975,0.03739991411566734,0.022794709851344425,0.04748473937312762,0.0014328308946763475,3.2040128741938183,25,0.4142321428656578,0.3661689347028732,0.4566978818674882,673.5672476632254,0.39461526662111285,0.4098656297971805,0.3777165769288937,0.42170929988225303,0.3365019387503465,0.4917810756961505,0.43662522211670873,0.3228647156059742,0.5257686013976733,1307.8017403738838,2534148.2305194805,1591.9008230789632,0.44756890525420506,0.262194224173824,0.5753832637270292
cellbalance_high_w3e9_e50_seed1,2,2,1381.4450176288556,3165119.9155844157,1779.0783893871612,0.0010025061284457998,77,3,3,0.0009028761608836552,0.03020087939997514,0.02850354214509328,0.03168665679792563,0.02999861476322015,0.02180064593752225,0.0363342414299647,0.029752314711610477,0.01929785559574763,0.0372623528043429,0.02956792215506236,0.014120960608124733,0.03929027542471886,0.0008878660543511311,2.641278054357947,25,0.35927168955405553,0.2941057018438975,0.4138240054498116,673.5672476632254,0.34935216724872586,0.3323592170079549,0.36475101905564467,0.3714709043999513,0.2817706656207641,0.442681881437699,0.35444901645183563,0.2433933422466119,0.4379854448636373,841.6379751230215,1127701.9853896103,1061.9331360258095,0.3810924543191989,0.17728724603851637,0.5086933932701747
cellbalance_high_w3e9_e50_seed1,3,3,1139.830248547839,2197580.1964285714,1482.4237573745813,0.000740933010517922,77,3,3,0.0006910045825255414,0.025617866466442745,0.02245037940641244,0.02833743765950203,0.02736705665787061,0.020645286267002422,0.032684432342648506,0.026210439080993336,0.016064575873315334,0.03338789070645968,0.026533540338277817,0.01016741432249546,0.03611426552136739,0.0007125845489402612,2.2008548701224457,25,0.3173689382771651,0.2430206683774789,0.37722733944654463,673.5672476632254,0.2974843457341194,0.2722651460270087,0.32031541980803013,0.33813448503613475,0.244252399901549,0.4108076772838831,0.32072613726059596,0.19789309283097586,0.4080674937615792,621.7048161494267,655192.1574675324,809.4394093862322,0.34913959910472236,0.12588009595870972,0.4773457769552867
cellbalance_high_w3e9_e50_seed1,4,4,1284.83678882153,2560753.2305194805,1600.2353672255467,0.0006867819904144127,77,3,3,0.0006400944548659027,0.024413215617338817,0.02238108093539874,0.026251984760165215,0.02694756972293059,0.024265361949801445,0.029218123604853947,0.025054205829898517,0.018760567530989647,0.029989878957470257,0.02545132301747799,0.015068585984408855,0.03261310855547587,0.0006630973657593131,2.3757618452755334,25,0.30074104336400825,0.23828470572829247,0.3518737540145715,673.5672476632254,0.2831556608031193,0.2563695314526558,0.30718405105173585,0.3216610303272804,0.25019575767219066,0.3791471993426482,0.30213484227657317,0.2066766523818175,0.37369405686855317,919.0293127282873,1187567.6087662338,1089.7557564730887,0.3251811531186104,0.14605774788806836,0.4356360530356566
cellbalance_high_w3e9_e50_seed1,5,5,1296.9305736987621,2590981.8896103897,1609.6527232948074,0.0006483019894297392,77,3,3,0.0005744497757405043,0.02336619421839714,0.02241287815074126,0.02422451600432396,0.024859892204403877,0.022975162292520206,0.026463383808732033,0.023402847349643707,0.018834649895628292,0.027191645776232082,0.02504448468486468,0.015701858947674435,0.03164887800812721,0.0006011477283512553,2.389743160581365,25,0.2945646005372206,0.23347804941236971,0.3444461602965991,673.5672476632254,0.2829135469595591,0.25264081155260404,0.3096376735965411,0.3074980425089598,0.2342351580162843,0.3656251535813014,0.2910470482458671,0.2095468368381262,0.35379388806720574,984.8216005795962,1316503.018668831,1147.3896542451614,0.319937681555748,0.15785218685865401,0.4233302499105533
cellbalance_high_w3e9_e50_seed1,6,6,983.917180048955,1657751.7840909092,1287.5371000832984,0.00046316541311052905,77,3,3,0.0004350401577539742,0.02122402812043826,0.020542175819476444,0.021856652572751045,0.020367808640003204,0.015786149228612583,0.02403490183254083,0.020216488589843113,0.01275858593483766,0.02558041239778201,0.0211559912810723,0.008089376458277306,0.028791605805357296,0.00042736282921396196,1.9115197547833407,25,0.24809621353944142,0.19942829405268034,0.2885168966899316,673.5672476632254,0.24341550377508003,0.23195156626403332,0.254135624046127,0.2504174247632424,0.1831240484615167,0.30301386170089245,0.24627433580656846,0.1602325622489055,0.3091591411828995,506.597891671317,432244.3336038961,657.4529136021043,0.26551906210680803,0.09716553726543983,0.3626441113650799
cellbalance_high_w3e9_e50_seed1,7,7,940.559406230976,1528239.0600649351,1236.219664972587,0.00047213547294596575,77,3,3,0.00041214719143075246,0.020664912338058155,0.01966051881512006,0.021581076706449192,0.019518965855240822,0.014599131730695566,0.023419284572203953,0.019591263805826504,0.012418601972361406,0.02476709025601546,0.02139846794307232,0.00763652753084898,0.0292790283759435,0.0004144689495054384,1.835332209606902,25,0.25122733605404696,0.1901026626676321,0.29984442323446275,673.5672476632254,0.24732264662782352,0.2218076498558124,0.27003356382250787,0.2524331826965014,0.17218744039535522,0.31248044018944104,0.24548080076773962,0.15384328873207173,0.310969067538778,473.43301431234784,379323.7662337662,615.8926580450251,0.2734917366753022,0.09329459932322304,0.375316614334782
cellbalance_high_w3e9_e50_seed1,8,8,904.49725183264,1444866.7094155843,1202.0260851643714,0.00039546066205706687,77,3,3,0.00036005366321963567,0.01965857669711113,0.019575166205565136,0.019709567228953045,0.017953782031933468,0.013840668213864168,0.02126207823554675,0.01808297137419383,0.011495777095357576,0.022833370914061863,0.01937314309179783,0.006770623537401359,0.026545149584611256,0.0003464922677570333,1.7845673009406304,25,0.22641560293734073,0.18249186865985392,0.26284084128836793,673.5672476632254,0.230041899283727,0.21469902016222478,0.24400108978152274,0.22223047219216824,0.1651950575162967,0.2671376089503368,0.21437353491783143,0.14283058838297924,0.2672802095115185,402.04554490919236,290769.80905032466,539.2307567733175,0.23647138826549052,0.08177401085694631,0.3242211061467727
cellbalance_high_w3e9_e50_seed1,9,9,862.8132126052658,1320888.893668831,1149.2993055200334,0.00035894466050017575,77,3,3,0.00033165389322675765,0.01895742615063985,0.019085008030136425,0.01878076046705246,0.017111993705232937,0.013126522613068422,0.020304934432109196,0.01729893684387207,0.010898923811813196,0.021891103436549503,0.01850048576792081,0.006092431178937356,0.025442079951365788,0.00031609406384329003,1.7062873967035102,25,0.21613555252552033,0.173362433090806,0.251415890827775,673.5672476632254,0.2203699026753505,0.20451496697962285,0.2346319189419349,0.21279342132310072,0.1569980762898922,0.25647253659864266,0.2024632019797961,0.1346286501735449,0.25257027405003707,359.1953097256747,236087.00162337662,485.8878488122302,0.22362984399000804,0.07274761883541941,0.3077433813860019
cellbalance_high_w3e9_e50_seed1,10,10,823.1821368328937,1199737.1655844157,1095.3251414919753,0.00032898996670899743,77,3,3,0.0003408346383366734,0.019093365718921024,0.01893739029765129,0.019181378185749054,0.01742355152964592,0.012127969103554884,0.02141977660357952,0.017614102611939114,0.009893829313417276,0.022857587784528732,0.019021663814783096,0.005863970300803582,0.026249268402655918,0.00033157484722323716,1.6261555847496063,25,0.20194964354236922,0.16919444017112256,0.22974660644928616,673.5672476632254,0.20618086998661359,0.2034610242396593,0.20835601963102818,0.1879460956652959,0.14584229620794456,0.22210334959129494,0.1940717122455438,0.12532383153835933,0.2439941245317459,341.17759209174613,220982.65564123375,470.08792330928236,0.2248123109837373,0.07378941842665275,0.3091836995631456
cellbalance_high_w3e9_e50_seed1,11,11,848.0291470614346,1257567.5949675324,1121.41321330165,0.0003435846056045311,77,3,3,0.0003487516660243273,0.019927700981497765,0.020019017159938812,0.01976628911991914,0.01735154228905837,0.01287661058207353,0.02086203048626582,0.01715608375767867,0.010135982185602188,0.02202571431795756,0.017765964691837628,0.007171938506265481,0.024070265392462414,0.00030591066267030936,1.6648867907281941,25,0.20634254455566406,0.18087028595308463,0.22869922178486982,673.5672476632254,0.223003738373518,0.21937320940196514,0.22597157940268517,0.18764206094046434,0.15485983417679866,0.21533860007921854,0.1827466759334008,0.12369048873583476,0.22660576057930787,407.59276313286324,290146.8687094156,538.6528276259353,0.2021843471378088,0.0859491539436082,0.2724785399436951
cellbalance_high_w3e9_e50_seed1,12,12,897.8167526443283,1429622.2775974027,1195.668130208965,0.00041309313987708323,77,3,3,0.00040030689948859316,0.02110484118262927,0.021896010264754295,0.02021091803908348,0.01845611073076725,0.011297603448232016,0.02348134107887745,0.018619788189729054,0.010696685562531153,0.024043872331579525,0.019856926053762436,0.012145526086290678,0.025305317093928654,0.00036876801944648224,1.7751280727455785,25,0.2437620490541061,0.19870609586437543,0.28144837729632854,673.5672476632254,0.23855780199170112,0.23808260376254717,0.23875349226097267,0.24413763086001078,0.14901690125465394,0.3111914362261693,0.24655361443758012,0.1528431919341286,0.31295507604877154,689.500196580763,655099.2463474026,809.3820150876857,0.2607503309349219,0.1553687463204066,0.33396614213784537
cellbalance_high_w3e9_e50_seed1,13,13,972.7371318866681,1703084.9399350649,1305.0229652902913,0.0004207209110193487,77,3,3,0.0004304665975117435,0.0240425243973732,0.023627030352751415,0.02444694625834624,0.016601350779334705,0.011814043236275515,0.020255306114753086,0.01647131269176801,0.010360332516332468,0.020852743337551754,0.018316195035974186,0.010351508545378843,0.023629607011874516,0.00029986276058480144,1.9374798430561238,25,0.2438485099375248,0.2201095894475778,0.265207410727938,673.5672476632254,0.2787293630093336,0.2743892594923576,0.28250748693943023,0.20387262957791488,0.16313981582721074,0.23732056332131227,0.20053282499313355,0.1454354284579555,0.24308914666374523,580.8646390840605,499155.3971185065,706.5093043396573,0.21520839812854925,0.1274263486638665,0.27599868257840476
cellbalance_high_w3e9_e50_seed1,14,14,761.3160701603084,986959.737012987,993.4584727168957,0.0002853931523118676,77,3,3,0.0002690562008259197,0.01798892766237259,0.017676331102848053,0.018246750036875408,0.014651305663088957,0.01080421730875969,0.01767484036584695,0.014204835208753744,0.008263371884822845,0.018306293214360874,0.01567257847636938,0.009114444876710573,0.020181411256392796,0.00022335962664025524,1.4749209914280328,25,0.18897778332233428,0.15570983992268642,0.21706801195939382,673.5672476632254,0.20385861285030843,0.18192323697110016,0.22328658118844033,0.17293693187336126,0.13864108418424925,0.20132105256120364,0.16686815763513246,0.11191390269746383,0.20757516399025916,516.879050911247,367065.9237012987,605.8596567698651,0.18521685288598141,0.11076939934243758,0.23719874729712803
cellbalance_high_w3e9_e50_seed1,15,15,792.1091601879566,1120072.5568181819,1058.3348037451012,0.00028833715122664807,77,3,3,0.0002930792203793923,0.019606657326221466,0.02025713709493478,0.01892938030262788,0.014179464740057787,0.010086787243684133,0.01732177659869194,0.014174574365218481,0.00843830406665802,0.01817728951573372,0.014945998166998228,0.007497274627288182,0.01975333256026109,0.00021040688443463296,1.5712385176338834,25,0.19474163281420867,0.16819321199009815,0.21801293231546878,673.5672476632254,0.21324958855907122,0.20480208357175192,0.22116695878406364,0.17234237475941577,0.13337865278124808,0.20378979817032813,0.17178031767408053,0.12000486089537542,0.2110284134497245,431.0813666009284,287923.36992694804,536.5849139949315,0.18731384836137294,0.09922425200541814,0.2454143353054921
cellbalance_high_w3e9_e50_seed1,16,16,683.3339185838576,839167.6566558442,916.0609459287325,0.00020644322015774474,77,3,3,0.0002201519334145511,0.016343892241517704,0.01754983514547348,0.015000529897709688,0.013266023869315783,0.010015649100144705,0.015820236566166084,0.013078958416978518,0.00829396148522695,0.016529032960534096,0.013364139012992382,0.00465202983468771,0.018311365817983944,0.00017562739473457137,1.3600140878387108,25,0.15851163279265165,0.14068972455958526,0.17425534542649984,673.5672476632254,0.16900789046039183,0.17536295168101787,0.1621083015203476,0.14322528512527546,0.11130156878381968,0.16912892707933982,0.1477868420133988,0.0942211617777745,0.18643507572511833,227.1465061732701,106641.87073863637,326.5606693076133,0.15763600300997496,0.05054133946696917,0.21709497697651386
cellbalance_high_w3e9_e50_seed1,17,17,706.0197294160918,859360.6241883116,927.0170571183206,0.00021189843987072393,77,3,3,0.00022819569373192886,0.01654258898148934,0.01734655350446701,0.015692148668070633,0.013238602317869663,0.009467405887941519,0.016151650498310726,0.012873437566061815,0.007176350026081006,0.016718794591724873,0.015072854235768318,0.008007789961993694,0.01967800408601761,0.00019594631157815456,1.3762798894013575,25,0.1669582010805607,0.14931589569896458,0.18284052699804307,673.5672476632254,0.17905978053808214,0.17998768461247286,0.1779299441476663,0.14579415523757538,0.11936421670019627,0.16801594699422517,0.1478883374358217,0.10238110604385535,0.182227896216015,490.463733227222,325536.6633522727,570.5582032994291,0.18322249044974645,0.10878921967620651,0.23483115571240584
cellbalance_high_w3e9_e50_seed1,18,18,742.5535159420657,991169.5892857143,995.5750043496041,0.00022904642641411295,77,3,3,0.00023374754042985538,0.017280560607711475,0.019229707618554432,0.015065515724321207,0.013201819732785225,0.010189980578919252,0.015611937580009302,0.012446303231020769,0.008133358011643091,0.015548271437486013,0.013780295538405577,0.005479241721332073,0.018682032202680905,0.00017566811584401876,1.4780632636214197,25,0.17133097913116216,0.15532235263536373,0.185826232843101,673.5672476632254,0.18755806396404903,0.18607529751956464,0.18847897162040075,0.1552329766874512,0.13640618617335956,0.17164764160911242,0.14591952056934437,0.10795889637743433,0.17560615164538224,321.5817494578176,186617.65533685064,431.99265657745923,0.1644723159695665,0.0775895165776213,0.2191410045325756
cellbalance_high_w3e9_e50_seed1,19,19,698.537999537084,932595.1964285715,965.7096853757714,0.00021061140215387206,77,3,3,0.0002092228144950544,0.016769689197341602,0.01915573018292586,0.013964372997482618,0.011885177344083786,0.009125719778239727,0.014109094316760698,0.011428291909396648,0.00748194707557559,0.014304906750718752,0.012206018902361393,0.004667272170384725,0.016612002936502297,0.00014135216770227998,1.433724232771207,25,0.15934035699814558,0.1410496738180518,0.17539205414553483,673.5672476632254,0.17469807689388592,0.17236526208619277,0.17606420929233232,0.14522904141495624,0.11725459619114796,0.16826412038256724,0.1398910145709912,0.09714439635475476,0.17214803806195655,256.3050967129794,120298.72453327922,346.8410652348987,0.1425773666923245,0.058873752982666096,0.19283762601514656
cellbalance_high_w3e9_e50_seed1,20,20,634.8468905362216,744139.3709415584,862.6351319889299,0.00018382182117255235,77,3,3,0.00018083355583560964,0.015216847881674767,0.017010246713956196,0.013170428574085236,0.011060415456692377,0.008463860799868902,0.013127124247451624,0.011241706709067026,0.007441948012759288,0.014011865792175135,0.012609939401348432,0.0041974789928644896,0.0173208632816871,0.00013947803624129543,1.2806963743881974,25,0.14905142426490783,0.1257834282765786,0.16851168821255366,673.5672476632254,0.15682387882222731,0.15391522852083048,0.15844143400589625,0.13316344883292913,0.10181969282527764,0.15818092287828525,0.14290167301893233,0.0917065578016142,0.17981392599642276,231.4590416450005,95167.77429991883,308.49274594375606,0.15620039258152246,0.05165630451093117,0.2147455192108949
cellbalance_high_w3e9_e50_seed1,21,21,614.6672315721388,683426.202922078,826.6959555496071,0.0001567647269474911,77,3,3,0.00016780222358647734,0.014423045640190443,0.01605370081961155,0.012570460637410482,0.01111999899148941,0.00887257605791092,0.012969333988924822,0.01078280589232842,0.006237911215672891,0.013906180548171202,0.012580938947697481,0.005196610310425361,0.016975575126707554,0.00013739134737988934,1.2273398957826762,25,0.13975566300253073,0.12651812507460514,0.15169153597205878,673.5672476632254,0.14953342080116272,0.15459335354467232,0.14380895304183164,0.12801978714764117,0.10676691977928082,0.14613281016548474,0.12234950100382169,0.08003849673395355,0.15334453094750644,289.71600302163654,129825.50400771105,360.31306388710226,0.1436960348735253,0.0641366168608268,0.19272595123698313
cellbalance_high_w3e9_e50_seed1,22,22,713.5075540914164,908614.1112012987,953.2125215298521,0.00022681021867108277,77,3,3,0.00022950476462331912,0.016606898047029972,0.01815318688750267,0.01489837591846784,0.012224734760820866,0.010756889979044596,0.013514149623612562,0.012512912973761559,0.0072843289623657865,0.016072727739810944,0.017361579152445,0.005201349345346292,0.02394945981601874,0.0002195022146527966,1.4151705339545333,25,0.1711491055910786,0.14173597052693368,0.1959599976738294,673.5672476632254,0.1817649594694376,0.1658658927679062,0.19530257259805997,0.1522214257841309,0.13709623545408248,0.16551758334040642,0.14251522252957027,0.0943172710761428,0.17799607017387947,300.014657156808,142169.79438920456,377.0541000827395,0.19998399719595908,0.06520124385754267,0.27515906628221276
cellbalance_high_w3e9_e50_seed1,23,23,599.4556147587764,645355.7694805195,803.3403820800493,0.00018343878868368587,77,3,3,0.0001695576502243057,0.013742838986217976,0.015512986729542414,0.011643234640359879,0.012190390999118486,0.008951367189486822,0.014689411967992783,0.011686374433338642,0.00737888893733422,0.014764634892344475,0.013050359363357225,0.004984413428852956,0.017741193063557148,0.00015494213827575246,1.192665446348586,25,0.1585141946002841,0.12361626882106065,0.186326304115355,673.5672476632254,0.15683552075177432,0.1517780784269174,0.16024585882822673,0.1616211257626613,0.0998614394540588,0.20545641505469878,0.15403982866555452,0.08479368566224972,0.20049023592223725,276.0851715880555,125501.04119318182,354.2612612087043,0.16483689265946547,0.058865212425589564,0.22548023785154026
cellbalance_high_w3e9_e50_seed1,24,24,710.1214147790686,909587.5211038961,953.7229792260938,0.00021952739066305243,77,3,3,0.00021670063627728572,0.016174934183557827,0.01782233516375224,0.01433581579476595,0.012294664978981018,0.010201888158917427,0.014030241407454014,0.012725110476215681,0.00700611046825846,0.016541200689971447,0.015214441654582819,0.0041913739405572414,0.021086261918147404,0.00019188988759803274,1.4159283761714947,25,0.1667611733948191,0.14278526676197847,0.18738591834902762,673.5672476632254,0.18016792684793473,0.17363514261941115,0.18552527072529,0.1488101533552011,0.12636406876146794,0.16773663473625977,0.1431848780810833,0.09077464350809654,0.1808148891478777,237.20787226689328,105650.7171773539,325.0395624802524,0.17406065793087086,0.053222293555736544,0.24018181035916011
cellbalance_high_w3e9_e50_seed1,25,25,651.8424373478084,725783.3689123377,851.9292041668355,0.00026140810733558245,77,3,3,0.0002571577109241237,0.0141221908852458,0.015409376161793867,0.01269745888809363,0.012056601544221243,0.009629652835428715,0.014061981501678625,0.017760558674732845,0.006819173227995634,0.02416772705813249,0.026541731009880703,0.0072381206167240935,0.036802771190802254,0.0004375183489173651,1.264802003248217,25,0.189121893097957,0.13317260021964708,0.2317572213957707,673.5672476632254,0.1691124397267898,0.15758864626288413,0.1788592667505145,0.14925967038919527,0.11919412923355897,0.17407228268682956,0.20324219507475694,0.0833036060569187,0.2749115330229203,443.28136196384185,271173.6162743507,520.7433305135561,0.3067395233362913,0.09391299953684211,0.4234102563560009
cellbalance_high_w3e9_e50_seed1,26,26,718.8310459681919,854924.6144480519,924.6213357088684,0.0002075974170312092,77,3,3,0.00026651206038271386,0.018280569463968277,0.019092416390776634,0.017419299110770226,0.012582934771974882,0.012136557760337988,0.013008341193199158,0.01222250983119011,0.009195170986155668,0.014609786992271742,0.01966468058526516,0.007123630028218031,0.02684738238652547,0.0002530137571739033,1.3727231229199652,25,0.17958748921751977,0.15431053405006726,0.2015271849061052,673.5672476632254,0.19107162619630497,0.1896965862562259,0.19224069468677044,0.14147223648925622,0.12215547349303961,0.15815584495663643,0.1441857594748338,0.10446150707701841,0.17490316973378262,419.4974218591467,296391.0631087662,544.4180958682089,0.24472944058477877,0.0852737244963646,0.3352402564386527
cellbalance_high_w3e9_e50_seed1,27,27,540.7321896243405,506959.45657467534,712.0108542534133,0.0001150412043154409,77,3,3,0.00015167936120027056,0.014479449950158596,0.01472408976405859,0.014189271256327629,0.009598605955640474,0.00941401906311512,0.009726520317296187,0.00877980732669433,0.006322852335870266,0.01068033246944348,0.0113833819826444,0.004268904682248831,0.015513576567173004,0.00010283706069458276,1.0570746376453999,25,0.1332529611388842,0.12278798718005418,0.1428303889433543,673.5672476632254,0.15176479255159697,0.1484368842591842,0.15480560480306546,0.11255389803399642,0.10962269927064577,0.1152644403030475,0.10341724837819735,0.07939056019609173,0.12238709889352321,226.27128165108817,108327.3653612013,329.1312281768494,0.12643218100070952,0.05292365410054723,0.1706790066882968
cellbalance_high_w3e9_e50_seed1,28,28,544.2165844409496,533207.5852272727,730.2106444220549,0.00010694423539249541,77,3,3,0.00012940932113754874,0.013157169024149576,0.014469972811639309,0.011666820695002874,0.008415449721117815,0.007829426322132349,0.00893598422408104,0.008826662475864092,0.006687778048217297,0.010538203952213129,0.011846515660484632,0.003920985929047068,0.01628126483410597,0.00010210814555951704,1.084094642302368,25,0.12409258155773083,0.12187208335846662,0.1262202208985885,673.5672476632254,0.13916285732140143,0.15171551855901877,0.12522982273250818,0.1004528882727027,0.09405369495352109,0.106414886948963,0.1030372396359841,0.08606651852528255,0.11712948638945818,186.5208429113611,76489.73899147728,276.56778371942977,0.12990055774648984,0.04517751272457341,0.17804256357252599
cellbalance_high_w3e9_e50_seed1,29,29,527.2033421900366,505984.5543831169,711.3259129141275,9.886436298559118e-05,77,3,3,0.00012390271634406722,0.012893546683092913,0.014167926895121733,0.011457765785356363,0.008263766455153624,0.00768571828181545,0.008787764546771845,0.008302736716965834,0.006022831580291192,0.0100787707294027,0.011884326425691446,0.003769408833856384,0.016374032633999985,9.878908652657022e-05,1.0560577512963945,25,0.11878423195332288,0.11783171955496073,0.11969565950334073,673.5672476632254,0.13357924159616233,0.1470011199141542,0.11854929675658545,0.09676139254122973,0.09220991582299272,0.10104969725012779,0.09392048329114915,0.07874299261098107,0.1065769350528717,170.10987021706322,61499.80656452922,247.99154534888729,0.12705723535269497,0.04442823128774762,0.17407372705638408
cellbalance_high_w3e9_e50_seed1,30,30,557.8593916459517,577790.9926948051,760.1256427031028,0.00010950607474433718,77,3,3,0.00014169369630205134,0.014107295622428259,0.01506350189447403,0.013006091738740603,0.009068237617611885,0.008353145482639471,0.009727491065859795,0.00843794240305821,0.0069052424902717275,0.009729425112406412,0.011014199505249659,0.004572596168145537,0.014879552647471428,9.493757776605587e-05,1.1285074286794232,25,0.12839714486151935,0.127071483284235,0.1296351305147012,673.5672476632254,0.14905035379032294,0.15763228012869757,0.13970709449301164,0.10599494545410076,0.09854417766754826,0.11291827390591304,0.09616620641201734,0.08722400838509202,0.10419335825989644,240.6809993595272,93367.63950892857,305.56118783138766,0.115022059691449,0.05820221384366353,0.15181989315897226
cellbalance_high_w3e9_e50_seed1,31,31,580.0899368880631,608398.3656655845,779.9989523490301,0.00010955217181003423,77,3,3,0.00014283361573082706,0.014177565152446428,0.015556898588935534,0.012604851586123308,0.009333178711434206,0.009137419362862905,0.009520117503901323,0.008417022104064623,0.007114044235398372,0.009542391325036684,0.010575897681216398,0.003943521684656541,0.014425950745741526,9.215228783432394e-05,1.1580119951720382,25,0.13030408338954053,0.13371115843454998,0.12675805060813825,673.5672476632254,0.1508006927743554,0.1635723752900958,0.13667655407140653,0.11342062927782535,0.11346213079988957,0.11334154897679885,0.09504538250466188,0.09005289655799667,0.09962623689323663,182.77482773421647,64874.71999289773,254.70516287051922,0.1088997561732928,0.051296457548936206,0.14515940071394046
cellbalance_high_w3e9_e50_seed1,32,32,651.2204883129566,674345.5223214285,821.1854372317063,0.00012912448399621606,77,3,3,0.00016213844840725264,0.013095589665075144,0.014705263078212738,0.011208479292690754,0.009868832305073738,0.010056491320331892,0.009674250148236752,0.013217928198476633,0.012065607743958632,0.014265933074057102,0.015592077436546484,0.008190884565313658,0.02042103310426076,0.00018461256210381785,1.2191587997792432,25,0.14802796327819426,0.14297930338730414,0.1527514098584652,673.5672476632254,0.13313057156900565,0.14973473941286405,0.11400027652581533,0.11802768275762597,0.12447262978802125,0.11115455123906334,0.18101016741245984,0.1612253508840998,0.19872783737878005,536.5332122406402,369917.3804788961,608.2083364102272,0.2090903120363752,0.11550708929697673,0.2720145141830047
cellbalance_high_w3e9_e50_seed1,33,33,591.1477661132812,607697.1611201299,779.5493320631671,0.00011734838836354675,77,3,3,0.00015476756137407696,0.014533734569946924,0.01509954376767079,0.013931125402450562,0.010288813151419163,0.009797556636234125,0.010757094870011011,0.00910129506761829,0.008572768730421862,0.009599105454981327,0.010340010126431784,0.0041736582449326915,0.014014350560804209,9.946994638691346e-05,1.157344474167383,25,0.1377162379398942,0.13518290848781664,0.1401689546679457,673.5672476632254,0.1567078863705198,0.15781360736737648,0.155469373340408,0.1249670279895266,0.12154152236878872,0.12825916185975075,0.1072297679943343,0.11290340630337596,0.10106180919955174,202.19535134055397,86198.77561891233,293.5962799813927,0.10952760959664981,0.056809289821734034,0.1440128857269883
cellbalance_high_w3e9_e50_seed1,34,34,626.2681373497109,698308.5101461039,835.6485565990669,0.00010074185760836904,77,3,3,0.00011764944307894136,0.012614859578510126,0.016157701301078003,0.00747813501705726,0.008309358110030493,0.009563126290837923,0.006817745976150036,0.008693646950026354,0.008599608050038418,0.008758927074571451,0.01020664939035972,0.004557277852048476,0.01369105496754249,8.586198964621872e-05,1.240631220562078,25,0.11477016569425662,0.13536123466988403,0.08951451490322748,673.5672476632254,0.12726552791893483,0.16127104161928096,0.07968979229529699,0.09993485979735851,0.11587130043655634,0.08079284667347868,0.09842757773896059,0.10655514964833855,0.0893174296617508,229.64888485995206,91047.12269176137,301.7401575723082,0.10799536117662986,0.06070298418402672,0.14003240693360566
cellbalance_high_w3e9_e50_seed1,35,35,552.9749605253145,605658.5722402597,778.2406904295481,0.00011459282720718509,77,3,3,0.00013131753560931733,0.013824724281827608,0.014823981250325838,0.012725344859063625,0.008395328962554535,0.007977869982520739,0.008789311163127422,0.00824289054920276,0.005701250707109769,0.010150711052119732,0.009640038013458252,0.003977144680296381,0.013024064401785532,7.928357323786865e-05,1.155401621930789,25,0.12335234614710013,0.11985173352062702,0.126487116937836,673.5672476632254,0.146483401209116,0.15006567052255074,0.14233085545400778,0.09661800576994817,0.09496072420850396,0.09807004615664482,0.08613167978823184,0.06977897974972924,0.09945124670863152,218.8305180537236,81289.14148741883,285.11250671869664,0.10927397018919388,0.055035077749441066,0.14429753412803015
cellbalance_high_w3e9_e50_seed1,36,36,540.3960190810167,574054.7264610389,757.6639931137278,9.328301672070808e-05,77,3,3,0.0001101538024765129,0.012359464230636755,0.014766673867901167,0.00934065350641807,0.007908320364852747,0.008055494477351507,0.007756552969415982,0.007773760395745437,0.005994895938783884,0.009214593718449274,0.010029509663581848,0.0038161398066828647,0.013660529007514318,7.768277040061851e-05,1.1248527830625006,25,0.11081526639560858,0.12299276042729616,0.09697334218770265,673.5672476632254,0.12968214782575765,0.15484500804295143,0.0980303573484222,0.08773898705840111,0.09408912898972631,0.08080585262427728,0.08222092381988963,0.07625565350676576,0.08751468698183695,178.12683848591593,62111.82135247565,249.22243348558263,0.10217844357093175,0.0501593546786656,0.13541090626269578
cellbalance_high_w3e9_e50_seed1,37,37,598.6905858423803,673460.3076298701,820.6462743654358,0.00010329468044234657,77,3,3,0.0001195915441106384,0.012991122280557951,0.0155457000558575,0.009785747155547142,0.008274260442703962,0.0087707561130325,0.0077424633006254835,0.008210354950278997,0.007456991666307052,0.008885773054013649,0.009529896701375643,0.004263291290650765,0.012779141776263714,7.771558254413928e-05,1.2183583409265588,25,0.11865899002800386,0.13336758725345135,0.10174683393289645,673.5672476632254,0.13691892325878144,0.1641685084377726,0.10253239742169777,0.0975556746746103,0.10658202877268196,0.08756136374548078,0.09436574614296357,0.0942321277037263,0.09432998671506843,226.20066754229657,88689.39970576299,297.80765555264526,0.10438875738531352,0.057224162509664896,0.13595620293170213
cellbalance_high_w3e9_e50_seed1,38,38,770.7756965934457,970153.5730519481,984.9637419986323,0.00013629060536063603,77,3,3,0.00014182804928471646,0.013706140841046969,0.017486446847518284,0.008339120540767908,0.010042226252456507,0.012505621028443178,0.006725813106944163,0.009054219039777914,0.009409746310363213,0.008671232499182224,0.010681338297824064,0.007441947857538859,0.013144029304385185,0.00010057860345114022,1.4623094359408355,25,0.13508839707821607,0.164843753327926,0.09637036504844824,673.5672476632254,0.15034417334944009,0.18647004348536333,0.10157780045022567,0.1262993204096953,0.16220630252112944,0.07435313237210114,0.10626419863353173,0.12359478076919914,0.08502363845705986,466.49639852944904,277332.9242086039,526.6240824426889,0.11752488609403372,0.1032774144038558,0.12975814323872328
cellbalance_high_w3e9_e50_seed1,39,39,710.3451958198052,790252.890827922,888.9616925536905,0.00011163967060206409,77,3,3,0.0001372570259263739,0.013215812544027964,0.016041013101736706,0.009588924857477346,0.010131085601945719,0.012311828012267748,0.007303238846361637,0.009131095061699549,0.008696146309375763,0.009534535619119803,0.011284562138219675,0.005831694230437279,0.014847777473429838,0.00010653292216981451,1.3197816485847889,25,0.13048894185572862,0.15742618532230457,0.09614353861659765,673.5672476632254,0.14119405469546714,0.17600270186861355,0.09421013653278351,0.12925260699043672,0.16428829032927753,0.07975253374005357,0.1042679317543904,0.11642815706009667,0.09003660500049591,350.8588918710684,168686.26521915584,410.71433529785133,0.11575707376003265,0.08197791799282034,0.14150840117285649
cellbalance_high_w3e9_e50_seed1,40,40,634.7934356293121,720436.0263798701,848.7850295450963,0.00010721908535282187,77,3,3,0.00011295683119290818,0.011843444469074408,0.015024739317595959,0.0073778810910880566,0.009593371922771135,0.011968441928426424,0.006386959304412206,0.008525510784238577,0.008676412049680948,0.008366353965053955,0.00974853957692782,0.005696166927615802,0.012553599352637926,8.735384229415406e-05,1.2601340586106964,25,0.1175756194939216,0.1393615063155691,0.09048641886562109,673.5672476632254,0.12727613353480896,0.15361483006427684,0.09303241533537705,0.11345969002693891,0.1453913895164927,0.06739902885630727,0.09694339589526256,0.10857878225545088,0.083246459638079,339.69546191723316,167837.29961444804,409.6795084141359,0.10780852711449067,0.08024735850592454,0.12930775138239065
cellbalance_high_w3e9_e50_seed1,41,41,563.6823980158025,588065.0519480519,766.8539965000194,9.318787497604363e-05,77,3,3,0.00011524796233667682,0.01269117028762897,0.014968020220597586,0.009899507276713848,0.008930129930377007,0.009870667941868305,0.007877251288543144,0.007312690063069264,0.00661132438108325,0.007946978323161602,0.008885407199462255,0.0035128116918106875,0.012057771595815817,7.13638510205783e-05,1.1384965631277786,25,0.11625771421939135,0.1302026880532503,0.10032752733677626,673.5672476632254,0.13374058740834396,0.15759864961107573,0.1044936049108704,0.10530778059115012,0.1184288930396239,0.09017587055141728,0.07983403960242867,0.08211335873231292,0.07721133379886548,150.34496624438793,49851.93613027597,223.27547140309875,0.09844469802454114,0.04568978019990027,0.13141411136835812
cellbalance_high_w3e9_e50_seed1,42,42,510.96556943422786,546163.4070616884,739.0286916363183,8.141931293603311e-05,77,3,3,0.00010175843635806814,0.011820013324419657,0.01424692322810491,0.008700603308777014,0.008133698565264543,0.008399347153802713,0.007858723712464174,0.007131802228589852,0.005910377794255813,0.008169310633093119,0.009357881732285023,0.0034931229893118143,0.012764432467520237,6.993797918160756e-05,1.097186204050442,25,0.10434568591415883,0.11793058104813099,0.08866241323451202,673.5672476632254,0.120011085656782,0.14650878789524238,0.08552674883976578,0.09170121711989244,0.09622473820423086,0.0868904710561037,0.07365079107383887,0.07367313097541531,0.07331956324477991,144.71544211251395,42416.17578125,205.9518773433493,0.0931808569903175,0.04632009568003317,0.12333367676784594
cellbalance_high_w3e9_e50_seed1,43,43,564.802697516107,624727.0511363636,790.3967681717604,8.601911721090399e-05,77,3,3,0.00010338101856177673,0.01200621078411738,0.014992818236351013,0.007943261414766312,0.008082915718356768,0.009638172884782156,0.006144957306484382,0.007154166388014953,0.006347392685711384,0.007868828562398752,0.00917229987680912,0.003086076428492864,0.012595691718161106,6.841372669441625e-05,1.1734489331449027,25,0.10673590308676163,0.129968402509888,0.07673399072140455,673.5672476632254,0.12437066312879325,0.15993023924529554,0.07312471825629473,0.09198945426692565,0.11483488228172063,0.06076085224747658,0.07328479356442888,0.07586911477148534,0.07031126968562602,117.62663368126015,34964.930093344155,186.9891175799922,0.0921834795549512,0.039538991854836544,0.12419789637128512
cellbalance_high_w3e9_e50_seed1,44,44,414.62664636389,376385.00405844155,613.5022445423012,5.661212434189382e-05,77,3,3,7.131030724849552e-05,0.009898974870642027,0.012323803578813871,0.006619816335539023,0.0062108223016063375,0.006829225302984317,0.005522867199033499,0.0062455049095054465,0.004554365916798512,0.007532996125519276,0.008641275266806284,0.0030123451724648476,0.011837517221768698,5.3735236482073866e-05,0.9108255288105163,25,0.0826857211937507,0.09640582028776407,0.06615535737325748,673.5672476632254,0.09639500188330809,0.12390788389990727,0.05675489229460557,0.0627480766363442,0.0715863676990072,0.052382022247960174,0.05769859019046029,0.0468169117718935,0.06676487965509295,94.13819617729682,19461.26883370536,139.50365168591594,0.0879861190294226,0.04076853916049004,0.11754475814600786
cellbalance_high_w3e9_e50_seed1,45,45,476.5494301535866,511917.04464285716,715.4837836337433,6.991248287172843e-05,77,3,3,8.215212680321808e-05,0.010753905090192953,0.013712572554747263,0.00653513427823782,0.0067740244170029955,0.007665562132994334,0.005744512348125379,0.006391282503803571,0.005176940156767766,0.007383139493564765,0.008582243385414282,0.003133695029343168,0.011719930296142897,5.580679498962127e-05,1.0622306623665816,25,0.09163616586476564,0.11110402340690295,0.06667202665160099,673.5672476632254,0.10845695976167917,0.141805189140141,0.05834598674128453,0.07085761958733201,0.0840124781553944,0.054497912811736264,0.06225735379382968,0.05937687561536829,0.06482873694350322,129.9292588667436,30012.39644632711,173.24086251900016,0.08759578534712394,0.042980184458817045,0.11615166265517474
cellbalance_high_w3e9_e50_seed1,46,46,493.8065320299817,479518.143262987,692.4724855638576,6.9579817396256e-05,77,3,3,8.410731000670542e-05,0.010595517233014107,0.013335185125470161,0.006832958664745092,0.007244926722099383,0.008208638988435268,0.006128848064690828,0.0067950050967435045,0.005452179039518039,0.007911378362526497,0.009253911363581816,0.003786317305639386,0.01251968927681446,6.406715328921564e-05,1.0280673354683132,25,0.09303156748414039,0.1111676620443662,0.07035161424428224,673.5672476632254,0.10568112459033728,0.13682288952171803,0.06009526245916883,0.07987876820688446,0.09483402103185654,0.060997264192750054,0.06815156051889062,0.06514796345805128,0.0708173465107878,218.87494768415178,73844.61416903409,271.74365525074194,0.09198858468482891,0.05082656471679608,0.11963448666036129
cellbalance_high_w3e9_e50_seed1,47,47,417.35304517869827,381033.1931818182,617.2788617649386,5.6716840916053185e-05,77,3,3,7.111910235835239e-05,0.009882939048111439,0.012266312104960283,0.006689997389912605,0.006380348466336727,0.0071374365749458475,0.0055178264155983925,0.006120043496290843,0.004658305707077186,0.007269405759871006,0.008439081876228252,0.002876683992023269,0.011578774390121302,5.2467809534088396e-05,0.9164324184503249,25,0.08202400999764602,0.09602515840282043,0.06505020856236418,673.5672476632254,0.09482259452342987,0.12138445064425468,0.056924668482194345,0.06487349793935815,0.07595830629269282,0.05133631701270739,0.05839102764303485,0.05142445405945182,0.06449973864480853,91.89843190180791,18646.147695566153,136.55089782043234,0.08526525996625424,0.03898248745749394,0.11408966618279616
cellbalance_high_w3e9_e50_seed1,48,48,410.3331615893872,349828.54159902595,591.4630517614993,5.2965432575559125e-05,77,3,3,6.480511365225539e-05,0.009175078632930914,0.011306476468841234,0.006362885391960542,0.006470059510320425,0.00723360866929094,0.00559489397952954,0.006233982276171446,0.0046269890541831655,0.007489101495593786,0.008265162042031685,0.00324341282248497,0.011220434370140234,5.211954703554511e-05,0.8781054212677853,25,0.08027134488026301,0.09253281769653161,0.06570365515848,673.5672476632254,0.0907862396662434,0.11543203009913365,0.05607263884817561,0.06492718903968732,0.0752775622655948,0.05249312505126,0.06127092069635789,0.051636184100061655,0.06945748085776965,139.9943084716797,29732.982878449675,172.43254587939504,0.08655333564306299,0.0451056722830981,0.11376064142833153
cellbalance_high_w3e9_e50_seed1,49,49,688.6689009232955,750627.8027597403,866.3877900569354,0.00010288571171589534,77,3,3,0.00010237397752158965,0.011944631425042948,0.015163733623921871,0.007440164219588041,0.0077226644692321616,0.008378739934414625,0.006999249880512555,0.007407159854968389,0.005785137259711822,0.008722652370731035,0.009279222227633,0.004236625740304589,0.012416365245978037,6.936456217469338e-05,1.2862676934822068,25,0.11862857341766357,0.14033100453515848,0.09187748160834114,673.5672476632254,0.13401074786980946,0.17142547015100718,0.08073382956907153,0.10806228542700409,0.1239174755414327,0.08937762703125675,0.09251947596048316,0.08455457188809912,0.09981562138845523,251.51560280539772,87116.74183238637,295.1554536721054,0.09928298146774371,0.058221757533028724,0.12770784887174766
