hdf_file,hydrograph_id,split,compare_kind,series_name,hgn_length,hdf_length,corr,nrmse_z,rmse,max_abs_diff,ref_peak_index,candidate_peak_index,peak_index_diff,ref_peak,candidate_peak,peak_ratio,exact_or_close,hgn_file
/mnt/8tb_hdd2/joyce/Minxiong/outputs/planH1/Minxiong.p01.hdf,H1,train,inflow,event_upstreamBC1,239,31,0.4793077349495618,1.0204824986744632,1245.0282436079215,1815.2339175696266,238,112,-126,3066.6669921875,3776.869530938,1.2315877597925629,0.0,/mnt/8tb_hdd2/joyce/train/M80_US_InF_H1.txt
/mnt/8tb_hdd2/joyce/Minxiong/outputs/planH1/Minxiong.p01.hdf,H1,train,inflow,event_upstreamBC2,239,31,0.2916833203760999,1.1902240794269794,1660.799728085674,2442.7518838791766,222,112,-110,2997.9831932773104,3776.869530938,1.2598034369929982,0.0,/mnt/8tb_hdd2/joyce/train/M80_US_InF_H1.txt
/mnt/8tb_hdd2/joyce/Minxiong/outputs/planH1/Minxiong.p01.hdf,H1,train,inflow,result_upstreamBC1,239,239,0.4792149110579105,1.0205734554083692,1251.3071474281626,1825.137887214125,238,112,-126,3050.00048828125,3776.869530938,1.2383176807510474,0.0,/mnt/8tb_hdd2/joyce/train/M80_US_InF_H1.txt
/mnt/8tb_hdd2/joyce/Minxiong/outputs/planH1/Minxiong.p01.hdf,H1,train,inflow,result_upstreamBC2,239,239,0.28624630013180596,1.194783411224138,1669.9404673833476,2456.869530938,224,112,-112,3000.0,3776.869530938,1.2589565103126668,0.0,/mnt/8tb_hdd2/joyce/train/M80_US_InF_H1.txt
/mnt/8tb_hdd2/joyce/Minxiong/outputs/planH1/Minxiong.p01.hdf,H1,train,inflow,result_upstreamBC1_flow_per_face_sum,239,239,0.4792149145621601,1.0205734519747613,1251.3071454810718,1825.1378566965468,238,112,-126,3050.0003967285156,3776.869530938,1.2383177179219835,0.0,/mnt/8tb_hdd2/joyce/train/M80_US_InF_H1.txt
/mnt/8tb_hdd2/joyce/Minxiong/outputs/planH1/Minxiong.p01.hdf,H1,train,inflow,result_upstreamBC2_flow_per_face_sum,239,239,0.28624630013180596,1.194783411224138,1669.9404673833476,2456.869530938,224,112,-112,3000.0,3776.869530938,1.2589565103126668,0.0,/mnt/8tb_hdd2/joyce/train/M80_US_InF_H1.txt
/mnt/8tb_hdd2/joyce/Minxiong/outputs/planH1/Minxiong.p01.hdf,H1,train,precipitation,Event Conditions/Unsteady/Boundary Conditions/Precipitation Hydrographs/2D: per2,239,100,0.8534114184454953,0.5414583669212334,29.93567008169358,66.05662461330243,106,88,-18,2.4717367757268316,67.923568726,27.480097959066292,0.0,/mnt/8tb_hdd2/joyce/train/M80_Pr_H1.txt
/mnt/8tb_hdd2/joyce/Minxiong/outputs/planH1/Minxiong.p01.hdf,H2,train,inflow,event_upstreamBC1,239,31,0.2596830857678205,1.2168129800689826,1254.872604813326,1854.1156679113053,238,128,-110,3066.6669921875,3802.466187625,1.2399344947827686,0.0,/mnt/8tb_hdd2/joyce/train/M80_US_InF_H2.txt
/mnt/8tb_hdd2/joyce/Minxiong/outputs/planH1/Minxiong.p01.hdf,H2,train,inflow,event_upstreamBC2,239,31,0.06069464528408745,1.3706242043068644,1656.5996258744085,2514.860035238314,222,128,-94,2997.9831932773104,3802.466187625,1.268341395692833,0.0,/mnt/8tb_hdd2/joyce/train/M80_US_InF_H2.txt
/mnt/8tb_hdd2/joyce/Minxiong/outputs/planH1/Minxiong.p01.hdf,H2,train,inflow,result_upstreamBC1,239,239,0.2596646479233844,1.216828132545115,1259.580378041579,1864.9200107421875,238,128,-110,3050.00048828125,3802.466187625,1.2467100258622525,0.0,/mnt/8tb_hdd2/joyce/train/M80_US_InF_H2.txt
/mnt/8tb_hdd2/joyce/Minxiong/outputs/planH1/Minxiong.p01.hdf,H2,train,inflow,result_upstreamBC2,239,239,0.05456728341886038,1.375087427461352,1664.7630005057372,2522.062955078125,224,128,-96,3000.0,3802.466187625,1.2674887292083334,0.0,/mnt/8tb_hdd2/joyce/train/M80_US_InF_H2.txt
/mnt/8tb_hdd2/joyce/Minxiong/outputs/planH1/Minxiong.p01.hdf,H2,train,inflow,result_upstreamBC1_flow_per_face_sum,239,239,0.25966465163900204,1.2168281294915875,1259.580376479923,1864.9200107421875,238,128,-110,3050.0003967285156,3802.466187625,1.246710063285104,0.0,/mnt/8tb_hdd2/joyce/train/M80_US_InF_H2.txt
/mnt/8tb_hdd2/joyce/Minxiong/outputs/planH1/Minxiong.p01.hdf,H2,train,inflow,result_upstreamBC2_flow_per_face_sum,239,239,0.05456728341886038,1.375087427461352,1664.7630005057372,2522.062955078125,224,128,-96,3000.0,3802.466187625,1.2674887292083334,0.0,/mnt/8tb_hdd2/joyce/train/M80_US_InF_H2.txt
/mnt/8tb_hdd2/joyce/Minxiong/outputs/planH1/Minxiong.p01.hdf,H2,train,precipitation,Event Conditions/Unsteady/Boundary Conditions/Precipitation Hydrographs/2D: per2,239,100,0.853355522918569,0.5415615885223606,31.578702238061233,69.90887046159646,106,87,-19,2.4717367757268316,71.740776062,29.02444012910886,0.0,/mnt/8tb_hdd2/joyce/train/M80_Pr_H2.txt
/mnt/8tb_hdd2/joyce/Minxiong/outputs/planH1/Minxiong.p01.hdf,H3,train,inflow,event_upstreamBC1,239,31,0.14961024232381404,1.3041393772723726,1354.3346125940716,2128.408667911305,238,96,-142,3066.6669921875,3924.927,1.279867364144514,0.0,/mnt/8tb_hdd2/joyce/train/M80_US_InF_H3.txt
/mnt/8tb_hdd2/joyce/Minxiong/outputs/planH1/Minxiong.p01.hdf,H3,train,inflow,event_upstreamBC2,239,31,-0.05440103893977544,1.4521715042926406,1752.274629179314,2789.1530352383143,222,96,-126,2997.9831932773104,3924.927,1.309189127144299,0.0,/mnt/8tb_hdd2/joyce/train/M80_US_InF_H3.txt
/mnt/8tb_hdd2/joyce/Minxiong/outputs/planH1/Minxiong.p01.hdf,H3,train,inflow,result_upstreamBC1,239,239,0.14947945321340303,1.3042396610949976,1358.7199434696574,2139.2130107421876,238,96,-142,3050.00048828125,3924.927,1.2868611054589676,0.0,/mnt/8tb_hdd2/joyce/train/M80_US_InF_H3.txt
/mnt/8tb_hdd2/joyce/Minxiong/outputs/planH1/Minxiong.p01.hdf,H3,train,inflow,result_upstreamBC2,239,239,-0.06028470295894768,1.4562174995233015,1760.0139821068897,2796.355955078125,224,96,-128,3000.0,3924.927,1.308309,0.0,/mnt/8tb_hdd2/joyce/train/M80_US_InF_H3.txt
/mnt/8tb_hdd2/joyce/Minxiong/outputs/planH1/Minxiong.p01.hdf,H3,train,inflow,result_upstreamBC1_flow_per_face_sum,239,239,0.14947945693733883,1.304239658239743,1358.7199420121399,2139.2130107421876,238,96,-142,3050.0003967285156,3924.927,1.2868611440870454,0.0,/mnt/8tb_hdd2/joyce/train/M80_US_InF_H3.txt
/mnt/8tb_hdd2/joyce/Minxiong/outputs/planH1/Minxiong.p01.hdf,H3,train,inflow,result_upstreamBC2_flow_per_face_sum,239,239,-0.06028470295894768,1.4562174995233015,1760.0139821068897,2796.355955078125,224,96,-128,3000.0,3924.927,1.308309,0.0,/mnt/8tb_hdd2/joyce/train/M80_US_InF_H3.txt
/mnt/8tb_hdd2/joyce/Minxiong/outputs/planH1/Minxiong.p01.hdf,H3,train,precipitation,Event Conditions/Unsteady/Boundary Conditions/Precipitation Hydrographs/2D: per2,239,100,0.8533633716606592,0.5415470955315708,22.140204480726663,49.03475547159646,106,87,-19,2.4717367757268316,50.866661072,20.579319598885,0.0,/mnt/8tb_hdd2/joyce/train/M80_Pr_H3.txt
/mnt/8tb_hdd2/joyce/Minxiong/outputs/planH1/Minxiong.p01.hdf,H4,train,inflow,event_upstreamBC1,239,31,-0.14534061431487733,1.5134996625799937,1180.048870037099,1789.3030181365,238,112,-126,3066.6669921875,3313.656858284,1.0805401651779343,0.0,/mnt/8tb_hdd2/joyce/train/M80_US_InF_H4.txt
/mnt/8tb_hdd2/joyce/Minxiong/outputs/planH1/Minxiong.p01.hdf,H4,train,inflow,event_upstreamBC2,239,31,-0.3429125937969653,1.638848738472813,1545.3961585033003,2193.858132432345,222,112,-110,2997.9831932773104,3313.656858284,1.1052953417866243,0.0,/mnt/8tb_hdd2/joyce/train/M80_US_InF_H4.txt
/mnt/8tb_hdd2/joyce/Minxiong/outputs/planH1/Minxiong.p01.hdf,H4,train,inflow,result_upstreamBC1,239,239,-0.14548647893393185,1.5135960352312845,1182.262528339277,1772.63651423025,238,112,-126,3050.00048828125,3313.656858284,1.0864446976371884,0.0,/mnt/8tb_hdd2/joyce/train/M80_US_InF_H4.txt
/mnt/8tb_hdd2/joyce/Minxiong/outputs/planH1/Minxiong.p01.hdf,H4,train,inflow,result_upstreamBC2,239,239,-0.3485565945485672,1.6422890090045463,1550.971448089331,2199.8605656321874,224,112,-112,3000.0,3313.656858284,1.1045522860946666,0.0,/mnt/8tb_hdd2/joyce/train/M80_US_InF_H4.txt
/mnt/8tb_hdd2/joyce/Minxiong/outputs/planH1/Minxiong.p01.hdf,H4,train,inflow,result_upstreamBC1_flow_per_face_sum,239,239,-0.1454864759451869,1.5135960332566858,1182.2625283853477,1772.6364226775156,238,112,-126,3050.0003967285156,3313.656858284,1.0864447302493099,0.0,/mnt/8tb_hdd2/joyce/train/M80_US_InF_H4.txt
/mnt/8tb_hdd2/joyce/Minxiong/outputs/planH1/Minxiong.p01.hdf,H4,train,inflow,result_upstreamBC2_flow_per_face_sum,239,239,-0.3485565945485672,1.6422890090045463,1550.971448089331,2199.8605656321874,224,112,-112,3000.0,3313.656858284,1.1045522860946666,0.0,/mnt/8tb_hdd2/joyce/train/M80_US_InF_H4.txt
/mnt/8tb_hdd2/joyce/Minxiong/outputs/planH1/Minxiong.p01.hdf,H4,train,precipitation,Event Conditions/Unsteady/Boundary Conditions/Precipitation Hydrographs/2D: per2,239,100,0.8533729759101768,0.5415293604040755,27.748835736237467,61.357104502302434,106,88,-18,2.4717367757268316,63.224048615,25.57879513541992,0.0,/mnt/8tb_hdd2/joyce/train/M80_Pr_H4.txt
/mnt/8tb_hdd2/joyce/Minxiong/outputs/planH1/Minxiong.p01.hdf,H5,train,inflow,event_upstreamBC1,239,31,-0.09546784903825595,1.4801809680159086,1103.2487825889657,1924.0870121495,238,120,-118,3066.6669921875,3273.61,1.0674814084280095,0.0,/mnt/8tb_hdd2/joyce/train/M80_US_InF_H5.txt
/mnt/8tb_hdd2/joyce/Minxiong/outputs/planH1/Minxiong.p01.hdf,H5,train,inflow,event_upstreamBC2,239,31,-0.2970331542499765,1.6106105390503171,1455.9438448549533,2010.2768732356226,222,120,-102,2997.9831932773104,3273.61,1.0919374089023435,0.0,/mnt/8tb_hdd2/joyce/train/M80_US_InF_H5.txt
/mnt/8tb_hdd2/joyce/Minxiong/outputs/planH1/Minxiong.p01.hdf,H5,train,inflow,result_upstreamBC1,239,239,-0.09555924711024257,1.480242714631788,1104.6221028342993,1907.42050824325,238,120,-118,3050.00048828125,3273.61,1.073314582269054,0.0,/mnt/8tb_hdd2/joyce/train/M80_US_InF_H5.txt
/mnt/8tb_hdd2/joyce/Minxiong/outputs/planH1/Minxiong.p01.hdf,H5,train,inflow,result_upstreamBC2,239,239,-0.30264786672109556,1.614092851555384,1461.0099418079972,2015.6789892578126,224,120,-104,3000.0,3273.61,1.0912033333333333,0.0,/mnt/8tb_hdd2/joyce/train/M80_US_InF_H5.txt
/mnt/8tb_hdd2/joyce/Minxiong/outputs/planH1/Minxiong.p01.hdf,H5,train,inflow,result_upstreamBC1_flow_per_face_sum,239,239,-0.09555924394976216,1.4802427124966784,1104.622102921907,1907.4204166905156,238,120,-118,3050.0003967285156,3273.61,1.0733146144870447,0.0,/mnt/8tb_hdd2/joyce/train/M80_US_InF_H5.txt
/mnt/8tb_hdd2/joyce/Minxiong/outputs/planH1/Minxiong.p01.hdf,H5,train,inflow,result_upstreamBC2_flow_per_face_sum,239,239,-0.30264786672109556,1.614092851555384,1461.0099418079972,2015.6789892578126,224,120,-104,3000.0,3273.61,1.0912033333333333,0.0,/mnt/8tb_hdd2/joyce/train/M80_US_InF_H5.txt
/mnt/8tb_hdd2/joyce/Minxiong/outputs/planH1/Minxiong.p01.hdf,H5,train,precipitation,Event Conditions/Unsteady/Boundary Conditions/Precipitation Hydrographs/2D: per2,239,100,0.8533467384476806,0.541577808910813,23.214597685113617,51.71637702259646,106,87,-19,2.4717367757268316,53.548282623,21.664233485078018,0.0,/mnt/8tb_hdd2/joyce/train/M80_Pr_H5.txt
/mnt/8tb_hdd2/joyce/Minxiong/outputs/planH1/Minxiong.p01.hdf,H6,train,inflow,event_upstreamBC1,239,31,0.36704077566671717,1.1251304140705496,982.3012980570435,1344.5545942156268,238,128,-110,3066.6669921875,3347.03503992,1.0914243536865114,0.0,/mnt/8tb_hdd2/joyce/train/M80_US_InF_H6.txt
/mnt/8tb_hdd2/joyce/Minxiong/outputs/planH1/Minxiong.p01.hdf,H6,train,inflow,event_upstreamBC2,239,31,0.17156709166326917,1.2871929989995528,1376.8444598455887,1983.060035238314,222,128,-94,2997.9831932773104,3347.03503992,1.1164288870682815,0.0,/mnt/8tb_hdd2/joyce/train/M80_US_InF_H6.txt
/mnt/8tb_hdd2/joyce/Minxiong/outputs/planH1/Minxiong.p01.hdf,H6,train,inflow,result_upstreamBC1,239,239,0.36700348866759214,1.125163553739996,986.2070279833362,1354.4585638601252,238,128,-110,3050.00048828125,3347.03503992,1.097388361995357,0.0,/mnt/8tb_hdd2/joyce/train/M80_US_InF_H6.txt
/mnt/8tb_hdd2/joyce/Minxiong/outputs/planH1/Minxiong.p01.hdf,H6,train,inflow,result_upstreamBC2,239,239,0.16589431802471474,1.29159256886627,1384.1514429724812,1990.2629550781248,224,128,-96,3000.0,3347.03503992,1.11567834664,0.0,/mnt/8tb_hdd2/joyce/train/M80_US_InF_H6.txt
/mnt/8tb_hdd2/joyce/Minxiong/outputs/planH1/Minxiong.p01.hdf,H6,train,inflow,result_upstreamBC1_flow_per_face_sum,239,239,0.3670034923820126,1.1251635504387694,986.2070269055181,1354.458533342547,238,128,-110,3050.0003967285156,3347.03503992,1.0973883949359775,0.0,/mnt/8tb_hdd2/joyce/train/M80_US_InF_H6.txt
/mnt/8tb_hdd2/joyce/Minxiong/outputs/planH1/Minxiong.p01.hdf,H6,train,inflow,result_upstreamBC2_flow_per_face_sum,239,239,0.16589431802471474,1.29159256886627,1384.1514429724812,1990.2629550781248,224,128,-96,3000.0,3347.03503992,1.11567834664,0.0,/mnt/8tb_hdd2/joyce/train/M80_US_InF_H6.txt
/mnt/8tb_hdd2/joyce/Minxiong/outputs/planH1/Minxiong.p01.hdf,H6,train,precipitation,Event Conditions/Unsteady/Boundary Conditions/Precipitation Hydrographs/2D: per2,239,100,0.8533108173127907,0.5416441316717264,25.22339206137516,55.65024543059646,106,87,-19,2.4717367757268316,57.482151031,23.25577367116568,0.0,/mnt/8tb_hdd2/joyce/train/M80_Pr_H6.txt
/mnt/8tb_hdd2/joyce/Minxiong/outputs/planH1/Minxiong.p01.hdf,H7,train,inflow,event_upstreamBC1,239,31,0.3372116268099499,1.1513369386848056,1308.3271438100592,1884.2201730586266,238,112,-126,3066.6669921875,3812.946467066,1.2433519768464223,0.0,/mnt/8tb_hdd2/joyce/train/M80_US_InF_H7.txt
/mnt/8tb_hdd2/joyce/Minxiong/outputs/planH1/Minxiong.p01.hdf,H7,train,inflow,event_upstreamBC2,239,31,0.141055556596071,1.3106826033818628,1719.3877718762553,2508.949645755909,222,112,-110,2997.9831932773104,3812.946467066,1.2718371722750703,0.0,/mnt/8tb_hdd2/joyce/train/M80_US_InF_H7.txt
/mnt/8tb_hdd2/joyce/Minxiong/outputs/planH1/Minxiong.p01.hdf,H7,train,inflow,result_upstreamBC1,239,239,0.3371090005778464,1.1514260718102172,1313.9883263164854,1894.124142703125,238,112,-126,3050.00048828125,3812.946467066,1.250146182505921,0.0,/mnt/8tb_hdd2/joyce/train/M80_US_InF_H7.txt
/mnt/8tb_hdd2/joyce/Minxiong/outputs/planH1/Minxiong.p01.hdf,H7,train,inflow,result_upstreamBC2,239,239,0.13524589417308336,1.3151076806306898,1728.0729974145913,2515.5522432890625,224,112,-112,3000.0,3812.946467066,1.2709821556886667,0.0,/mnt/8tb_hdd2/joyce/train/M80_US_InF_H7.txt
/mnt/8tb_hdd2/joyce/Minxiong/outputs/planH1/Minxiong.p01.hdf,H7,train,inflow,result_upstreamBC1_flow_per_face_sum,239,239,0.33710900367106295,1.1514260691237943,1313.988324837183,1894.124112185547,238,112,-126,3050.0003967285156,3812.946467066,1.2501462200319167,0.0,/mnt/8tb_hdd2/joyce/train/M80_US_InF_H7.txt
/mnt/8tb_hdd2/joyce/Minxiong/outputs/planH1/Minxiong.p01.hdf,H7,train,inflow,result_upstreamBC2_flow_per_face_sum,239,239,0.13524589417308336,1.3151076806306898,1728.0729974145913,2515.5522432890625,224,112,-112,3000.0,3812.946467066,1.2709821556886667,0.0,/mnt/8tb_hdd2/joyce/train/M80_US_InF_H7.txt
/mnt/8tb_hdd2/joyce/Minxiong/outputs/planH1/Minxiong.p01.hdf,H7,train,precipitation,Event Conditions/Unsteady/Boundary Conditions/Precipitation Hydrographs/2D: per2,239,100,0.8534052784869833,0.5414697064712221,26.05389526311792,58.050872567596464,106,87,-19,2.4717367757268316,59.882778168,24.227004572681913,0.0,/mnt/8tb_hdd2/joyce/train/M80_Pr_H7.txt
/mnt/8tb_hdd2/joyce/Minxiong/outputs/planH1/Minxiong.p01.hdf,H8,train,inflow,event_upstreamBC1,239,31,0.2918518277930235,1.1900824947935134,1129.8797499578347,1656.3174052865295,238,112,-126,3066.6669921875,3664.160580838,1.1948348451829454,0.0,/mnt/8tb_hdd2/joyce/train/M80_US_InF_H8.txt
/mnt/8tb_hdd2/joyce/Minxiong/outputs/planH1/Minxiong.p01.hdf,H8,train,inflow,event_upstreamBC2,239,31,0.09293890371387944,1.3468935342380415,1525.2689320466484,2330.0429337791766,222,112,-110,2997.9831932773104,3664.160580838,1.2222085130612235,0.0,/mnt/8tb_hdd2/joyce/train/M80_US_InF_H8.txt
/mnt/8tb_hdd2/joyce/Minxiong/outputs/planH1/Minxiong.p01.hdf,H8,train,inflow,result_upstreamBC1,239,239,0.29181605311796305,1.1901125550821126,1133.9958277247163,1664.160580838,238,112,-126,3050.00048828125,3664.160580838,1.2013639325359073,0.0,/mnt/8tb_hdd2/joyce/train/M80_US_InF_H8.txt
/mnt/8tb_hdd2/joyce/Minxiong/outputs/planH1/Minxiong.p01.hdf,H8,train,inflow,result_upstreamBC2,239,239,0.08701354753216779,1.3512856489046514,1532.985959082716,2344.160580838,224,112,-112,3000.0,3664.160580838,1.2213868602793334,0.0,/mnt/8tb_hdd2/joyce/train/M80_US_InF_H8.txt
/mnt/8tb_hdd2/joyce/Minxiong/outputs/planH1/Minxiong.p01.hdf,H8,train,inflow,result_upstreamBC1_flow_per_face_sum,239,239,0.29181605646154535,1.1901125522726452,1133.995826431522,1664.1605198028437,238,112,-126,3050.0003967285156,3664.160580838,1.201363968597592,0.0,/mnt/8tb_hdd2/joyce/train/M80_US_InF_H8.txt
/mnt/8tb_hdd2/joyce/Minxiong/outputs/planH1/Minxiong.p01.hdf,H8,train,inflow,result_upstreamBC2_flow_per_face_sum,239,239,0.08701354753216779,1.3512856489046514,1532.985959082716,2344.160580838,224,112,-112,3000.0,3664.160580838,1.2213868602793334,0.0,/mnt/8tb_hdd2/joyce/train/M80_US_InF_H8.txt
/mnt/8tb_hdd2/joyce/Minxiong/outputs/planH1/Minxiong.p01.hdf,H8,train,precipitation,Event Conditions/Unsteady/Boundary Conditions/Precipitation Hydrographs/2D: per2,239,100,0.8534199725579512,0.5414425684078567,27.72535573616121,61.42411780659646,106,87,-19,2.4717367757268316,63.256023407,25.591731299300317,0.0,/mnt/8tb_hdd2/joyce/train/M80_Pr_H8.txt
/mnt/8tb_hdd2/joyce/Minxiong/outputs/planH1/Minxiong.p01.hdf,H9,train,inflow,event_upstreamBC1,239,31,0.030085428822744575,1.392777492047639,1376.928809611977,1862.424644154894,238,104,-134,3066.6669921875,3766.986391217,1.2283649971821529,0.0,/mnt/8tb_hdd2/joyce/train/M80_US_InF_H9.txt
/mnt/8tb_hdd2/joyce/Minxiong/outputs/planH1/Minxiong.p01.hdf,H9,train,inflow,event_upstreamBC2,239,31,-0.17335190446880708,1.5318954954361652,1779.5331507554827,2553.877147519521,222,104,-118,2997.9831932773104,3766.986391217,1.2565068408869353,0.0,/mnt/8tb_hdd2/joyce/train/M80_US_InF_H9.txt
/mnt/8tb_hdd2/joyce/Minxiong/outputs/planH1/Minxiong.p01.hdf,H9,train,inflow,result_upstreamBC1,239,239,0.030038699277466597,1.3928110429792933,1381.8541954782645,1874.1293355529374,238,104,-134,3050.00048828125,3766.986391217,1.2350773075907897,0.0,/mnt/8tb_hdd2/joyce/train/M80_US_InF_H9.txt
/mnt/8tb_hdd2/joyce/Minxiong/outputs/planH1/Minxiong.p01.hdf,H9,train,inflow,result_upstreamBC2,239,239,-0.1792305075361108,1.5357281709574198,1787.129409227326,2566.986391217,224,104,-120,3000.0,3766.986391217,1.2556621304056665,0.0,/mnt/8tb_hdd2/joyce/train/M80_US_InF_H9.txt
/mnt/8tb_hdd2/joyce/Minxiong/outputs/planH1/Minxiong.p01.hdf,H9,train,inflow,result_upstreamBC1_flow_per_face_sum,239,239,0.030038702968937393,1.392811040328919,1381.8541946423663,1874.1293202941483,238,104,-134,3050.0003967285156,3766.986391217,1.2350773446644585,0.0,/mnt/8tb_hdd2/joyce/train/M80_US_InF_H9.txt
/mnt/8tb_hdd2/joyce/Minxiong/outputs/planH1/Minxiong.p01.hdf,H9,train,inflow,result_upstreamBC2_flow_per_face_sum,239,239,-0.1792305075361108,1.5357281709574198,1787.129409227326,2566.986391217,224,104,-120,3000.0,3766.986391217,1.2556621304056665,0.0,/mnt/8tb_hdd2/joyce/train/M80_US_InF_H9.txt
/mnt/8tb_hdd2/joyce/Minxiong/outputs/planH1/Minxiong.p01.hdf,H9,train,precipitation,Event Conditions/Unsteady/Boundary Conditions/Precipitation Hydrographs/2D: per2,239,100,0.8534375475769296,0.5414101078167435,27.435543448597993,60.334647896596465,106,87,-19,2.4717367757268316,62.166553497,25.150960291360107,0.0,/mnt/8tb_hdd2/joyce/train/M80_Pr_H9.txt
/mnt/8tb_hdd2/joyce/Minxiong/outputs/planH1/Minxiong.p01.hdf,H10,train,inflow,event_upstreamBC1,239,31,0.25272315661515676,1.2225194013878418,935.7358794563304,1785.1147846055,238,144,-94,3066.6669921875,3176.331,1.0357599987516986,0.0,/mnt/8tb_hdd2/joyce/train/M80_US_InF_H10.txt
/mnt/8tb_hdd2/joyce/Minxiong/outputs/planH1/Minxiong.p01.hdf,H10,train,inflow,event_upstreamBC2,239,31,0.052834200564095476,1.3763471941598926,1299.363393318363,1813.8927232513452,222,144,-78,2997.9831932773104,3176.331,1.0594892616885303,0.0,/mnt/8tb_hdd2/joyce/train/M80_US_InF_H10.txt
/mnt/8tb_hdd2/joyce/Minxiong/outputs/planH1/Minxiong.p01.hdf,H10,train,inflow,result_upstreamBC1,239,239,0.2526906818586017,1.2225459648957153,937.5762270560791,1768.44828069925,238,144,-94,3050.00048828125,3176.331,1.041419833276794,0.0,/mnt/8tb_hdd2/joyce/train/M80_US_InF_H10.txt
/mnt/8tb_hdd2/joyce/Minxiong/outputs/planH1/Minxiong.p01.hdf,H10,train,inflow,result_upstreamBC2,239,239,0.04702766895254076,1.3805595467399872,1305.3903761183199,1819.8951564511876,224,144,-80,3000.0,3176.331,1.058777,0.0,/mnt/8tb_hdd2/joyce/train/M80_US_InF_H10.txt
/mnt/8tb_hdd2/joyce/Minxiong/outputs/planH1/Minxiong.p01.hdf,H10,train,inflow,result_upstreamBC1_flow_per_face_sum,239,239,0.25269068508503845,1.2225459622566028,937.5762265544694,1768.4481891465157,238,144,-94,3050.0003967285156,3176.331,1.041419864537391,0.0,/mnt/8tb_hdd2/joyce/train/M80_US_InF_H10.txt
/mnt/8tb_hdd2/joyce/Minxiong/outputs/planH1/Minxiong.p01.hdf,H10,train,inflow,result_upstreamBC2_flow_per_face_sum,239,239,0.04702766895254076,1.3805595467399872,1305.3903761183199,1819.8951564511876,224,144,-80,3000.0,3176.331,1.058777,0.0,/mnt/8tb_hdd2/joyce/train/M80_US_InF_H10.txt
/mnt/8tb_hdd2/joyce/Minxiong/outputs/planH1/Minxiong.p01.hdf,H10,train,precipitation,Event Conditions/Unsteady/Boundary Conditions/Precipitation Hydrographs/2D: per2,239,100,0.8534782258909235,0.5413349685898272,26.886534944062902,59.68740058259646,106,87,-19,2.4717367757268316,61.519306183,24.889100970272132,0.0,/mnt/8tb_hdd2/joyce/train/M80_Pr_H10.txt
/mnt/8tb_hdd2/joyce/Minxiong/outputs/planH1/Minxiong.p01.hdf,H11,test,inflow,event_upstreamBC1,239,31,0.13038464129615926,1.3187989677762422,1340.5170720305723,1955.9503382992154,238,128,-110,3066.6669921875,3754.147968064,1.2241785552940359,0.0,/mnt/8tb_hdd2/joyce/test/M80_US_InF_H11.txt
/mnt/8tb_hdd2/joyce/Minxiong/outputs/planH1/Minxiong.p01.hdf,H11,test,inflow,event_upstreamBC2,239,31,-0.07126433602144461,1.463737910980955,1743.159251242987,2544.666407881345,222,128,-94,2997.9831932773104,3754.147968064,1.2522244876096424,0.0,/mnt/8tb_hdd2/joyce/test/M80_US_InF_H11.txt
/mnt/8tb_hdd2/joyce/Minxiong/outputs/planH1/Minxiong.p01.hdf,H11,test,inflow,result_upstreamBC1,239,239,0.13032167054788288,1.3188467154693282,1345.2836012075843,1964.953875260875,238,128,-110,3050.00048828125,3754.147968064,1.2308679891981114,0.0,/mnt/8tb_hdd2/joyce/test/M80_US_InF_H11.txt
/mnt/8tb_hdd2/joyce/Minxiong/outputs/planH1/Minxiong.p01.hdf,H11,test,inflow,result_upstreamBC2,239,239,-0.0771626930978824,1.4677620332314651,1750.9486148047486,2550.6688410811876,224,128,-96,3000.0,3754.147968064,1.2513826560213333,0.0,/mnt/8tb_hdd2/joyce/test/M80_US_InF_H11.txt
/mnt/8tb_hdd2/joyce/Minxiong/outputs/planH1/Minxiong.p01.hdf,H11,test,inflow,result_upstreamBC1_flow_per_face_sum,239,239,0.13032167480101303,1.3188467122444418,1345.283599820578,1964.9538905196641,238,128,-110,3050.0003967285156,3754.147968064,1.230868026145428,0.0,/mnt/8tb_hdd2/joyce/test/M80_US_InF_H11.txt
/mnt/8tb_hdd2/joyce/Minxiong/outputs/planH1/Minxiong.p01.hdf,H11,test,inflow,result_upstreamBC2_flow_per_face_sum,239,239,-0.0771626930978824,1.4677620332314651,1750.9486148047486,2550.6688410811876,224,128,-96,3000.0,3754.147968064,1.2513826560213333,0.0,/mnt/8tb_hdd2/joyce/test/M80_US_InF_H11.txt
/mnt/8tb_hdd2/joyce/Minxiong/outputs/planH1/Minxiong.p01.hdf,H11,test,precipitation,Event Conditions/Unsteady/Boundary Conditions/Precipitation Hydrographs/2D: per2,239,100,0.853373100282799,0.5415291307348111,25.573506857762535,56.822688303302435,106,88,-18,2.4717367757268316,58.689632416,23.74428903285703,0.0,/mnt/8tb_hdd2/joyce/test/M80_Pr_H11.txt
/mnt/8tb_hdd2/joyce/Minxiong/outputs/planH1/Minxiong.p01.hdf,H12,test,inflow,event_upstreamBC1,239,31,0.3435432431570036,1.1458243816946785,1247.4296984814443,1866.0321132168942,238,104,-134,3066.6669921875,3770.593860279,1.2295413456644597,0.0,/mnt/8tb_hdd2/joyce/test/M80_US_InF_H12.txt
/mnt/8tb_hdd2/joyce/Minxiong/outputs/planH1/Minxiong.p01.hdf,H12,test,inflow,event_upstreamBC2,239,31,0.14264311918438172,1.309470794493423,1659.270576468561,2557.4846165815215,222,104,-118,2997.9831932773104,3770.593860279,1.2577101395145227,0.0,/mnt/8tb_hdd2/joyce/test/M80_US_InF_H12.txt
/mnt/8tb_hdd2/joyce/Minxiong/outputs/planH1/Minxiong.p01.hdf,H12,test,inflow,result_upstreamBC1,239,239,0.3434013218785549,1.1459482345389296,1252.9452605640254,1877.7368046149377,238,104,-134,3050.00048828125,3770.593860279,1.2362600841430758,0.0,/mnt/8tb_hdd2/joyce/test/M80_US_InF_H12.txt
/mnt/8tb_hdd2/joyce/Minxiong/outputs/planH1/Minxiong.p01.hdf,H12,test,inflow,result_upstreamBC2,239,239,0.1372464941374143,1.3135855555407003,1667.6075650509197,2570.593860279,224,104,-120,3000.0,3770.593860279,1.256864620093,0.0,/mnt/8tb_hdd2/joyce/test/M80_US_InF_H12.txt
/mnt/8tb_hdd2/joyce/Minxiong/outputs/planH1/Minxiong.p01.hdf,H12,test,inflow,result_upstreamBC1_flow_per_face_sum,239,239,0.343401324656005,1.1459482321152163,1252.9452593401393,1877.7367893561486,238,104,-134,3050.0003967285156,3770.593860279,1.2362601212522484,0.0,/mnt/8tb_hdd2/joyce/test/M80_US_InF_H12.txt
/mnt/8tb_hdd2/joyce/Minxiong/outputs/planH1/Minxiong.p01.hdf,H12,test,inflow,result_upstreamBC2_flow_per_face_sum,239,239,0.1372464941374143,1.3135855555407003,1667.6075650509197,2570.593860279,224,104,-120,3000.0,3770.593860279,1.256864620093,0.0,/mnt/8tb_hdd2/joyce/test/M80_US_InF_H12.txt
/mnt/8tb_hdd2/joyce/Minxiong/outputs/planH1/Minxiong.p01.hdf,H12,test,precipitation,Event Conditions/Unsteady/Boundary Conditions/Precipitation Hydrographs/2D: per2,239,100,0.85334746827692,0.5415764613110138,28.752718271510908,63.593364480596456,106,87,-19,2.4717367757268316,65.425270081,26.469351722034087,0.0,/mnt/8tb_hdd2/joyce/test/M80_Pr_H12.txt
/mnt/8tb_hdd2/joyce/Minxiong/outputs/planH1/Minxiong.p01.hdf,H13,test,inflow,event_upstreamBC1,239,31,0.3933371434093226,1.1015106505074543,995.3569272651337,1381.2921945872156,238,112,-126,3066.6669921875,3179.972728543,1.0369475188027106,0.0,/mnt/8tb_hdd2/joyce/test/M80_US_InF_H13.txt
/mnt/8tb_hdd2/joyce/Minxiong/outputs/planH1/Minxiong.p01.hdf,H13,test,inflow,event_upstreamBC2,239,31,0.1989160873956243,1.265767682163181,1393.7128692375495,1980.6040352383143,222,112,-110,2997.9831932773104,3179.972728543,1.0607039878254767,0.0,/mnt/8tb_hdd2/joyce/test/M80_US_InF_H13.txt
/mnt/8tb_hdd2/joyce/Minxiong/outputs/planH1/Minxiong.p01.hdf,H13,test,inflow,result_upstreamBC1,239,239,0.3932136891533916,1.101622722030196,999.7709081462551,1390.2957315488752,238,112,-126,3050.00048828125,3179.972728543,1.0426138424440032,0.0,/mnt/8tb_hdd2/joyce/test/M80_US_InF_H13.txt
/mnt/8tb_hdd2/joyce/Minxiong/outputs/planH1/Minxiong.p01.hdf,H13,test,inflow,result_upstreamBC2,239,239,0.19337700931354335,1.2701362058349934,1401.0553755802557,1987.8069550781252,224,112,-112,3000.0,3179.972728543,1.0599909095143334,0.0,/mnt/8tb_hdd2/joyce/test/M80_US_InF_H13.txt
/mnt/8tb_hdd2/joyce/Minxiong/outputs/planH1/Minxiong.p01.hdf,H13,test,inflow,result_upstreamBC1_flow_per_face_sum,239,239,0.3932136929035341,1.1016227186259961,999.7709073084065,1390.2957468076643,238,112,-126,3050.0003967285156,3179.972728543,1.0426138737404411,0.0,/mnt/8tb_hdd2/joyce/test/M80_US_InF_H13.txt
/mnt/8tb_hdd2/joyce/Minxiong/outputs/planH1/Minxiong.p01.hdf,H13,test,inflow,result_upstreamBC2_flow_per_face_sum,239,239,0.19337700931354335,1.2701362058349934,1401.0553755802557,1987.8069550781252,224,112,-112,3000.0,3179.972728543,1.0599909095143334,0.0,/mnt/8tb_hdd2/joyce/test/M80_US_InF_H13.txt
/mnt/8tb_hdd2/joyce/Minxiong/outputs/planH1/Minxiong.p01.hdf,H13,test,precipitation,Event Conditions/Unsteady/Boundary Conditions/Precipitation Hydrographs/2D: per2,239,100,0.8534400131477443,0.5414055538175699,29.417203161440025,64.87312674859648,106,87,-19,2.4717367757268316,66.705032349,26.987110036983985,0.0,/mnt/8tb_hdd2/joyce/test/M80_Pr_H13.txt
/mnt/8tb_hdd2/joyce/Minxiong/outputs/planH1/Minxiong.p01.hdf,H14,test,inflow,event_upstreamBC1,239,31,0.3736601312844289,1.1192317621615024,1119.467261950054,1682.5496679113055,238,120,-118,3066.6669921875,3567.069,1.1631745504442774,0.0,/mnt/8tb_hdd2/joyce/test/M80_US_InF_H14.txt
/mnt/8tb_hdd2/joyce/Minxiong/outputs/planH1/Minxiong.p01.hdf,H14,test,inflow,event_upstreamBC2,239,31,0.18047763732947839,1.28025182106531,1525.2716856826917,2343.2940352383143,222,120,-102,2997.9831932773104,3567.069,1.1898228809283553,0.0,/mnt/8tb_hdd2/joyce/test/M80_US_InF_H14.txt
/mnt/8tb_hdd2/joyce/Minxiong/outputs/planH1/Minxiong.p01.hdf,H14,test,inflow,result_upstreamBC1,239,239,0.37362238781132556,1.1192654843143108,1124.4823322747916,1693.3540107421877,238,120,-118,3050.00048828125,3567.069,1.169530632439384,0.0,/mnt/8tb_hdd2/joyce/test/M80_US_InF_H14.txt
/mnt/8tb_hdd2/joyce/Minxiong/outputs/planH1/Minxiong.p01.hdf,H14,test,inflow,result_upstreamBC2,239,239,0.17459091638683574,1.2848416895580286,1533.4432511942261,2350.496955078125,224,120,-104,3000.0,3567.069,1.189023,0.0,/mnt/8tb_hdd2/joyce/test/M80_US_InF_H14.txt
/mnt/8tb_hdd2/joyce/Minxiong/outputs/planH1/Minxiong.p01.hdf,H14,test,inflow,result_upstreamBC1_flow_per_face_sum,239,239,0.3736223914723493,1.1192654810433948,1124.4823308773553,1693.3540107421877,238,120,-118,3050.0003967285156,3567.069,1.1695306675455195,0.0,/mnt/8tb_hdd2/joyce/test/M80_US_InF_H14.txt
/mnt/8tb_hdd2/joyce/Minxiong/outputs/planH1/Minxiong.p01.hdf,H14,test,inflow,result_upstreamBC2_flow_per_face_sum,239,239,0.17459091638683574,1.2848416895580286,1533.4432511942261,2350.496955078125,224,120,-104,3000.0,3567.069,1.189023,0.0,/mnt/8tb_hdd2/joyce/test/M80_US_InF_H14.txt
/mnt/8tb_hdd2/joyce/Minxiong/outputs/planH1/Minxiong.p01.hdf,H14,test,precipitation,Event Conditions/Unsteady/Boundary Conditions/Precipitation Hydrographs/2D: per2,239,100,0.853356281397372,0.5415601879802984,26.67780873259875,59.39381385159646,106,87,-19,2.4717367757268316,61.225719452,24.770323463749957,0.0,/mnt/8tb_hdd2/joyce/test/M80_Pr_H14.txt
/mnt/8tb_hdd2/joyce/Minxiong/outputs/planH1/Minxiong.p01.hdf,H15,test,inflow,event_upstreamBC1,239,31,0.07657646181612264,1.3589875188417861,1137.8439179148459,1618.6881418895,238,128,-110,3066.6669921875,3395.156836327,1.1071162421535645,0.0,/mnt/8tb_hdd2/joyce/test/M80_US_InF_H15.txt
/mnt/8tb_hdd2/joyce/Minxiong/outputs/planH1/Minxiong.p01.hdf,H15,test,inflow,event_upstreamBC2,239,31,-0.12526719302685668,1.5001781181092175,1520.884770086989,2136.933393909345,222,128,-94,2997.9831932773104,3395.156836327,1.1324802767208013,0.0,/mnt/8tb_hdd2/joyce/test/M80_US_InF_H15.txt
/mnt/8tb_hdd2/joyce/Minxiong/outputs/planH1/Minxiong.p01.hdf,H15,test,inflow,result_upstreamBC1,239,239,0.07654424605339558,1.3590112243440846,1141.0491836369854,1602.02163798325,238,128,-110,3050.00048828125,3395.156836327,1.1131659976357098,0.0,/mnt/8tb_hdd2/joyce/test/M80_US_InF_H15.txt
/mnt/8tb_hdd2/joyce/Minxiong/outputs/planH1/Minxiong.p01.hdf,H15,test,inflow,result_upstreamBC2,239,239,-0.13134462555330126,1.5042238035301139,1527.5340029405434,2142.9358271091874,224,128,-96,3000.0,3395.156836327,1.1317189454423333,0.0,/mnt/8tb_hdd2/joyce/test/M80_US_InF_H15.txt
/mnt/8tb_hdd2/joyce/Minxiong/outputs/planH1/Minxiong.p01.hdf,H15,test,inflow,result_upstreamBC1_flow_per_face_sum,239,239,0.0765442499321141,1.3590112214900112,1141.0491829208443,1602.0215464305156,238,128,-110,3050.0003967285156,3395.156836327,1.113166031049932,0.0,/mnt/8tb_hdd2/joyce/test/M80_US_InF_H15.txt
/mnt/8tb_hdd2/joyce/Minxiong/outputs/planH1/Minxiong.p01.hdf,H15,test,inflow,result_upstreamBC2_flow_per_face_sum,239,239,-0.13134462555330126,1.5042238035301139,1527.5340029405434,2142.9358271091874,224,128,-96,3000.0,3395.156836327,1.1317189454423333,0.0,/mnt/8tb_hdd2/joyce/test/M80_US_InF_H15.txt
/mnt/8tb_hdd2/joyce/Minxiong/outputs/planH1/Minxiong.p01.hdf,H15,test,precipitation,Event Conditions/Unsteady/Boundary Conditions/Precipitation Hydrographs/2D: per2,239,100,0.8533556940251705,0.5415612725718655,33.41324342889358,74.06388779630244,106,88,-18,2.4717367757268316,75.930831909,30.719627047128434,0.0,/mnt/8tb_hdd2/joyce/test/M80_Pr_H15.txt
/mnt/8tb_hdd2/joyce/Minxiong/outputs/planH2/Minxiong.p01.hdf,H1,train,inflow,event_upstreamBC1,239,31,0.4793077349495618,1.0204824986744632,1245.0282436079215,1815.2339175696266,238,112,-126,3066.6669921875,3776.869530938,1.2315877597925629,0.0,/mnt/8tb_hdd2/joyce/train/M80_US_InF_H1.txt
/mnt/8tb_hdd2/joyce/Minxiong/outputs/planH2/Minxiong.p01.hdf,H1,train,inflow,event_upstreamBC2,239,31,0.2916833203760999,1.1902240794269794,1660.799728085674,2442.7518838791766,222,112,-110,2997.9831932773104,3776.869530938,1.2598034369929982,0.0,/mnt/8tb_hdd2/joyce/train/M80_US_InF_H1.txt
/mnt/8tb_hdd2/joyce/Minxiong/outputs/planH2/Minxiong.p01.hdf,H1,train,inflow,result_upstreamBC1,239,239,0.4792149110579105,1.0205734554083692,1251.3071474281626,1825.137887214125,238,112,-126,3050.00048828125,3776.869530938,1.2383176807510474,0.0,/mnt/8tb_hdd2/joyce/train/M80_US_InF_H1.txt
/mnt/8tb_hdd2/joyce/Minxiong/outputs/planH2/Minxiong.p01.hdf,H1,train,inflow,result_upstreamBC2,239,239,0.28624630013180596,1.194783411224138,1669.9404673833476,2456.869530938,224,112,-112,3000.0,3776.869530938,1.2589565103126668,0.0,/mnt/8tb_hdd2/joyce/train/M80_US_InF_H1.txt
/mnt/8tb_hdd2/joyce/Minxiong/outputs/planH2/Minxiong.p01.hdf,H1,train,inflow,result_upstreamBC1_flow_per_face_sum,239,239,0.4792149145621601,1.0205734519747613,1251.3071454810718,1825.1378566965468,238,112,-126,3050.0003967285156,3776.869530938,1.2383177179219835,0.0,/mnt/8tb_hdd2/joyce/train/M80_US_InF_H1.txt
/mnt/8tb_hdd2/joyce/Minxiong/outputs/planH2/Minxiong.p01.hdf,H1,train,inflow,result_upstreamBC2_flow_per_face_sum,239,239,0.28624630013180596,1.194783411224138,1669.9404673833476,2456.869530938,224,112,-112,3000.0,3776.869530938,1.2589565103126668,0.0,/mnt/8tb_hdd2/joyce/train/M80_US_InF_H1.txt
/mnt/8tb_hdd2/joyce/Minxiong/outputs/planH2/Minxiong.p01.hdf,H1,train,precipitation,Event Conditions/Unsteady/Boundary Conditions/Precipitation Hydrographs/2D: per2,239,100,0.8534114653805429,0.5414582802385741,29.730070785517555,65.72462770158837,106,88,-18,2.911282593462648,67.923568726,23.331149259959833,0.0,/mnt/8tb_hdd2/joyce/train/M80_Pr_H1.txt
/mnt/8tb_hdd2/joyce/Minxiong/outputs/planH2/Minxiong.p01.hdf,H2,train,inflow,event_upstreamBC1,239,31,0.2596830857678205,1.2168129800689826,1254.872604813326,1854.1156679113053,238,128,-110,3066.6669921875,3802.466187625,1.2399344947827686,0.0,/mnt/8tb_hdd2/joyce/train/M80_US_InF_H2.txt
/mnt/8tb_hdd2/joyce/Minxiong/outputs/planH2/Minxiong.p01.hdf,H2,train,inflow,event_upstreamBC2,239,31,0.06069464528408745,1.3706242043068644,1656.5996258744085,2514.860035238314,222,128,-94,2997.9831932773104,3802.466187625,1.268341395692833,0.0,/mnt/8tb_hdd2/joyce/train/M80_US_InF_H2.txt
/mnt/8tb_hdd2/joyce/Minxiong/outputs/planH2/Minxiong.p01.hdf,H2,train,inflow,result_upstreamBC1,239,239,0.2596646479233844,1.216828132545115,1259.580378041579,1864.9200107421875,238,128,-110,3050.00048828125,3802.466187625,1.2467100258622525,0.0,/mnt/8tb_hdd2/joyce/train/M80_US_InF_H2.txt
/mnt/8tb_hdd2/joyce/Minxiong/outputs/planH2/Minxiong.p01.hdf,H2,train,inflow,result_upstreamBC2,239,239,0.05456728341886038,1.375087427461352,1664.7630005057372,2522.062955078125,224,128,-96,3000.0,3802.466187625,1.2674887292083334,0.0,/mnt/8tb_hdd2/joyce/train/M80_US_InF_H2.txt
/mnt/8tb_hdd2/joyce/Minxiong/outputs/planH2/Minxiong.p01.hdf,H2,train,inflow,result_upstreamBC1_flow_per_face_sum,239,239,0.25966465163900204,1.2168281294915875,1259.580376479923,1864.9200107421875,238,128,-110,3050.0003967285156,3802.466187625,1.246710063285104,0.0,/mnt/8tb_hdd2/joyce/train/M80_US_InF_H2.txt
/mnt/8tb_hdd2/joyce/Minxiong/outputs/planH2/Minxiong.p01.hdf,H2,train,inflow,result_upstreamBC2_flow_per_face_sum,239,239,0.05456728341886038,1.375087427461352,1664.7630005057372,2522.062955078125,224,128,-96,3000.0,3802.466187625,1.2674887292083334,0.0,/mnt/8tb_hdd2/joyce/train/M80_US_InF_H2.txt
/mnt/8tb_hdd2/joyce/Minxiong/outputs/planH2/Minxiong.p01.hdf,H2,train,precipitation,Event Conditions/Unsteady/Boundary Conditions/Precipitation Hydrographs/2D: per2,239,100,0.8533555689569883,0.5415615035118585,31.373041391951908,69.58310436199523,106,87,-19,2.911282593462648,71.740776062,24.642326451954737,0.0,/mnt/8tb_hdd2/joyce/train/M80_Pr_H2.txt
/mnt/8tb_hdd2/joyce/Minxiong/outputs/planH2/Minxiong.p01.hdf,H3,train,inflow,event_upstreamBC1,239,31,0.14961024232381404,1.3041393772723726,1354.3346125940716,2128.408667911305,238,96,-142,3066.6669921875,3924.927,1.279867364144514,0.0,/mnt/8tb_hdd2/joyce/train/M80_US_InF_H3.txt
/mnt/8tb_hdd2/joyce/Minxiong/outputs/planH2/Minxiong.p01.hdf,H3,train,inflow,event_upstreamBC2,239,31,-0.05440103893977544,1.4521715042926406,1752.274629179314,2789.1530352383143,222,96,-126,2997.9831932773104,3924.927,1.309189127144299,0.0,/mnt/8tb_hdd2/joyce/train/M80_US_InF_H3.txt
/mnt/8tb_hdd2/joyce/Minxiong/outputs/planH2/Minxiong.p01.hdf,H3,train,inflow,result_upstreamBC1,239,239,0.14947945321340303,1.3042396610949976,1358.7199434696574,2139.2130107421876,238,96,-142,3050.00048828125,3924.927,1.2868611054589676,0.0,/mnt/8tb_hdd2/joyce/train/M80_US_InF_H3.txt
/mnt/8tb_hdd2/joyce/Minxiong/outputs/planH2/Minxiong.p01.hdf,H3,train,inflow,result_upstreamBC2,239,239,-0.06028470295894768,1.4562174995233015,1760.0139821068897,2796.355955078125,224,96,-128,3000.0,3924.927,1.308309,0.0,/mnt/8tb_hdd2/joyce/train/M80_US_InF_H3.txt
/mnt/8tb_hdd2/joyce/Minxiong/outputs/planH2/Minxiong.p01.hdf,H3,train,inflow,result_upstreamBC1_flow_per_face_sum,239,239,0.14947945693733883,1.304239658239743,1358.7199420121399,2139.2130107421876,238,96,-142,3050.0003967285156,3924.927,1.2868611440870454,0.0,/mnt/8tb_hdd2/joyce/train/M80_US_InF_H3.txt
/mnt/8tb_hdd2/joyce/Minxiong/outputs/planH2/Minxiong.p01.hdf,H3,train,inflow,result_upstreamBC2_flow_per_face_sum,239,239,-0.06028470295894768,1.4562174995233015,1760.0139821068897,2796.355955078125,224,96,-128,3000.0,3924.927,1.308309,0.0,/mnt/8tb_hdd2/joyce/train/M80_US_InF_H3.txt
/mnt/8tb_hdd2/joyce/Minxiong/outputs/planH2/Minxiong.p01.hdf,H3,train,precipitation,Event Conditions/Unsteady/Boundary Conditions/Precipitation Hydrographs/2D: per2,239,100,0.8533634177847139,0.5415470103606622,21.935066877529472,48.70898937199523,106,87,-19,2.911282593462648,50.866661072,17.47225129783768,0.0,/mnt/8tb_hdd2/joyce/train/M80_Pr_H3.txt
/mnt/8tb_hdd2/joyce/Minxiong/outputs/planH2/Minxiong.p01.hdf,H4,train,inflow,event_upstreamBC1,239,31,-0.14534061431487733,1.5134996625799937,1180.048870037099,1789.3030181365,238,112,-126,3066.6669921875,3313.656858284,1.0805401651779343,0.0,/mnt/8tb_hdd2/joyce/train/M80_US_InF_H4.txt
/mnt/8tb_hdd2/joyce/Minxiong/outputs/planH2/Minxiong.p01.hdf,H4,train,inflow,event_upstreamBC2,239,31,-0.3429125937969653,1.638848738472813,1545.3961585033003,2193.858132432345,222,112,-110,2997.9831932773104,3313.656858284,1.1052953417866243,0.0,/mnt/8tb_hdd2/joyce/train/M80_US_InF_H4.txt
/mnt/8tb_hdd2/joyce/Minxiong/outputs/planH2/Minxiong.p01.hdf,H4,train,inflow,result_upstreamBC1,239,239,-0.14548647893393185,1.5135960352312845,1182.262528339277,1772.63651423025,238,112,-126,3050.00048828125,3313.656858284,1.0864446976371884,0.0,/mnt/8tb_hdd2/joyce/train/M80_US_InF_H4.txt
/mnt/8tb_hdd2/joyce/Minxiong/outputs/planH2/Minxiong.p01.hdf,H4,train,inflow,result_upstreamBC2,239,239,-0.3485565945485672,1.6422890090045463,1550.971448089331,2199.8605656321874,224,112,-112,3000.0,3313.656858284,1.1045522860946666,0.0,/mnt/8tb_hdd2/joyce/train/M80_US_InF_H4.txt
/mnt/8tb_hdd2/joyce/Minxiong/outputs/planH2/Minxiong.p01.hdf,H4,train,inflow,result_upstreamBC1_flow_per_face_sum,239,239,-0.1454864759451869,1.5135960332566858,1182.2625283853477,1772.6364226775156,238,112,-126,3050.0003967285156,3313.656858284,1.0864447302493099,0.0,/mnt/8tb_hdd2/joyce/train/M80_US_InF_H4.txt
/mnt/8tb_hdd2/joyce/Minxiong/outputs/planH2/Minxiong.p01.hdf,H4,train,inflow,result_upstreamBC2_flow_per_face_sum,239,239,-0.3485565945485672,1.6422890090045463,1550.971448089331,2199.8605656321874,224,112,-112,3000.0,3313.656858284,1.1045522860946666,0.0,/mnt/8tb_hdd2/joyce/train/M80_US_InF_H4.txt
/mnt/8tb_hdd2/joyce/Minxiong/outputs/planH2/Minxiong.p01.hdf,H4,train,precipitation,Event Conditions/Unsteady/Boundary Conditions/Precipitation Hydrographs/2D: per2,239,100,0.8533730224502062,0.5415292744622283,27.54333750609278,61.02510759058838,106,88,-18,2.911282593462648,63.224048615,21.7169053794266,0.0,/mnt/8tb_hdd2/joyce/train/M80_Pr_H4.txt
/mnt/8tb_hdd2/joyce/Minxiong/outputs/planH2/Minxiong.p01.hdf,H5,train,inflow,event_upstreamBC1,239,31,-0.09546784903825595,1.4801809680159086,1103.2487825889657,1924.0870121495,238,120,-118,3066.6669921875,3273.61,1.0674814084280095,0.0,/mnt/8tb_hdd2/joyce/train/M80_US_InF_H5.txt
/mnt/8tb_hdd2/joyce/Minxiong/outputs/planH2/Minxiong.p01.hdf,H5,train,inflow,event_upstreamBC2,239,31,-0.2970331542499765,1.6106105390503171,1455.9438448549533,2010.2768732356226,222,120,-102,2997.9831932773104,3273.61,1.0919374089023435,0.0,/mnt/8tb_hdd2/joyce/train/M80_US_InF_H5.txt
/mnt/8tb_hdd2/joyce/Minxiong/outputs/planH2/Minxiong.p01.hdf,H5,train,inflow,result_upstreamBC1,239,239,-0.09555924711024257,1.480242714631788,1104.6221028342993,1907.42050824325,238,120,-118,3050.00048828125,3273.61,1.073314582269054,0.0,/mnt/8tb_hdd2/joyce/train/M80_US_InF_H5.txt
/mnt/8tb_hdd2/joyce/Minxiong/outputs/planH2/Minxiong.p01.hdf,H5,train,inflow,result_upstreamBC2,239,239,-0.30264786672109556,1.614092851555384,1461.0099418079972,2015.6789892578126,224,120,-104,3000.0,3273.61,1.0912033333333333,0.0,/mnt/8tb_hdd2/joyce/train/M80_US_InF_H5.txt
/mnt/8tb_hdd2/joyce/Minxiong/outputs/planH2/Minxiong.p01.hdf,H5,train,inflow,result_upstreamBC1_flow_per_face_sum,239,239,-0.09555924394976216,1.4802427124966784,1104.622102921907,1907.4204166905156,238,120,-118,3050.0003967285156,3273.61,1.0733146144870447,0.0,/mnt/8tb_hdd2/joyce/train/M80_US_InF_H5.txt
/mnt/8tb_hdd2/joyce/Minxiong/outputs/planH2/Minxiong.p01.hdf,H5,train,inflow,result_upstreamBC2_flow_per_face_sum,239,239,-0.30264786672109556,1.614092851555384,1461.0099418079972,2015.6789892578126,224,120,-104,3000.0,3273.61,1.0912033333333333,0.0,/mnt/8tb_hdd2/joyce/train/M80_US_InF_H5.txt
/mnt/8tb_hdd2/joyce/Minxiong/outputs/planH2/Minxiong.p01.hdf,H5,train,precipitation,Event Conditions/Unsteady/Boundary Conditions/Precipitation Hydrographs/2D: per2,239,100,0.8533467849173473,0.5415777231065767,23.00937957915862,51.39061092299523,106,87,-19,2.911282593462648,53.548282623,18.39336474694827,0.0,/mnt/8tb_hdd2/joyce/train/M80_Pr_H5.txt
/mnt/8tb_hdd2/joyce/Minxiong/outputs/planH2/Minxiong.p01.hdf,H6,train,inflow,event_upstreamBC1,239,31,0.36704077566671717,1.1251304140705496,982.3012980570435,1344.5545942156268,238,128,-110,3066.6669921875,3347.03503992,1.0914243536865114,0.0,/mnt/8tb_hdd2/joyce/train/M80_US_InF_H6.txt
/mnt/8tb_hdd2/joyce/Minxiong/outputs/planH2/Minxiong.p01.hdf,H6,train,inflow,event_upstreamBC2,239,31,0.17156709166326917,1.2871929989995528,1376.8444598455887,1983.060035238314,222,128,-94,2997.9831932773104,3347.03503992,1.1164288870682815,0.0,/mnt/8tb_hdd2/joyce/train/M80_US_InF_H6.txt
/mnt/8tb_hdd2/joyce/Minxiong/outputs/planH2/Minxiong.p01.hdf,H6,train,inflow,result_upstreamBC1,239,239,0.36700348866759214,1.125163553739996,986.2070279833362,1354.4585638601252,238,128,-110,3050.00048828125,3347.03503992,1.097388361995357,0.0,/mnt/8tb_hdd2/joyce/train/M80_US_InF_H6.txt
/mnt/8tb_hdd2/joyce/Minxiong/outputs/planH2/Minxiong.p01.hdf,H6,train,inflow,result_upstreamBC2,239,239,0.16589431802471474,1.29159256886627,1384.1514429724812,1990.2629550781248,224,128,-96,3000.0,3347.03503992,1.11567834664,0.0,/mnt/8tb_hdd2/joyce/train/M80_US_InF_H6.txt
/mnt/8tb_hdd2/joyce/Minxiong/outputs/planH2/Minxiong.p01.hdf,H6,train,inflow,result_upstreamBC1_flow_per_face_sum,239,239,0.3670034923820126,1.1251635504387694,986.2070269055181,1354.458533342547,238,128,-110,3050.0003967285156,3347.03503992,1.0973883949359775,0.0,/mnt/8tb_hdd2/joyce/train/M80_US_InF_H6.txt
/mnt/8tb_hdd2/joyce/Minxiong/outputs/planH2/Minxiong.p01.hdf,H6,train,inflow,result_upstreamBC2_flow_per_face_sum,239,239,0.16589431802471474,1.29159256886627,1384.1514429724812,1990.2629550781248,224,128,-96,3000.0,3347.03503992,1.11567834664,0.0,/mnt/8tb_hdd2/joyce/train/M80_US_InF_H6.txt
/mnt/8tb_hdd2/joyce/Minxiong/outputs/planH2/Minxiong.p01.hdf,H6,train,precipitation,Event Conditions/Unsteady/Boundary Conditions/Precipitation Hydrographs/2D: per2,239,100,0.853310863602189,0.5416440462108141,25.018053273358337,55.32447933099523,106,87,-19,2.911282593462648,57.482151031,19.74461399249853,0.0,/mnt/8tb_hdd2/joyce/train/M80_Pr_H6.txt
/mnt/8tb_hdd2/joyce/Minxiong/outputs/planH2/Minxiong.p01.hdf,H7,train,inflow,event_upstreamBC1,239,31,0.3372116268099499,1.1513369386848056,1308.3271438100592,1884.2201730586266,238,112,-126,3066.6669921875,3812.946467066,1.2433519768464223,0.0,/mnt/8tb_hdd2/joyce/train/M80_US_InF_H7.txt
/mnt/8tb_hdd2/joyce/Minxiong/outputs/planH2/Minxiong.p01.hdf,H7,train,inflow,event_upstreamBC2,239,31,0.141055556596071,1.3106826033818628,1719.3877718762553,2508.949645755909,222,112,-110,2997.9831932773104,3812.946467066,1.2718371722750703,0.0,/mnt/8tb_hdd2/joyce/train/M80_US_InF_H7.txt
/mnt/8tb_hdd2/joyce/Minxiong/outputs/planH2/Minxiong.p01.hdf,H7,train,inflow,result_upstreamBC1,239,239,0.3371090005778464,1.1514260718102172,1313.9883263164854,1894.124142703125,238,112,-126,3050.00048828125,3812.946467066,1.250146182505921,0.0,/mnt/8tb_hdd2/joyce/train/M80_US_InF_H7.txt
/mnt/8tb_hdd2/joyce/Minxiong/outputs/planH2/Minxiong.p01.hdf,H7,train,inflow,result_upstreamBC2,239,239,0.13524589417308336,1.3151076806306898,1728.0729974145913,2515.5522432890625,224,112,-112,3000.0,3812.946467066,1.2709821556886667,0.0,/mnt/8tb_hdd2/joyce/train/M80_US_InF_H7.txt
/mnt/8tb_hdd2/joyce/Minxiong/outputs/planH2/Minxiong.p01.hdf,H7,train,inflow,result_upstreamBC1_flow_per_face_sum,239,239,0.33710900367106295,1.1514260691237943,1313.988324837183,1894.124112185547,238,112,-126,3050.0003967285156,3812.946467066,1.2501462200319167,0.0,/mnt/8tb_hdd2/joyce/train/M80_US_InF_H7.txt
/mnt/8tb_hdd2/joyce/Minxiong/outputs/planH2/Minxiong.p01.hdf,H7,train,inflow,result_upstreamBC2_flow_per_face_sum,239,239,0.13524589417308336,1.3151076806306898,1728.0729974145913,2515.5522432890625,224,112,-112,3000.0,3812.946467066,1.2709821556886667,0.0,/mnt/8tb_hdd2/joyce/train/M80_US_InF_H7.txt
/mnt/8tb_hdd2/joyce/Minxiong/outputs/planH2/Minxiong.p01.hdf,H7,train,precipitation,Event Conditions/Unsteady/Boundary Conditions/Precipitation Hydrographs/2D: per2,239,100,0.8534053250559698,0.5414696204664283,25.848489750162308,57.72510646799523,106,87,-19,2.911282593462648,59.882778168,20.569208328476307,0.0,/mnt/8tb_hdd2/joyce/train/M80_Pr_H7.txt
/mnt/8tb_hdd2/joyce/Minxiong/outputs/planH2/Minxiong.p01.hdf,H8,train,inflow,event_upstreamBC1,239,31,0.2918518277930235,1.1900824947935134,1129.8797499578347,1656.3174052865295,238,112,-126,3066.6669921875,3664.160580838,1.1948348451829454,0.0,/mnt/8tb_hdd2/joyce/train/M80_US_InF_H8.txt
/mnt/8tb_hdd2/joyce/Minxiong/outputs/planH2/Minxiong.p01.hdf,H8,train,inflow,event_upstreamBC2,239,31,0.09293890371387944,1.3468935342380415,1525.2689320466484,2330.0429337791766,222,112,-110,2997.9831932773104,3664.160580838,1.2222085130612235,0.0,/mnt/8tb_hdd2/joyce/train/M80_US_InF_H8.txt
/mnt/8tb_hdd2/joyce/Minxiong/outputs/planH2/Minxiong.p01.hdf,H8,train,inflow,result_upstreamBC1,239,239,0.29181605311796305,1.1901125550821126,1133.9958277247163,1664.160580838,238,112,-126,3050.00048828125,3664.160580838,1.2013639325359073,0.0,/mnt/8tb_hdd2/joyce/train/M80_US_InF_H8.txt
/mnt/8tb_hdd2/joyce/Minxiong/outputs/planH2/Minxiong.p01.hdf,H8,train,inflow,result_upstreamBC2,239,239,0.08701354753216779,1.3512856489046514,1532.985959082716,2344.160580838,224,112,-112,3000.0,3664.160580838,1.2213868602793334,0.0,/mnt/8tb_hdd2/joyce/train/M80_US_InF_H8.txt
/mnt/8tb_hdd2/joyce/Minxiong/outputs/planH2/Minxiong.p01.hdf,H8,train,inflow,result_upstreamBC1_flow_per_face_sum,239,239,0.29181605646154535,1.1901125522726452,1133.995826431522,1664.1605198028437,238,112,-126,3050.0003967285156,3664.160580838,1.201363968597592,0.0,/mnt/8tb_hdd2/joyce/train/M80_US_InF_H8.txt
/mnt/8tb_hdd2/joyce/Minxiong/outputs/planH2/Minxiong.p01.hdf,H8,train,inflow,result_upstreamBC2_flow_per_face_sum,239,239,0.08701354753216779,1.3512856489046514,1532.985959082716,2344.160580838,224,112,-112,3000.0,3664.160580838,1.2213868602793334,0.0,/mnt/8tb_hdd2/joyce/train/M80_US_InF_H8.txt
/mnt/8tb_hdd2/joyce/Minxiong/outputs/planH2/Minxiong.p01.hdf,H8,train,precipitation,Event Conditions/Unsteady/Boundary Conditions/Precipitation Hydrographs/2D: per2,239,100,0.8534200191912445,0.5414424822799836,27.519852262602274,61.09835170699523,106,87,-19,2.911282593462648,63.256023407,21.727888439632366,0.0,/mnt/8tb_hdd2/joyce/train/M80_Pr_H8.txt
/mnt/8tb_hdd2/joyce/Minxiong/outputs/planH2/Minxiong.p01.hdf,H9,train,inflow,event_upstreamBC1,239,31,0.030085428822744575,1.392777492047639,1376.928809611977,1862.424644154894,238,104,-134,3066.6669921875,3766.986391217,1.2283649971821529,0.0,/mnt/8tb_hdd2/joyce/train/M80_US_InF_H9.txt
/mnt/8tb_hdd2/joyce/Minxiong/outputs/planH2/Minxiong.p01.hdf,H9,train,inflow,event_upstreamBC2,239,31,-0.17335190446880708,1.5318954954361652,1779.5331507554827,2553.877147519521,222,104,-118,2997.9831932773104,3766.986391217,1.2565068408869353,0.0,/mnt/8tb_hdd2/joyce/train/M80_US_InF_H9.txt
/mnt/8tb_hdd2/joyce/Minxiong/outputs/planH2/Minxiong.p01.hdf,H9,train,inflow,result_upstreamBC1,239,239,0.030038699277466597,1.3928110429792933,1381.8541954782645,1874.1293355529374,238,104,-134,3050.00048828125,3766.986391217,1.2350773075907897,0.0,/mnt/8tb_hdd2/joyce/train/M80_US_InF_H9.txt
/mnt/8tb_hdd2/joyce/Minxiong/outputs/planH2/Minxiong.p01.hdf,H9,train,inflow,result_upstreamBC2,239,239,-0.1792305075361108,1.5357281709574198,1787.129409227326,2566.986391217,224,104,-120,3000.0,3766.986391217,1.2556621304056665,0.0,/mnt/8tb_hdd2/joyce/train/M80_US_InF_H9.txt
/mnt/8tb_hdd2/joyce/Minxiong/outputs/planH2/Minxiong.p01.hdf,H9,train,inflow,result_upstreamBC1_flow_per_face_sum,239,239,0.030038702968937393,1.392811040328919,1381.8541946423663,1874.1293202941483,238,104,-134,3050.0003967285156,3766.986391217,1.2350773446644585,0.0,/mnt/8tb_hdd2/joyce/train/M80_US_InF_H9.txt
/mnt/8tb_hdd2/joyce/Minxiong/outputs/planH2/Minxiong.p01.hdf,H9,train,inflow,result_upstreamBC2_flow_per_face_sum,239,239,-0.1792305075361108,1.5357281709574198,1787.129409227326,2566.986391217,224,104,-120,3000.0,3766.986391217,1.2556621304056665,0.0,/mnt/8tb_hdd2/joyce/train/M80_US_InF_H9.txt
/mnt/8tb_hdd2/joyce/Minxiong/outputs/planH2/Minxiong.p01.hdf,H9,train,precipitation,Event Conditions/Unsteady/Boundary Conditions/Precipitation Hydrographs/2D: per2,239,100,0.8534375939299792,0.5414100222013253,27.230052786967295,60.00888179699523,106,87,-19,2.911282593462648,62.166553497,21.35366509475804,0.0,/mnt/8tb_hdd2/joyce/train/M80_Pr_H9.txt
/mnt/8tb_hdd2/joyce/Minxiong/outputs/planH2/Minxiong.p01.hdf,H10,train,inflow,event_upstreamBC1,239,31,0.25272315661515676,1.2225194013878418,935.7358794563304,1785.1147846055,238,144,-94,3066.6669921875,3176.331,1.0357599987516986,0.0,/mnt/8tb_hdd2/joyce/train/M80_US_InF_H10.txt
/mnt/8tb_hdd2/joyce/Minxiong/outputs/planH2/Minxiong.p01.hdf,H10,train,inflow,event_upstreamBC2,239,31,0.052834200564095476,1.3763471941598926,1299.363393318363,1813.8927232513452,222,144,-78,2997.9831932773104,3176.331,1.0594892616885303,0.0,/mnt/8tb_hdd2/joyce/train/M80_US_InF_H10.txt
/mnt/8tb_hdd2/joyce/Minxiong/outputs/planH2/Minxiong.p01.hdf,H10,train,inflow,result_upstreamBC1,239,239,0.2526906818586017,1.2225459648957153,937.5762270560791,1768.44828069925,238,144,-94,3050.00048828125,3176.331,1.041419833276794,0.0,/mnt/8tb_hdd2/joyce/train/M80_US_InF_H10.txt
/mnt/8tb_hdd2/joyce/Minxiong/outputs/planH2/Minxiong.p01.hdf,H10,train,inflow,result_upstreamBC2,239,239,0.04702766895254076,1.3805595467399872,1305.3903761183199,1819.8951564511876,224,144,-80,3000.0,3176.331,1.058777,0.0,/mnt/8tb_hdd2/joyce/train/M80_US_InF_H10.txt
/mnt/8tb_hdd2/joyce/Minxiong/outputs/planH2/Minxiong.p01.hdf,H10,train,inflow,result_upstreamBC1_flow_per_face_sum,239,239,0.25269068508503845,1.2225459622566028,937.5762265544694,1768.4481891465157,238,144,-94,3050.0003967285156,3176.331,1.041419864537391,0.0,/mnt/8tb_hdd2/joyce/train/M80_US_InF_H10.txt
/mnt/8tb_hdd2/joyce/Minxiong/outputs/planH2/Minxiong.p01.hdf,H10,train,inflow,result_upstreamBC2_flow_per_face_sum,239,239,0.04702766895254076,1.3805595467399872,1305.3903761183199,1819.8951564511876,224,144,-80,3000.0,3176.331,1.058777,0.0,/mnt/8tb_hdd2/joyce/train/M80_US_InF_H10.txt
/mnt/8tb_hdd2/joyce/Minxiong/outputs/planH2/Minxiong.p01.hdf,H10,train,precipitation,Event Conditions/Unsteady/Boundary Conditions/Precipitation Hydrographs/2D: per2,239,100,0.8534782723295105,0.5413348828045138,26.681072552025004,59.36163448299523,106,87,-19,2.911282593462648,61.519306183,21.131341327407725,0.0,/mnt/8tb_hdd2/joyce/train/M80_Pr_H10.txt
/mnt/8tb_hdd2/joyce/Minxiong/outputs/planH2/Minxiong.p01.hdf,H11,test,inflow,event_upstreamBC1,239,31,0.13038464129615926,1.3187989677762422,1340.5170720305723,1955.9503382992154,238,128,-110,3066.6669921875,3754.147968064,1.2241785552940359,0.0,/mnt/8tb_hdd2/joyce/test/M80_US_InF_H11.txt
/mnt/8tb_hdd2/joyce/Minxiong/outputs/planH2/Minxiong.p01.hdf,H11,test,inflow,event_upstreamBC2,239,31,-0.07126433602144461,1.463737910980955,1743.159251242987,2544.666407881345,222,128,-94,2997.9831932773104,3754.147968064,1.2522244876096424,0.0,/mnt/8tb_hdd2/joyce/test/M80_US_InF_H11.txt
/mnt/8tb_hdd2/joyce/Minxiong/outputs/planH2/Minxiong.p01.hdf,H11,test,inflow,result_upstreamBC1,239,239,0.13032167054788288,1.3188467154693282,1345.2836012075843,1964.953875260875,238,128,-110,3050.00048828125,3754.147968064,1.2308679891981114,0.0,/mnt/8tb_hdd2/joyce/test/M80_US_InF_H11.txt
/mnt/8tb_hdd2/joyce/Minxiong/outputs/planH2/Minxiong.p01.hdf,H11,test,inflow,result_upstreamBC2,239,239,-0.0771626930978824,1.4677620332314651,1750.9486148047486,2550.6688410811876,224,128,-96,3000.0,3754.147968064,1.2513826560213333,0.0,/mnt/8tb_hdd2/joyce/test/M80_US_InF_H11.txt
/mnt/8tb_hdd2/joyce/Minxiong/outputs/planH2/Minxiong.p01.hdf,H11,test,inflow,result_upstreamBC1_flow_per_face_sum,239,239,0.13032167480101303,1.3188467122444418,1345.283599820578,1964.9538905196641,238,128,-110,3050.0003967285156,3754.147968064,1.230868026145428,0.0,/mnt/8tb_hdd2/joyce/test/M80_US_InF_H11.txt
/mnt/8tb_hdd2/joyce/Minxiong/outputs/planH2/Minxiong.p01.hdf,H11,test,inflow,result_upstreamBC2_flow_per_face_sum,239,239,-0.0771626930978824,1.4677620332314651,1750.9486148047486,2550.6688410811876,224,128,-96,3000.0,3754.147968064,1.2513826560213333,0.0,/mnt/8tb_hdd2/joyce/test/M80_US_InF_H11.txt
/mnt/8tb_hdd2/joyce/Minxiong/outputs/planH2/Minxiong.p01.hdf,H11,test,precipitation,Event Conditions/Unsteady/Boundary Conditions/Precipitation Hydrographs/2D: per2,239,100,0.853373146519339,0.5415290453533586,25.368131745717392,56.49069139158838,106,88,-18,2.911282593462648,58.689632416,20.15937324249763,0.0,/mnt/8tb_hdd2/joyce/test/M80_Pr_H11.txt
/mnt/8tb_hdd2/joyce/Minxiong/outputs/planH2/Minxiong.p01.hdf,H12,test,inflow,event_upstreamBC1,239,31,0.3435432431570036,1.1458243816946785,1247.4296984814443,1866.0321132168942,238,104,-134,3066.6669921875,3770.593860279,1.2295413456644597,0.0,/mnt/8tb_hdd2/joyce/test/M80_US_InF_H12.txt
/mnt/8tb_hdd2/joyce/Minxiong/outputs/planH2/Minxiong.p01.hdf,H12,test,inflow,event_upstreamBC2,239,31,0.14264311918438172,1.309470794493423,1659.270576468561,2557.4846165815215,222,104,-118,2997.9831932773104,3770.593860279,1.2577101395145227,0.0,/mnt/8tb_hdd2/joyce/test/M80_US_InF_H12.txt
/mnt/8tb_hdd2/joyce/Minxiong/outputs/planH2/Minxiong.p01.hdf,H12,test,inflow,result_upstreamBC1,239,239,0.3434013218785549,1.1459482345389296,1252.9452605640254,1877.7368046149377,238,104,-134,3050.00048828125,3770.593860279,1.2362600841430758,0.0,/mnt/8tb_hdd2/joyce/test/M80_US_InF_H12.txt
/mnt/8tb_hdd2/joyce/Minxiong/outputs/planH2/Minxiong.p01.hdf,H12,test,inflow,result_upstreamBC2,239,239,0.1372464941374143,1.3135855555407003,1667.6075650509197,2570.593860279,224,104,-120,3000.0,3770.593860279,1.256864620093,0.0,/mnt/8tb_hdd2/joyce/test/M80_US_InF_H12.txt
/mnt/8tb_hdd2/joyce/Minxiong/outputs/planH2/Minxiong.p01.hdf,H12,test,inflow,result_upstreamBC1_flow_per_face_sum,239,239,0.343401324656005,1.1459482321152163,1252.9452593401393,1877.7367893561486,238,104,-134,3050.0003967285156,3770.593860279,1.2362601212522484,0.0,/mnt/8tb_hdd2/joyce/test/M80_US_InF_H12.txt
/mnt/8tb_hdd2/joyce/Minxiong/outputs/planH2/Minxiong.p01.hdf,H12,test,inflow,result_upstreamBC2_flow_per_face_sum,239,239,0.1372464941374143,1.3135855555407003,1667.6075650509197,2570.593860279,224,104,-120,3000.0,3770.593860279,1.256864620093,0.0,/mnt/8tb_hdd2/joyce/test/M80_US_InF_H12.txt
/mnt/8tb_hdd2/joyce/Minxiong/outputs/planH2/Minxiong.p01.hdf,H12,test,precipitation,Event Conditions/Unsteady/Boundary Conditions/Precipitation Hydrographs/2D: per2,239,100,0.8533475146186748,0.5415763757427486,28.54718111392391,63.267598380995224,106,87,-19,2.911282593462648,65.425270081,22.47300561886845,0.0,/mnt/8tb_hdd2/joyce/test/M80_Pr_H12.txt
/mnt/8tb_hdd2/joyce/Minxiong/outputs/planH2/Minxiong.p01.hdf,H13,test,inflow,event_upstreamBC1,239,31,0.3933371434093226,1.1015106505074543,995.3569272651337,1381.2921945872156,238,112,-126,3066.6669921875,3179.972728543,1.0369475188027106,0.0,/mnt/8tb_hdd2/joyce/test/M80_US_InF_H13.txt
/mnt/8tb_hdd2/joyce/Minxiong/outputs/planH2/Minxiong.p01.hdf,H13,test,inflow,event_upstreamBC2,239,31,0.1989160873956243,1.265767682163181,1393.7128692375495,1980.6040352383143,222,112,-110,2997.9831932773104,3179.972728543,1.0607039878254767,0.0,/mnt/8tb_hdd2/joyce/test/M80_US_InF_H13.txt
/mnt/8tb_hdd2/joyce/Minxiong/outputs/planH2/Minxiong.p01.hdf,H13,test,inflow,result_upstreamBC1,239,239,0.3932136891533916,1.101622722030196,999.7709081462551,1390.2957315488752,238,112,-126,3050.00048828125,3179.972728543,1.0426138424440032,0.0,/mnt/8tb_hdd2/joyce/test/M80_US_InF_H13.txt
/mnt/8tb_hdd2/joyce/Minxiong/outputs/planH2/Minxiong.p01.hdf,H13,test,inflow,result_upstreamBC2,239,239,0.19337700931354335,1.2701362058349934,1401.0553755802557,1987.8069550781252,224,112,-112,3000.0,3179.972728543,1.0599909095143334,0.0,/mnt/8tb_hdd2/joyce/test/M80_US_InF_H13.txt
/mnt/8tb_hdd2/joyce/Minxiong/outputs/planH2/Minxiong.p01.hdf,H13,test,inflow,result_upstreamBC1_flow_per_face_sum,239,239,0.3932136929035341,1.1016227186259961,999.7709073084065,1390.2957468076643,238,112,-126,3050.0003967285156,3179.972728543,1.0426138737404411,0.0,/mnt/8tb_hdd2/joyce/test/M80_US_InF_H13.txt
/mnt/8tb_hdd2/joyce/Minxiong/outputs/planH2/Minxiong.p01.hdf,H13,test,inflow,result_upstreamBC2_flow_per_face_sum,239,239,0.19337700931354335,1.2701362058349934,1401.0553755802557,1987.8069550781252,224,112,-112,3000.0,3179.972728543,1.0599909095143334,0.0,/mnt/8tb_hdd2/joyce/test/M80_US_InF_H13.txt
/mnt/8tb_hdd2/joyce/Minxiong/outputs/planH2/Minxiong.p01.hdf,H13,test,precipitation,Event Conditions/Unsteady/Boundary Conditions/Precipitation Hydrographs/2D: per2,239,100,0.853440059674265,0.5414054678810225,29.211620466386584,64.54736064899524,106,87,-19,2.911282593462648,66.705032349,22.912592717308755,0.0,/mnt/8tb_hdd2/joyce/test/M80_Pr_H13.txt
/mnt/8tb_hdd2/joyce/Minxiong/outputs/planH2/Minxiong.p01.hdf,H14,test,inflow,event_upstreamBC1,239,31,0.3736601312844289,1.1192317621615024,1119.467261950054,1682.5496679113055,238,120,-118,3066.6669921875,3567.069,1.1631745504442774,0.0,/mnt/8tb_hdd2/joyce/test/M80_US_InF_H14.txt
/mnt/8tb_hdd2/joyce/Minxiong/outputs/planH2/Minxiong.p01.hdf,H14,test,inflow,event_upstreamBC2,239,31,0.18047763732947839,1.28025182106531,1525.2716856826917,2343.2940352383143,222,120,-102,2997.9831932773104,3567.069,1.1898228809283553,0.0,/mnt/8tb_hdd2/joyce/test/M80_US_InF_H14.txt
/mnt/8tb_hdd2/joyce/Minxiong/outputs/planH2/Minxiong.p01.hdf,H14,test,inflow,result_upstreamBC1,239,239,0.37362238781132556,1.1192654843143108,1124.4823322747916,1693.3540107421877,238,120,-118,3050.00048828125,3567.069,1.169530632439384,0.0,/mnt/8tb_hdd2/joyce/test/M80_US_InF_H14.txt
/mnt/8tb_hdd2/joyce/Minxiong/outputs/planH2/Minxiong.p01.hdf,H14,test,inflow,result_upstreamBC2,239,239,0.17459091638683574,1.2848416895580286,1533.4432511942261,2350.496955078125,224,120,-104,3000.0,3567.069,1.189023,0.0,/mnt/8tb_hdd2/joyce/test/M80_US_InF_H14.txt
/mnt/8tb_hdd2/joyce/Minxiong/outputs/planH2/Minxiong.p01.hdf,H14,test,inflow,result_upstreamBC1_flow_per_face_sum,239,239,0.3736223914723493,1.1192654810433948,1124.4823308773553,1693.3540107421877,238,120,-118,3050.0003967285156,3567.069,1.1695306675455195,0.0,/mnt/8tb_hdd2/joyce/test/M80_US_InF_H14.txt
/mnt/8tb_hdd2/joyce/Minxiong/outputs/planH2/Minxiong.p01.hdf,H14,test,inflow,result_upstreamBC2_flow_per_face_sum,239,239,0.17459091638683574,1.2848416895580286,1533.4432511942261,2350.496955078125,224,120,-104,3000.0,3567.069,1.189023,0.0,/mnt/8tb_hdd2/joyce/test/M80_US_InF_H14.txt
/mnt/8tb_hdd2/joyce/Minxiong/outputs/planH2/Minxiong.p01.hdf,H14,test,precipitation,Event Conditions/Unsteady/Boundary Conditions/Precipitation Hydrographs/2D: per2,239,100,0.8533563278652601,0.5415601021765534,26.4723749581924,59.06804775199523,106,87,-19,2.911282593462648,61.225719452,21.030496863988322,0.0,/mnt/8tb_hdd2/joyce/test/M80_Pr_H14.txt
/mnt/8tb_hdd2/joyce/Minxiong/outputs/planH2/Minxiong.p01.hdf,H15,test,inflow,event_upstreamBC1,239,31,0.07657646181612264,1.3589875188417861,1137.8439179148459,1618.6881418895,238,128,-110,3066.6669921875,3395.156836327,1.1071162421535645,0.0,/mnt/8tb_hdd2/joyce/test/M80_US_InF_H15.txt
/mnt/8tb_hdd2/joyce/Minxiong/outputs/planH2/Minxiong.p01.hdf,H15,test,inflow,event_upstreamBC2,239,31,-0.12526719302685668,1.5001781181092175,1520.884770086989,2136.933393909345,222,128,-94,2997.9831932773104,3395.156836327,1.1324802767208013,0.0,/mnt/8tb_hdd2/joyce/test/M80_US_InF_H15.txt
/mnt/8tb_hdd2/joyce/Minxiong/outputs/planH2/Minxiong.p01.hdf,H15,test,inflow,result_upstreamBC1,239,239,0.07654424605339558,1.3590112243440846,1141.0491836369854,1602.02163798325,238,128,-110,3050.00048828125,3395.156836327,1.1131659976357098,0.0,/mnt/8tb_hdd2/joyce/test/M80_US_InF_H15.txt
/mnt/8tb_hdd2/joyce/Minxiong/outputs/planH2/Minxiong.p01.hdf,H15,test,inflow,result_upstreamBC2,239,239,-0.13134462555330126,1.5042238035301139,1527.5340029405434,2142.9358271091874,224,128,-96,3000.0,3395.156836327,1.1317189454423333,0.0,/mnt/8tb_hdd2/joyce/test/M80_US_InF_H15.txt
/mnt/8tb_hdd2/joyce/Minxiong/outputs/planH2/Minxiong.p01.hdf,H15,test,inflow,result_upstreamBC1_flow_per_face_sum,239,239,0.0765442499321141,1.3590112214900112,1141.0491829208443,1602.0215464305156,238,128,-110,3050.0003967285156,3395.156836327,1.113166031049932,0.0,/mnt/8tb_hdd2/joyce/test/M80_US_InF_H15.txt
/mnt/8tb_hdd2/joyce/Minxiong/outputs/planH2/Minxiong.p01.hdf,H15,test,inflow,result_upstreamBC2_flow_per_face_sum,239,239,-0.13134462555330126,1.5042238035301139,1527.5340029405434,2142.9358271091874,224,128,-96,3000.0,3395.156836327,1.1317189454423333,0.0,/mnt/8tb_hdd2/joyce/test/M80_US_InF_H15.txt
/mnt/8tb_hdd2/joyce/Minxiong/outputs/planH2/Minxiong.p01.hdf,H15,test,precipitation,Event Conditions/Unsteady/Boundary Conditions/Precipitation Hydrographs/2D: per2,239,100,0.8533557402622163,0.5415611871945468,33.2075170434857,73.73189088458838,106,88,-18,2.911282593462648,75.930831909,26.081573832613994,0.0,/mnt/8tb_hdd2/joyce/test/M80_Pr_H15.txt
/mnt/8tb_hdd2/joyce/Minxiong/outputs/planH3/Minxiong.p01.hdf,H1,train,inflow,event_upstreamBC1,239,31,0.4793077349495618,1.0204824986744632,1245.0282436079215,1815.2339175696266,238,112,-126,3066.6669921875,3776.869530938,1.2315877597925629,0.0,/mnt/8tb_hdd2/joyce/train/M80_US_InF_H1.txt
/mnt/8tb_hdd2/joyce/Minxiong/outputs/planH3/Minxiong.p01.hdf,H1,train,inflow,event_upstreamBC2,239,31,0.2916833203760999,1.1902240794269794,1660.799728085674,2442.7518838791766,222,112,-110,2997.9831932773104,3776.869530938,1.2598034369929982,0.0,/mnt/8tb_hdd2/joyce/train/M80_US_InF_H1.txt
/mnt/8tb_hdd2/joyce/Minxiong/outputs/planH3/Minxiong.p01.hdf,H1,train,inflow,result_upstreamBC1,239,239,0.4792149110579105,1.0205734554083692,1251.3071474281626,1825.137887214125,238,112,-126,3050.00048828125,3776.869530938,1.2383176807510474,0.0,/mnt/8tb_hdd2/joyce/train/M80_US_InF_H1.txt
/mnt/8tb_hdd2/joyce/Minxiong/outputs/planH3/Minxiong.p01.hdf,H1,train,inflow,result_upstreamBC2,239,239,0.28624630013180596,1.194783411224138,1669.9404673833476,2456.869530938,224,112,-112,3000.0,3776.869530938,1.2589565103126668,0.0,/mnt/8tb_hdd2/joyce/train/M80_US_InF_H1.txt
/mnt/8tb_hdd2/joyce/Minxiong/outputs/planH3/Minxiong.p01.hdf,H1,train,inflow,result_upstreamBC1_flow_per_face_sum,239,239,0.4792149145621601,1.0205734519747613,1251.3071454810718,1825.1378566965468,238,112,-126,3050.0003967285156,3776.869530938,1.2383177179219835,0.0,/mnt/8tb_hdd2/joyce/train/M80_US_InF_H1.txt
/mnt/8tb_hdd2/joyce/Minxiong/outputs/planH3/Minxiong.p01.hdf,H1,train,inflow,result_upstreamBC2_flow_per_face_sum,239,239,0.28624630013180596,1.194783411224138,1669.9404673833476,2456.869530938,224,112,-112,3000.0,3776.869530938,1.2589565103126668,0.0,/mnt/8tb_hdd2/joyce/train/M80_US_InF_H1.txt
/mnt/8tb_hdd2/joyce/Minxiong/outputs/planH3/Minxiong.p01.hdf,H1,train,precipitation,Event Conditions/Unsteady/Boundary Conditions/Precipitation Hydrographs/2D: per2,239,100,0.8534114569845745,0.5414582957447877,29.929522689050206,66.04670319278033,106,88,-18,2.4848723131067616,67.923568726,27.33483260597692,0.0,/mnt/8tb_hdd2/joyce/train/M80_Pr_H1.txt
/mnt/8tb_hdd2/joyce/Minxiong/outputs/planH3/Minxiong.p01.hdf,H2,train,inflow,event_upstreamBC1,239,31,0.2596830857678205,1.2168129800689826,1254.872604813326,1854.1156679113053,238,128,-110,3066.6669921875,3802.466187625,1.2399344947827686,0.0,/mnt/8tb_hdd2/joyce/train/M80_US_InF_H2.txt
/mnt/8tb_hdd2/joyce/Minxiong/outputs/planH3/Minxiong.p01.hdf,H2,train,inflow,event_upstreamBC2,239,31,0.06069464528408745,1.3706242043068644,1656.5996258744085,2514.860035238314,222,128,-94,2997.9831932773104,3802.466187625,1.268341395692833,0.0,/mnt/8tb_hdd2/joyce/train/M80_US_InF_H2.txt
/mnt/8tb_hdd2/joyce/Minxiong/outputs/planH3/Minxiong.p01.hdf,H2,train,inflow,result_upstreamBC1,239,239,0.2596646479233844,1.216828132545115,1259.580378041579,1864.9200107421875,238,128,-110,3050.00048828125,3802.466187625,1.2467100258622525,0.0,/mnt/8tb_hdd2/joyce/train/M80_US_InF_H2.txt
/mnt/8tb_hdd2/joyce/Minxiong/outputs/planH3/Minxiong.p01.hdf,H2,train,inflow,result_upstreamBC2,239,239,0.05456728341886038,1.375087427461352,1664.7630005057372,2522.062955078125,224,128,-96,3000.0,3802.466187625,1.2674887292083334,0.0,/mnt/8tb_hdd2/joyce/train/M80_US_InF_H2.txt
/mnt/8tb_hdd2/joyce/Minxiong/outputs/planH3/Minxiong.p01.hdf,H2,train,inflow,result_upstreamBC1_flow_per_face_sum,239,239,0.25966465163900204,1.2168281294915875,1259.580376479923,1864.9200107421875,238,128,-110,3050.0003967285156,3802.466187625,1.246710063285104,0.0,/mnt/8tb_hdd2/joyce/train/M80_US_InF_H2.txt
/mnt/8tb_hdd2/joyce/Minxiong/outputs/planH3/Minxiong.p01.hdf,H2,train,inflow,result_upstreamBC2_flow_per_face_sum,239,239,0.05456728341886038,1.375087427461352,1664.7630005057372,2522.062955078125,224,128,-96,3000.0,3802.466187625,1.2674887292083334,0.0,/mnt/8tb_hdd2/joyce/train/M80_US_InF_H2.txt
/mnt/8tb_hdd2/joyce/Minxiong/outputs/planH3/Minxiong.p01.hdf,H2,train,precipitation,Event Conditions/Unsteady/Boundary Conditions/Precipitation Hydrographs/2D: per2,239,100,0.8533555609787095,0.5415615182438487,31.572553184214364,69.89913499253969,106,87,-19,2.4848723131067616,71.740776062,28.871011071109987,0.0,/mnt/8tb_hdd2/joyce/train/M80_Pr_H2.txt
/mnt/8tb_hdd2/joyce/Minxiong/outputs/planH3/Minxiong.p01.hdf,H3,train,inflow,event_upstreamBC1,239,31,0.14961024232381404,1.3041393772723726,1354.3346125940716,2128.408667911305,238,96,-142,3066.6669921875,3924.927,1.279867364144514,0.0,/mnt/8tb_hdd2/joyce/train/M80_US_InF_H3.txt
/mnt/8tb_hdd2/joyce/Minxiong/outputs/planH3/Minxiong.p01.hdf,H3,train,inflow,event_upstreamBC2,239,31,-0.05440103893977544,1.4521715042926406,1752.274629179314,2789.1530352383143,222,96,-126,2997.9831932773104,3924.927,1.309189127144299,0.0,/mnt/8tb_hdd2/joyce/train/M80_US_InF_H3.txt
/mnt/8tb_hdd2/joyce/Minxiong/outputs/planH3/Minxiong.p01.hdf,H3,train,inflow,result_upstreamBC1,239,239,0.14947945321340303,1.3042396610949976,1358.7199434696574,2139.2130107421876,238,96,-142,3050.00048828125,3924.927,1.2868611054589676,0.0,/mnt/8tb_hdd2/joyce/train/M80_US_InF_H3.txt
/mnt/8tb_hdd2/joyce/Minxiong/outputs/planH3/Minxiong.p01.hdf,H3,train,inflow,result_upstreamBC2,239,239,-0.06028470295894768,1.4562174995233015,1760.0139821068897,2796.355955078125,224,96,-128,3000.0,3924.927,1.308309,0.0,/mnt/8tb_hdd2/joyce/train/M80_US_InF_H3.txt
/mnt/8tb_hdd2/joyce/Minxiong/outputs/planH3/Minxiong.p01.hdf,H3,train,inflow,result_upstreamBC1_flow_per_face_sum,239,239,0.14947945693733883,1.304239658239743,1358.7199420121399,2139.2130107421876,238,96,-142,3050.0003967285156,3924.927,1.2868611440870454,0.0,/mnt/8tb_hdd2/joyce/train/M80_US_InF_H3.txt
/mnt/8tb_hdd2/joyce/Minxiong/outputs/planH3/Minxiong.p01.hdf,H3,train,inflow,result_upstreamBC2_flow_per_face_sum,239,239,-0.06028470295894768,1.4562174995233015,1760.0139821068897,2796.355955078125,224,96,-128,3000.0,3924.927,1.308309,0.0,/mnt/8tb_hdd2/joyce/train/M80_US_InF_H3.txt
/mnt/8tb_hdd2/joyce/Minxiong/outputs/planH3/Minxiong.p01.hdf,H3,train,precipitation,Event Conditions/Unsteady/Boundary Conditions/Precipitation Hydrographs/2D: per2,239,100,0.8533634099195536,0.5415470248841647,22.134069635753807,49.025020002539684,106,87,-19,2.4848723131067616,50.866661072,20.470533155244073,0.0,/mnt/8tb_hdd2/joyce/train/M80_Pr_H3.txt
/mnt/8tb_hdd2/joyce/Minxiong/outputs/planH3/Minxiong.p01.hdf,H4,train,inflow,event_upstreamBC1,239,31,-0.14534061431487733,1.5134996625799937,1180.048870037099,1789.3030181365,238,112,-126,3066.6669921875,3313.656858284,1.0805401651779343,0.0,/mnt/8tb_hdd2/joyce/train/M80_US_InF_H4.txt
/mnt/8tb_hdd2/joyce/Minxiong/outputs/planH3/Minxiong.p01.hdf,H4,train,inflow,event_upstreamBC2,239,31,-0.3429125937969653,1.638848738472813,1545.3961585033003,2193.858132432345,222,112,-110,2997.9831932773104,3313.656858284,1.1052953417866243,0.0,/mnt/8tb_hdd2/joyce/train/M80_US_InF_H4.txt
/mnt/8tb_hdd2/joyce/Minxiong/outputs/planH3/Minxiong.p01.hdf,H4,train,inflow,result_upstreamBC1,239,239,-0.14548647893393185,1.5135960352312845,1182.262528339277,1772.63651423025,238,112,-126,3050.00048828125,3313.656858284,1.0864446976371884,0.0,/mnt/8tb_hdd2/joyce/train/M80_US_InF_H4.txt
/mnt/8tb_hdd2/joyce/Minxiong/outputs/planH3/Minxiong.p01.hdf,H4,train,inflow,result_upstreamBC2,239,239,-0.3485565945485672,1.6422890090045463,1550.971448089331,2199.8605656321874,224,112,-112,3000.0,3313.656858284,1.1045522860946666,0.0,/mnt/8tb_hdd2/joyce/train/M80_US_InF_H4.txt
/mnt/8tb_hdd2/joyce/Minxiong/outputs/planH3/Minxiong.p01.hdf,H4,train,inflow,result_upstreamBC1_flow_per_face_sum,239,239,-0.1454864759451869,1.5135960332566858,1182.2625283853477,1772.6364226775156,238,112,-126,3050.0003967285156,3313.656858284,1.0864447302493099,0.0,/mnt/8tb_hdd2/joyce/train/M80_US_InF_H4.txt
/mnt/8tb_hdd2/joyce/Minxiong/outputs/planH3/Minxiong.p01.hdf,H4,train,inflow,result_upstreamBC2_flow_per_face_sum,239,239,-0.3485565945485672,1.6422890090045463,1550.971448089331,2199.8605656321874,224,112,-112,3000.0,3313.656858284,1.1045522860946666,0.0,/mnt/8tb_hdd2/joyce/train/M80_US_InF_H4.txt
/mnt/8tb_hdd2/joyce/Minxiong/outputs/planH3/Minxiong.p01.hdf,H4,train,precipitation,Event Conditions/Unsteady/Boundary Conditions/Precipitation Hydrographs/2D: per2,239,100,0.8533730145809797,0.5415292889937177,27.742691090163753,61.34718308178034,106,88,-18,2.4848723131067616,63.224048615,25.443580453416885,0.0,/mnt/8tb_hdd2/joyce/train/M80_Pr_H4.txt
/mnt/8tb_hdd2/joyce/Minxiong/outputs/planH3/Minxiong.p01.hdf,H5,train,inflow,event_upstreamBC1,239,31,-0.09546784903825595,1.4801809680159086,1103.2487825889657,1924.0870121495,238,120,-118,3066.6669921875,3273.61,1.0674814084280095,0.0,/mnt/8tb_hdd2/joyce/train/M80_US_InF_H5.txt
/mnt/8tb_hdd2/joyce/Minxiong/outputs/planH3/Minxiong.p01.hdf,H5,train,inflow,event_upstreamBC2,239,31,-0.2970331542499765,1.6106105390503171,1455.9438448549533,2010.2768732356226,222,120,-102,2997.9831932773104,3273.61,1.0919374089023435,0.0,/mnt/8tb_hdd2/joyce/train/M80_US_InF_H5.txt
/mnt/8tb_hdd2/joyce/Minxiong/outputs/planH3/Minxiong.p01.hdf,H5,train,inflow,result_upstreamBC1,239,239,-0.09555924711024257,1.480242714631788,1104.6221028342993,1907.42050824325,238,120,-118,3050.00048828125,3273.61,1.073314582269054,0.0,/mnt/8tb_hdd2/joyce/train/M80_US_InF_H5.txt
/mnt/8tb_hdd2/joyce/Minxiong/outputs/planH3/Minxiong.p01.hdf,H5,train,inflow,result_upstreamBC2,239,239,-0.30264786672109556,1.614092851555384,1461.0099418079972,2015.6789892578126,224,120,-104,3000.0,3273.61,1.0912033333333333,0.0,/mnt/8tb_hdd2/joyce/train/M80_US_InF_H5.txt
/mnt/8tb_hdd2/joyce/Minxiong/outputs/planH3/Minxiong.p01.hdf,H5,train,inflow,result_upstreamBC1_flow_per_face_sum,239,239,-0.09555924394976216,1.4802427124966784,1104.622102921907,1907.4204166905156,238,120,-118,3050.0003967285156,3273.61,1.0733146144870447,0.0,/mnt/8tb_hdd2/joyce/train/M80_US_InF_H5.txt
/mnt/8tb_hdd2/joyce/Minxiong/outputs/planH3/Minxiong.p01.hdf,H5,train,inflow,result_upstreamBC2_flow_per_face_sum,239,239,-0.30264786672109556,1.614092851555384,1461.0099418079972,2015.6789892578126,224,120,-104,3000.0,3273.61,1.0912033333333333,0.0,/mnt/8tb_hdd2/joyce/train/M80_US_InF_H5.txt
/mnt/8tb_hdd2/joyce/Minxiong/outputs/planH3/Minxiong.p01.hdf,H5,train,precipitation,Event Conditions/Unsteady/Boundary Conditions/Precipitation Hydrographs/2D: per2,239,100,0.8533467772882943,0.5415777371932953,23.208460660525287,51.70664155353968,106,87,-19,2.4848723131067616,53.548282623,21.54971196731239,0.0,/mnt/8tb_hdd2/joyce/train/M80_Pr_H5.txt
/mnt/8tb_hdd2/joyce/Minxiong/outputs/planH3/Minxiong.p01.hdf,H6,train,inflow,event_upstreamBC1,239,31,0.36704077566671717,1.1251304140705496,982.3012980570435,1344.5545942156268,238,128,-110,3066.6669921875,3347.03503992,1.0914243536865114,0.0,/mnt/8tb_hdd2/joyce/train/M80_US_InF_H6.txt
/mnt/8tb_hdd2/joyce/Minxiong/outputs/planH3/Minxiong.p01.hdf,H6,train,inflow,event_upstreamBC2,239,31,0.17156709166326917,1.2871929989995528,1376.8444598455887,1983.060035238314,222,128,-94,2997.9831932773104,3347.03503992,1.1164288870682815,0.0,/mnt/8tb_hdd2/joyce/train/M80_US_InF_H6.txt
/mnt/8tb_hdd2/joyce/Minxiong/outputs/planH3/Minxiong.p01.hdf,H6,train,inflow,result_upstreamBC1,239,239,0.36700348866759214,1.125163553739996,986.2070279833362,1354.4585638601252,238,128,-110,3050.00048828125,3347.03503992,1.097388361995357,0.0,/mnt/8tb_hdd2/joyce/train/M80_US_InF_H6.txt
/mnt/8tb_hdd2/joyce/Minxiong/outputs/planH3/Minxiong.p01.hdf,H6,train,inflow,result_upstreamBC2,239,239,0.16589431802471474,1.29159256886627,1384.1514429724812,1990.2629550781248,224,128,-96,3000.0,3347.03503992,1.11567834664,0.0,/mnt/8tb_hdd2/joyce/train/M80_US_InF_H6.txt
/mnt/8tb_hdd2/joyce/Minxiong/outputs/planH3/Minxiong.p01.hdf,H6,train,inflow,result_upstreamBC1_flow_per_face_sum,239,239,0.3670034923820126,1.1251635504387694,986.2070269055181,1354.458533342547,238,128,-110,3050.0003967285156,3347.03503992,1.0973883949359775,0.0,/mnt/8tb_hdd2/joyce/train/M80_US_InF_H6.txt
/mnt/8tb_hdd2/joyce/Minxiong/outputs/planH3/Minxiong.p01.hdf,H6,train,inflow,result_upstreamBC2_flow_per_face_sum,239,239,0.16589431802471474,1.29159256886627,1384.1514429724812,1990.2629550781248,224,128,-96,3000.0,3347.03503992,1.11567834664,0.0,/mnt/8tb_hdd2/joyce/train/M80_US_InF_H6.txt
/mnt/8tb_hdd2/joyce/Minxiong/outputs/planH3/Minxiong.p01.hdf,H6,train,precipitation,Event Conditions/Unsteady/Boundary Conditions/Precipitation Hydrographs/2D: per2,239,100,0.8533108555811477,0.5416440610195074,25.217251795181294,55.640509961539685,106,87,-19,2.4848723131067616,57.482151031,23.132838950236355,0.0,/mnt/8tb_hdd2/joyce/train/M80_Pr_H6.txt
/mnt/8tb_hdd2/joyce/Minxiong/outputs/planH3/Minxiong.p01.hdf,H7,train,inflow,event_upstreamBC1,239,31,0.3372116268099499,1.1513369386848056,1308.3271438100592,1884.2201730586266,238,112,-126,3066.6669921875,3812.946467066,1.2433519768464223,0.0,/mnt/8tb_hdd2/joyce/train/M80_US_InF_H7.txt
/mnt/8tb_hdd2/joyce/Minxiong/outputs/planH3/Minxiong.p01.hdf,H7,train,inflow,event_upstreamBC2,239,31,0.141055556596071,1.3106826033818628,1719.3877718762553,2508.949645755909,222,112,-110,2997.9831932773104,3812.946467066,1.2718371722750703,0.0,/mnt/8tb_hdd2/joyce/train/M80_US_InF_H7.txt
/mnt/8tb_hdd2/joyce/Minxiong/outputs/planH3/Minxiong.p01.hdf,H7,train,inflow,result_upstreamBC1,239,239,0.3371090005778464,1.1514260718102172,1313.9883263164854,1894.124142703125,238,112,-126,3050.00048828125,3812.946467066,1.250146182505921,0.0,/mnt/8tb_hdd2/joyce/train/M80_US_InF_H7.txt
/mnt/8tb_hdd2/joyce/Minxiong/outputs/planH3/Minxiong.p01.hdf,H7,train,inflow,result_upstreamBC2,239,239,0.13524589417308336,1.3151076806306898,1728.0729974145913,2515.5522432890625,224,112,-112,3000.0,3812.946467066,1.2709821556886667,0.0,/mnt/8tb_hdd2/joyce/train/M80_US_InF_H7.txt
/mnt/8tb_hdd2/joyce/Minxiong/outputs/planH3/Minxiong.p01.hdf,H7,train,inflow,result_upstreamBC1_flow_per_face_sum,239,239,0.33710900367106295,1.1514260691237943,1313.988324837183,1894.124112185547,238,112,-126,3050.0003967285156,3812.946467066,1.2501462200319167,0.0,/mnt/8tb_hdd2/joyce/train/M80_US_InF_H7.txt
/mnt/8tb_hdd2/joyce/Minxiong/outputs/planH3/Minxiong.p01.hdf,H7,train,inflow,result_upstreamBC2_flow_per_face_sum,239,239,0.13524589417308336,1.3151076806306898,1728.0729974145913,2515.5522432890625,224,112,-112,3000.0,3812.946467066,1.2709821556886667,0.0,/mnt/8tb_hdd2/joyce/train/M80_US_InF_H7.txt
/mnt/8tb_hdd2/joyce/Minxiong/outputs/planH3/Minxiong.p01.hdf,H7,train,precipitation,Event Conditions/Unsteady/Boundary Conditions/Precipitation Hydrographs/2D: per2,239,100,0.8534053174505063,0.5414696345123938,26.04775314070465,58.041137098539686,106,87,-19,2.4848723131067616,59.882778168,24.09893572886663,0.0,/mnt/8tb_hdd2/joyce/train/M80_Pr_H7.txt
/mnt/8tb_hdd2/joyce/Minxiong/outputs/planH3/Minxiong.p01.hdf,H8,train,inflow,event_upstreamBC1,239,31,0.2918518277930235,1.1900824947935134,1129.8797499578347,1656.3174052865295,238,112,-126,3066.6669921875,3664.160580838,1.1948348451829454,0.0,/mnt/8tb_hdd2/joyce/train/M80_US_InF_H8.txt
/mnt/8tb_hdd2/joyce/Minxiong/outputs/planH3/Minxiong.p01.hdf,H8,train,inflow,event_upstreamBC2,239,31,0.09293890371387944,1.3468935342380415,1525.2689320466484,2330.0429337791766,222,112,-110,2997.9831932773104,3664.160580838,1.2222085130612235,0.0,/mnt/8tb_hdd2/joyce/train/M80_US_InF_H8.txt
/mnt/8tb_hdd2/joyce/Minxiong/outputs/planH3/Minxiong.p01.hdf,H8,train,inflow,result_upstreamBC1,239,239,0.29181605311796305,1.1901125550821126,1133.9958277247163,1664.160580838,238,112,-126,3050.00048828125,3664.160580838,1.2013639325359073,0.0,/mnt/8tb_hdd2/joyce/train/M80_US_InF_H8.txt
/mnt/8tb_hdd2/joyce/Minxiong/outputs/planH3/Minxiong.p01.hdf,H8,train,inflow,result_upstreamBC2,239,239,0.08701354753216779,1.3512856489046514,1532.985959082716,2344.160580838,224,112,-112,3000.0,3664.160580838,1.2213868602793334,0.0,/mnt/8tb_hdd2/joyce/train/M80_US_InF_H8.txt
/mnt/8tb_hdd2/joyce/Minxiong/outputs/planH3/Minxiong.p01.hdf,H8,train,inflow,result_upstreamBC1_flow_per_face_sum,239,239,0.29181605646154535,1.1901125522726452,1133.995826431522,1664.1605198028437,238,112,-126,3050.0003967285156,3664.160580838,1.201363968597592,0.0,/mnt/8tb_hdd2/joyce/train/M80_US_InF_H8.txt
/mnt/8tb_hdd2/joyce/Minxiong/outputs/planH3/Minxiong.p01.hdf,H8,train,inflow,result_upstreamBC2_flow_per_face_sum,239,239,0.08701354753216779,1.3512856489046514,1532.985959082716,2344.160580838,224,112,-112,3000.0,3664.160580838,1.2213868602793334,0.0,/mnt/8tb_hdd2/joyce/train/M80_US_InF_H8.txt
/mnt/8tb_hdd2/joyce/Minxiong/outputs/planH3/Minxiong.p01.hdf,H8,train,precipitation,Event Conditions/Unsteady/Boundary Conditions/Precipitation Hydrographs/2D: per2,239,100,0.8534200113428111,0.5414424967753992,27.719210931523623,61.414382337539685,106,87,-19,2.4848723131067616,63.256023407,25.45644823411988,0.0,/mnt/8tb_hdd2/joyce/train/M80_Pr_H8.txt
/mnt/8tb_hdd2/joyce/Minxiong/outputs/planH3/Minxiong.p01.hdf,H9,train,inflow,event_upstreamBC1,239,31,0.030085428822744575,1.392777492047639,1376.928809611977,1862.424644154894,238,104,-134,3066.6669921875,3766.986391217,1.2283649971821529,0.0,/mnt/8tb_hdd2/joyce/train/M80_US_InF_H9.txt
/mnt/8tb_hdd2/joyce/Minxiong/outputs/planH3/Minxiong.p01.hdf,H9,train,inflow,event_upstreamBC2,239,31,-0.17335190446880708,1.5318954954361652,1779.5331507554827,2553.877147519521,222,104,-118,2997.9831932773104,3766.986391217,1.2565068408869353,0.0,/mnt/8tb_hdd2/joyce/train/M80_US_InF_H9.txt
/mnt/8tb_hdd2/joyce/Minxiong/outputs/planH3/Minxiong.p01.hdf,H9,train,inflow,result_upstreamBC1,239,239,0.030038699277466597,1.3928110429792933,1381.8541954782645,1874.1293355529374,238,104,-134,3050.00048828125,3766.986391217,1.2350773075907897,0.0,/mnt/8tb_hdd2/joyce/train/M80_US_InF_H9.txt
/mnt/8tb_hdd2/joyce/Minxiong/outputs/planH3/Minxiong.p01.hdf,H9,train,inflow,result_upstreamBC2,239,239,-0.1792305075361108,1.5357281709574198,1787.129409227326,2566.986391217,224,104,-120,3000.0,3766.986391217,1.2556621304056665,0.0,/mnt/8tb_hdd2/joyce/train/M80_US_InF_H9.txt
/mnt/8tb_hdd2/joyce/Minxiong/outputs/planH3/Minxiong.p01.hdf,H9,train,inflow,result_upstreamBC1_flow_per_face_sum,239,239,0.030038702968937393,1.392811040328919,1381.8541946423663,1874.1293202941483,238,104,-134,3050.0003967285156,3766.986391217,1.2350773446644585,0.0,/mnt/8tb_hdd2/joyce/train/M80_US_InF_H9.txt
/mnt/8tb_hdd2/joyce/Minxiong/outputs/planH3/Minxiong.p01.hdf,H9,train,inflow,result_upstreamBC2_flow_per_face_sum,239,239,-0.1792305075361108,1.5357281709574198,1787.129409227326,2566.986391217,224,104,-120,3000.0,3766.986391217,1.2556621304056665,0.0,/mnt/8tb_hdd2/joyce/train/M80_US_InF_H9.txt
/mnt/8tb_hdd2/joyce/Minxiong/outputs/planH3/Minxiong.p01.hdf,H9,train,precipitation,Event Conditions/Unsteady/Boundary Conditions/Precipitation Hydrographs/2D: per2,239,100,0.8534375859519604,0.5414100369369578,27.429398987579333,60.32491242753969,106,87,-19,2.4848723131067616,62.166553497,25.018007230832325,0.0,/mnt/8tb_hdd2/joyce/train/M80_Pr_H9.txt
/mnt/8tb_hdd2/joyce/Minxiong/outputs/planH3/Minxiong.p01.hdf,H10,train,inflow,event_upstreamBC1,239,31,0.25272315661515676,1.2225194013878418,935.7358794563304,1785.1147846055,238,144,-94,3066.6669921875,3176.331,1.0357599987516986,0.0,/mnt/8tb_hdd2/joyce/train/M80_US_InF_H10.txt
/mnt/8tb_hdd2/joyce/Minxiong/outputs/planH3/Minxiong.p01.hdf,H10,train,inflow,event_upstreamBC2,239,31,0.052834200564095476,1.3763471941598926,1299.363393318363,1813.8927232513452,222,144,-78,2997.9831932773104,3176.331,1.0594892616885303,0.0,/mnt/8tb_hdd2/joyce/train/M80_US_InF_H10.txt
/mnt/8tb_hdd2/joyce/Minxiong/outputs/planH3/Minxiong.p01.hdf,H10,train,inflow,result_upstreamBC1,239,239,0.2526906818586017,1.2225459648957153,937.5762270560791,1768.44828069925,238,144,-94,3050.00048828125,3176.331,1.041419833276794,0.0,/mnt/8tb_hdd2/joyce/train/M80_US_InF_H10.txt
/mnt/8tb_hdd2/joyce/Minxiong/outputs/planH3/Minxiong.p01.hdf,H10,train,inflow,result_upstreamBC2,239,239,0.04702766895254076,1.3805595467399872,1305.3903761183199,1819.8951564511876,224,144,-80,3000.0,3176.331,1.058777,0.0,/mnt/8tb_hdd2/joyce/train/M80_US_InF_H10.txt
/mnt/8tb_hdd2/joyce/Minxiong/outputs/planH3/Minxiong.p01.hdf,H10,train,inflow,result_upstreamBC1_flow_per_face_sum,239,239,0.25269068508503845,1.2225459622566028,937.5762265544694,1768.4481891465157,238,144,-94,3050.0003967285156,3176.331,1.041419864537391,0.0,/mnt/8tb_hdd2/joyce/train/M80_US_InF_H10.txt
/mnt/8tb_hdd2/joyce/Minxiong/outputs/planH3/Minxiong.p01.hdf,H10,train,inflow,result_upstreamBC2_flow_per_face_sum,239,239,0.04702766895254076,1.3805595467399872,1305.3903761183199,1819.8951564511876,224,144,-80,3000.0,3176.331,1.058777,0.0,/mnt/8tb_hdd2/joyce/train/M80_US_InF_H10.txt
/mnt/8tb_hdd2/joyce/Minxiong/outputs/planH3/Minxiong.p01.hdf,H10,train,precipitation,Event Conditions/Unsteady/Boundary Conditions/Precipitation Hydrographs/2D: per2,239,100,0.853478264822264,0.5413348966725411,26.88039124960397,59.67766511353968,106,87,-19,2.4848723131067616,61.519306183,24.75753215105216,0.0,/mnt/8tb_hdd2/joyce/train/M80_Pr_H10.txt
/mnt/8tb_hdd2/joyce/Minxiong/outputs/planH3/Minxiong.p01.hdf,H11,test,inflow,event_upstreamBC1,239,31,0.13038464129615926,1.3187989677762422,1340.5170720305723,1955.9503382992154,238,128,-110,3066.6669921875,3754.147968064,1.2241785552940359,0.0,/mnt/8tb_hdd2/joyce/test/M80_US_InF_H11.txt
/mnt/8tb_hdd2/joyce/Minxiong/outputs/planH3/Minxiong.p01.hdf,H11,test,inflow,event_upstreamBC2,239,31,-0.07126433602144461,1.463737910980955,1743.159251242987,2544.666407881345,222,128,-94,2997.9831932773104,3754.147968064,1.2522244876096424,0.0,/mnt/8tb_hdd2/joyce/test/M80_US_InF_H11.txt
/mnt/8tb_hdd2/joyce/Minxiong/outputs/planH3/Minxiong.p01.hdf,H11,test,inflow,result_upstreamBC1,239,239,0.13032167054788288,1.3188467154693282,1345.2836012075843,1964.953875260875,238,128,-110,3050.00048828125,3754.147968064,1.2308679891981114,0.0,/mnt/8tb_hdd2/joyce/test/M80_US_InF_H11.txt
/mnt/8tb_hdd2/joyce/Minxiong/outputs/planH3/Minxiong.p01.hdf,H11,test,inflow,result_upstreamBC2,239,239,-0.0771626930978824,1.4677620332314651,1750.9486148047486,2550.6688410811876,224,128,-96,3000.0,3754.147968064,1.2513826560213333,0.0,/mnt/8tb_hdd2/joyce/test/M80_US_InF_H11.txt
/mnt/8tb_hdd2/joyce/Minxiong/outputs/planH3/Minxiong.p01.hdf,H11,test,inflow,result_upstreamBC1_flow_per_face_sum,239,239,0.13032167480101303,1.3188467122444418,1345.283599820578,1964.9538905196641,238,128,-110,3050.0003967285156,3754.147968064,1.230868026145428,0.0,/mnt/8tb_hdd2/joyce/test/M80_US_InF_H11.txt
/mnt/8tb_hdd2/joyce/Minxiong/outputs/planH3/Minxiong.p01.hdf,H11,test,inflow,result_upstreamBC2_flow_per_face_sum,239,239,-0.0771626930978824,1.4677620332314651,1750.9486148047486,2550.6688410811876,224,128,-96,3000.0,3754.147968064,1.2513826560213333,0.0,/mnt/8tb_hdd2/joyce/test/M80_US_InF_H11.txt
/mnt/8tb_hdd2/joyce/Minxiong/outputs/planH3/Minxiong.p01.hdf,H11,test,precipitation,Event Conditions/Unsteady/Boundary Conditions/Precipitation Hydrographs/2D: per2,239,100,0.8533731391902604,0.5415290588874049,25.56736556696738,56.81276688278034,106,88,-18,2.4848723131067616,58.689632416,23.618771920969294,0.0,/mnt/8tb_hdd2/joyce/test/M80_Pr_H11.txt
/mnt/8tb_hdd2/joyce/Minxiong/outputs/planH3/Minxiong.p01.hdf,H12,test,inflow,event_upstreamBC1,239,31,0.3435432431570036,1.1458243816946785,1247.4296984814443,1866.0321132168942,238,104,-134,3066.6669921875,3770.593860279,1.2295413456644597,0.0,/mnt/8tb_hdd2/joyce/test/M80_US_InF_H12.txt
/mnt/8tb_hdd2/joyce/Minxiong/outputs/planH3/Minxiong.p01.hdf,H12,test,inflow,event_upstreamBC2,239,31,0.14264311918438172,1.309470794493423,1659.270576468561,2557.4846165815215,222,104,-118,2997.9831932773104,3770.593860279,1.2577101395145227,0.0,/mnt/8tb_hdd2/joyce/test/M80_US_InF_H12.txt
/mnt/8tb_hdd2/joyce/Minxiong/outputs/planH3/Minxiong.p01.hdf,H12,test,inflow,result_upstreamBC1,239,239,0.3434013218785549,1.1459482345389296,1252.9452605640254,1877.7368046149377,238,104,-134,3050.00048828125,3770.593860279,1.2362600841430758,0.0,/mnt/8tb_hdd2/joyce/test/M80_US_InF_H12.txt
/mnt/8tb_hdd2/joyce/Minxiong/outputs/planH3/Minxiong.p01.hdf,H12,test,inflow,result_upstreamBC2,239,239,0.1372464941374143,1.3135855555407003,1667.6075650509197,2570.593860279,224,104,-120,3000.0,3770.593860279,1.256864620093,0.0,/mnt/8tb_hdd2/joyce/test/M80_US_InF_H12.txt
/mnt/8tb_hdd2/joyce/Minxiong/outputs/planH3/Minxiong.p01.hdf,H12,test,inflow,result_upstreamBC1_flow_per_face_sum,239,239,0.343401324656005,1.1459482321152163,1252.9452593401393,1877.7367893561486,238,104,-134,3050.0003967285156,3770.593860279,1.2362601212522484,0.0,/mnt/8tb_hdd2/joyce/test/M80_US_InF_H12.txt
/mnt/8tb_hdd2/joyce/Minxiong/outputs/planH3/Minxiong.p01.hdf,H12,test,inflow,result_upstreamBC2_flow_per_face_sum,239,239,0.1372464941374143,1.3135855555407003,1667.6075650509197,2570.593860279,224,104,-120,3000.0,3770.593860279,1.256864620093,0.0,/mnt/8tb_hdd2/joyce/test/M80_US_InF_H12.txt
/mnt/8tb_hdd2/joyce/Minxiong/outputs/planH3/Minxiong.p01.hdf,H12,test,precipitation,Event Conditions/Unsteady/Boundary Conditions/Precipitation Hydrographs/2D: per2,239,100,0.8533475067783871,0.541576390219539,28.746572591438504,63.58362901153968,106,87,-19,2.4848723131067616,65.425270081,26.329429377882494,0.0,/mnt/8tb_hdd2/joyce/test/M80_Pr_H12.txt
/mnt/8tb_hdd2/joyce/Minxiong/outputs/planH3/Minxiong.p01.hdf,H13,test,inflow,event_upstreamBC1,239,31,0.3933371434093226,1.1015106505074543,995.3569272651337,1381.2921945872156,238,112,-126,3066.6669921875,3179.972728543,1.0369475188027106,0.0,/mnt/8tb_hdd2/joyce/test/M80_US_InF_H13.txt
/mnt/8tb_hdd2/joyce/Minxiong/outputs/planH3/Minxiong.p01.hdf,H13,test,inflow,event_upstreamBC2,239,31,0.1989160873956243,1.265767682163181,1393.7128692375495,1980.6040352383143,222,112,-110,2997.9831932773104,3179.972728543,1.0607039878254767,0.0,/mnt/8tb_hdd2/joyce/test/M80_US_InF_H13.txt
/mnt/8tb_hdd2/joyce/Minxiong/outputs/planH3/Minxiong.p01.hdf,H13,test,inflow,result_upstreamBC1,239,239,0.3932136891533916,1.101622722030196,999.7709081462551,1390.2957315488752,238,112,-126,3050.00048828125,3179.972728543,1.0426138424440032,0.0,/mnt/8tb_hdd2/joyce/test/M80_US_InF_H13.txt
/mnt/8tb_hdd2/joyce/Minxiong/outputs/planH3/Minxiong.p01.hdf,H13,test,inflow,result_upstreamBC2,239,239,0.19337700931354335,1.2701362058349934,1401.0553755802557,1987.8069550781252,224,112,-112,3000.0,3179.972728543,1.0599909095143334,0.0,/mnt/8tb_hdd2/joyce/test/M80_US_InF_H13.txt
/mnt/8tb_hdd2/joyce/Minxiong/outputs/planH3/Minxiong.p01.hdf,H13,test,inflow,result_upstreamBC1_flow_per_face_sum,239,239,0.3932136929035341,1.1016227186259961,999.7709073084065,1390.2957468076643,238,112,-126,3050.0003967285156,3179.972728543,1.0426138737404411,0.0,/mnt/8tb_hdd2/joyce/test/M80_US_InF_H13.txt
/mnt/8tb_hdd2/joyce/Minxiong/outputs/planH3/Minxiong.p01.hdf,H13,test,inflow,result_upstreamBC2_flow_per_face_sum,239,239,0.19337700931354335,1.2701362058349934,1401.0553755802557,1987.8069550781252,224,112,-112,3000.0,3179.972728543,1.0599909095143334,0.0,/mnt/8tb_hdd2/joyce/test/M80_US_InF_H13.txt
/mnt/8tb_hdd2/joyce/Minxiong/outputs/planH3/Minxiong.p01.hdf,H13,test,precipitation,Event Conditions/Unsteady/Boundary Conditions/Precipitation Hydrographs/2D: per2,239,100,0.8534400518629188,0.5414054823089272,29.411056205106647,64.8633912795397,106,87,-19,2.4848723131067616,66.705032349,26.844450717711407,0.0,/mnt/8tb_hdd2/joyce/test/M80_Pr_H13.txt
/mnt/8tb_hdd2/joyce/Minxiong/outputs/planH3/Minxiong.p01.hdf,H14,test,inflow,event_upstreamBC1,239,31,0.3736601312844289,1.1192317621615024,1119.467261950054,1682.5496679113055,238,120,-118,3066.6669921875,3567.069,1.1631745504442774,0.0,/mnt/8tb_hdd2/joyce/test/M80_US_InF_H14.txt
/mnt/8tb_hdd2/joyce/Minxiong/outputs/planH3/Minxiong.p01.hdf,H14,test,inflow,event_upstreamBC2,239,31,0.18047763732947839,1.28025182106531,1525.2716856826917,2343.2940352383143,222,120,-102,2997.9831932773104,3567.069,1.1898228809283553,0.0,/mnt/8tb_hdd2/joyce/test/M80_US_InF_H14.txt
/mnt/8tb_hdd2/joyce/Minxiong/outputs/planH3/Minxiong.p01.hdf,H14,test,inflow,result_upstreamBC1,239,239,0.37362238781132556,1.1192654843143108,1124.4823322747916,1693.3540107421877,238,120,-118,3050.00048828125,3567.069,1.169530632439384,0.0,/mnt/8tb_hdd2/joyce/test/M80_US_InF_H14.txt
/mnt/8tb_hdd2/joyce/Minxiong/outputs/planH3/Minxiong.p01.hdf,H14,test,inflow,result_upstreamBC2,239,239,0.17459091638683574,1.2848416895580286,1533.4432511942261,2350.496955078125,224,120,-104,3000.0,3567.069,1.189023,0.0,/mnt/8tb_hdd2/joyce/test/M80_US_InF_H14.txt
/mnt/8tb_hdd2/joyce/Minxiong/outputs/planH3/Minxiong.p01.hdf,H14,test,inflow,result_upstreamBC1_flow_per_face_sum,239,239,0.3736223914723493,1.1192654810433948,1124.4823308773553,1693.3540107421877,238,120,-118,3050.0003967285156,3567.069,1.1695306675455195,0.0,/mnt/8tb_hdd2/joyce/test/M80_US_InF_H14.txt
/mnt/8tb_hdd2/joyce/Minxiong/outputs/planH3/Minxiong.p01.hdf,H14,test,inflow,result_upstreamBC2_flow_per_face_sum,239,239,0.17459091638683574,1.2848416895580286,1533.4432511942261,2350.496955078125,224,120,-104,3000.0,3567.069,1.189023,0.0,/mnt/8tb_hdd2/joyce/test/M80_US_InF_H14.txt
/mnt/8tb_hdd2/joyce/Minxiong/outputs/planH3/Minxiong.p01.hdf,H14,test,precipitation,Event Conditions/Unsteady/Boundary Conditions/Precipitation Hydrographs/2D: per2,239,100,0.8533563197241274,0.5415601172092939,26.671665859189464,59.384078382539684,106,87,-19,2.4848723131067616,61.225719452,24.639382526441093,0.0,/mnt/8tb_hdd2/joyce/test/M80_Pr_H14.txt
/mnt/8tb_hdd2/joyce/Minxiong/outputs/planH3/Minxiong.p01.hdf,H15,test,inflow,event_upstreamBC1,239,31,0.07657646181612264,1.3589875188417861,1137.8439179148459,1618.6881418895,238,128,-110,3066.6669921875,3395.156836327,1.1071162421535645,0.0,/mnt/8tb_hdd2/joyce/test/M80_US_InF_H15.txt
/mnt/8tb_hdd2/joyce/Minxiong/outputs/planH3/Minxiong.p01.hdf,H15,test,inflow,event_upstreamBC2,239,31,-0.12526719302685668,1.5001781181092175,1520.884770086989,2136.933393909345,222,128,-94,2997.9831932773104,3395.156836327,1.1324802767208013,0.0,/mnt/8tb_hdd2/joyce/test/M80_US_InF_H15.txt
/mnt/8tb_hdd2/joyce/Minxiong/outputs/planH3/Minxiong.p01.hdf,H15,test,inflow,result_upstreamBC1,239,239,0.07654424605339558,1.3590112243440846,1141.0491836369854,1602.02163798325,238,128,-110,3050.00048828125,3395.156836327,1.1131659976357098,0.0,/mnt/8tb_hdd2/joyce/test/M80_US_InF_H15.txt
/mnt/8tb_hdd2/joyce/Minxiong/outputs/planH3/Minxiong.p01.hdf,H15,test,inflow,result_upstreamBC2,239,239,-0.13134462555330126,1.5042238035301139,1527.5340029405434,2142.9358271091874,224,128,-96,3000.0,3395.156836327,1.1317189454423333,0.0,/mnt/8tb_hdd2/joyce/test/M80_US_InF_H15.txt
/mnt/8tb_hdd2/joyce/Minxiong/outputs/planH3/Minxiong.p01.hdf,H15,test,inflow,result_upstreamBC1_flow_per_face_sum,239,239,0.0765442499321141,1.3590112214900112,1141.0491829208443,1602.0215464305156,238,128,-110,3050.0003967285156,3395.156836327,1.113166031049932,0.0,/mnt/8tb_hdd2/joyce/test/M80_US_InF_H15.txt
/mnt/8tb_hdd2/joyce/Minxiong/outputs/planH3/Minxiong.p01.hdf,H15,test,inflow,result_upstreamBC2_flow_per_face_sum,239,239,-0.13134462555330126,1.5042238035301139,1527.5340029405434,2142.9358271091874,224,128,-96,3000.0,3395.156836327,1.1317189454423333,0.0,/mnt/8tb_hdd2/joyce/test/M80_US_InF_H15.txt
/mnt/8tb_hdd2/joyce/Minxiong/outputs/planH3/Minxiong.p01.hdf,H15,test,precipitation,Event Conditions/Unsteady/Boundary Conditions/Precipitation Hydrographs/2D: per2,239,100,0.8533557323767299,0.5415612017552044,33.40709259374476,74.05396637578033,106,88,-18,2.4848723131067616,75.930831909,30.557236888388022,0.0,/mnt/8tb_hdd2/joyce/test/M80_Pr_H15.txt
/mnt/8tb_hdd2/joyce/Minxiong/outputs/planH4/Minxiong.p01.hdf,H1,train,inflow,event_upstreamBC1,239,31,0.4793077349495618,1.0204824986744632,1245.0282436079215,1815.2339175696266,238,112,-126,3066.6669921875,3776.869530938,1.2315877597925629,0.0,/mnt/8tb_hdd2/joyce/train/M80_US_InF_H1.txt
/mnt/8tb_hdd2/joyce/Minxiong/outputs/planH4/Minxiong.p01.hdf,H1,train,inflow,event_upstreamBC2,239,31,0.2916833203760999,1.1902240794269794,1660.799728085674,2442.7518838791766,222,112,-110,2997.9831932773104,3776.869530938,1.2598034369929982,0.0,/mnt/8tb_hdd2/joyce/train/M80_US_InF_H1.txt
/mnt/8tb_hdd2/joyce/Minxiong/outputs/planH4/Minxiong.p01.hdf,H1,train,inflow,result_upstreamBC1,239,239,0.4792149110579105,1.0205734554083692,1251.3071474281626,1825.137887214125,238,112,-126,3050.00048828125,3776.869530938,1.2383176807510474,0.0,/mnt/8tb_hdd2/joyce/train/M80_US_InF_H1.txt
/mnt/8tb_hdd2/joyce/Minxiong/outputs/planH4/Minxiong.p01.hdf,H1,train,inflow,result_upstreamBC2,239,239,0.28624630013180596,1.194783411224138,1669.9404673833476,2456.869530938,224,112,-112,3000.0,3776.869530938,1.2589565103126668,0.0,/mnt/8tb_hdd2/joyce/train/M80_US_InF_H1.txt
/mnt/8tb_hdd2/joyce/Minxiong/outputs/planH4/Minxiong.p01.hdf,H1,train,inflow,result_upstreamBC1_flow_per_face_sum,239,239,0.4792149145621601,1.0205734519747613,1251.3071454810718,1825.1378566965468,238,112,-126,3050.0003967285156,3776.869530938,1.2383177179219835,0.0,/mnt/8tb_hdd2/joyce/train/M80_US_InF_H1.txt
/mnt/8tb_hdd2/joyce/Minxiong/outputs/planH4/Minxiong.p01.hdf,H1,train,inflow,result_upstreamBC2_flow_per_face_sum,239,239,0.28624630013180596,1.194783411224138,1669.9404673833476,2456.869530938,224,112,-112,3000.0,3776.869530938,1.2589565103126668,0.0,/mnt/8tb_hdd2/joyce/train/M80_US_InF_H1.txt
/mnt/8tb_hdd2/joyce/Minxiong/outputs/planH4/Minxiong.p01.hdf,H1,train,precipitation,Event Conditions/Unsteady/Boundary Conditions/Precipitation Hydrographs/2D: per2,239,100,0.8534114567120173,0.5414582962481658,29.99585843889004,66.15374789459699,106,88,-18,2.34315055157958,67.923568726,28.98813679736068,0.0,/mnt/8tb_hdd2/joyce/train/M80_Pr_H1.txt
/mnt/8tb_hdd2/joyce/Minxiong/outputs/planH4/Minxiong.p01.hdf,H2,train,inflow,event_upstreamBC1,239,31,0.2596830857678205,1.2168129800689826,1254.872604813326,1854.1156679113053,238,128,-110,3066.6669921875,3802.466187625,1.2399344947827686,0.0,/mnt/8tb_hdd2/joyce/train/M80_US_InF_H2.txt
/mnt/8tb_hdd2/joyce/Minxiong/outputs/planH4/Minxiong.p01.hdf,H2,train,inflow,event_upstreamBC2,239,31,0.06069464528408745,1.3706242043068644,1656.5996258744085,2514.860035238314,222,128,-94,2997.9831932773104,3802.466187625,1.268341395692833,0.0,/mnt/8tb_hdd2/joyce/train/M80_US_InF_H2.txt
/mnt/8tb_hdd2/joyce/Minxiong/outputs/planH4/Minxiong.p01.hdf,H2,train,inflow,result_upstreamBC1,239,239,0.2596646479233844,1.216828132545115,1259.580378041579,1864.9200107421875,238,128,-110,3050.00048828125,3802.466187625,1.2467100258622525,0.0,/mnt/8tb_hdd2/joyce/train/M80_US_InF_H2.txt
/mnt/8tb_hdd2/joyce/Minxiong/outputs/planH4/Minxiong.p01.hdf,H2,train,inflow,result_upstreamBC2,239,239,0.05456728341886038,1.375087427461352,1664.7630005057372,2522.062955078125,224,128,-96,3000.0,3802.466187625,1.2674887292083334,0.0,/mnt/8tb_hdd2/joyce/train/M80_US_InF_H2.txt
/mnt/8tb_hdd2/joyce/Minxiong/outputs/planH4/Minxiong.p01.hdf,H2,train,inflow,result_upstreamBC1_flow_per_face_sum,239,239,0.25966465163900204,1.2168281294915875,1259.580376479923,1864.9200107421875,238,128,-110,3050.0003967285156,3802.466187625,1.246710063285104,0.0,/mnt/8tb_hdd2/joyce/train/M80_US_InF_H2.txt
/mnt/8tb_hdd2/joyce/Minxiong/outputs/planH4/Minxiong.p01.hdf,H2,train,inflow,result_upstreamBC2_flow_per_face_sum,239,239,0.05456728341886038,1.375087427461352,1664.7630005057372,2522.062955078125,224,128,-96,3000.0,3802.466187625,1.2674887292083334,0.0,/mnt/8tb_hdd2/joyce/train/M80_US_InF_H2.txt
/mnt/8tb_hdd2/joyce/Minxiong/outputs/planH4/Minxiong.p01.hdf,H2,train,precipitation,Event Conditions/Unsteady/Boundary Conditions/Precipitation Hydrographs/2D: per2,239,100,0.8533555608209854,0.541561518535088,31.638906290915298,70.00417102183444,106,87,-19,2.34315055157958,71.740776062,30.617228591495174,0.0,/mnt/8tb_hdd2/joyce/train/M80_Pr_H2.txt
/mnt/8tb_hdd2/joyce/Minxiong/outputs/planH4/Minxiong.p01.hdf,H3,train,inflow,event_upstreamBC1,239,31,0.14961024232381404,1.3041393772723726,1354.3346125940716,2128.408667911305,238,96,-142,3066.6669921875,3924.927,1.279867364144514,0.0,/mnt/8tb_hdd2/joyce/train/M80_US_InF_H3.txt
/mnt/8tb_hdd2/joyce/Minxiong/outputs/planH4/Minxiong.p01.hdf,H3,train,inflow,event_upstreamBC2,239,31,-0.05440103893977544,1.4521715042926406,1752.274629179314,2789.1530352383143,222,96,-126,2997.9831932773104,3924.927,1.309189127144299,0.0,/mnt/8tb_hdd2/joyce/train/M80_US_InF_H3.txt
/mnt/8tb_hdd2/joyce/Minxiong/outputs/planH4/Minxiong.p01.hdf,H3,train,inflow,result_upstreamBC1,239,239,0.14947945321340303,1.3042396610949976,1358.7199434696574,2139.2130107421876,238,96,-142,3050.00048828125,3924.927,1.2868611054589676,0.0,/mnt/8tb_hdd2/joyce/train/M80_US_InF_H3.txt
/mnt/8tb_hdd2/joyce/Minxiong/outputs/planH4/Minxiong.p01.hdf,H3,train,inflow,result_upstreamBC2,239,239,-0.06028470295894768,1.4562174995233015,1760.0139821068897,2796.355955078125,224,96,-128,3000.0,3924.927,1.308309,0.0,/mnt/8tb_hdd2/joyce/train/M80_US_InF_H3.txt
/mnt/8tb_hdd2/joyce/Minxiong/outputs/planH4/Minxiong.p01.hdf,H3,train,inflow,result_upstreamBC1_flow_per_face_sum,239,239,0.14947945693733883,1.304239658239743,1358.7199420121399,2139.2130107421876,238,96,-142,3050.0003967285156,3924.927,1.2868611440870454,0.0,/mnt/8tb_hdd2/joyce/train/M80_US_InF_H3.txt
/mnt/8tb_hdd2/joyce/Minxiong/outputs/planH4/Minxiong.p01.hdf,H3,train,inflow,result_upstreamBC2_flow_per_face_sum,239,239,-0.06028470295894768,1.4562174995233015,1760.0139821068897,2796.355955078125,224,96,-128,3000.0,3924.927,1.308309,0.0,/mnt/8tb_hdd2/joyce/train/M80_US_InF_H3.txt
/mnt/8tb_hdd2/joyce/Minxiong/outputs/planH4/Minxiong.p01.hdf,H3,train,precipitation,Event Conditions/Unsteady/Boundary Conditions/Precipitation Hydrographs/2D: per2,239,100,0.8533634090225888,0.5415470265404668,22.20027398992075,49.13005603183444,106,87,-19,2.34315055157958,50.866661072,21.70866103234785,0.0,/mnt/8tb_hdd2/joyce/train/M80_Pr_H3.txt
/mnt/8tb_hdd2/joyce/Minxiong/outputs/planH4/Minxiong.p01.hdf,H4,train,inflow,event_upstreamBC1,239,31,-0.14534061431487733,1.5134996625799937,1180.048870037099,1789.3030181365,238,112,-126,3066.6669921875,3313.656858284,1.0805401651779343,0.0,/mnt/8tb_hdd2/joyce/train/M80_US_InF_H4.txt
/mnt/8tb_hdd2/joyce/Minxiong/outputs/planH4/Minxiong.p01.hdf,H4,train,inflow,event_upstreamBC2,239,31,-0.3429125937969653,1.638848738472813,1545.3961585033003,2193.858132432345,222,112,-110,2997.9831932773104,3313.656858284,1.1052953417866243,0.0,/mnt/8tb_hdd2/joyce/train/M80_US_InF_H4.txt
/mnt/8tb_hdd2/joyce/Minxiong/outputs/planH4/Minxiong.p01.hdf,H4,train,inflow,result_upstreamBC1,239,239,-0.14548647893393185,1.5135960352312845,1182.262528339277,1772.63651423025,238,112,-126,3050.00048828125,3313.656858284,1.0864446976371884,0.0,/mnt/8tb_hdd2/joyce/train/M80_US_InF_H4.txt
/mnt/8tb_hdd2/joyce/Minxiong/outputs/planH4/Minxiong.p01.hdf,H4,train,inflow,result_upstreamBC2,239,239,-0.3485565945485672,1.6422890090045463,1550.971448089331,2199.8605656321874,224,112,-112,3000.0,3313.656858284,1.1045522860946666,0.0,/mnt/8tb_hdd2/joyce/train/M80_US_InF_H4.txt
/mnt/8tb_hdd2/joyce/Minxiong/outputs/planH4/Minxiong.p01.hdf,H4,train,inflow,result_upstreamBC1_flow_per_face_sum,239,239,-0.1454864759451869,1.5135960332566858,1182.2625283853477,1772.6364226775156,238,112,-126,3050.0003967285156,3313.656858284,1.0864447302493099,0.0,/mnt/8tb_hdd2/joyce/train/M80_US_InF_H4.txt
/mnt/8tb_hdd2/joyce/Minxiong/outputs/planH4/Minxiong.p01.hdf,H4,train,inflow,result_upstreamBC2_flow_per_face_sum,239,239,-0.3485565945485672,1.6422890090045463,1550.971448089331,2199.8605656321874,224,112,-112,3000.0,3313.656858284,1.1045522860946666,0.0,/mnt/8tb_hdd2/joyce/train/M80_US_InF_H4.txt
/mnt/8tb_hdd2/joyce/Minxiong/outputs/planH4/Minxiong.p01.hdf,H4,train,precipitation,Event Conditions/Unsteady/Boundary Conditions/Precipitation Hydrographs/2D: per2,239,100,0.853373013966993,0.5415292901275187,27.80899807988005,61.45422778359699,106,88,-18,2.34315055157958,63.224048615,26.98249524443873,0.0,/mnt/8tb_hdd2/joyce/train/M80_Pr_H4.txt
/mnt/8tb_hdd2/joyce/Minxiong/outputs/planH4/Minxiong.p01.hdf,H5,train,inflow,event_upstreamBC1,239,31,-0.09546784903825595,1.4801809680159086,1103.2487825889657,1924.0870121495,238,120,-118,3066.6669921875,3273.61,1.0674814084280095,0.0,/mnt/8tb_hdd2/joyce/train/M80_US_InF_H5.txt
/mnt/8tb_hdd2/joyce/Minxiong/outputs/planH4/Minxiong.p01.hdf,H5,train,inflow,event_upstreamBC2,239,31,-0.2970331542499765,1.6106105390503171,1455.9438448549533,2010.2768732356226,222,120,-102,2997.9831932773104,3273.61,1.0919374089023435,0.0,/mnt/8tb_hdd2/joyce/train/M80_US_InF_H5.txt
/mnt/8tb_hdd2/joyce/Minxiong/outputs/planH4/Minxiong.p01.hdf,H5,train,inflow,result_upstreamBC1,239,239,-0.09555924711024257,1.480242714631788,1104.6221028342993,1907.42050824325,238,120,-118,3050.00048828125,3273.61,1.073314582269054,0.0,/mnt/8tb_hdd2/joyce/train/M80_US_InF_H5.txt
/mnt/8tb_hdd2/joyce/Minxiong/outputs/planH4/Minxiong.p01.hdf,H5,train,inflow,result_upstreamBC2,239,239,-0.30264786672109556,1.614092851555384,1461.0099418079972,2015.6789892578126,224,120,-104,3000.0,3273.61,1.0912033333333333,0.0,/mnt/8tb_hdd2/joyce/train/M80_US_InF_H5.txt
/mnt/8tb_hdd2/joyce/Minxiong/outputs/planH4/Minxiong.p01.hdf,H5,train,inflow,result_upstreamBC1_flow_per_face_sum,239,239,-0.09555924394976216,1.4802427124966784,1104.622102921907,1907.4204166905156,238,120,-118,3050.0003967285156,3273.61,1.0733146144870447,0.0,/mnt/8tb_hdd2/joyce/train/M80_US_InF_H5.txt
/mnt/8tb_hdd2/joyce/Minxiong/outputs/planH4/Minxiong.p01.hdf,H5,train,inflow,result_upstreamBC2_flow_per_face_sum,239,239,-0.30264786672109556,1.614092851555384,1461.0099418079972,2015.6789892578126,224,120,-104,3000.0,3273.61,1.0912033333333333,0.0,/mnt/8tb_hdd2/joyce/train/M80_US_InF_H5.txt
/mnt/8tb_hdd2/joyce/Minxiong/outputs/planH4/Minxiong.p01.hdf,H5,train,precipitation,Event Conditions/Unsteady/Boundary Conditions/Precipitation Hydrographs/2D: per2,239,100,0.8533467760843998,0.5415777394162345,23.274687808164067,51.81167758283444,106,87,-19,2.34315055157958,53.548282623,22.853112270955737,0.0,/mnt/8tb_hdd2/joyce/train/M80_Pr_H5.txt
/mnt/8tb_hdd2/joyce/Minxiong/outputs/planH4/Minxiong.p01.hdf,H6,train,inflow,event_upstreamBC1,239,31,0.36704077566671717,1.1251304140705496,982.3012980570435,1344.5545942156268,238,128,-110,3066.6669921875,3347.03503992,1.0914243536865114,0.0,/mnt/8tb_hdd2/joyce/train/M80_US_InF_H6.txt
/mnt/8tb_hdd2/joyce/Minxiong/outputs/planH4/Minxiong.p01.hdf,H6,train,inflow,event_upstreamBC2,239,31,0.17156709166326917,1.2871929989995528,1376.8444598455887,1983.060035238314,222,128,-94,2997.9831932773104,3347.03503992,1.1164288870682815,0.0,/mnt/8tb_hdd2/joyce/train/M80_US_InF_H6.txt
/mnt/8tb_hdd2/joyce/Minxiong/outputs/planH4/Minxiong.p01.hdf,H6,train,inflow,result_upstreamBC1,239,239,0.36700348866759214,1.125163553739996,986.2070279833362,1354.4585638601252,238,128,-110,3050.00048828125,3347.03503992,1.097388361995357,0.0,/mnt/8tb_hdd2/joyce/train/M80_US_InF_H6.txt
/mnt/8tb_hdd2/joyce/Minxiong/outputs/planH4/Minxiong.p01.hdf,H6,train,inflow,result_upstreamBC2,239,239,0.16589431802471474,1.29159256886627,1384.1514429724812,1990.2629550781248,224,128,-96,3000.0,3347.03503992,1.11567834664,0.0,/mnt/8tb_hdd2/joyce/train/M80_US_InF_H6.txt
/mnt/8tb_hdd2/joyce/Minxiong/outputs/planH4/Minxiong.p01.hdf,H6,train,inflow,result_upstreamBC1_flow_per_face_sum,239,239,0.3670034923820126,1.1251635504387694,986.2070269055181,1354.458533342547,238,128,-110,3050.0003967285156,3347.03503992,1.0973883949359775,0.0,/mnt/8tb_hdd2/joyce/train/M80_US_InF_H6.txt
/mnt/8tb_hdd2/joyce/Minxiong/outputs/planH4/Minxiong.p01.hdf,H6,train,inflow,result_upstreamBC2_flow_per_face_sum,239,239,0.16589431802471474,1.29159256886627,1384.1514429724812,1990.2629550781248,224,128,-96,3000.0,3347.03503992,1.11567834664,0.0,/mnt/8tb_hdd2/joyce/train/M80_US_InF_H6.txt
/mnt/8tb_hdd2/joyce/Minxiong/outputs/planH4/Minxiong.p01.hdf,H6,train,precipitation,Event Conditions/Unsteady/Boundary Conditions/Precipitation Hydrographs/2D: per2,239,100,0.8533108548712401,0.541644062330161,25.28351275975902,55.745545990834444,106,87,-19,2.34315055157958,57.482151031,24.531992189853,0.0,/mnt/8tb_hdd2/joyce/train/M80_Pr_H6.txt
/mnt/8tb_hdd2/joyce/Minxiong/outputs/planH4/Minxiong.p01.hdf,H7,train,inflow,event_upstreamBC1,239,31,0.3372116268099499,1.1513369386848056,1308.3271438100592,1884.2201730586266,238,112,-126,3066.6669921875,3812.946467066,1.2433519768464223,0.0,/mnt/8tb_hdd2/joyce/train/M80_US_InF_H7.txt
/mnt/8tb_hdd2/joyce/Minxiong/outputs/planH4/Minxiong.p01.hdf,H7,train,inflow,event_upstreamBC2,239,31,0.141055556596071,1.3106826033818628,1719.3877718762553,2508.949645755909,222,112,-110,2997.9831932773104,3812.946467066,1.2718371722750703,0.0,/mnt/8tb_hdd2/joyce/train/M80_US_InF_H7.txt
/mnt/8tb_hdd2/joyce/Minxiong/outputs/planH4/Minxiong.p01.hdf,H7,train,inflow,result_upstreamBC1,239,239,0.3371090005778464,1.1514260718102172,1313.9883263164854,1894.124142703125,238,112,-126,3050.00048828125,3812.946467066,1.250146182505921,0.0,/mnt/8tb_hdd2/joyce/train/M80_US_InF_H7.txt
/mnt/8tb_hdd2/joyce/Minxiong/outputs/planH4/Minxiong.p01.hdf,H7,train,inflow,result_upstreamBC2,239,239,0.13524589417308336,1.3151076806306898,1728.0729974145913,2515.5522432890625,224,112,-112,3000.0,3812.946467066,1.2709821556886667,0.0,/mnt/8tb_hdd2/joyce/train/M80_US_InF_H7.txt
/mnt/8tb_hdd2/joyce/Minxiong/outputs/planH4/Minxiong.p01.hdf,H7,train,inflow,result_upstreamBC1_flow_per_face_sum,239,239,0.33710900367106295,1.1514260691237943,1313.988324837183,1894.124112185547,238,112,-126,3050.0003967285156,3812.946467066,1.2501462200319167,0.0,/mnt/8tb_hdd2/joyce/train/M80_US_InF_H7.txt
/mnt/8tb_hdd2/joyce/Minxiong/outputs/planH4/Minxiong.p01.hdf,H7,train,inflow,result_upstreamBC2_flow_per_face_sum,239,239,0.13524589417308336,1.3151076806306898,1728.0729974145913,2515.5522432890625,224,112,-112,3000.0,3812.946467066,1.2709821556886667,0.0,/mnt/8tb_hdd2/joyce/train/M80_US_InF_H7.txt
/mnt/8tb_hdd2/joyce/Minxiong/outputs/planH4/Minxiong.p01.hdf,H7,train,precipitation,Event Conditions/Unsteady/Boundary Conditions/Precipitation Hydrographs/2D: per2,239,100,0.8534053165113403,0.5414696362468696,26.114033688338406,58.146173127834444,106,87,-19,2.34315055157958,59.882778168,25.55652180677483,0.0,/mnt/8tb_hdd2/joyce/train/M80_Pr_H7.txt
/mnt/8tb_hdd2/joyce/Minxiong/outputs/planH4/Minxiong.p01.hdf,H8,train,inflow,event_upstreamBC1,239,31,0.2918518277930235,1.1900824947935134,1129.8797499578347,1656.3174052865295,238,112,-126,3066.6669921875,3664.160580838,1.1948348451829454,0.0,/mnt/8tb_hdd2/joyce/train/M80_US_InF_H8.txt
/mnt/8tb_hdd2/joyce/Minxiong/outputs/planH4/Minxiong.p01.hdf,H8,train,inflow,event_upstreamBC2,239,31,0.09293890371387944,1.3468935342380415,1525.2689320466484,2330.0429337791766,222,112,-110,2997.9831932773104,3664.160580838,1.2222085130612235,0.0,/mnt/8tb_hdd2/joyce/train/M80_US_InF_H8.txt
/mnt/8tb_hdd2/joyce/Minxiong/outputs/planH4/Minxiong.p01.hdf,H8,train,inflow,result_upstreamBC1,239,239,0.29181605311796305,1.1901125550821126,1133.9958277247163,1664.160580838,238,112,-126,3050.00048828125,3664.160580838,1.2013639325359073,0.0,/mnt/8tb_hdd2/joyce/train/M80_US_InF_H8.txt
/mnt/8tb_hdd2/joyce/Minxiong/outputs/planH4/Minxiong.p01.hdf,H8,train,inflow,result_upstreamBC2,239,239,0.08701354753216779,1.3512856489046514,1532.985959082716,2344.160580838,224,112,-112,3000.0,3664.160580838,1.2213868602793334,0.0,/mnt/8tb_hdd2/joyce/train/M80_US_InF_H8.txt
/mnt/8tb_hdd2/joyce/Minxiong/outputs/planH4/Minxiong.p01.hdf,H8,train,inflow,result_upstreamBC1_flow_per_face_sum,239,239,0.29181605646154535,1.1901125522726452,1133.995826431522,1664.1605198028437,238,112,-126,3050.0003967285156,3664.160580838,1.201363968597592,0.0,/mnt/8tb_hdd2/joyce/train/M80_US_InF_H8.txt
/mnt/8tb_hdd2/joyce/Minxiong/outputs/planH4/Minxiong.p01.hdf,H8,train,inflow,result_upstreamBC2_flow_per_face_sum,239,239,0.08701354753216779,1.3512856489046514,1532.985959082716,2344.160580838,224,112,-112,3000.0,3664.160580838,1.2213868602793334,0.0,/mnt/8tb_hdd2/joyce/train/M80_US_InF_H8.txt
/mnt/8tb_hdd2/joyce/Minxiong/outputs/planH4/Minxiong.p01.hdf,H8,train,precipitation,Event Conditions/Unsteady/Boundary Conditions/Precipitation Hydrographs/2D: per2,239,100,0.8534200106279214,0.5414424980957416,27.785519637186617,61.519418366834444,106,87,-19,2.34315055157958,63.256023407,26.99614131254069,0.0,/mnt/8tb_hdd2/joyce/train/M80_Pr_H8.txt
/mnt/8tb_hdd2/joyce/Minxiong/outputs/planH4/Minxiong.p01.hdf,H9,train,inflow,event_upstreamBC1,239,31,0.030085428822744575,1.392777492047639,1376.928809611977,1862.424644154894,238,104,-134,3066.6669921875,3766.986391217,1.2283649971821529,0.0,/mnt/8tb_hdd2/joyce/train/M80_US_InF_H9.txt
/mnt/8tb_hdd2/joyce/Minxiong/outputs/planH4/Minxiong.p01.hdf,H9,train,inflow,event_upstreamBC2,239,31,-0.17335190446880708,1.5318954954361652,1779.5331507554827,2553.877147519521,222,104,-118,2997.9831932773104,3766.986391217,1.2565068408869353,0.0,/mnt/8tb_hdd2/joyce/train/M80_US_InF_H9.txt
/mnt/8tb_hdd2/joyce/Minxiong/outputs/planH4/Minxiong.p01.hdf,H9,train,inflow,result_upstreamBC1,239,239,0.030038699277466597,1.3928110429792933,1381.8541954782645,1874.1293355529374,238,104,-134,3050.00048828125,3766.986391217,1.2350773075907897,0.0,/mnt/8tb_hdd2/joyce/train/M80_US_InF_H9.txt
/mnt/8tb_hdd2/joyce/Minxiong/outputs/planH4/Minxiong.p01.hdf,H9,train,inflow,result_upstreamBC2,239,239,-0.1792305075361108,1.5357281709574198,1787.129409227326,2566.986391217,224,104,-120,3000.0,3766.986391217,1.2556621304056665,0.0,/mnt/8tb_hdd2/joyce/train/M80_US_InF_H9.txt
/mnt/8tb_hdd2/joyce/Minxiong/outputs/planH4/Minxiong.p01.hdf,H9,train,inflow,result_upstreamBC1_flow_per_face_sum,239,239,0.030038702968937393,1.392811040328919,1381.8541946423663,1874.1293202941483,238,104,-134,3050.0003967285156,3766.986391217,1.2350773446644585,0.0,/mnt/8tb_hdd2/joyce/train/M80_US_InF_H9.txt
/mnt/8tb_hdd2/joyce/Minxiong/outputs/planH4/Minxiong.p01.hdf,H9,train,inflow,result_upstreamBC2_flow_per_face_sum,239,239,-0.1792305075361108,1.5357281709574198,1787.129409227326,2566.986391217,224,104,-120,3000.0,3766.986391217,1.2556621304056665,0.0,/mnt/8tb_hdd2/joyce/train/M80_US_InF_H9.txt
/mnt/8tb_hdd2/joyce/Minxiong/outputs/planH4/Minxiong.p01.hdf,H9,train,precipitation,Event Conditions/Unsteady/Boundary Conditions/Precipitation Hydrographs/2D: per2,239,100,0.8534375855046626,0.5414100377631288,27.495704113893293,60.429948456834445,106,87,-19,2.34315055157958,62.166553497,26.531181897420925,0.0,/mnt/8tb_hdd2/joyce/train/M80_Pr_H9.txt
/mnt/8tb_hdd2/joyce/Minxiong/outputs/planH4/Minxiong.p01.hdf,H10,train,inflow,event_upstreamBC1,239,31,0.25272315661515676,1.2225194013878418,935.7358794563304,1785.1147846055,238,144,-94,3066.6669921875,3176.331,1.0357599987516986,0.0,/mnt/8tb_hdd2/joyce/train/M80_US_InF_H10.txt
/mnt/8tb_hdd2/joyce/Minxiong/outputs/planH4/Minxiong.p01.hdf,H10,train,inflow,event_upstreamBC2,239,31,0.052834200564095476,1.3763471941598926,1299.363393318363,1813.8927232513452,222,144,-78,2997.9831932773104,3176.331,1.0594892616885303,0.0,/mnt/8tb_hdd2/joyce/train/M80_US_InF_H10.txt
/mnt/8tb_hdd2/joyce/Minxiong/outputs/planH4/Minxiong.p01.hdf,H10,train,inflow,result_upstreamBC1,239,239,0.2526906818586017,1.2225459648957153,937.5762270560791,1768.44828069925,238,144,-94,3050.00048828125,3176.331,1.041419833276794,0.0,/mnt/8tb_hdd2/joyce/train/M80_US_InF_H10.txt
/mnt/8tb_hdd2/joyce/Minxiong/outputs/planH4/Minxiong.p01.hdf,H10,train,inflow,result_upstreamBC2,239,239,0.04702766895254076,1.3805595467399872,1305.3903761183199,1819.8951564511876,224,144,-80,3000.0,3176.331,1.058777,0.0,/mnt/8tb_hdd2/joyce/train/M80_US_InF_H10.txt
/mnt/8tb_hdd2/joyce/Minxiong/outputs/planH4/Minxiong.p01.hdf,H10,train,inflow,result_upstreamBC1_flow_per_face_sum,239,239,0.25269068508503845,1.2225459622566028,937.5762265544694,1768.4481891465157,238,144,-94,3050.0003967285156,3176.331,1.041419864537391,0.0,/mnt/8tb_hdd2/joyce/train/M80_US_InF_H10.txt
/mnt/8tb_hdd2/joyce/Minxiong/outputs/planH4/Minxiong.p01.hdf,H10,train,inflow,result_upstreamBC2_flow_per_face_sum,239,239,0.04702766895254076,1.3805595467399872,1305.3903761183199,1819.8951564511876,224,144,-80,3000.0,3176.331,1.058777,0.0,/mnt/8tb_hdd2/joyce/train/M80_US_InF_H10.txt
/mnt/8tb_hdd2/joyce/Minxiong/outputs/planH4/Minxiong.p01.hdf,H10,train,precipitation,Event Conditions/Unsteady/Boundary Conditions/Precipitation Hydrographs/2D: per2,239,100,0.8534782642071651,0.5413348978088031,26.94668835108147,59.78270114283444,106,87,-19,2.34315055157958,61.519306183,26.25495239370266,0.0,/mnt/8tb_hdd2/joyce/train/M80_Pr_H10.txt
/mnt/8tb_hdd2/joyce/Minxiong/outputs/planH4/Minxiong.p01.hdf,H11,test,inflow,event_upstreamBC1,239,31,0.13038464129615926,1.3187989677762422,1340.5170720305723,1955.9503382992154,238,128,-110,3066.6669921875,3754.147968064,1.2241785552940359,0.0,/mnt/8tb_hdd2/joyce/test/M80_US_InF_H11.txt
/mnt/8tb_hdd2/joyce/Minxiong/outputs/planH4/Minxiong.p01.hdf,H11,test,inflow,event_upstreamBC2,239,31,-0.07126433602144461,1.463737910980955,1743.159251242987,2544.666407881345,222,128,-94,2997.9831932773104,3754.147968064,1.2522244876096424,0.0,/mnt/8tb_hdd2/joyce/test/M80_US_InF_H11.txt
/mnt/8tb_hdd2/joyce/Minxiong/outputs/planH4/Minxiong.p01.hdf,H11,test,inflow,result_upstreamBC1,239,239,0.13032167054788288,1.3188467154693282,1345.2836012075843,1964.953875260875,238,128,-110,3050.00048828125,3754.147968064,1.2308679891981114,0.0,/mnt/8tb_hdd2/joyce/test/M80_US_InF_H11.txt
/mnt/8tb_hdd2/joyce/Minxiong/outputs/planH4/Minxiong.p01.hdf,H11,test,inflow,result_upstreamBC2,239,239,-0.0771626930978824,1.4677620332314651,1750.9486148047486,2550.6688410811876,224,128,-96,3000.0,3754.147968064,1.2513826560213333,0.0,/mnt/8tb_hdd2/joyce/test/M80_US_InF_H11.txt
/mnt/8tb_hdd2/joyce/Minxiong/outputs/planH4/Minxiong.p01.hdf,H11,test,inflow,result_upstreamBC1_flow_per_face_sum,239,239,0.13032167480101303,1.3188467122444418,1345.283599820578,1964.9538905196641,238,128,-110,3050.0003967285156,3754.147968064,1.230868026145428,0.0,/mnt/8tb_hdd2/joyce/test/M80_US_InF_H11.txt
/mnt/8tb_hdd2/joyce/Minxiong/outputs/planH4/Minxiong.p01.hdf,H11,test,inflow,result_upstreamBC2_flow_per_face_sum,239,239,-0.0771626930978824,1.4677620332314651,1750.9486148047486,2550.6688410811876,224,128,-96,3000.0,3754.147968064,1.2513826560213333,0.0,/mnt/8tb_hdd2/joyce/test/M80_US_InF_H11.txt
/mnt/8tb_hdd2/joyce/Minxiong/outputs/planH4/Minxiong.p01.hdf,H11,test,precipitation,Event Conditions/Unsteady/Boundary Conditions/Precipitation Hydrographs/2D: per2,239,100,0.8533731383162374,0.5415290605013954,25.633637387501697,56.91981158459699,106,88,-18,2.34315055157958,58.689632416,25.047316049084326,0.0,/mnt/8tb_hdd2/joyce/test/M80_Pr_H11.txt
/mnt/8tb_hdd2/joyce/Minxiong/outputs/planH4/Minxiong.p01.hdf,H12,test,inflow,event_upstreamBC1,239,31,0.3435432431570036,1.1458243816946785,1247.4296984814443,1866.0321132168942,238,104,-134,3066.6669921875,3770.593860279,1.2295413456644597,0.0,/mnt/8tb_hdd2/joyce/test/M80_US_InF_H12.txt
/mnt/8tb_hdd2/joyce/Minxiong/outputs/planH4/Minxiong.p01.hdf,H12,test,inflow,event_upstreamBC2,239,31,0.14264311918438172,1.309470794493423,1659.270576468561,2557.4846165815215,222,104,-118,2997.9831932773104,3770.593860279,1.2577101395145227,0.0,/mnt/8tb_hdd2/joyce/test/M80_US_InF_H12.txt
/mnt/8tb_hdd2/joyce/Minxiong/outputs/planH4/Minxiong.p01.hdf,H12,test,inflow,result_upstreamBC1,239,239,0.3434013218785549,1.1459482345389296,1252.9452605640254,1877.7368046149377,238,104,-134,3050.00048828125,3770.593860279,1.2362600841430758,0.0,/mnt/8tb_hdd2/joyce/test/M80_US_InF_H12.txt
/mnt/8tb_hdd2/joyce/Minxiong/outputs/planH4/Minxiong.p01.hdf,H12,test,inflow,result_upstreamBC2,239,239,0.1372464941374143,1.3135855555407003,1667.6075650509197,2570.593860279,224,104,-120,3000.0,3770.593860279,1.256864620093,0.0,/mnt/8tb_hdd2/joyce/test/M80_US_InF_H12.txt
/mnt/8tb_hdd2/joyce/Minxiong/outputs/planH4/Minxiong.p01.hdf,H12,test,inflow,result_upstreamBC1_flow_per_face_sum,239,239,0.343401324656005,1.1459482321152163,1252.9452593401393,1877.7367893561486,238,104,-134,3050.0003967285156,3770.593860279,1.2362601212522484,0.0,/mnt/8tb_hdd2/joyce/test/M80_US_InF_H12.txt
/mnt/8tb_hdd2/joyce/Minxiong/outputs/planH4/Minxiong.p01.hdf,H12,test,inflow,result_upstreamBC2_flow_per_face_sum,239,239,0.1372464941374143,1.3135855555407003,1667.6075650509197,2570.593860279,224,104,-120,3000.0,3770.593860279,1.256864620093,0.0,/mnt/8tb_hdd2/joyce/test/M80_US_InF_H12.txt
/mnt/8tb_hdd2/joyce/Minxiong/outputs/planH4/Minxiong.p01.hdf,H12,test,precipitation,Event Conditions/Unsteady/Boundary Conditions/Precipitation Hydrographs/2D: per2,239,100,0.8533475059184861,0.5415763918073142,28.81289032576197,63.68866504083444,106,87,-19,2.34315055157958,65.425270081,27.921923342439555,0.0,/mnt/8tb_hdd2/joyce/test/M80_Pr_H12.txt
/mnt/8tb_hdd2/joyce/Minxiong/outputs/planH4/Minxiong.p01.hdf,H13,test,inflow,event_upstreamBC1,239,31,0.3933371434093226,1.1015106505074543,995.3569272651337,1381.2921945872156,238,112,-126,3066.6669921875,3179.972728543,1.0369475188027106,0.0,/mnt/8tb_hdd2/joyce/test/M80_US_InF_H13.txt
/mnt/8tb_hdd2/joyce/Minxiong/outputs/planH4/Minxiong.p01.hdf,H13,test,inflow,event_upstreamBC2,239,31,0.1989160873956243,1.265767682163181,1393.7128692375495,1980.6040352383143,222,112,-110,2997.9831932773104,3179.972728543,1.0607039878254767,0.0,/mnt/8tb_hdd2/joyce/test/M80_US_InF_H13.txt
/mnt/8tb_hdd2/joyce/Minxiong/outputs/planH4/Minxiong.p01.hdf,H13,test,inflow,result_upstreamBC1,239,239,0.3932136891533916,1.101622722030196,999.7709081462551,1390.2957315488752,238,112,-126,3050.00048828125,3179.972728543,1.0426138424440032,0.0,/mnt/8tb_hdd2/joyce/test/M80_US_InF_H13.txt
/mnt/8tb_hdd2/joyce/Minxiong/outputs/planH4/Minxiong.p01.hdf,H13,test,inflow,result_upstreamBC2,239,239,0.19337700931354335,1.2701362058349934,1401.0553755802557,1987.8069550781252,224,112,-112,3000.0,3179.972728543,1.0599909095143334,0.0,/mnt/8tb_hdd2/joyce/test/M80_US_InF_H13.txt
/mnt/8tb_hdd2/joyce/Minxiong/outputs/planH4/Minxiong.p01.hdf,H13,test,inflow,result_upstreamBC1_flow_per_face_sum,239,239,0.3932136929035341,1.1016227186259961,999.7709073084065,1390.2957468076643,238,112,-126,3050.0003967285156,3179.972728543,1.0426138737404411,0.0,/mnt/8tb_hdd2/joyce/test/M80_US_InF_H13.txt
/mnt/8tb_hdd2/joyce/Minxiong/outputs/planH4/Minxiong.p01.hdf,H13,test,inflow,result_upstreamBC2_flow_per_face_sum,239,239,0.19337700931354335,1.2701362058349934,1401.0553755802557,1987.8069550781252,224,112,-112,3000.0,3179.972728543,1.0599909095143334,0.0,/mnt/8tb_hdd2/joyce/test/M80_US_InF_H13.txt
/mnt/8tb_hdd2/joyce/Minxiong/outputs/planH4/Minxiong.p01.hdf,H13,test,precipitation,Event Conditions/Unsteady/Boundary Conditions/Precipitation Hydrographs/2D: per2,239,100,0.8534400512955352,0.5414054833569097,29.47738743739169,64.96842730883445,106,87,-19,2.34315055157958,66.705032349,28.46809493484419,0.0,/mnt/8tb_hdd2/joyce/test/M80_Pr_H13.txt
/mnt/8tb_hdd2/joyce/Minxiong/outputs/planH4/Minxiong.p01.hdf,H14,test,inflow,event_upstreamBC1,239,31,0.3736601312844289,1.1192317621615024,1119.467261950054,1682.5496679113055,238,120,-118,3066.6669921875,3567.069,1.1631745504442774,0.0,/mnt/8tb_hdd2/joyce/test/M80_US_InF_H14.txt
/mnt/8tb_hdd2/joyce/Minxiong/outputs/planH4/Minxiong.p01.hdf,H14,test,inflow,event_upstreamBC2,239,31,0.18047763732947839,1.28025182106531,1525.2716856826917,2343.2940352383143,222,120,-102,2997.9831932773104,3567.069,1.1898228809283553,0.0,/mnt/8tb_hdd2/joyce/test/M80_US_InF_H14.txt
/mnt/8tb_hdd2/joyce/Minxiong/outputs/planH4/Minxiong.p01.hdf,H14,test,inflow,result_upstreamBC1,239,239,0.37362238781132556,1.1192654843143108,1124.4823322747916,1693.3540107421877,238,120,-118,3050.00048828125,3567.069,1.169530632439384,0.0,/mnt/8tb_hdd2/joyce/test/M80_US_InF_H14.txt
/mnt/8tb_hdd2/joyce/Minxiong/outputs/planH4/Minxiong.p01.hdf,H14,test,inflow,result_upstreamBC2,239,239,0.17459091638683574,1.2848416895580286,1533.4432511942261,2350.496955078125,224,120,-104,3000.0,3567.069,1.189023,0.0,/mnt/8tb_hdd2/joyce/test/M80_US_InF_H14.txt
/mnt/8tb_hdd2/joyce/Minxiong/outputs/planH4/Minxiong.p01.hdf,H14,test,inflow,result_upstreamBC1_flow_per_face_sum,239,239,0.3736223914723493,1.1192654810433948,1124.4823308773553,1693.3540107421877,238,120,-118,3050.0003967285156,3567.069,1.1695306675455195,0.0,/mnt/8tb_hdd2/joyce/test/M80_US_InF_H14.txt
/mnt/8tb_hdd2/joyce/Minxiong/outputs/planH4/Minxiong.p01.hdf,H14,test,inflow,result_upstreamBC2_flow_per_face_sum,239,239,0.17459091638683574,1.2848416895580286,1533.4432511942261,2350.496955078125,224,120,-104,3000.0,3567.069,1.189023,0.0,/mnt/8tb_hdd2/joyce/test/M80_US_InF_H14.txt
/mnt/8tb_hdd2/joyce/Minxiong/outputs/planH4/Minxiong.p01.hdf,H14,test,precipitation,Event Conditions/Unsteady/Boundary Conditions/Precipitation Hydrographs/2D: per2,239,100,0.8533563192647091,0.5415601180576205,26.73795421550075,59.48911441183444,106,87,-19,2.34315055157958,61.225719452,26.129656675592663,0.0,/mnt/8tb_hdd2/joyce/test/M80_Pr_H14.txt
/mnt/8tb_hdd2/joyce/Minxiong/outputs/planH4/Minxiong.p01.hdf,H15,test,inflow,event_upstreamBC1,239,31,0.07657646181612264,1.3589875188417861,1137.8439179148459,1618.6881418895,238,128,-110,3066.6669921875,3395.156836327,1.1071162421535645,0.0,/mnt/8tb_hdd2/joyce/test/M80_US_InF_H15.txt
/mnt/8tb_hdd2/joyce/Minxiong/outputs/planH4/Minxiong.p01.hdf,H15,test,inflow,event_upstreamBC2,239,31,-0.12526719302685668,1.5001781181092175,1520.884770086989,2136.933393909345,222,128,-94,2997.9831932773104,3395.156836327,1.1324802767208013,0.0,/mnt/8tb_hdd2/joyce/test/M80_US_InF_H15.txt
/mnt/8tb_hdd2/joyce/Minxiong/outputs/planH4/Minxiong.p01.hdf,H15,test,inflow,result_upstreamBC1,239,239,0.07654424605339558,1.3590112243440846,1141.0491836369854,1602.02163798325,238,128,-110,3050.00048828125,3395.156836327,1.1131659976357098,0.0,/mnt/8tb_hdd2/joyce/test/M80_US_InF_H15.txt
/mnt/8tb_hdd2/joyce/Minxiong/outputs/planH4/Minxiong.p01.hdf,H15,test,inflow,result_upstreamBC2,239,239,-0.13134462555330126,1.5042238035301139,1527.5340029405434,2142.9358271091874,224,128,-96,3000.0,3395.156836327,1.1317189454423333,0.0,/mnt/8tb_hdd2/joyce/test/M80_US_InF_H15.txt
/mnt/8tb_hdd2/joyce/Minxiong/outputs/planH4/Minxiong.p01.hdf,H15,test,inflow,result_upstreamBC1_flow_per_face_sum,239,239,0.0765442499321141,1.3590112214900112,1141.0491829208443,1602.0215464305156,238,128,-110,3050.0003967285156,3395.156836327,1.113166031049932,0.0,/mnt/8tb_hdd2/joyce/test/M80_US_InF_H15.txt
/mnt/8tb_hdd2/joyce/Minxiong/outputs/planH4/Minxiong.p01.hdf,H15,test,inflow,result_upstreamBC2_flow_per_face_sum,239,239,-0.13134462555330126,1.5042238035301139,1527.5340029405434,2142.9358271091874,224,128,-96,3000.0,3395.156836327,1.1317189454423333,0.0,/mnt/8tb_hdd2/joyce/test/M80_US_InF_H15.txt
/mnt/8tb_hdd2/joyce/Minxiong/outputs/planH4/Minxiong.p01.hdf,H15,test,precipitation,Event Conditions/Unsteady/Boundary Conditions/Precipitation Hydrographs/2D: per2,239,100,0.8533557317787047,0.5415612028594652,33.47346435023521,74.161011077597,106,88,-18,2.34315055157958,75.930831909,32.405443114960335,0.0,/mnt/8tb_hdd2/joyce/test/M80_Pr_H15.txt
/mnt/8tb_hdd2/joyce/Minxiong/outputs/planH5/Minxiong.p01.hdf,H1,train,inflow,event_upstreamBC1,239,31,0.4793077349495618,1.0204824986744632,1245.0282436079215,1815.2339175696266,238,112,-126,3066.6669921875,3776.869530938,1.2315877597925629,0.0,/mnt/8tb_hdd2/joyce/train/M80_US_InF_H1.txt
/mnt/8tb_hdd2/joyce/Minxiong/outputs/planH5/Minxiong.p01.hdf,H1,train,inflow,event_upstreamBC2,239,31,0.2916833203760999,1.1902240794269794,1660.799728085674,2442.7518838791766,222,112,-110,2997.9831932773104,3776.869530938,1.2598034369929982,0.0,/mnt/8tb_hdd2/joyce/train/M80_US_InF_H1.txt
/mnt/8tb_hdd2/joyce/Minxiong/outputs/planH5/Minxiong.p01.hdf,H1,train,inflow,result_upstreamBC1,239,239,0.4792149110579105,1.0205734554083692,1251.3071474281626,1825.137887214125,238,112,-126,3050.00048828125,3776.869530938,1.2383176807510474,0.0,/mnt/8tb_hdd2/joyce/train/M80_US_InF_H1.txt
/mnt/8tb_hdd2/joyce/Minxiong/outputs/planH5/Minxiong.p01.hdf,H1,train,inflow,result_upstreamBC2,239,239,0.28624630013180596,1.194783411224138,1669.9404673833476,2456.869530938,224,112,-112,3000.0,3776.869530938,1.2589565103126668,0.0,/mnt/8tb_hdd2/joyce/train/M80_US_InF_H1.txt
/mnt/8tb_hdd2/joyce/Minxiong/outputs/planH5/Minxiong.p01.hdf,H1,train,inflow,result_upstreamBC1_flow_per_face_sum,239,239,0.4792149145621601,1.0205734519747613,1251.3071454810718,1825.1378566965468,238,112,-126,3050.0003967285156,3776.869530938,1.2383177179219835,0.0,/mnt/8tb_hdd2/joyce/train/M80_US_InF_H1.txt
/mnt/8tb_hdd2/joyce/Minxiong/outputs/planH5/Minxiong.p01.hdf,H1,train,inflow,result_upstreamBC2_flow_per_face_sum,239,239,0.28624630013180596,1.194783411224138,1669.9404673833476,2456.869530938,224,112,-112,3000.0,3776.869530938,1.2589565103126668,0.0,/mnt/8tb_hdd2/joyce/train/M80_US_InF_H1.txt
/mnt/8tb_hdd2/joyce/Minxiong/outputs/planH5/Minxiong.p01.hdf,H1,train,precipitation,Event Conditions/Unsteady/Boundary Conditions/Precipitation Hydrographs/2D: per2,239,100,0.8534114531854443,0.5414583027612668,29.734979136408388,65.73255840310864,106,88,-18,2.900782977833468,67.923568726,23.41559821780623,0.0,/mnt/8tb_hdd2/joyce/train/M80_Pr_H1.txt
/mnt/8tb_hdd2/joyce/Minxiong/outputs/planH5/Minxiong.p01.hdf,H2,train,inflow,event_upstreamBC1,239,31,0.2596830857678205,1.2168129800689826,1254.872604813326,1854.1156679113053,238,128,-110,3066.6669921875,3802.466187625,1.2399344947827686,0.0,/mnt/8tb_hdd2/joyce/train/M80_US_InF_H2.txt
/mnt/8tb_hdd2/joyce/Minxiong/outputs/planH5/Minxiong.p01.hdf,H2,train,inflow,event_upstreamBC2,239,31,0.06069464528408745,1.3706242043068644,1656.5996258744085,2514.860035238314,222,128,-94,2997.9831932773104,3802.466187625,1.268341395692833,0.0,/mnt/8tb_hdd2/joyce/train/M80_US_InF_H2.txt
/mnt/8tb_hdd2/joyce/Minxiong/outputs/planH5/Minxiong.p01.hdf,H2,train,inflow,result_upstreamBC1,239,239,0.2596646479233844,1.216828132545115,1259.580378041579,1864.9200107421875,238,128,-110,3050.00048828125,3802.466187625,1.2467100258622525,0.0,/mnt/8tb_hdd2/joyce/train/M80_US_InF_H2.txt
/mnt/8tb_hdd2/joyce/Minxiong/outputs/planH5/Minxiong.p01.hdf,H2,train,inflow,result_upstreamBC2,239,239,0.05456728341886038,1.375087427461352,1664.7630005057372,2522.062955078125,224,128,-96,3000.0,3802.466187625,1.2674887292083334,0.0,/mnt/8tb_hdd2/joyce/train/M80_US_InF_H2.txt
/mnt/8tb_hdd2/joyce/Minxiong/outputs/planH5/Minxiong.p01.hdf,H2,train,inflow,result_upstreamBC1_flow_per_face_sum,239,239,0.25966465163900204,1.2168281294915875,1259.580376479923,1864.9200107421875,238,128,-110,3050.0003967285156,3802.466187625,1.246710063285104,0.0,/mnt/8tb_hdd2/joyce/train/M80_US_InF_H2.txt
/mnt/8tb_hdd2/joyce/Minxiong/outputs/planH5/Minxiong.p01.hdf,H2,train,inflow,result_upstreamBC2_flow_per_face_sum,239,239,0.05456728341886038,1.375087427461352,1664.7630005057372,2522.062955078125,224,128,-96,3000.0,3802.466187625,1.2674887292083334,0.0,/mnt/8tb_hdd2/joyce/train/M80_US_InF_H2.txt
/mnt/8tb_hdd2/joyce/Minxiong/outputs/planH5/Minxiong.p01.hdf,H2,train,precipitation,Event Conditions/Unsteady/Boundary Conditions/Precipitation Hydrographs/2D: per2,239,100,0.8533555573104338,0.5415615250173647,31.3779513575183,69.590886103995,106,87,-19,2.900782977833468,71.740776062,24.73152132035111,0.0,/mnt/8tb_hdd2/joyce/train/M80_Pr_H2.txt
/mnt/8tb_hdd2/joyce/Minxiong/outputs/planH5/Minxiong.p01.hdf,H3,train,inflow,event_upstreamBC1,239,31,0.14961024232381404,1.3041393772723726,1354.3346125940716,2128.408667911305,238,96,-142,3066.6669921875,3924.927,1.279867364144514,0.0,/mnt/8tb_hdd2/joyce/train/M80_US_InF_H3.txt
/mnt/8tb_hdd2/joyce/Minxiong/outputs/planH5/Minxiong.p01.hdf,H3,train,inflow,event_upstreamBC2,239,31,-0.05440103893977544,1.4521715042926406,1752.274629179314,2789.1530352383143,222,96,-126,2997.9831932773104,3924.927,1.309189127144299,0.0,/mnt/8tb_hdd2/joyce/train/M80_US_InF_H3.txt
/mnt/8tb_hdd2/joyce/Minxiong/outputs/planH5/Minxiong.p01.hdf,H3,train,inflow,result_upstreamBC1,239,239,0.14947945321340303,1.3042396610949976,1358.7199434696574,2139.2130107421876,238,96,-142,3050.00048828125,3924.927,1.2868611054589676,0.0,/mnt/8tb_hdd2/joyce/train/M80_US_InF_H3.txt
/mnt/8tb_hdd2/joyce/Minxiong/outputs/planH5/Minxiong.p01.hdf,H3,train,inflow,result_upstreamBC2,239,239,-0.06028470295894768,1.4562174995233015,1760.0139821068897,2796.355955078125,224,96,-128,3000.0,3924.927,1.308309,0.0,/mnt/8tb_hdd2/joyce/train/M80_US_InF_H3.txt
/mnt/8tb_hdd2/joyce/Minxiong/outputs/planH5/Minxiong.p01.hdf,H3,train,inflow,result_upstreamBC1_flow_per_face_sum,239,239,0.14947945693733883,1.304239658239743,1358.7199420121399,2139.2130107421876,238,96,-142,3050.0003967285156,3924.927,1.2868611440870454,0.0,/mnt/8tb_hdd2/joyce/train/M80_US_InF_H3.txt
/mnt/8tb_hdd2/joyce/Minxiong/outputs/planH5/Minxiong.p01.hdf,H3,train,inflow,result_upstreamBC2_flow_per_face_sum,239,239,-0.06028470295894768,1.4562174995233015,1760.0139821068897,2796.355955078125,224,96,-128,3000.0,3924.927,1.308309,0.0,/mnt/8tb_hdd2/joyce/train/M80_US_InF_H3.txt
/mnt/8tb_hdd2/joyce/Minxiong/outputs/planH5/Minxiong.p01.hdf,H3,train,precipitation,Event Conditions/Unsteady/Boundary Conditions/Precipitation Hydrographs/2D: per2,239,100,0.8533634055824227,0.5415470328929454,21.93996318086504,48.71677111399501,106,87,-19,2.900782977833468,50.866661072,17.535493506650127,0.0,/mnt/8tb_hdd2/joyce/train/M80_Pr_H3.txt
/mnt/8tb_hdd2/joyce/Minxiong/outputs/planH5/Minxiong.p01.hdf,H4,train,inflow,event_upstreamBC1,239,31,-0.14534061431487733,1.5134996625799937,1180.048870037099,1789.3030181365,238,112,-126,3066.6669921875,3313.656858284,1.0805401651779343,0.0,/mnt/8tb_hdd2/joyce/train/M80_US_InF_H4.txt
/mnt/8tb_hdd2/joyce/Minxiong/outputs/planH5/Minxiong.p01.hdf,H4,train,inflow,event_upstreamBC2,239,31,-0.3429125937969653,1.638848738472813,1545.3961585033003,2193.858132432345,222,112,-110,2997.9831932773104,3313.656858284,1.1052953417866243,0.0,/mnt/8tb_hdd2/joyce/train/M80_US_InF_H4.txt
/mnt/8tb_hdd2/joyce/Minxiong/outputs/planH5/Minxiong.p01.hdf,H4,train,inflow,result_upstreamBC1,239,239,-0.14548647893393185,1.5135960352312845,1182.262528339277,1772.63651423025,238,112,-126,3050.00048828125,3313.656858284,1.0864446976371884,0.0,/mnt/8tb_hdd2/joyce/train/M80_US_InF_H4.txt
/mnt/8tb_hdd2/joyce/Minxiong/outputs/planH5/Minxiong.p01.hdf,H4,train,inflow,result_upstreamBC2,239,239,-0.3485565945485672,1.6422890090045463,1550.971448089331,2199.8605656321874,224,112,-112,3000.0,3313.656858284,1.1045522860946666,0.0,/mnt/8tb_hdd2/joyce/train/M80_US_InF_H4.txt
/mnt/8tb_hdd2/joyce/Minxiong/outputs/planH5/Minxiong.p01.hdf,H4,train,inflow,result_upstreamBC1_flow_per_face_sum,239,239,-0.1454864759451869,1.5135960332566858,1182.2625283853477,1772.6364226775156,238,112,-126,3050.0003967285156,3313.656858284,1.0864447302493099,0.0,/mnt/8tb_hdd2/joyce/train/M80_US_InF_H4.txt
/mnt/8tb_hdd2/joyce/Minxiong/outputs/planH5/Minxiong.p01.hdf,H4,train,inflow,result_upstreamBC2_flow_per_face_sum,239,239,-0.3485565945485672,1.6422890090045463,1550.971448089331,2199.8605656321874,224,112,-112,3000.0,3313.656858284,1.1045522860946666,0.0,/mnt/8tb_hdd2/joyce/train/M80_US_InF_H4.txt
/mnt/8tb_hdd2/joyce/Minxiong/outputs/planH5/Minxiong.p01.hdf,H4,train,precipitation,Event Conditions/Unsteady/Boundary Conditions/Precipitation Hydrographs/2D: per2,239,100,0.8533730103741918,0.5415292967620661,27.54824321998115,61.033038292108635,106,88,-18,2.900782977833468,63.224048615,21.795511452642582,0.0,/mnt/8tb_hdd2/joyce/train/M80_Pr_H4.txt
/mnt/8tb_hdd2/joyce/Minxiong/outputs/planH5/Minxiong.p01.hdf,H5,train,inflow,event_upstreamBC1,239,31,-0.09546784903825595,1.4801809680159086,1103.2487825889657,1924.0870121495,238,120,-118,3066.6669921875,3273.61,1.0674814084280095,0.0,/mnt/8tb_hdd2/joyce/train/M80_US_InF_H5.txt
/mnt/8tb_hdd2/joyce/Minxiong/outputs/planH5/Minxiong.p01.hdf,H5,train,inflow,event_upstreamBC2,239,31,-0.2970331542499765,1.6106105390503171,1455.9438448549533,2010.2768732356226,222,120,-102,2997.9831932773104,3273.61,1.0919374089023435,0.0,/mnt/8tb_hdd2/joyce/train/M80_US_InF_H5.txt
/mnt/8tb_hdd2/joyce/Minxiong/outputs/planH5/Minxiong.p01.hdf,H5,train,inflow,result_upstreamBC1,239,239,-0.09555924711024257,1.480242714631788,1104.6221028342993,1907.42050824325,238,120,-118,3050.00048828125,3273.61,1.073314582269054,0.0,/mnt/8tb_hdd2/joyce/train/M80_US_InF_H5.txt
/mnt/8tb_hdd2/joyce/Minxiong/outputs/planH5/Minxiong.p01.hdf,H5,train,inflow,result_upstreamBC2,239,239,-0.30264786672109556,1.614092851555384,1461.0099418079972,2015.6789892578126,224,120,-104,3000.0,3273.61,1.0912033333333333,0.0,/mnt/8tb_hdd2/joyce/train/M80_US_InF_H5.txt
/mnt/8tb_hdd2/joyce/Minxiong/outputs/planH5/Minxiong.p01.hdf,H5,train,inflow,result_upstreamBC1_flow_per_face_sum,239,239,-0.09555924394976216,1.4802427124966784,1104.622102921907,1907.4204166905156,238,120,-118,3050.0003967285156,3273.61,1.0733146144870447,0.0,/mnt/8tb_hdd2/joyce/train/M80_US_InF_H5.txt
/mnt/8tb_hdd2/joyce/Minxiong/outputs/planH5/Minxiong.p01.hdf,H5,train,inflow,result_upstreamBC2_flow_per_face_sum,239,239,-0.30264786672109556,1.614092851555384,1461.0099418079972,2015.6789892578126,224,120,-104,3000.0,3273.61,1.0912033333333333,0.0,/mnt/8tb_hdd2/joyce/train/M80_US_InF_H5.txt
/mnt/8tb_hdd2/joyce/Minxiong/outputs/planH5/Minxiong.p01.hdf,H5,train,precipitation,Event Conditions/Unsteady/Boundary Conditions/Precipitation Hydrographs/2D: per2,239,100,0.8533467729028373,0.5415777452908525,23.01427799031006,51.39839266499501,106,87,-19,2.900782977833468,53.548282623,18.45994099944493,0.0,/mnt/8tb_hdd2/joyce/train/M80_Pr_H5.txt
/mnt/8tb_hdd2/joyce/Minxiong/outputs/planH5/Minxiong.p01.hdf,H6,train,inflow,event_upstreamBC1,239,31,0.36704077566671717,1.1251304140705496,982.3012980570435,1344.5545942156268,238,128,-110,3066.6669921875,3347.03503992,1.0914243536865114,0.0,/mnt/8tb_hdd2/joyce/train/M80_US_InF_H6.txt
/mnt/8tb_hdd2/joyce/Minxiong/outputs/planH5/Minxiong.p01.hdf,H6,train,inflow,event_upstreamBC2,239,31,0.17156709166326917,1.2871929989995528,1376.8444598455887,1983.060035238314,222,128,-94,2997.9831932773104,3347.03503992,1.1164288870682815,0.0,/mnt/8tb_hdd2/joyce/train/M80_US_InF_H6.txt
/mnt/8tb_hdd2/joyce/Minxiong/outputs/planH5/Minxiong.p01.hdf,H6,train,inflow,result_upstreamBC1,239,239,0.36700348866759214,1.125163553739996,986.2070279833362,1354.4585638601252,238,128,-110,3050.00048828125,3347.03503992,1.097388361995357,0.0,/mnt/8tb_hdd2/joyce/train/M80_US_InF_H6.txt
/mnt/8tb_hdd2/joyce/Minxiong/outputs/planH5/Minxiong.p01.hdf,H6,train,inflow,result_upstreamBC2,239,239,0.16589431802471474,1.29159256886627,1384.1514429724812,1990.2629550781248,224,128,-96,3000.0,3347.03503992,1.11567834664,0.0,/mnt/8tb_hdd2/joyce/train/M80_US_InF_H6.txt
/mnt/8tb_hdd2/joyce/Minxiong/outputs/planH5/Minxiong.p01.hdf,H6,train,inflow,result_upstreamBC1_flow_per_face_sum,239,239,0.3670034923820126,1.1251635504387694,986.2070269055181,1354.458533342547,238,128,-110,3050.0003967285156,3347.03503992,1.0973883949359775,0.0,/mnt/8tb_hdd2/joyce/train/M80_US_InF_H6.txt
/mnt/8tb_hdd2/joyce/Minxiong/outputs/planH5/Minxiong.p01.hdf,H6,train,inflow,result_upstreamBC2_flow_per_face_sum,239,239,0.16589431802471474,1.29159256886627,1384.1514429724812,1990.2629550781248,224,128,-96,3000.0,3347.03503992,1.11567834664,0.0,/mnt/8tb_hdd2/joyce/train/M80_US_InF_H6.txt
/mnt/8tb_hdd2/joyce/Minxiong/outputs/planH5/Minxiong.p01.hdf,H6,train,precipitation,Event Conditions/Unsteady/Boundary Conditions/Precipitation Hydrographs/2D: per2,239,100,0.8533108516743583,0.541644068232344,25.022954864757374,55.33226107299501,106,87,-19,2.900782977833468,57.482151031,19.81608119954295,0.0,/mnt/8tb_hdd2/joyce/train/M80_Pr_H6.txt
/mnt/8tb_hdd2/joyce/Minxiong/outputs/planH5/Minxiong.p01.hdf,H7,train,inflow,event_upstreamBC1,239,31,0.3372116268099499,1.1513369386848056,1308.3271438100592,1884.2201730586266,238,112,-126,3066.6669921875,3812.946467066,1.2433519768464223,0.0,/mnt/8tb_hdd2/joyce/train/M80_US_InF_H7.txt
/mnt/8tb_hdd2/joyce/Minxiong/outputs/planH5/Minxiong.p01.hdf,H7,train,inflow,event_upstreamBC2,239,31,0.141055556596071,1.3106826033818628,1719.3877718762553,2508.949645755909,222,112,-110,2997.9831932773104,3812.946467066,1.2718371722750703,0.0,/mnt/8tb_hdd2/joyce/train/M80_US_InF_H7.txt
/mnt/8tb_hdd2/joyce/Minxiong/outputs/planH5/Minxiong.p01.hdf,H7,train,inflow,result_upstreamBC1,239,239,0.3371090005778464,1.1514260718102172,1313.9883263164854,1894.124142703125,238,112,-126,3050.00048828125,3812.946467066,1.250146182505921,0.0,/mnt/8tb_hdd2/joyce/train/M80_US_InF_H7.txt
/mnt/8tb_hdd2/joyce/Minxiong/outputs/planH5/Minxiong.p01.hdf,H7,train,inflow,result_upstreamBC2,239,239,0.13524589417308336,1.3151076806306898,1728.0729974145913,2515.5522432890625,224,112,-112,3000.0,3812.946467066,1.2709821556886667,0.0,/mnt/8tb_hdd2/joyce/train/M80_US_InF_H7.txt
/mnt/8tb_hdd2/joyce/Minxiong/outputs/planH5/Minxiong.p01.hdf,H7,train,inflow,result_upstreamBC1_flow_per_face_sum,239,239,0.33710900367106295,1.1514260691237943,1313.988324837183,1894.124112185547,238,112,-126,3050.0003967285156,3812.946467066,1.2501462200319167,0.0,/mnt/8tb_hdd2/joyce/train/M80_US_InF_H7.txt
/mnt/8tb_hdd2/joyce/Minxiong/outputs/planH5/Minxiong.p01.hdf,H7,train,inflow,result_upstreamBC2_flow_per_face_sum,239,239,0.13524589417308336,1.3151076806306898,1728.0729974145913,2515.5522432890625,224,112,-112,3000.0,3812.946467066,1.2709821556886667,0.0,/mnt/8tb_hdd2/joyce/train/M80_US_InF_H7.txt
/mnt/8tb_hdd2/joyce/Minxiong/outputs/planH5/Minxiong.p01.hdf,H7,train,precipitation,Event Conditions/Unsteady/Boundary Conditions/Precipitation Hydrographs/2D: per2,239,100,0.853405313397982,0.5414696419966967,25.85339304784308,57.73288820999501,106,87,-19,2.900782977833468,59.882778168,20.643660220567465,0.0,/mnt/8tb_hdd2/joyce/train/M80_Pr_H7.txt
/mnt/8tb_hdd2/joyce/Minxiong/outputs/planH5/Minxiong.p01.hdf,H8,train,inflow,event_upstreamBC1,239,31,0.2918518277930235,1.1900824947935134,1129.8797499578347,1656.3174052865295,238,112,-126,3066.6669921875,3664.160580838,1.1948348451829454,0.0,/mnt/8tb_hdd2/joyce/train/M80_US_InF_H8.txt
/mnt/8tb_hdd2/joyce/Minxiong/outputs/planH5/Minxiong.p01.hdf,H8,train,inflow,event_upstreamBC2,239,31,0.09293890371387944,1.3468935342380415,1525.2689320466484,2330.0429337791766,222,112,-110,2997.9831932773104,3664.160580838,1.2222085130612235,0.0,/mnt/8tb_hdd2/joyce/train/M80_US_InF_H8.txt
/mnt/8tb_hdd2/joyce/Minxiong/outputs/planH5/Minxiong.p01.hdf,H8,train,inflow,result_upstreamBC1,239,239,0.29181605311796305,1.1901125550821126,1133.9958277247163,1664.160580838,238,112,-126,3050.00048828125,3664.160580838,1.2013639325359073,0.0,/mnt/8tb_hdd2/joyce/train/M80_US_InF_H8.txt
/mnt/8tb_hdd2/joyce/Minxiong/outputs/planH5/Minxiong.p01.hdf,H8,train,inflow,result_upstreamBC2,239,239,0.08701354753216779,1.3512856489046514,1532.985959082716,2344.160580838,224,112,-112,3000.0,3664.160580838,1.2213868602793334,0.0,/mnt/8tb_hdd2/joyce/train/M80_US_InF_H8.txt
/mnt/8tb_hdd2/joyce/Minxiong/outputs/planH5/Minxiong.p01.hdf,H8,train,inflow,result_upstreamBC1_flow_per_face_sum,239,239,0.29181605646154535,1.1901125522726452,1133.995826431522,1664.1605198028437,238,112,-126,3050.0003967285156,3664.160580838,1.201363968597592,0.0,/mnt/8tb_hdd2/joyce/train/M80_US_InF_H8.txt
/mnt/8tb_hdd2/joyce/Minxiong/outputs/planH5/Minxiong.p01.hdf,H8,train,inflow,result_upstreamBC2_flow_per_face_sum,239,239,0.08701354753216779,1.3512856489046514,1532.985959082716,2344.160580838,224,112,-112,3000.0,3664.160580838,1.2213868602793334,0.0,/mnt/8tb_hdd2/joyce/train/M80_US_InF_H8.txt
/mnt/8tb_hdd2/joyce/Minxiong/outputs/planH5/Minxiong.p01.hdf,H8,train,precipitation,Event Conditions/Unsteady/Boundary Conditions/Precipitation Hydrographs/2D: per2,239,100,0.8534200072723136,0.5414425042932739,27.52475810015276,61.10613344899501,106,87,-19,2.900782977833468,63.256023407,21.80653426691181,0.0,/mnt/8tb_hdd2/joyce/train/M80_Pr_H8.txt
/mnt/8tb_hdd2/joyce/Minxiong/outputs/planH5/Minxiong.p01.hdf,H9,train,inflow,event_upstreamBC1,239,31,0.030085428822744575,1.392777492047639,1376.928809611977,1862.424644154894,238,104,-134,3066.6669921875,3766.986391217,1.2283649971821529,0.0,/mnt/8tb_hdd2/joyce/train/M80_US_InF_H9.txt
/mnt/8tb_hdd2/joyce/Minxiong/outputs/planH5/Minxiong.p01.hdf,H9,train,inflow,event_upstreamBC2,239,31,-0.17335190446880708,1.5318954954361652,1779.5331507554827,2553.877147519521,222,104,-118,2997.9831932773104,3766.986391217,1.2565068408869353,0.0,/mnt/8tb_hdd2/joyce/train/M80_US_InF_H9.txt
/mnt/8tb_hdd2/joyce/Minxiong/outputs/planH5/Minxiong.p01.hdf,H9,train,inflow,result_upstreamBC1,239,239,0.030038699277466597,1.3928110429792933,1381.8541954782645,1874.1293355529374,238,104,-134,3050.00048828125,3766.986391217,1.2350773075907897,0.0,/mnt/8tb_hdd2/joyce/train/M80_US_InF_H9.txt
/mnt/8tb_hdd2/joyce/Minxiong/outputs/planH5/Minxiong.p01.hdf,H9,train,inflow,result_upstreamBC2,239,239,-0.1792305075361108,1.5357281709574198,1787.129409227326,2566.986391217,224,104,-120,3000.0,3766.986391217,1.2556621304056665,0.0,/mnt/8tb_hdd2/joyce/train/M80_US_InF_H9.txt
/mnt/8tb_hdd2/joyce/Minxiong/outputs/planH5/Minxiong.p01.hdf,H9,train,inflow,result_upstreamBC1_flow_per_face_sum,239,239,0.030038702968937393,1.392811040328919,1381.8541946423663,1874.1293202941483,238,104,-134,3050.0003967285156,3766.986391217,1.2350773446644585,0.0,/mnt/8tb_hdd2/joyce/train/M80_US_InF_H9.txt
/mnt/8tb_hdd2/joyce/Minxiong/outputs/planH5/Minxiong.p01.hdf,H9,train,inflow,result_upstreamBC2_flow_per_face_sum,239,239,-0.1792305075361108,1.5357281709574198,1787.129409227326,2566.986391217,224,104,-120,3000.0,3766.986391217,1.2556621304056665,0.0,/mnt/8tb_hdd2/joyce/train/M80_US_InF_H9.txt
/mnt/8tb_hdd2/joyce/Minxiong/outputs/planH5/Minxiong.p01.hdf,H9,train,precipitation,Event Conditions/Unsteady/Boundary Conditions/Precipitation Hydrographs/2D: per2,239,100,0.8534375818692418,0.5414100444778572,27.234958286422174,60.01666353899501,106,87,-19,2.900782977833468,62.166553497,21.43095639075725,0.0,/mnt/8tb_hdd2/joyce/train/M80_Pr_H9.txt
/mnt/8tb_hdd2/joyce/Minxiong/outputs/planH5/Minxiong.p01.hdf,H10,train,inflow,event_upstreamBC1,239,31,0.25272315661515676,1.2225194013878418,935.7358794563304,1785.1147846055,238,144,-94,3066.6669921875,3176.331,1.0357599987516986,0.0,/mnt/8tb_hdd2/joyce/train/M80_US_InF_H10.txt
/mnt/8tb_hdd2/joyce/Minxiong/outputs/planH5/Minxiong.p01.hdf,H10,train,inflow,event_upstreamBC2,239,31,0.052834200564095476,1.3763471941598926,1299.363393318363,1813.8927232513452,222,144,-78,2997.9831932773104,3176.331,1.0594892616885303,0.0,/mnt/8tb_hdd2/joyce/train/M80_US_InF_H10.txt
/mnt/8tb_hdd2/joyce/Minxiong/outputs/planH5/Minxiong.p01.hdf,H10,train,inflow,result_upstreamBC1,239,239,0.2526906818586017,1.2225459648957153,937.5762270560791,1768.44828069925,238,144,-94,3050.00048828125,3176.331,1.041419833276794,0.0,/mnt/8tb_hdd2/joyce/train/M80_US_InF_H10.txt
/mnt/8tb_hdd2/joyce/Minxiong/outputs/planH5/Minxiong.p01.hdf,H10,train,inflow,result_upstreamBC2,239,239,0.04702766895254076,1.3805595467399872,1305.3903761183199,1819.8951564511876,224,144,-80,3000.0,3176.331,1.058777,0.0,/mnt/8tb_hdd2/joyce/train/M80_US_InF_H10.txt
/mnt/8tb_hdd2/joyce/Minxiong/outputs/planH5/Minxiong.p01.hdf,H10,train,inflow,result_upstreamBC1_flow_per_face_sum,239,239,0.25269068508503845,1.2225459622566028,937.5762265544694,1768.4481891465157,238,144,-94,3050.0003967285156,3176.331,1.041419864537391,0.0,/mnt/8tb_hdd2/joyce/train/M80_US_InF_H10.txt
/mnt/8tb_hdd2/joyce/Minxiong/outputs/planH5/Minxiong.p01.hdf,H10,train,inflow,result_upstreamBC2_flow_per_face_sum,239,239,0.04702766895254076,1.3805595467399872,1305.3903761183199,1819.8951564511876,224,144,-80,3000.0,3176.331,1.058777,0.0,/mnt/8tb_hdd2/joyce/train/M80_US_InF_H10.txt
/mnt/8tb_hdd2/joyce/Minxiong/outputs/planH5/Minxiong.p01.hdf,H10,train,precipitation,Event Conditions/Unsteady/Boundary Conditions/Precipitation Hydrographs/2D: per2,239,100,0.8534782603871163,0.5413349048655238,26.685977312615876,59.36941622499501,106,87,-19,2.900782977833468,61.519306183,21.20782790477743,0.0,/mnt/8tb_hdd2/joyce/train/M80_Pr_H10.txt
/mnt/8tb_hdd2/joyce/Minxiong/outputs/planH5/Minxiong.p01.hdf,H11,test,inflow,event_upstreamBC1,239,31,0.13038464129615926,1.3187989677762422,1340.5170720305723,1955.9503382992154,238,128,-110,3066.6669921875,3754.147968064,1.2241785552940359,0.0,/mnt/8tb_hdd2/joyce/test/M80_US_InF_H11.txt
/mnt/8tb_hdd2/joyce/Minxiong/outputs/planH5/Minxiong.p01.hdf,H11,test,inflow,event_upstreamBC2,239,31,-0.07126433602144461,1.463737910980955,1743.159251242987,2544.666407881345,222,128,-94,2997.9831932773104,3754.147968064,1.2522244876096424,0.0,/mnt/8tb_hdd2/joyce/test/M80_US_InF_H11.txt
/mnt/8tb_hdd2/joyce/Minxiong/outputs/planH5/Minxiong.p01.hdf,H11,test,inflow,result_upstreamBC1,239,239,0.13032167054788288,1.3188467154693282,1345.2836012075843,1964.953875260875,238,128,-110,3050.00048828125,3754.147968064,1.2308679891981114,0.0,/mnt/8tb_hdd2/joyce/test/M80_US_InF_H11.txt
/mnt/8tb_hdd2/joyce/Minxiong/outputs/planH5/Minxiong.p01.hdf,H11,test,inflow,result_upstreamBC2,239,239,-0.0771626930978824,1.4677620332314651,1750.9486148047486,2550.6688410811876,224,128,-96,3000.0,3754.147968064,1.2513826560213333,0.0,/mnt/8tb_hdd2/joyce/test/M80_US_InF_H11.txt
/mnt/8tb_hdd2/joyce/Minxiong/outputs/planH5/Minxiong.p01.hdf,H11,test,inflow,result_upstreamBC1_flow_per_face_sum,239,239,0.13032167480101303,1.3188467122444418,1345.283599820578,1964.9538905196641,238,128,-110,3050.0003967285156,3754.147968064,1.230868026145428,0.0,/mnt/8tb_hdd2/joyce/test/M80_US_InF_H11.txt
/mnt/8tb_hdd2/joyce/Minxiong/outputs/planH5/Minxiong.p01.hdf,H11,test,inflow,result_upstreamBC2_flow_per_face_sum,239,239,-0.0771626930978824,1.4677620332314651,1750.9486148047486,2550.6688410811876,224,128,-96,3000.0,3754.147968064,1.2513826560213333,0.0,/mnt/8tb_hdd2/joyce/test/M80_US_InF_H11.txt
/mnt/8tb_hdd2/joyce/Minxiong/outputs/planH5/Minxiong.p01.hdf,H11,test,precipitation,Event Conditions/Unsteady/Boundary Conditions/Precipitation Hydrographs/2D: per2,239,100,0.8533731349420687,0.541529066732213,25.373034254466404,56.49862209310864,106,88,-18,2.900782977833468,58.689632416,20.23234170376786,0.0,/mnt/8tb_hdd2/joyce/test/M80_Pr_H11.txt
/mnt/8tb_hdd2/joyce/Minxiong/outputs/planH5/Minxiong.p01.hdf,H12,test,inflow,event_upstreamBC1,239,31,0.3435432431570036,1.1458243816946785,1247.4296984814443,1866.0321132168942,238,104,-134,3066.6669921875,3770.593860279,1.2295413456644597,0.0,/mnt/8tb_hdd2/joyce/test/M80_US_InF_H12.txt
/mnt/8tb_hdd2/joyce/Minxiong/outputs/planH5/Minxiong.p01.hdf,H12,test,inflow,event_upstreamBC2,239,31,0.14264311918438172,1.309470794493423,1659.270576468561,2557.4846165815215,222,104,-118,2997.9831932773104,3770.593860279,1.2577101395145227,0.0,/mnt/8tb_hdd2/joyce/test/M80_US_InF_H12.txt
/mnt/8tb_hdd2/joyce/Minxiong/outputs/planH5/Minxiong.p01.hdf,H12,test,inflow,result_upstreamBC1,239,239,0.3434013218785549,1.1459482345389296,1252.9452605640254,1877.7368046149377,238,104,-134,3050.00048828125,3770.593860279,1.2362600841430758,0.0,/mnt/8tb_hdd2/joyce/test/M80_US_InF_H12.txt
/mnt/8tb_hdd2/joyce/Minxiong/outputs/planH5/Minxiong.p01.hdf,H12,test,inflow,result_upstreamBC2,239,239,0.1372464941374143,1.3135855555407003,1667.6075650509197,2570.593860279,224,104,-120,3000.0,3770.593860279,1.256864620093,0.0,/mnt/8tb_hdd2/joyce/test/M80_US_InF_H12.txt
/mnt/8tb_hdd2/joyce/Minxiong/outputs/planH5/Minxiong.p01.hdf,H12,test,inflow,result_upstreamBC1_flow_per_face_sum,239,239,0.343401324656005,1.1459482321152163,1252.9452593401393,1877.7367893561486,238,104,-134,3050.0003967285156,3770.593860279,1.2362601212522484,0.0,/mnt/8tb_hdd2/joyce/test/M80_US_InF_H12.txt
/mnt/8tb_hdd2/joyce/Minxiong/outputs/planH5/Minxiong.p01.hdf,H12,test,inflow,result_upstreamBC2_flow_per_face_sum,239,239,0.1372464941374143,1.3135855555407003,1667.6075650509197,2570.593860279,224,104,-120,3000.0,3770.593860279,1.256864620093,0.0,/mnt/8tb_hdd2/joyce/test/M80_US_InF_H12.txt
/mnt/8tb_hdd2/joyce/Minxiong/outputs/planH5/Minxiong.p01.hdf,H12,test,precipitation,Event Conditions/Unsteady/Boundary Conditions/Precipitation Hydrographs/2D: per2,239,100,0.8533475027294579,0.5415763976957307,28.552087862828696,63.275380122995,106,87,-19,2.900782977833468,65.425270081,22.554348457279183,0.0,/mnt/8tb_hdd2/joyce/test/M80_Pr_H12.txt
/mnt/8tb_hdd2/joyce/Minxiong/outputs/planH5/Minxiong.p01.hdf,H13,test,inflow,event_upstreamBC1,239,31,0.3933371434093226,1.1015106505074543,995.3569272651337,1381.2921945872156,238,112,-126,3066.6669921875,3179.972728543,1.0369475188027106,0.0,/mnt/8tb_hdd2/joyce/test/M80_US_InF_H13.txt
/mnt/8tb_hdd2/joyce/Minxiong/outputs/planH5/Minxiong.p01.hdf,H13,test,inflow,event_upstreamBC2,239,31,0.1989160873956243,1.265767682163181,1393.7128692375495,1980.6040352383143,222,112,-110,2997.9831932773104,3179.972728543,1.0607039878254767,0.0,/mnt/8tb_hdd2/joyce/test/M80_US_InF_H13.txt
/mnt/8tb_hdd2/joyce/Minxiong/outputs/planH5/Minxiong.p01.hdf,H13,test,inflow,result_upstreamBC1,239,239,0.3932136891533916,1.101622722030196,999.7709081462551,1390.2957315488752,238,112,-126,3050.00048828125,3179.972728543,1.0426138424440032,0.0,/mnt/8tb_hdd2/joyce/test/M80_US_InF_H13.txt
/mnt/8tb_hdd2/joyce/Minxiong/outputs/planH5/Minxiong.p01.hdf,H13,test,inflow,result_upstreamBC2,239,239,0.19337700931354335,1.2701362058349934,1401.0553755802557,1987.8069550781252,224,112,-112,3000.0,3179.972728543,1.0599909095143334,0.0,/mnt/8tb_hdd2/joyce/test/M80_US_InF_H13.txt
/mnt/8tb_hdd2/joyce/Minxiong/outputs/planH5/Minxiong.p01.hdf,H13,test,inflow,result_upstreamBC1_flow_per_face_sum,239,239,0.3932136929035341,1.1016227186259961,999.7709073084065,1390.2957468076643,238,112,-126,3050.0003967285156,3179.972728543,1.0426138737404411,0.0,/mnt/8tb_hdd2/joyce/test/M80_US_InF_H13.txt
/mnt/8tb_hdd2/joyce/Minxiong/outputs/planH5/Minxiong.p01.hdf,H13,test,inflow,result_upstreamBC2_flow_per_face_sum,239,239,0.19337700931354335,1.2701362058349934,1401.0553755802557,1987.8069550781252,224,112,-112,3000.0,3179.972728543,1.0599909095143334,0.0,/mnt/8tb_hdd2/joyce/test/M80_US_InF_H13.txt
/mnt/8tb_hdd2/joyce/Minxiong/outputs/planH5/Minxiong.p01.hdf,H13,test,precipitation,Event Conditions/Unsteady/Boundary Conditions/Precipitation Hydrographs/2D: per2,239,100,0.8534400479259525,0.5414054895806782,29.216528371859052,64.55514239099502,106,87,-19,2.900782977833468,66.705032349,22.99552667632535,0.0,/mnt/8tb_hdd2/joyce/test/M80_Pr_H13.txt
/mnt/8tb_hdd2/joyce/Minxiong/outputs/planH5/Minxiong.p01.hdf,H14,test,inflow,event_upstreamBC1,239,31,0.3736601312844289,1.1192317621615024,1119.467261950054,1682.5496679113055,238,120,-118,3066.6669921875,3567.069,1.1631745504442774,0.0,/mnt/8tb_hdd2/joyce/test/M80_US_InF_H14.txt
/mnt/8tb_hdd2/joyce/Minxiong/outputs/planH5/Minxiong.p01.hdf,H14,test,inflow,event_upstreamBC2,239,31,0.18047763732947839,1.28025182106531,1525.2716856826917,2343.2940352383143,222,120,-102,2997.9831932773104,3567.069,1.1898228809283553,0.0,/mnt/8tb_hdd2/joyce/test/M80_US_InF_H14.txt
/mnt/8tb_hdd2/joyce/Minxiong/outputs/planH5/Minxiong.p01.hdf,H14,test,inflow,result_upstreamBC1,239,239,0.37362238781132556,1.1192654843143108,1124.4823322747916,1693.3540107421877,238,120,-118,3050.00048828125,3567.069,1.169530632439384,0.0,/mnt/8tb_hdd2/joyce/test/M80_US_InF_H14.txt
/mnt/8tb_hdd2/joyce/Minxiong/outputs/planH5/Minxiong.p01.hdf,H14,test,inflow,result_upstreamBC2,239,239,0.17459091638683574,1.2848416895580286,1533.4432511942261,2350.496955078125,224,120,-104,3000.0,3567.069,1.189023,0.0,/mnt/8tb_hdd2/joyce/test/M80_US_InF_H14.txt
/mnt/8tb_hdd2/joyce/Minxiong/outputs/planH5/Minxiong.p01.hdf,H14,test,inflow,result_upstreamBC1_flow_per_face_sum,239,239,0.3736223914723493,1.1192654810433948,1124.4823308773553,1693.3540107421877,238,120,-118,3050.0003967285156,3567.069,1.1695306675455195,0.0,/mnt/8tb_hdd2/joyce/test/M80_US_InF_H14.txt
/mnt/8tb_hdd2/joyce/Minxiong/outputs/planH5/Minxiong.p01.hdf,H14,test,inflow,result_upstreamBC2_flow_per_face_sum,239,239,0.17459091638683574,1.2848416895580286,1533.4432511942261,2350.496955078125,224,120,-104,3000.0,3567.069,1.189023,0.0,/mnt/8tb_hdd2/joyce/test/M80_US_InF_H14.txt
/mnt/8tb_hdd2/joyce/Minxiong/outputs/planH5/Minxiong.p01.hdf,H14,test,precipitation,Event Conditions/Unsteady/Boundary Conditions/Precipitation Hydrographs/2D: per2,239,100,0.8533563159387243,0.5415601241991064,26.47727900713555,59.07582949399501,106,87,-19,2.900782977833468,61.225719452,21.106618426769785,0.0,/mnt/8tb_hdd2/joyce/test/M80_Pr_H14.txt
/mnt/8tb_hdd2/joyce/Minxiong/outputs/planH5/Minxiong.p01.hdf,H15,test,inflow,event_upstreamBC1,239,31,0.07657646181612264,1.3589875188417861,1137.8439179148459,1618.6881418895,238,128,-110,3066.6669921875,3395.156836327,1.1071162421535645,0.0,/mnt/8tb_hdd2/joyce/test/M80_US_InF_H15.txt
/mnt/8tb_hdd2/joyce/Minxiong/outputs/planH5/Minxiong.p01.hdf,H15,test,inflow,event_upstreamBC2,239,31,-0.12526719302685668,1.5001781181092175,1520.884770086989,2136.933393909345,222,128,-94,2997.9831932773104,3395.156836327,1.1324802767208013,0.0,/mnt/8tb_hdd2/joyce/test/M80_US_InF_H15.txt
/mnt/8tb_hdd2/joyce/Minxiong/outputs/planH5/Minxiong.p01.hdf,H15,test,inflow,result_upstreamBC1,239,239,0.07654424605339558,1.3590112243440846,1141.0491836369854,1602.02163798325,238,128,-110,3050.00048828125,3395.156836327,1.1131659976357098,0.0,/mnt/8tb_hdd2/joyce/test/M80_US_InF_H15.txt
/mnt/8tb_hdd2/joyce/Minxiong/outputs/planH5/Minxiong.p01.hdf,H15,test,inflow,result_upstreamBC2,239,239,-0.13134462555330126,1.5042238035301139,1527.5340029405434,2142.9358271091874,224,128,-96,3000.0,3395.156836327,1.1317189454423333,0.0,/mnt/8tb_hdd2/joyce/test/M80_US_InF_H15.txt
/mnt/8tb_hdd2/joyce/Minxiong/outputs/planH5/Minxiong.p01.hdf,H15,test,inflow,result_upstreamBC1_flow_per_face_sum,239,239,0.0765442499321141,1.3590112214900112,1141.0491829208443,1602.0215464305156,238,128,-110,3050.0003967285156,3395.156836327,1.113166031049932,0.0,/mnt/8tb_hdd2/joyce/test/M80_US_InF_H15.txt
/mnt/8tb_hdd2/joyce/Minxiong/outputs/planH5/Minxiong.p01.hdf,H15,test,inflow,result_upstreamBC2_flow_per_face_sum,239,239,-0.13134462555330126,1.5042238035301139,1527.5340029405434,2142.9358271091874,224,128,-96,3000.0,3395.156836327,1.1317189454423333,0.0,/mnt/8tb_hdd2/joyce/test/M80_US_InF_H15.txt
/mnt/8tb_hdd2/joyce/Minxiong/outputs/planH5/Minxiong.p01.hdf,H15,test,precipitation,Event Conditions/Unsteady/Boundary Conditions/Precipitation Hydrographs/2D: per2,239,100,0.8533557287412222,0.5415612084682172,33.21242871875646,73.73982158610865,106,88,-18,2.900782977833468,75.930831909,26.17597817183521,0.0,/mnt/8tb_hdd2/joyce/test/M80_Pr_H15.txt
/mnt/8tb_hdd2/joyce/Minxiong/outputs/planH6/Minxiong.p01.hdf,H1,train,inflow,event_upstreamBC1,239,31,0.4793077349495618,1.0204824986744632,1245.0282436079215,1815.2339175696266,238,112,-126,3066.6669921875,3776.869530938,1.2315877597925629,0.0,/mnt/8tb_hdd2/joyce/train/M80_US_InF_H1.txt
/mnt/8tb_hdd2/joyce/Minxiong/outputs/planH6/Minxiong.p01.hdf,H1,train,inflow,event_upstreamBC2,239,31,0.2916833203760999,1.1902240794269794,1660.799728085674,2442.7518838791766,222,112,-110,2997.9831932773104,3776.869530938,1.2598034369929982,0.0,/mnt/8tb_hdd2/joyce/train/M80_US_InF_H1.txt
/mnt/8tb_hdd2/joyce/Minxiong/outputs/planH6/Minxiong.p01.hdf,H1,train,inflow,result_upstreamBC1,239,239,0.4792149110579105,1.0205734554083692,1251.3071474281626,1825.137887214125,238,112,-126,3050.00048828125,3776.869530938,1.2383176807510474,0.0,/mnt/8tb_hdd2/joyce/train/M80_US_InF_H1.txt
/mnt/8tb_hdd2/joyce/Minxiong/outputs/planH6/Minxiong.p01.hdf,H1,train,inflow,result_upstreamBC2,239,239,0.28624630013180596,1.194783411224138,1669.9404673833476,2456.869530938,224,112,-112,3000.0,3776.869530938,1.2589565103126668,0.0,/mnt/8tb_hdd2/joyce/train/M80_US_InF_H1.txt
/mnt/8tb_hdd2/joyce/Minxiong/outputs/planH6/Minxiong.p01.hdf,H1,train,inflow,result_upstreamBC1_flow_per_face_sum,239,239,0.4792149145621601,1.0205734519747613,1251.3071454810718,1825.1378566965468,238,112,-126,3050.0003967285156,3776.869530938,1.2383177179219835,0.0,/mnt/8tb_hdd2/joyce/train/M80_US_InF_H1.txt
/mnt/8tb_hdd2/joyce/Minxiong/outputs/planH6/Minxiong.p01.hdf,H1,train,inflow,result_upstreamBC2_flow_per_face_sum,239,239,0.28624630013180596,1.194783411224138,1669.9404673833476,2456.869530938,224,112,-112,3000.0,3776.869530938,1.2589565103126668,0.0,/mnt/8tb_hdd2/joyce/train/M80_US_InF_H1.txt
/mnt/8tb_hdd2/joyce/Minxiong/outputs/planH6/Minxiong.p01.hdf,H1,train,precipitation,Event Conditions/Unsteady/Boundary Conditions/Precipitation Hydrographs/2D: per2,239,100,0.8534114605407911,0.5414582891769396,30.626734298963385,67.16999729332136,106,88,-18,0.9976890778341214,67.923568726,68.08089838314655,0.0,/mnt/8tb_hdd2/joyce/train/M80_Pr_H1.txt
/mnt/8tb_hdd2/joyce/Minxiong/outputs/planH6/Minxiong.p01.hdf,H2,train,inflow,event_upstreamBC1,239,31,0.2596830857678205,1.2168129800689826,1254.872604813326,1854.1156679113053,238,128,-110,3066.6669921875,3802.466187625,1.2399344947827686,0.0,/mnt/8tb_hdd2/joyce/train/M80_US_InF_H2.txt
/mnt/8tb_hdd2/joyce/Minxiong/outputs/planH6/Minxiong.p01.hdf,H2,train,inflow,event_upstreamBC2,239,31,0.06069464528408745,1.3706242043068644,1656.5996258744085,2514.860035238314,222,128,-94,2997.9831932773104,3802.466187625,1.268341395692833,0.0,/mnt/8tb_hdd2/joyce/train/M80_US_InF_H2.txt
/mnt/8tb_hdd2/joyce/Minxiong/outputs/planH6/Minxiong.p01.hdf,H2,train,inflow,result_upstreamBC1,239,239,0.2596646479233844,1.216828132545115,1259.580378041579,1864.9200107421875,238,128,-110,3050.00048828125,3802.466187625,1.2467100258622525,0.0,/mnt/8tb_hdd2/joyce/train/M80_US_InF_H2.txt
/mnt/8tb_hdd2/joyce/Minxiong/outputs/planH6/Minxiong.p01.hdf,H2,train,inflow,result_upstreamBC2,239,239,0.05456728341886038,1.375087427461352,1664.7630005057372,2522.062955078125,224,128,-96,3000.0,3802.466187625,1.2674887292083334,0.0,/mnt/8tb_hdd2/joyce/train/M80_US_InF_H2.txt
/mnt/8tb_hdd2/joyce/Minxiong/outputs/planH6/Minxiong.p01.hdf,H2,train,inflow,result_upstreamBC1_flow_per_face_sum,239,239,0.25966465163900204,1.2168281294915875,1259.580376479923,1864.9200107421875,238,128,-110,3050.0003967285156,3802.466187625,1.246710063285104,0.0,/mnt/8tb_hdd2/joyce/train/M80_US_InF_H2.txt
/mnt/8tb_hdd2/joyce/Minxiong/outputs/planH6/Minxiong.p01.hdf,H2,train,inflow,result_upstreamBC2_flow_per_face_sum,239,239,0.05456728341886038,1.375087427461352,1664.7630005057372,2522.062955078125,224,128,-96,3000.0,3802.466187625,1.2674887292083334,0.0,/mnt/8tb_hdd2/joyce/train/M80_US_InF_H2.txt
/mnt/8tb_hdd2/joyce/Minxiong/outputs/planH6/Minxiong.p01.hdf,H2,train,precipitation,Event Conditions/Unsteady/Boundary Conditions/Precipitation Hydrographs/2D: per2,239,100,0.8533555645273758,0.5415615116911916,32.2698870642532,71.00134750272876,106,87,-19,0.9976890778341214,71.740776062,71.9069474206751,0.0,/mnt/8tb_hdd2/joyce/train/M80_Pr_H2.txt
/mnt/8tb_hdd2/joyce/Minxiong/outputs/planH6/Minxiong.p01.hdf,H3,train,inflow,event_upstreamBC1,239,31,0.14961024232381404,1.3041393772723726,1354.3346125940716,2128.408667911305,238,96,-142,3066.6669921875,3924.927,1.279867364144514,0.0,/mnt/8tb_hdd2/joyce/train/M80_US_InF_H3.txt
/mnt/8tb_hdd2/joyce/Minxiong/outputs/planH6/Minxiong.p01.hdf,H3,train,inflow,event_upstreamBC2,239,31,-0.05440103893977544,1.4521715042926406,1752.274629179314,2789.1530352383143,222,96,-126,2997.9831932773104,3924.927,1.309189127144299,0.0,/mnt/8tb_hdd2/joyce/train/M80_US_InF_H3.txt
/mnt/8tb_hdd2/joyce/Minxiong/outputs/planH6/Minxiong.p01.hdf,H3,train,inflow,result_upstreamBC1,239,239,0.14947945321340303,1.3042396610949976,1358.7199434696574,2139.2130107421876,238,96,-142,3050.00048828125,3924.927,1.2868611054589676,0.0,/mnt/8tb_hdd2/joyce/train/M80_US_InF_H3.txt
/mnt/8tb_hdd2/joyce/Minxiong/outputs/planH6/Minxiong.p01.hdf,H3,train,inflow,result_upstreamBC2,239,239,-0.06028470295894768,1.4562174995233015,1760.0139821068897,2796.355955078125,224,96,-128,3000.0,3924.927,1.308309,0.0,/mnt/8tb_hdd2/joyce/train/M80_US_InF_H3.txt
/mnt/8tb_hdd2/joyce/Minxiong/outputs/planH6/Minxiong.p01.hdf,H3,train,inflow,result_upstreamBC1_flow_per_face_sum,239,239,0.14947945693733883,1.304239658239743,1358.7199420121399,2139.2130107421876,238,96,-142,3050.0003967285156,3924.927,1.2868611440870454,0.0,/mnt/8tb_hdd2/joyce/train/M80_US_InF_H3.txt
/mnt/8tb_hdd2/joyce/Minxiong/outputs/planH6/Minxiong.p01.hdf,H3,train,inflow,result_upstreamBC2_flow_per_face_sum,239,239,-0.06028470295894768,1.4562174995233015,1760.0139821068897,2796.355955078125,224,96,-128,3000.0,3924.927,1.308309,0.0,/mnt/8tb_hdd2/joyce/train/M80_US_InF_H3.txt
/mnt/8tb_hdd2/joyce/Minxiong/outputs/planH6/Minxiong.p01.hdf,H3,train,precipitation,Event Conditions/Unsteady/Boundary Conditions/Precipitation Hydrographs/2D: per2,239,100,0.8533634131718613,0.5415470188785778,22.83031809339842,50.127232512728774,106,87,-19,0.9976890778341214,50.866661072,50.984482242129175,0.0,/mnt/8tb_hdd2/joyce/train/M80_Pr_H3.txt
/mnt/8tb_hdd2/joyce/Minxiong/outputs/planH6/Minxiong.p01.hdf,H4,train,inflow,event_upstreamBC1,239,31,-0.14534061431487733,1.5134996625799937,1180.048870037099,1789.3030181365,238,112,-126,3066.6669921875,3313.656858284,1.0805401651779343,0.0,/mnt/8tb_hdd2/joyce/train/M80_US_InF_H4.txt
/mnt/8tb_hdd2/joyce/Minxiong/outputs/planH6/Minxiong.p01.hdf,H4,train,inflow,event_upstreamBC2,239,31,-0.3429125937969653,1.638848738472813,1545.3961585033003,2193.858132432345,222,112,-110,2997.9831932773104,3313.656858284,1.1052953417866243,0.0,/mnt/8tb_hdd2/joyce/train/M80_US_InF_H4.txt
/mnt/8tb_hdd2/joyce/Minxiong/outputs/planH6/Minxiong.p01.hdf,H4,train,inflow,result_upstreamBC1,239,239,-0.14548647893393185,1.5135960352312845,1182.262528339277,1772.63651423025,238,112,-126,3050.00048828125,3313.656858284,1.0864446976371884,0.0,/mnt/8tb_hdd2/joyce/train/M80_US_InF_H4.txt
/mnt/8tb_hdd2/joyce/Minxiong/outputs/planH6/Minxiong.p01.hdf,H4,train,inflow,result_upstreamBC2,239,239,-0.3485565945485672,1.6422890090045463,1550.971448089331,2199.8605656321874,224,112,-112,3000.0,3313.656858284,1.1045522860946666,0.0,/mnt/8tb_hdd2/joyce/train/M80_US_InF_H4.txt
/mnt/8tb_hdd2/joyce/Minxiong/outputs/planH6/Minxiong.p01.hdf,H4,train,inflow,result_upstreamBC1_flow_per_face_sum,239,239,-0.1454864759451869,1.5135960332566858,1182.2625283853477,1772.6364226775156,238,112,-126,3050.0003967285156,3313.656858284,1.0864447302493099,0.0,/mnt/8tb_hdd2/joyce/train/M80_US_InF_H4.txt
/mnt/8tb_hdd2/joyce/Minxiong/outputs/planH6/Minxiong.p01.hdf,H4,train,inflow,result_upstreamBC2_flow_per_face_sum,239,239,-0.3485565945485672,1.6422890090045463,1550.971448089331,2199.8605656321874,224,112,-112,3000.0,3313.656858284,1.1045522860946666,0.0,/mnt/8tb_hdd2/joyce/train/M80_US_InF_H4.txt
/mnt/8tb_hdd2/joyce/Minxiong/outputs/planH6/Minxiong.p01.hdf,H4,train,precipitation,Event Conditions/Unsteady/Boundary Conditions/Precipitation Hydrographs/2D: per2,239,100,0.8533730177902341,0.5415292830674362,28.439692628132157,62.47047718232136,106,88,-18,0.9976890778341214,63.224048615,63.37049289168605,0.0,/mnt/8tb_hdd2/joyce/train/M80_Pr_H4.txt
/mnt/8tb_hdd2/joyce/Minxiong/outputs/planH6/Minxiong.p01.hdf,H5,train,inflow,event_upstreamBC1,239,31,-0.09546784903825595,1.4801809680159086,1103.2487825889657,1924.0870121495,238,120,-118,3066.6669921875,3273.61,1.0674814084280095,0.0,/mnt/8tb_hdd2/joyce/train/M80_US_InF_H5.txt
/mnt/8tb_hdd2/joyce/Minxiong/outputs/planH6/Minxiong.p01.hdf,H5,train,inflow,event_upstreamBC2,239,31,-0.2970331542499765,1.6106105390503171,1455.9438448549533,2010.2768732356226,222,120,-102,2997.9831932773104,3273.61,1.0919374089023435,0.0,/mnt/8tb_hdd2/joyce/train/M80_US_InF_H5.txt
/mnt/8tb_hdd2/joyce/Minxiong/outputs/planH6/Minxiong.p01.hdf,H5,train,inflow,result_upstreamBC1,239,239,-0.09555924711024257,1.480242714631788,1104.6221028342993,1907.42050824325,238,120,-118,3050.00048828125,3273.61,1.073314582269054,0.0,/mnt/8tb_hdd2/joyce/train/M80_US_InF_H5.txt
/mnt/8tb_hdd2/joyce/Minxiong/outputs/planH6/Minxiong.p01.hdf,H5,train,inflow,result_upstreamBC2,239,239,-0.30264786672109556,1.614092851555384,1461.0099418079972,2015.6789892578126,224,120,-104,3000.0,3273.61,1.0912033333333333,0.0,/mnt/8tb_hdd2/joyce/train/M80_US_InF_H5.txt
/mnt/8tb_hdd2/joyce/Minxiong/outputs/planH6/Minxiong.p01.hdf,H5,train,inflow,result_upstreamBC1_flow_per_face_sum,239,239,-0.09555924394976216,1.4802427124966784,1104.622102921907,1907.4204166905156,238,120,-118,3050.0003967285156,3273.61,1.0733146144870447,0.0,/mnt/8tb_hdd2/joyce/train/M80_US_InF_H5.txt
/mnt/8tb_hdd2/joyce/Minxiong/outputs/planH6/Minxiong.p01.hdf,H5,train,inflow,result_upstreamBC2_flow_per_face_sum,239,239,-0.30264786672109556,1.614092851555384,1461.0099418079972,2015.6789892578126,224,120,-104,3000.0,3273.61,1.0912033333333333,0.0,/mnt/8tb_hdd2/joyce/train/M80_US_InF_H5.txt
/mnt/8tb_hdd2/joyce/Minxiong/outputs/planH6/Minxiong.p01.hdf,H5,train,precipitation,Event Conditions/Unsteady/Boundary Conditions/Precipitation Hydrographs/2D: per2,239,100,0.8533467803656524,0.541577731511084,23.90487361323604,52.808854063728774,106,87,-19,0.9976890778341214,53.548282623,53.672315165810694,0.0,/mnt/8tb_hdd2/joyce/train/M80_Pr_H5.txt
/mnt/8tb_hdd2/joyce/Minxiong/outputs/planH6/Minxiong.p01.hdf,H6,train,inflow,event_upstreamBC1,239,31,0.36704077566671717,1.1251304140705496,982.3012980570435,1344.5545942156268,238,128,-110,3066.6669921875,3347.03503992,1.0914243536865114,0.0,/mnt/8tb_hdd2/joyce/train/M80_US_InF_H6.txt
/mnt/8tb_hdd2/joyce/Minxiong/outputs/planH6/Minxiong.p01.hdf,H6,train,inflow,event_upstreamBC2,239,31,0.17156709166326917,1.2871929989995528,1376.8444598455887,1983.060035238314,222,128,-94,2997.9831932773104,3347.03503992,1.1164288870682815,0.0,/mnt/8tb_hdd2/joyce/train/M80_US_InF_H6.txt
/mnt/8tb_hdd2/joyce/Minxiong/outputs/planH6/Minxiong.p01.hdf,H6,train,inflow,result_upstreamBC1,239,239,0.36700348866759214,1.125163553739996,986.2070279833362,1354.4585638601252,238,128,-110,3050.00048828125,3347.03503992,1.097388361995357,0.0,/mnt/8tb_hdd2/joyce/train/M80_US_InF_H6.txt
/mnt/8tb_hdd2/joyce/Minxiong/outputs/planH6/Minxiong.p01.hdf,H6,train,inflow,result_upstreamBC2,239,239,0.16589431802471474,1.29159256886627,1384.1514429724812,1990.2629550781248,224,128,-96,3000.0,3347.03503992,1.11567834664,0.0,/mnt/8tb_hdd2/joyce/train/M80_US_InF_H6.txt
/mnt/8tb_hdd2/joyce/Minxiong/outputs/planH6/Minxiong.p01.hdf,H6,train,inflow,result_upstreamBC1_flow_per_face_sum,239,239,0.3670034923820126,1.1251635504387694,986.2070269055181,1354.458533342547,238,128,-110,3050.0003967285156,3347.03503992,1.0973883949359775,0.0,/mnt/8tb_hdd2/joyce/train/M80_US_InF_H6.txt
/mnt/8tb_hdd2/joyce/Minxiong/outputs/planH6/Minxiong.p01.hdf,H6,train,inflow,result_upstreamBC2_flow_per_face_sum,239,239,0.16589431802471474,1.29159256886627,1384.1514429724812,1990.2629550781248,224,128,-96,3000.0,3347.03503992,1.11567834664,0.0,/mnt/8tb_hdd2/joyce/train/M80_US_InF_H6.txt
/mnt/8tb_hdd2/joyce/Minxiong/outputs/planH6/Minxiong.p01.hdf,H6,train,precipitation,Event Conditions/Unsteady/Boundary Conditions/Precipitation Hydrographs/2D: per2,239,100,0.853310858915674,0.5416440548632032,25.913898824374762,56.742722471728776,106,87,-19,0.9976890778341214,57.482151031,57.61529549445177,0.0,/mnt/8tb_hdd2/joyce/train/M80_Pr_H6.txt
/mnt/8tb_hdd2/joyce/Minxiong/outputs/planH6/Minxiong.p01.hdf,H7,train,inflow,event_upstreamBC1,239,31,0.3372116268099499,1.1513369386848056,1308.3271438100592,1884.2201730586266,238,112,-126,3066.6669921875,3812.946467066,1.2433519768464223,0.0,/mnt/8tb_hdd2/joyce/train/M80_US_InF_H7.txt
/mnt/8tb_hdd2/joyce/Minxiong/outputs/planH6/Minxiong.p01.hdf,H7,train,inflow,event_upstreamBC2,239,31,0.141055556596071,1.3106826033818628,1719.3877718762553,2508.949645755909,222,112,-110,2997.9831932773104,3812.946467066,1.2718371722750703,0.0,/mnt/8tb_hdd2/joyce/train/M80_US_InF_H7.txt
/mnt/8tb_hdd2/joyce/Minxiong/outputs/planH6/Minxiong.p01.hdf,H7,train,inflow,result_upstreamBC1,239,239,0.3371090005778464,1.1514260718102172,1313.9883263164854,1894.124142703125,238,112,-126,3050.00048828125,3812.946467066,1.250146182505921,0.0,/mnt/8tb_hdd2/joyce/train/M80_US_InF_H7.txt
/mnt/8tb_hdd2/joyce/Minxiong/outputs/planH6/Minxiong.p01.hdf,H7,train,inflow,result_upstreamBC2,239,239,0.13524589417308336,1.3151076806306898,1728.0729974145913,2515.5522432890625,224,112,-112,3000.0,3812.946467066,1.2709821556886667,0.0,/mnt/8tb_hdd2/joyce/train/M80_US_InF_H7.txt
/mnt/8tb_hdd2/joyce/Minxiong/outputs/planH6/Minxiong.p01.hdf,H7,train,inflow,result_upstreamBC1_flow_per_face_sum,239,239,0.33710900367106295,1.1514260691237943,1313.988324837183,1894.124112185547,238,112,-126,3050.0003967285156,3812.946467066,1.2501462200319167,0.0,/mnt/8tb_hdd2/joyce/train/M80_US_InF_H7.txt
/mnt/8tb_hdd2/joyce/Minxiong/outputs/planH6/Minxiong.p01.hdf,H7,train,inflow,result_upstreamBC2_flow_per_face_sum,239,239,0.13524589417308336,1.3151076806306898,1728.0729974145913,2515.5522432890625,224,112,-112,3000.0,3812.946467066,1.2709821556886667,0.0,/mnt/8tb_hdd2/joyce/train/M80_US_InF_H7.txt
/mnt/8tb_hdd2/joyce/Minxiong/outputs/planH6/Minxiong.p01.hdf,H7,train,precipitation,Event Conditions/Unsteady/Boundary Conditions/Precipitation Hydrographs/2D: per2,239,100,0.85340532066648,0.5414696285730504,26.744559643685992,59.143349608728776,106,87,-19,0.9976890778341214,59.882778168,60.021483143825975,0.0,/mnt/8tb_hdd2/joyce/train/M80_Pr_H7.txt
/mnt/8tb_hdd2/joyce/Minxiong/outputs/planH6/Minxiong.p01.hdf,H8,train,inflow,event_upstreamBC1,239,31,0.2918518277930235,1.1900824947935134,1129.8797499578347,1656.3174052865295,238,112,-126,3066.6669921875,3664.160580838,1.1948348451829454,0.0,/mnt/8tb_hdd2/joyce/train/M80_US_InF_H8.txt
/mnt/8tb_hdd2/joyce/Minxiong/outputs/planH6/Minxiong.p01.hdf,H8,train,inflow,event_upstreamBC2,239,31,0.09293890371387944,1.3468935342380415,1525.2689320466484,2330.0429337791766,222,112,-110,2997.9831932773104,3664.160580838,1.2222085130612235,0.0,/mnt/8tb_hdd2/joyce/train/M80_US_InF_H8.txt
/mnt/8tb_hdd2/joyce/Minxiong/outputs/planH6/Minxiong.p01.hdf,H8,train,inflow,result_upstreamBC1,239,239,0.29181605311796305,1.1901125550821126,1133.9958277247163,1664.160580838,238,112,-126,3050.00048828125,3664.160580838,1.2013639325359073,0.0,/mnt/8tb_hdd2/joyce/train/M80_US_InF_H8.txt
/mnt/8tb_hdd2/joyce/Minxiong/outputs/planH6/Minxiong.p01.hdf,H8,train,inflow,result_upstreamBC2,239,239,0.08701354753216779,1.3512856489046514,1532.985959082716,2344.160580838,224,112,-112,3000.0,3664.160580838,1.2213868602793334,0.0,/mnt/8tb_hdd2/joyce/train/M80_US_InF_H8.txt
/mnt/8tb_hdd2/joyce/Minxiong/outputs/planH6/Minxiong.p01.hdf,H8,train,inflow,result_upstreamBC1_flow_per_face_sum,239,239,0.29181605646154535,1.1901125522726452,1133.995826431522,1664.1605198028437,238,112,-126,3050.0003967285156,3664.160580838,1.201363968597592,0.0,/mnt/8tb_hdd2/joyce/train/M80_US_InF_H8.txt
/mnt/8tb_hdd2/joyce/Minxiong/outputs/planH6/Minxiong.p01.hdf,H8,train,inflow,result_upstreamBC2_flow_per_face_sum,239,239,0.08701354753216779,1.3512856489046514,1532.985959082716,2344.160580838,224,112,-112,3000.0,3664.160580838,1.2213868602793334,0.0,/mnt/8tb_hdd2/joyce/train/M80_US_InF_H8.txt
/mnt/8tb_hdd2/joyce/Minxiong/outputs/planH6/Minxiong.p01.hdf,H8,train,precipitation,Event Conditions/Unsteady/Boundary Conditions/Precipitation Hydrographs/2D: per2,239,100,0.8534200145732358,0.5414424908090674,28.416231065490187,62.516594847728776,106,87,-19,0.9976890778341214,63.256023407,63.402541746094094,0.0,/mnt/8tb_hdd2/joyce/train/M80_Pr_H8.txt
/mnt/8tb_hdd2/joyce/Minxiong/outputs/planH6/Minxiong.p01.hdf,H9,train,inflow,event_upstreamBC1,239,31,0.030085428822744575,1.392777492047639,1376.928809611977,1862.424644154894,238,104,-134,3066.6669921875,3766.986391217,1.2283649971821529,0.0,/mnt/8tb_hdd2/joyce/train/M80_US_InF_H9.txt
/mnt/8tb_hdd2/joyce/Minxiong/outputs/planH6/Minxiong.p01.hdf,H9,train,inflow,event_upstreamBC2,239,31,-0.17335190446880708,1.5318954954361652,1779.5331507554827,2553.877147519521,222,104,-118,2997.9831932773104,3766.986391217,1.2565068408869353,0.0,/mnt/8tb_hdd2/joyce/train/M80_US_InF_H9.txt
/mnt/8tb_hdd2/joyce/Minxiong/outputs/planH6/Minxiong.p01.hdf,H9,train,inflow,result_upstreamBC1,239,239,0.030038699277466597,1.3928110429792933,1381.8541954782645,1874.1293355529374,238,104,-134,3050.00048828125,3766.986391217,1.2350773075907897,0.0,/mnt/8tb_hdd2/joyce/train/M80_US_InF_H9.txt
/mnt/8tb_hdd2/joyce/Minxiong/outputs/planH6/Minxiong.p01.hdf,H9,train,inflow,result_upstreamBC2,239,239,-0.1792305075361108,1.5357281709574198,1787.129409227326,2566.986391217,224,104,-120,3000.0,3766.986391217,1.2556621304056665,0.0,/mnt/8tb_hdd2/joyce/train/M80_US_InF_H9.txt
/mnt/8tb_hdd2/joyce/Minxiong/outputs/planH6/Minxiong.p01.hdf,H9,train,inflow,result_upstreamBC1_flow_per_face_sum,239,239,0.030038702968937393,1.392811040328919,1381.8541946423663,1874.1293202941483,238,104,-134,3050.0003967285156,3766.986391217,1.2350773446644585,0.0,/mnt/8tb_hdd2/joyce/train/M80_US_InF_H9.txt
/mnt/8tb_hdd2/joyce/Minxiong/outputs/planH6/Minxiong.p01.hdf,H9,train,inflow,result_upstreamBC2_flow_per_face_sum,239,239,-0.1792305075361108,1.5357281709574198,1787.129409227326,2566.986391217,224,104,-120,3000.0,3766.986391217,1.2556621304056665,0.0,/mnt/8tb_hdd2/joyce/train/M80_US_InF_H9.txt
/mnt/8tb_hdd2/joyce/Minxiong/outputs/planH6/Minxiong.p01.hdf,H9,train,precipitation,Event Conditions/Unsteady/Boundary Conditions/Precipitation Hydrographs/2D: per2,239,100,0.853437589441294,0.5414100304920573,28.12639475074061,61.42712493772878,106,87,-19,0.9976890778341214,62.166553497,62.31054832429066,0.0,/mnt/8tb_hdd2/joyce/train/M80_Pr_H9.txt
/mnt/8tb_hdd2/joyce/Minxiong/outputs/planH6/Minxiong.p01.hdf,H10,train,inflow,event_upstreamBC1,239,31,0.25272315661515676,1.2225194013878418,935.7358794563304,1785.1147846055,238,144,-94,3066.6669921875,3176.331,1.0357599987516986,0.0,/mnt/8tb_hdd2/joyce/train/M80_US_InF_H10.txt
/mnt/8tb_hdd2/joyce/Minxiong/outputs/planH6/Minxiong.p01.hdf,H10,train,inflow,event_upstreamBC2,239,31,0.052834200564095476,1.3763471941598926,1299.363393318363,1813.8927232513452,222,144,-78,2997.9831932773104,3176.331,1.0594892616885303,0.0,/mnt/8tb_hdd2/joyce/train/M80_US_InF_H10.txt
/mnt/8tb_hdd2/joyce/Minxiong/outputs/planH6/Minxiong.p01.hdf,H10,train,inflow,result_upstreamBC1,239,239,0.2526906818586017,1.2225459648957153,937.5762270560791,1768.44828069925,238,144,-94,3050.00048828125,3176.331,1.041419833276794,0.0,/mnt/8tb_hdd2/joyce/train/M80_US_InF_H10.txt
/mnt/8tb_hdd2/joyce/Minxiong/outputs/planH6/Minxiong.p01.hdf,H10,train,inflow,result_upstreamBC2,239,239,0.04702766895254076,1.3805595467399872,1305.3903761183199,1819.8951564511876,224,144,-80,3000.0,3176.331,1.058777,0.0,/mnt/8tb_hdd2/joyce/train/M80_US_InF_H10.txt
/mnt/8tb_hdd2/joyce/Minxiong/outputs/planH6/Minxiong.p01.hdf,H10,train,inflow,result_upstreamBC1_flow_per_face_sum,239,239,0.25269068508503845,1.2225459622566028,937.5762265544694,1768.4481891465157,238,144,-94,3050.0003967285156,3176.331,1.041419864537391,0.0,/mnt/8tb_hdd2/joyce/train/M80_US_InF_H10.txt
/mnt/8tb_hdd2/joyce/Minxiong/outputs/planH6/Minxiong.p01.hdf,H10,train,inflow,result_upstreamBC2_flow_per_face_sum,239,239,0.04702766895254076,1.3805595467399872,1305.3903761183199,1819.8951564511876,224,144,-80,3000.0,3176.331,1.058777,0.0,/mnt/8tb_hdd2/joyce/train/M80_US_InF_H10.txt
/mnt/8tb_hdd2/joyce/Minxiong/outputs/planH6/Minxiong.p01.hdf,H10,train,precipitation,Event Conditions/Unsteady/Boundary Conditions/Precipitation Hydrographs/2D: per2,239,100,0.8534782679017053,0.5413348909839335,27.57732884414039,60.77987762372877,106,87,-19,0.9976890778341214,61.519306183,61.66180180758516,0.0,/mnt/8tb_hdd2/joyce/train/M80_Pr_H10.txt
/mnt/8tb_hdd2/joyce/Minxiong/outputs/planH6/Minxiong.p01.hdf,H11,test,inflow,event_upstreamBC1,239,31,0.13038464129615926,1.3187989677762422,1340.5170720305723,1955.9503382992154,238,128,-110,3066.6669921875,3754.147968064,1.2241785552940359,0.0,/mnt/8tb_hdd2/joyce/test/M80_US_InF_H11.txt
/mnt/8tb_hdd2/joyce/Minxiong/outputs/planH6/Minxiong.p01.hdf,H11,test,inflow,event_upstreamBC2,239,31,-0.07126433602144461,1.463737910980955,1743.159251242987,2544.666407881345,222,128,-94,2997.9831932773104,3754.147968064,1.2522244876096424,0.0,/mnt/8tb_hdd2/joyce/test/M80_US_InF_H11.txt
/mnt/8tb_hdd2/joyce/Minxiong/outputs/planH6/Minxiong.p01.hdf,H11,test,inflow,result_upstreamBC1,239,239,0.13032167054788288,1.3188467154693282,1345.2836012075843,1964.953875260875,238,128,-110,3050.00048828125,3754.147968064,1.2308679891981114,0.0,/mnt/8tb_hdd2/joyce/test/M80_US_InF_H11.txt
/mnt/8tb_hdd2/joyce/Minxiong/outputs/planH6/Minxiong.p01.hdf,H11,test,inflow,result_upstreamBC2,239,239,-0.0771626930978824,1.4677620332314651,1750.9486148047486,2550.6688410811876,224,128,-96,3000.0,3754.147968064,1.2513826560213333,0.0,/mnt/8tb_hdd2/joyce/test/M80_US_InF_H11.txt
/mnt/8tb_hdd2/joyce/Minxiong/outputs/planH6/Minxiong.p01.hdf,H11,test,inflow,result_upstreamBC1_flow_per_face_sum,239,239,0.13032167480101303,1.3188467122444418,1345.283599820578,1964.9538905196641,238,128,-110,3050.0003967285156,3754.147968064,1.230868026145428,0.0,/mnt/8tb_hdd2/joyce/test/M80_US_InF_H11.txt
/mnt/8tb_hdd2/joyce/Minxiong/outputs/planH6/Minxiong.p01.hdf,H11,test,inflow,result_upstreamBC2_flow_per_face_sum,239,239,-0.0771626930978824,1.4677620332314651,1750.9486148047486,2550.6688410811876,224,128,-96,3000.0,3754.147968064,1.2513826560213333,0.0,/mnt/8tb_hdd2/joyce/test/M80_US_InF_H11.txt
/mnt/8tb_hdd2/joyce/Minxiong/outputs/planH6/Minxiong.p01.hdf,H11,test,precipitation,Event Conditions/Unsteady/Boundary Conditions/Precipitation Hydrographs/2D: per2,239,100,0.8533731423055826,0.541529053134578,26.26410610242464,57.93606098332136,106,88,-18,0.9976890778341214,58.689632416,58.8255737382723,0.0,/mnt/8tb_hdd2/joyce/test/M80_Pr_H11.txt
/mnt/8tb_hdd2/joyce/Minxiong/outputs/planH6/Minxiong.p01.hdf,H12,test,inflow,event_upstreamBC1,239,31,0.3435432431570036,1.1458243816946785,1247.4296984814443,1866.0321132168942,238,104,-134,3066.6669921875,3770.593860279,1.2295413456644597,0.0,/mnt/8tb_hdd2/joyce/test/M80_US_InF_H12.txt
/mnt/8tb_hdd2/joyce/Minxiong/outputs/planH6/Minxiong.p01.hdf,H12,test,inflow,event_upstreamBC2,239,31,0.14264311918438172,1.309470794493423,1659.270576468561,2557.4846165815215,222,104,-118,2997.9831932773104,3770.593860279,1.2577101395145227,0.0,/mnt/8tb_hdd2/joyce/test/M80_US_InF_H12.txt
/mnt/8tb_hdd2/joyce/Minxiong/outputs/planH6/Minxiong.p01.hdf,H12,test,inflow,result_upstreamBC1,239,239,0.3434013218785549,1.1459482345389296,1252.9452605640254,1877.7368046149377,238,104,-134,3050.00048828125,3770.593860279,1.2362600841430758,0.0,/mnt/8tb_hdd2/joyce/test/M80_US_InF_H12.txt
/mnt/8tb_hdd2/joyce/Minxiong/outputs/planH6/Minxiong.p01.hdf,H12,test,inflow,result_upstreamBC2,239,239,0.1372464941374143,1.3135855555407003,1667.6075650509197,2570.593860279,224,104,-120,3000.0,3770.593860279,1.256864620093,0.0,/mnt/8tb_hdd2/joyce/test/M80_US_InF_H12.txt
/mnt/8tb_hdd2/joyce/Minxiong/outputs/planH6/Minxiong.p01.hdf,H12,test,inflow,result_upstreamBC1_flow_per_face_sum,239,239,0.343401324656005,1.1459482321152163,1252.9452593401393,1877.7367893561486,238,104,-134,3050.0003967285156,3770.593860279,1.2362601212522484,0.0,/mnt/8tb_hdd2/joyce/test/M80_US_InF_H12.txt
/mnt/8tb_hdd2/joyce/Minxiong/outputs/planH6/Minxiong.p01.hdf,H12,test,inflow,result_upstreamBC2_flow_per_face_sum,239,239,0.1372464941374143,1.3135855555407003,1667.6075650509197,2570.593860279,224,104,-120,3000.0,3770.593860279,1.256864620093,0.0,/mnt/8tb_hdd2/joyce/test/M80_US_InF_H12.txt
/mnt/8tb_hdd2/joyce/Minxiong/outputs/planH6/Minxiong.p01.hdf,H12,test,precipitation,Event Conditions/Unsteady/Boundary Conditions/Precipitation Hydrographs/2D: per2,239,100,0.8533475102044189,0.5415763838935023,29.443643630584976,64.68584152172876,106,87,-19,0.9976890778341214,65.425270081,65.57681299171021,0.0,/mnt/8tb_hdd2/joyce/test/M80_Pr_H12.txt
/mnt/8tb_hdd2/joyce/Minxiong/outputs/planH6/Minxiong.p01.hdf,H13,test,inflow,event_upstreamBC1,239,31,0.3933371434093226,1.1015106505074543,995.3569272651337,1381.2921945872156,238,112,-126,3066.6669921875,3179.972728543,1.0369475188027106,0.0,/mnt/8tb_hdd2/joyce/test/M80_US_InF_H13.txt
/mnt/8tb_hdd2/joyce/Minxiong/outputs/planH6/Minxiong.p01.hdf,H13,test,inflow,event_upstreamBC2,239,31,0.1989160873956243,1.265767682163181,1393.7128692375495,1980.6040352383143,222,112,-110,2997.9831932773104,3179.972728543,1.0607039878254767,0.0,/mnt/8tb_hdd2/joyce/test/M80_US_InF_H13.txt
/mnt/8tb_hdd2/joyce/Minxiong/outputs/planH6/Minxiong.p01.hdf,H13,test,inflow,result_upstreamBC1,239,239,0.3932136891533916,1.101622722030196,999.7709081462551,1390.2957315488752,238,112,-126,3050.00048828125,3179.972728543,1.0426138424440032,0.0,/mnt/8tb_hdd2/joyce/test/M80_US_InF_H13.txt
/mnt/8tb_hdd2/joyce/Minxiong/outputs/planH6/Minxiong.p01.hdf,H13,test,inflow,result_upstreamBC2,239,239,0.19337700931354335,1.2701362058349934,1401.0553755802557,1987.8069550781252,224,112,-112,3000.0,3179.972728543,1.0599909095143334,0.0,/mnt/8tb_hdd2/joyce/test/M80_US_InF_H13.txt
/mnt/8tb_hdd2/joyce/Minxiong/outputs/planH6/Minxiong.p01.hdf,H13,test,inflow,result_upstreamBC1_flow_per_face_sum,239,239,0.3932136929035341,1.1016227186259961,999.7709073084065,1390.2957468076643,238,112,-126,3050.0003967285156,3179.972728543,1.0426138737404411,0.0,/mnt/8tb_hdd2/joyce/test/M80_US_InF_H13.txt
/mnt/8tb_hdd2/joyce/Minxiong/outputs/planH6/Minxiong.p01.hdf,H13,test,inflow,result_upstreamBC2_flow_per_face_sum,239,239,0.19337700931354335,1.2701362058349934,1401.0553755802557,1987.8069550781252,224,112,-112,3000.0,3179.972728543,1.0599909095143334,0.0,/mnt/8tb_hdd2/joyce/test/M80_US_InF_H13.txt
/mnt/8tb_hdd2/joyce/Minxiong/outputs/planH6/Minxiong.p01.hdf,H13,test,precipitation,Event Conditions/Unsteady/Boundary Conditions/Precipitation Hydrographs/2D: per2,239,100,0.8534400551532494,0.5414054762315386,30.108240444587114,65.96560378972877,106,87,-19,0.9976890778341214,66.705032349,66.85953954092557,0.0,/mnt/8tb_hdd2/joyce/test/M80_Pr_H13.txt
/mnt/8tb_hdd2/joyce/Minxiong/outputs/planH6/Minxiong.p01.hdf,H14,test,inflow,event_upstreamBC1,239,31,0.3736601312844289,1.1192317621615024,1119.467261950054,1682.5496679113055,238,120,-118,3066.6669921875,3567.069,1.1631745504442774,0.0,/mnt/8tb_hdd2/joyce/test/M80_US_InF_H14.txt
/mnt/8tb_hdd2/joyce/Minxiong/outputs/planH6/Minxiong.p01.hdf,H14,test,inflow,event_upstreamBC2,239,31,0.18047763732947839,1.28025182106531,1525.2716856826917,2343.2940352383143,222,120,-102,2997.9831932773104,3567.069,1.1898228809283553,0.0,/mnt/8tb_hdd2/joyce/test/M80_US_InF_H14.txt
/mnt/8tb_hdd2/joyce/Minxiong/outputs/planH6/Minxiong.p01.hdf,H14,test,inflow,result_upstreamBC1,239,239,0.37362238781132556,1.1192654843143108,1124.4823322747916,1693.3540107421877,238,120,-118,3050.00048828125,3567.069,1.169530632439384,0.0,/mnt/8tb_hdd2/joyce/test/M80_US_InF_H14.txt
/mnt/8tb_hdd2/joyce/Minxiong/outputs/planH6/Minxiong.p01.hdf,H14,test,inflow,result_upstreamBC2,239,239,0.17459091638683574,1.2848416895580286,1533.4432511942261,2350.496955078125,224,120,-104,3000.0,3567.069,1.189023,0.0,/mnt/8tb_hdd2/joyce/test/M80_US_InF_H14.txt
/mnt/8tb_hdd2/joyce/Minxiong/outputs/planH6/Minxiong.p01.hdf,H14,test,inflow,result_upstreamBC1_flow_per_face_sum,239,239,0.3736223914723493,1.1192654810433948,1124.4823308773553,1693.3540107421877,238,120,-118,3050.0003967285156,3567.069,1.1695306675455195,0.0,/mnt/8tb_hdd2/joyce/test/M80_US_InF_H14.txt
/mnt/8tb_hdd2/joyce/Minxiong/outputs/planH6/Minxiong.p01.hdf,H14,test,inflow,result_upstreamBC2_flow_per_face_sum,239,239,0.17459091638683574,1.2848416895580286,1533.4432511942261,2350.496955078125,224,120,-104,3000.0,3567.069,1.189023,0.0,/mnt/8tb_hdd2/joyce/test/M80_US_InF_H14.txt
/mnt/8tb_hdd2/joyce/Minxiong/outputs/planH6/Minxiong.p01.hdf,H14,test,precipitation,Event Conditions/Unsteady/Boundary Conditions/Precipitation Hydrographs/2D: per2,239,100,0.8533563232238212,0.5415601107470501,27.368523237233017,60.486290892728775,106,87,-19,0.9976890778341214,61.225719452,61.36753504901009,0.0,/mnt/8tb_hdd2/joyce/test/M80_Pr_H14.txt
/mnt/8tb_hdd2/joyce/Minxiong/outputs/planH6/Minxiong.p01.hdf,H15,test,inflow,event_upstreamBC1,239,31,0.07657646181612264,1.3589875188417861,1137.8439179148459,1618.6881418895,238,128,-110,3066.6669921875,3395.156836327,1.1071162421535645,0.0,/mnt/8tb_hdd2/joyce/test/M80_US_InF_H15.txt
/mnt/8tb_hdd2/joyce/Minxiong/outputs/planH6/Minxiong.p01.hdf,H15,test,inflow,event_upstreamBC2,239,31,-0.12526719302685668,1.5001781181092175,1520.884770086989,2136.933393909345,222,128,-94,2997.9831932773104,3395.156836327,1.1324802767208013,0.0,/mnt/8tb_hdd2/joyce/test/M80_US_InF_H15.txt
/mnt/8tb_hdd2/joyce/Minxiong/outputs/planH6/Minxiong.p01.hdf,H15,test,inflow,result_upstreamBC1,239,239,0.07654424605339558,1.3590112243440846,1141.0491836369854,1602.02163798325,238,128,-110,3050.00048828125,3395.156836327,1.1131659976357098,0.0,/mnt/8tb_hdd2/joyce/test/M80_US_InF_H15.txt
/mnt/8tb_hdd2/joyce/Minxiong/outputs/planH6/Minxiong.p01.hdf,H15,test,inflow,result_upstreamBC2,239,239,-0.13134462555330126,1.5042238035301139,1527.5340029405434,2142.9358271091874,224,128,-96,3000.0,3395.156836327,1.1317189454423333,0.0,/mnt/8tb_hdd2/joyce/test/M80_US_InF_H15.txt
/mnt/8tb_hdd2/joyce/Minxiong/outputs/planH6/Minxiong.p01.hdf,H15,test,inflow,result_upstreamBC1_flow_per_face_sum,239,239,0.0765442499321141,1.3590112214900112,1141.0491829208443,1602.0215464305156,238,128,-110,3050.0003967285156,3395.156836327,1.113166031049932,0.0,/mnt/8tb_hdd2/joyce/test/M80_US_InF_H15.txt
/mnt/8tb_hdd2/joyce/Minxiong/outputs/planH6/Minxiong.p01.hdf,H15,test,inflow,result_upstreamBC2_flow_per_face_sum,239,239,-0.13134462555330126,1.5042238035301139,1527.5340029405434,2142.9358271091874,224,128,-96,3000.0,3395.156836327,1.1317189454423333,0.0,/mnt/8tb_hdd2/joyce/test/M80_US_InF_H15.txt
/mnt/8tb_hdd2/joyce/Minxiong/outputs/planH6/Minxiong.p01.hdf,H15,test,precipitation,Event Conditions/Unsteady/Boundary Conditions/Precipitation Hydrographs/2D: per2,239,100,0.8533557357576114,0.5415611955123594,34.104562288205656,75.17726047632136,106,88,-18,0.9976890778341214,75.930831909,76.10670858885004,0.0,/mnt/8tb_hdd2/joyce/test/M80_Pr_H15.txt
