checkpoint,requested_epoch,loaded_epoch,cell_balance_mae_ft3,cell_balance_mse_ft6,cell_balance_rmse_ft3,cell_mse_loss,num_cell_samples,num_one_step_hydrographs,num_rollout_hydrographs,one_step_mse_loss,one_step_zone_0_rmse,one_step_zone_0_volume_rmse,one_step_zone_0_wd_rmse,one_step_zone_1_rmse,one_step_zone_1_volume_rmse,one_step_zone_1_wd_rmse,one_step_zone_2_rmse,one_step_zone_2_volume_rmse,one_step_zone_2_wd_rmse,one_step_zone_3_rmse,one_step_zone_3_volume_rmse,one_step_zone_3_wd_rmse,one_step_zone_loss,relative_cell_balance_rmse,rollout_length,rollout_rmse,rollout_volume_rmse,rollout_wd_rmse,target_budget_rms_ft3,zone_0_rollout_rmse,zone_0_rollout_volume_rmse,zone_0_rollout_wd_rmse,zone_1_rollout_rmse,zone_1_rollout_volume_rmse,zone_1_rollout_wd_rmse,zone_2_rollout_rmse,zone_2_rollout_volume_rmse,zone_2_rollout_wd_rmse,zone_3_cell_balance_mae_ft3,zone_3_cell_balance_mse_ft6,zone_3_cell_balance_rmse_ft3,zone_3_rollout_rmse,zone_3_rollout_volume_rmse,zone_3_rollout_wd_rmse
noface_e50_seed2,0,0,2436.992330179586,9496156.207792208,3081.5833929641117,0.0026130695939184977,77,3,3,0.00245991675183177,0.05014486859242121,0.04017523800333341,0.058426412443319954,0.04870789001385371,0.04117915530999502,0.055115519712368645,0.05314969395597776,0.05475781112909317,0.05132649093866348,0.0423161747554938,0.040651885171731315,0.04383167500297228,0.002287865150719881,4.575019648973286,25,0.5288837453722954,0.39447173858682316,0.6333268763124943,673.5672476632254,0.5290249686439832,0.39489980618158976,0.6332205446561178,0.5245935595532258,0.3754857470591863,0.6382533646126588,0.5511299630999565,0.42055617451667787,0.6521254802246889,2419.7041269277597,9178503.357142856,3029.6044885665942,0.49874930808941526,0.3883594214419524,0.584154827495416
noface_e50_seed2,1,1,1911.169409813819,5929722.201298702,2435.102092582301,0.0016162918454229638,77,3,3,0.001466188463382423,0.03800766666730245,0.0336104811479648,0.04170746232072512,0.037908852100372314,0.030233005061745644,0.04422992219527563,0.04100527366002401,0.040100318690141044,0.041824184358119965,0.03557290012637774,0.03422977030277252,0.03686570997039477,0.0014509741061677535,3.6152323335647387,25,0.41338530004024504,0.3256704998513063,0.48432810366153717,673.5672476632254,0.3966724719107151,0.3352936720103025,0.44867981885870295,0.414033093303442,0.28844344839453695,0.5079974771042665,0.45895364428559937,0.3316594162583351,0.55511129890879,1971.83996899097,6244293.233766234,2498.858386096786,0.4107927056153615,0.35102159306406977,0.4611773064235846
noface_e50_seed2,2,2,1744.315358347707,5036846.220779221,2244.2919196885287,0.0012990912322753242,77,3,3,0.0012338437760869663,0.032498475164175034,0.03035133145749569,0.03438440586129824,0.03676341970761617,0.02963220017651717,0.04243964081009229,0.04027187948425611,0.040257045378287636,0.04014583428700765,0.03363223373889923,0.03139444626867771,0.0357096903026104,0.0013560048149277766,3.3319493004960425,25,0.3793996837238471,0.31294472083449365,0.43483397925893463,673.5672476632254,0.35036371322969595,0.3092643489440282,0.3863021663824717,0.40253261908888816,0.29411589046319325,0.4860433799525102,0.4359393750627836,0.3380325694878896,0.51210797727108,1765.4613607827719,5029870.344155844,2242.7372436725273,0.3539175157745679,0.3274749033898115,0.37759809439380965
noface_e50_seed2,3,3,1731.7435223467937,4777396.7727272725,2185.7256856081626,0.0009874549933237494,77,3,3,0.001004539740582307,0.02803899720311165,0.027114010726412136,0.028860227515300114,0.031094921752810478,0.029167750229438145,0.032786754270394645,0.03867393111189207,0.04378775631388029,0.03264145180583,0.03637809554735819,0.040375051399072014,0.03187366761267185,0.0012967435565466683,3.24499995091952,25,0.3165068854391575,0.2863990463068088,0.34279058893521624,673.5672476632254,0.2656065563609203,0.2413622890164455,0.2875069840749105,0.3389363464216391,0.2702327564855417,0.3946580603470405,0.3850296388566494,0.36590789660811424,0.4000257777919372,2239.747939072646,7136141.555194805,2671.3557522716446,0.35821011910835904,0.36658349066972734,0.34608844228088853
noface_e50_seed2,4,4,1311.1406804865057,2759477.396103896,1661.1674798478016,0.0007487541592268685,77,3,3,0.0007165764303257068,0.02521616406738758,0.023804183428486187,0.026495284711321194,0.02670496019224326,0.020900979017217953,0.0313470313946406,0.02931826561689377,0.028056059032678604,0.03032180294394493,0.02961370348930359,0.02949760543803374,0.02954746037721634,0.0008304482907988131,2.4662236556346975,25,0.29266823490460714,0.2399996456503868,0.3361457136025031,673.5672476632254,0.25581042923033237,0.22032125341395536,0.2859439994394779,0.3032523836443822,0.20877525495986143,0.3738960414628188,0.3408829317241907,0.2832838458319505,0.38835783374806243,1605.1238997818587,3897894.409090909,1974.308590137547,0.342280945405364,0.3117196774482727,0.3664167677114407
noface_e50_seed2,5,5,1174.7222361378856,2240476.412337662,1496.8221044391555,0.0005692830218558575,77,3,3,0.0005684908440647026,0.022314260403315227,0.02128791498641173,0.02325602372487386,0.0235663124670585,0.019573476165533066,0.026880167424678802,0.026966234669089317,0.026921528701980908,0.026831341286500294,0.02604217951496442,0.024761639535427094,0.027160716553529102,0.0006640063365921378,2.22223112782281,25,0.2548315092672904,0.21784150041639805,0.28647547190388045,673.5672476632254,0.22540659499665103,0.19646412424743176,0.2503976778686047,0.2633070590098699,0.1929458173364401,0.31806559637188914,0.30200076011319954,0.27212173007428647,0.3280870009958744,1325.4789016525467,2774140.1282467535,1665.5750142958898,0.2816159703830878,0.2679884535322587,0.29311900792022544
noface_e50_seed2,6,6,1111.0755900593547,2000952.6314935065,1414.5503283706475,0.00047495315122031065,77,3,3,0.0004783391292827825,0.020664693787693977,0.020477260152498882,0.020836456989248592,0.021365379293759663,0.018619656562805176,0.02372157759964466,0.02489080714682738,0.025090772658586502,0.02453786755601565,0.0234139325718085,0.02161394494275252,0.025008499001463253,0.000549113960005343,2.1000877540855485,25,0.23114584090809026,0.20345516182482243,0.255358512327075,673.5672476632254,0.2082306505739689,0.18912066328028837,0.22519699566066265,0.23570017059644063,0.18030834145843982,0.279925517141819,0.2740094905843337,0.251839127416412,0.2936664396027724,1157.7067300375406,2185072.688311688,1478.1991368931617,0.2478683543453614,0.23347633721927802,0.26074361383914946
noface_e50_seed2,7,7,1032.7910845868,1726639.1964285714,1314.0164368943683,0.00040790650467448805,77,3,3,0.0004093806686190267,0.019476012016336124,0.019668687755862873,0.01927313084403674,0.019557907556494076,0.017088950301210087,0.021686550850669544,0.02249568949143092,0.022029281904300053,0.02282188522318999,0.021473430717984836,0.019283726811408997,0.023404436185956,0.00045661081094294786,1.950831845599712,25,0.21480523027479648,0.18999665645261607,0.23660720358292262,673.5672476632254,0.19896030075848103,0.1837832284718752,0.2125036350140969,0.21410217347244423,0.16557117357850074,0.2531643521040678,0.2495880193511645,0.2253842306137085,0.2710750056306521,1044.1068376813616,1804022.1477272727,1343.1389160199599,0.2285241959740718,0.2114557675520579,0.24394668238858383
noface_e50_seed2,8,8,977.3746900682326,1540722.017857143,1241.2582397942592,0.0003495122352917376,77,3,3,0.000356589201449727,0.018700972199440002,0.01967019960284233,0.01766861540575822,0.01795065278808276,0.015903643021980923,0.01972506195306778,0.020201363911231358,0.019011649613579113,0.021222898736596107,0.019695883616805077,0.01739303395152092,0.02173880177239577,0.0003784776684672882,1.842812642836327,25,0.19907228929301102,0.18135354074339072,0.2149939986815055,673.5672476632254,0.19246653181811174,0.1871414989233017,0.1971289538095395,0.1919844738394022,0.15403334045161804,0.22330723183850448,0.22184107050299645,0.1956885618219773,0.24488511949777603,955.1170432350852,1527385.450487013,1235.8743667893646,0.2082417301585277,0.19038589763144653,0.22442292275528114
noface_e50_seed2,9,9,930.8082053444602,1407950.4431818181,1186.5708757515574,0.00031040309680408087,77,3,3,0.00031260573693240684,0.017594069863359135,0.018743934109807014,0.016350476071238518,0.01663908362388611,0.014965305104851723,0.018085427582263947,0.018771666412552197,0.017543596525986988,0.019862061987320583,0.018698841954271,0.01689857306579749,0.020333498095472653,0.0003323751831582437,1.7616219907783088,25,0.18796714276075363,0.17471805217365424,0.20002800489465394,673.5672476632254,0.18385019513467948,0.18161405990521112,0.18551588378846645,0.17679142435391745,0.1469309105972449,0.2020344719539086,0.20690034655233225,0.18384111496309438,0.22735439357658227,937.2244460861405,1466492.2012987013,1210.988109478661,0.20163047661383945,0.18739969690640768,0.21471177317202092
noface_e50_seed2,10,10,903.9963323419744,1326540.6728896103,1151.7554744344002,0.0002856934987395615,77,3,3,0.0002881596835019688,0.01655592272679011,0.017263096446792286,0.015815043201049168,0.01617182418704033,0.014596474977831045,0.017513406773408253,0.018702087303002674,0.01790204520026843,0.019360726078351338,0.017906599988540012,0.015491094440221786,0.019976810241738956,0.00031562648170317215,1.7099339055307845,25,0.18053254822889964,0.1654058211296797,0.19431780320902667,673.5672476632254,0.17006215897699198,0.16442104145884515,0.17532372382779915,0.17463704752425352,0.14622357325007518,0.1988416101783514,0.2101924678683281,0.19141727268695832,0.2271872619042794,856.9759529411019,1241084.3823051949,1114.0396681919342,0.19144804261624812,0.16880121139188609,0.21150287307798862
noface_e50_seed2,11,11,874.5727087243811,1242908.9991883116,1114.8582865944495,0.0002495925688311796,77,3,3,0.00025882346866031486,0.01610049419105053,0.017174520219365757,0.014933722093701363,0.015200348570942879,0.014187271396319071,0.016132289543747902,0.016535690054297447,0.015481235149006048,0.017462487022082012,0.01731341580549876,0.015333252338071665,0.019078776240348816,0.0002739922395752122,1.655155131818202,25,0.16952925918002923,0.1665043844282627,0.17244195610284804,673.5672476632254,0.1628279160708189,0.16685686397055785,0.15858436816682417,0.16257327241202196,0.1512975018719832,0.17306315004825593,0.18550221830606461,0.17792679894715546,0.19271474587420623,885.4310041155134,1285229.9261363635,1133.67981641042,0.1891433999935786,0.17976129398991664,0.19796695046126841
noface_e50_seed2,12,12,892.0664981990666,1298449.4090909092,1139.4952431190352,0.00025462714048834253,77,3,3,0.00026935991384865093,0.016430463641881943,0.01607033982872963,0.016761263522009056,0.015922524966299534,0.014814558128515879,0.01691048468152682,0.016099101553360622,0.015322836426397165,0.01682100413988034,0.017720052351554234,0.015808247961103916,0.019435767084360123,0.0002812200497525434,1.6917319645101976,25,0.17780077564219635,0.16952888569484154,0.1856051990389824,673.5672476632254,0.1695901522661249,0.15954056959599255,0.17890519042809805,0.176074692842861,0.16121810310830673,0.189428700444599,0.1897814902663231,0.1903073786199093,0.18880900142093499,930.2461611264712,1358792.7045454546,1165.6726403864227,0.1989205559094747,0.19641015972942114,0.20122936941683292
noface_e50_seed2,13,13,843.6517326057731,1146949.5974025973,1070.9573275357882,0.0002507106108098085,77,3,3,0.0002509552238431449,0.015949205805857975,0.015511082174877325,0.01637327919403712,0.014846724458038807,0.01428590901196003,0.015369769496222338,0.016262507066130638,0.014709169045090675,0.0176624512920777,0.016807952895760536,0.013426424314578375,0.019614316523075104,0.0002611760137369856,1.5899783299309893,25,0.17335800285140673,0.15597343583901724,0.18906918428838254,673.5672476632254,0.17176813890536627,0.1582965474575758,0.18410560217996438,0.16266922064125539,0.1495866908505559,0.17463902730494738,0.18636445306241511,0.16126462834576766,0.2083982187261184,771.5715815556514,980291.2719155845,990.0965972649257,0.18372973665595055,0.15064735932896534,0.2115618150681257
noface_e50_seed2,14,14,967.4672320477374,1544996.5511363635,1242.9789021284164,0.00028633330374133666,77,3,3,0.0003332753646342705,0.01871225672463576,0.020972921202580135,0.016084825930496056,0.016553479867676895,0.016797599382698536,0.016167459078133106,0.018828395133217175,0.01793701263765494,0.01961861178278923,0.0177806473026673,0.014169661017755667,0.020713443557421368,0.000321089649029697,1.845367194501549,25,0.18956013185282547,0.1923924392958482,0.1863473735998074,673.5672476632254,0.19057825771470865,0.20878617132703464,0.16991041041910648,0.1776942575847109,0.17906943717350562,0.17586926518628995,0.20438655743996303,0.17501575914522013,0.22959930675725143,820.3791210620434,1117222.2694805195,1056.9873554023811,0.18769083579381307,0.16517547708004712,0.2073399785409371
noface_e50_seed2,15,15,654.4723122336648,725142.1663961039,851.5527971864715,0.00016102237043321715,77,3,3,0.00017292739357799292,0.013123141912122568,0.013435414992272854,0.012780825917919477,0.011809456162154675,0.010184871032834053,0.013221393649776777,0.014028024859726429,0.013380009680986404,0.014528562314808369,0.014766111349066099,0.010891861903170744,0.017752979571620624,0.00019155654687589654,1.2642431771151623,25,0.13470661682387194,0.12837917687992254,0.1407112996528546,673.5672476632254,0.13163378074765206,0.1318159226452311,0.13132809647669394,0.11823188986629247,0.10554431268324455,0.12965183281650147,0.14997014778355758,0.15096870684375366,0.14885600147147973,617.9827175388089,677044.6424512987,822.8272251519749,0.15924026731401683,0.12253672392417987,0.18881168271104495
noface_e50_seed2,16,16,653.2540814288251,710860.8607954546,843.1256494707385,0.0001582455040445527,77,3,3,0.00016561468267658105,0.013018895561496416,0.013655999364952246,0.012327836516002813,0.011180094443261623,0.009803841511408487,0.012358022853732109,0.013527812125782171,0.012131372156242529,0.014559967132906118,0.014600890688598156,0.010390865926941236,0.017768098662296932,0.00018221199085625509,1.251731957567346,25,0.13551494633158048,0.1262909295782447,0.1440491108347972,673.5672476632254,0.1365868558983008,0.13648746702820064,0.13646388815095029,0.11258810275544723,0.10187903068959712,0.12229517505814631,0.14715442281216384,0.1362901633605361,0.15702407771100602,577.5839716923701,598503.4517045454,773.6300483464596,0.16037709886829057,0.11150703926881154,0.19734491494794687
noface_e50_seed2,17,17,635.8553569843243,685465.0657467532,827.9281766836742,0.00014163161049273422,77,3,3,0.00015132960106711835,0.012113181253274282,0.01269109919667244,0.011488650615016619,0.010940934220949808,0.010128914999465147,0.01168948815514644,0.013176896298925081,0.012852460456391176,0.013339671616752943,0.014599384119113287,0.01073444727808237,0.017515987778703373,0.00017702856469744196,1.2291692916423205,25,0.12678169487665097,0.12399238977581263,0.1294653650124868,673.5672476632254,0.12227725706994534,0.12433290033290784,0.12000676695257426,0.10966420330107213,0.10440670944750309,0.11464660692960024,0.14122327550003927,0.14827584664026897,0.13371607647587855,600.9443117612368,639169.4196428572,799.4807187436462,0.15883918192237614,0.12320209187765917,0.1877366727590561
noface_e50_seed2,18,18,638.9586459073154,691256.8376623377,831.4185694716817,0.000137005914202982,77,3,3,0.0001439761254005134,0.012044984536866346,0.012946162993709246,0.011058667364219824,0.010453922053178152,0.009846629264454046,0.011013567447662354,0.012571629757682482,0.01235916248212258,0.0126539949948589,0.01405288279056549,0.010683626246949037,0.016663225678106148,0.00016293057706207037,1.2343512431105912,25,0.12547656853993733,0.12451232476780812,0.1263461750621597,673.5672476632254,0.12292048214624325,0.1282181779667735,0.11722021645555894,0.10707709398120642,0.10376423146575689,0.11024030217279991,0.1369131568322579,0.14216547477990388,0.13129610170920689,614.1766484248174,662652.7183441558,814.0348385322067,0.1565687884390354,0.12229145406434934,0.1844053502753377
noface_e50_seed2,19,19,622.1771176821226,620162.0714285715,787.5036961364508,0.00012025457214225422,77,3,3,0.00013268554175738245,0.011821926260987917,0.013208352339764437,0.010239046066999435,0.010490240839620432,0.010051447587708632,0.010826886010666689,0.011074525925020376,0.010319092931846777,0.011773310601711273,0.012989010661840439,0.009893874327341715,0.015473035785059134,0.00013885949738323689,1.1691537836325914,25,0.11842915389686823,0.11967016588896513,0.11710749944051106,673.5672476632254,0.11915029627581437,0.12930444158613683,0.10793220477799574,0.1083872414752841,0.10275272533297539,0.11362206430484852,0.11929171172281107,0.11816382420559725,0.1203679266696175,577.4196313635096,584480.8031655845,764.5134421091525,0.1355912288154165,0.11133712992072105,0.15604662049561738
noface_e50_seed2,20,20,824.5641146573154,1110029.4797077922,1053.5793656425662,0.00020228231563111887,77,3,3,0.00023549408554875603,0.015348525096972784,0.01844623064001401,0.011351529819269976,0.012966508977115154,0.012478035564223925,0.013406919315457344,0.01602186355739832,0.01677104737609625,0.01513081726928552,0.01883001998066902,0.014575074426829815,0.022276680916547775,0.00027455944412698347,1.5641784384524315,25,0.16520155031234027,0.16763352914402882,0.1625711157048742,673.5672476632254,0.16006958950310946,0.1879935129980246,0.12582910168915987,0.13968618908276162,0.12004411769409974,0.15664680138230325,0.17406471197803816,0.16167013321071863,0.18528580060849587,831.1886525339894,1141249.2483766233,1068.2926791739346,0.2229886937638124,0.1728047337134679,0.26365200680991013
noface_e50_seed2,21,21,688.579363141741,750766.747564935,866.467972613492,0.00012761211213988384,77,3,3,0.0001543732990588372,0.012796370312571526,0.014719177347918352,0.010511505727966627,0.011090725970764955,0.011020222368339697,0.011146769548455874,0.01287747547030449,0.014251725748181343,0.011210693356891474,0.012569984110693136,0.009931382723152637,0.014679976738989353,0.00015290868274557093,1.28638673513222,25,0.13142766437182823,0.1408981436987718,0.12098161686211824,673.5672476632254,0.13081467684358358,0.14876880794763564,0.10986438574890296,0.1258186990271012,0.1200446634242932,0.1309489353870352,0.14101958086093266,0.15989798709750175,0.11847219422459603,542.9903612012987,536342.5864448051,732.3541400475627,0.13059094307323296,0.11130249773462614,0.14699085117628177
noface_e50_seed2,22,22,775.5978837446733,1036553.4025974026,1018.1126669467395,0.0001675537201521507,77,3,3,0.00018487934721633792,0.015093044377863407,0.01815350353717804,0.01117528478304545,0.010691138915717602,0.010140809540947279,0.011164910160005093,0.010051026940345764,0.00834105567385753,0.01150562179585298,0.01684190332889557,0.014098424774905046,0.01919153518974781,0.00017989267265268913,1.511523415781912,25,0.14992121120293936,0.16412887165943782,0.13412536911666392,673.5672476632254,0.1628325002392133,0.19553785186260939,0.1213299797847867,0.11672597209612529,0.11284122036149104,0.12036295207838217,0.112731867544353,0.09461352886011203,0.12822981992115576,787.2637876039976,1088480.655844156,1043.3027632687244,0.20163492082307735,0.19076889195789892,0.21162307548026243
noface_e50_seed2,23,23,635.3001645571226,652805.4431818182,807.9637635326341,0.00010413204290671274,77,3,3,0.00011872842636269827,0.012184025098880133,0.014745020307600498,0.008909637729326883,0.009398283126453558,0.009806432450811068,0.008886483808358511,0.008677638756732145,0.007583277144779761,0.009635431381563345,0.01075099129229784,0.007422874371210734,0.013260504230856895,9.560672333464026e-05,1.199529469901727,25,0.1114424755424261,0.12232154666135708,0.0992985754708449,673.5672476632254,0.11911679292718569,0.14163209835688273,0.09101740711679061,0.10149814092864592,0.10691647753119468,0.09564039756854376,0.09645921842505535,0.09382193068042398,0.09875398624688386,460.1969564858969,402381.17573051946,634.3352234666773,0.1179245081792275,0.09223946806043387,0.13872342762847742
noface_e50_seed2,24,24,596.0109744381595,609488.5698051949,780.6974893037602,0.00010017595167329244,77,3,3,0.00011154723567112039,0.012044297841687998,0.01449896985044082,0.00893475612004598,0.008298370521515608,0.008482701455553373,0.00810172688215971,0.008676817640662193,0.0074244411662220955,0.009750314056873322,0.010275448051591715,0.006645362979422013,0.012915993730227152,8.681259108319257e-05,1.1590490660170853,25,0.10671643485625584,0.11529222284754118,0.09727742597460746,673.5672476632254,0.11633952668557565,0.13621071475247543,0.0921460164214174,0.08990425355732441,0.09314396997292837,0.08642656013990442,0.09713993917529781,0.09139448608582218,0.10221189917375643,410.1086073045607,327929.3455762987,572.6511552213082,0.10997685654709737,0.0823501129137973,0.13188190606733163
noface_e50_seed2,25,25,598.6951690277496,674419.875,821.2307075359518,0.00010828193626366556,77,3,3,0.00011417657757798831,0.012296591885387897,0.015519055848320326,0.007844659499824047,0.007746944514413674,0.007956896753360828,0.007518303891023,0.009047535868982473,0.007593836014469464,0.01025200883547465,0.010798363325496515,0.007511810399591923,0.013262862339615822,9.096191206481308e-05,1.2192260095558507,25,0.11030914699037869,0.12131501977642377,0.09775826923549175,673.5672476632254,0.12346505551288525,0.15127703299125037,0.08667483999083439,0.08499234865109126,0.08353159751743078,0.08621835716068744,0.09888803422451019,0.08346357961495718,0.11209970207264026,434.5508529861252,356599.4618506493,597.1594944825455,0.11512956287711859,0.08195168321952223,0.14064057983458042
noface_e50_seed2,26,26,507.42979213169644,454981.1870941558,674.522932963851,7.647622699657298e-05,77,3,3,9.769975440576673e-05,0.011226644118626913,0.01353757611165444,0.008271046293278536,0.007559708630045255,0.007323826663196087,0.007774891642232736,0.007813791433970133,0.00676583731546998,0.008682820325096449,0.010789735242724419,0.007684408376614253,0.013181505724787712,8.307055880626042e-05,1.0014188417028012,25,0.09715179828306039,0.10789054481933515,0.08503246169537305,673.5672476632254,0.10739849494149288,0.13107035388549168,0.07666291866451502,0.07701516213516395,0.07792347742865482,0.07606594240292906,0.0796666862629354,0.07482059256484111,0.08415381907174985,452.47377113243203,367751.78612012987,606.4254167827482,0.11355058647692204,0.09037514265626669,0.13252676762640475
noface_e50_seed2,27,27,507.82326081511263,469525.8612012987,685.2195715252876,7.709401509234705e-05,77,3,3,8.713869465282187e-05,0.010501098819077015,0.01295469794422388,0.007254224581023057,0.0073219297143320245,0.007637219193081061,0.0069802274617056055,0.007535503866771857,0.006671593990176916,0.008292306990673145,0.010158174050350985,0.007124196893225114,0.0124710313975811,7.5295873102732e-05,1.0172994217021196,25,0.09516595368583997,0.10714609000831843,0.08136969096958638,673.5672476632254,0.10417967990040779,0.12747759141027928,0.07354448832571507,0.07961020744716128,0.08494479298591613,0.07383242037147283,0.08025414617732167,0.07896414159486691,0.08144676468024652,417.59354311460027,337455.0827922078,580.9088420675035,0.10610438956568638,0.08472353926549356,0.12368906711538633
noface_e50_seed2,28,28,505.09655682452313,447433.5588474026,668.9047457204969,7.125211995081408e-05,77,3,3,9.457029227633029e-05,0.011194571852684021,0.014128565477828184,0.00711702990035216,0.007214672553042571,0.0074805741508801775,0.006930801241348187,0.007744257804006338,0.006938146737714608,0.008389949022481838,0.010163200087845325,0.006934299909820159,0.012564707857867083,7.590359503713746e-05,0.9930778968857171,25,0.0974781662846605,0.11444379534572363,0.07678422739108404,673.5672476632254,0.10982119895517826,0.14089411118378242,0.06506140707060695,0.07531483380744855,0.08102024498706063,0.06911138994619251,0.08093648679554462,0.08170929392799735,0.07998384987314543,392.60354019759535,294780.55073051946,542.9369675482776,0.10624102729062239,0.08180063831309478,0.12576851138224204
noface_e50_seed2,29,29,1167.2178416066356,2141718.7183441557,1463.4612117661868,0.00043645380450376347,77,3,3,0.00040687626460567117,0.018626722196737926,0.02206651618083318,0.014362926284472147,0.017041755219300587,0.019216932356357574,0.014369781439503035,0.01999623452623685,0.01898205342392127,0.020716079821189243,0.03085371603568395,0.015506397311886152,0.040652221689621605,0.0006060854939278215,2.1727024537539537,25,0.2520019381244977,0.2448294480641683,0.25813925949235755,673.5672476632254,0.21912388230363528,0.25645739254852135,0.17331057629237573,0.21721209693700075,0.23117486951251826,0.20127444468438627,0.26110475314160186,0.2380691396817565,0.2810858798523744,1047.750356698965,1594684.7037337662,1262.8082608748512,0.4130397640913725,0.2274669266740481,0.5374814878900845
noface_e50_seed2,30,30,502.31700154093954,373548.6077516234,611.1862300081893,7.490099379573585e-05,77,3,3,9.740910657759135e-05,0.010660944506525993,0.01380393405755361,0.0060303945404787855,0.0077693879914780455,0.00833865643168489,0.007141912045578162,0.008884997417529425,0.00733456884821256,0.010154041461646557,0.011821415275335312,0.0074088131077587605,0.014806341690321764,9.928263898473233e-05,0.9073870977672214,25,0.10472222405175367,0.11426212798804045,0.09389339302356045,673.5672476632254,0.10624802426745494,0.1349048891539375,0.06541044177487493,0.08863075437024236,0.09608485211928686,0.08023715230946739,0.10193964460243782,0.08693239468460282,0.11472161831955115,379.01463337687704,263906.77637987013,513.7185770242985,0.13315362627307573,0.07605660395075878,0.17202075235545636
noface_e50_seed2,31,31,469.60585279588577,355657.3770292208,596.3701677894534,6.524592414256428e-05,77,3,3,0.00010045162101353829,0.011422563654681047,0.013718663404385248,0.008472589155038198,0.007514555472880602,0.0077866362407803535,0.007227438657234113,0.007662468900283177,0.005807312671095133,0.009109209291636944,0.011461225338280201,0.008476547120759884,0.013646046631038189,8.805049098252009e-05,0.8853906864658455,25,0.1006459650521477,0.11191274552295605,0.08786740792294344,673.5672476632254,0.10679353632032872,0.13193549898763499,0.07328916621704896,0.0810623532285293,0.08852033232649167,0.07271302837257584,0.0835799750375251,0.07010538985952736,0.09510412802298863,442.90089872285915,397380.1862824675,630.3809850260932,0.13225167767455182,0.11053630290552974,0.1502374554052949
noface_e50_seed2,32,32,523.0173894708806,433967.8260957792,658.7623441695641,7.339105225098621e-05,77,3,3,0.00010915914026554674,0.011840777471661568,0.014769883205493292,0.007859406527131796,0.007758463267236948,0.008653130071858564,0.0067453533411026,0.00798547143737475,0.006834315446515878,0.008891661185771227,0.012349313125014305,0.010971499606966972,0.013358013393978277,9.935496442873652e-05,0.9780201553073977,25,0.10636309899389744,0.12350913638869922,0.08577080021301905,673.5672476632254,0.11277879028270642,0.14201449275016784,0.0723989022957782,0.08366207995762427,0.09564784227559964,0.06960471209759514,0.08697988972067833,0.08044801019132138,0.09296440514425437,588.2162428026076,617945.7853084416,786.0952775004068,0.14467338980485997,0.14171203404664992,0.14668145538618169
noface_e50_seed2,33,33,514.4855295156503,442587.26948051946,665.2723273070355,7.233491960033024e-05,77,3,3,0.00010328470186019938,0.011387870026131472,0.014466654509305954,0.007058730969826381,0.00740463441858689,0.008133882656693459,0.006588711868971586,0.007711806334555149,0.006804260270049174,0.008399514015763998,0.012873355920116106,0.012420139585932096,0.01302576685945193,0.0001020930916032133,0.9876850895215481,25,0.10372813557585081,0.12231694052616755,0.08084832040593028,673.5672476632254,0.10826117573926847,0.1389908606186509,0.06388613510256012,0.07948996940006813,0.08893315666665634,0.06870273780077696,0.08311308270941178,0.07848386588816841,0.08732127340510487,678.6036456219562,833728.6862824676,913.0874472264239,0.15184110328555106,0.1572720292583108,0.1448798332363367
noface_e50_seed2,34,34,491.1751613864651,397633.02637987013,630.5814986025757,6.651780821304381e-05,77,3,3,0.00010238192529262354,0.011396923723320166,0.013828820548951626,0.008221176142493883,0.007613595264653365,0.008263759004573027,0.006894776908059915,0.007564027328044176,0.006605381301293771,0.00828985016172131,0.012327543459832668,0.010598129282395044,0.0135812908411026,9.641512103068332e-05,0.9361819488554735,25,0.09988740814228853,0.1141355516264836,0.08315885131557782,673.5672476632254,0.10418988931924104,0.12984787461658318,0.06940800270686547,0.080108440661182,0.08955175571143627,0.06925104807441433,0.07976639350255331,0.07603239110981425,0.08317408188556631,582.9569690258472,599526.1911525974,774.290766542258,0.1418510702624917,0.1337233384574453,0.14831891657163698
noface_e50_seed2,35,35,510.4258621017654,436345.3108766234,660.5643881383733,7.07503533302262e-05,77,3,3,0.00010752295687173803,0.01168652189274629,0.01427329983562231,0.008287607071300348,0.007269467071940501,0.007488985545933247,0.0070414139578739805,0.007953589006016651,0.006915679822365443,0.008712892265369495,0.013109480030834675,0.012657422261933485,0.013220706023275852,0.000105387970203689,0.9806955288132516,25,0.10459725922594468,0.12097767626245816,0.08507436990737915,673.5672476632254,0.10935813706368208,0.1371796366199851,0.07116926803564032,0.07710428059721987,0.08357117393364509,0.0699738710001111,0.08513225215176741,0.07998985834419728,0.0897798355234166,706.1371380694501,821166.4512987013,906.1823499156786,0.15484614548583825,0.16096461705863477,0.1475950995584329
noface_e50_seed2,36,36,526.1971130371094,464760.3299512987,681.733327593201,7.234628596902498e-05,77,3,3,0.00010557262673197935,0.011705868256588777,0.01436774991452694,0.008174578504016003,0.007247558639695247,0.007497475482523441,0.006986951610694329,0.007650269350657861,0.0064509523411591845,0.008562339625010887,0.012629006989300251,0.012034120659033457,0.012967258070906004,9.85554094465139e-05,1.0121236297612537,25,0.1046293631568551,0.12264910449584325,0.08272042859345674,673.5672476632254,0.11117192015051841,0.140565437314411,0.07011734330405792,0.07699375243857504,0.0847298462005953,0.06828435199335217,0.08121494720379512,0.07664061622694135,0.08537033948426445,682.7121249112216,777232.5953733766,881.6079601349892,0.15250806274513404,0.16079481131086748,0.14293125049521527
noface_e50_seed2,37,37,508.84154639306007,429636.1781655844,655.4663821780522,6.879780375566515e-05,77,3,3,9.85181638194869e-05,0.0116048747052749,0.013982613881429037,0.008542053246249756,0.00719849020242691,0.007428665645420551,0.006958762804667155,0.0070186381538709,0.005104918964207172,0.008460903695474068,0.010765216002861658,0.008053850227346024,0.012790086058278879,7.740305591141805e-05,0.9731268621685961,25,0.09958077376087507,0.1132279655088981,0.08369034835447868,673.5672476632254,0.11081224029262861,0.13742691873262325,0.0749668532051146,0.07575607173144817,0.08284199419120948,0.06780690060928464,0.0727495582588017,0.059552448776861035,0.08379691725596786,456.74130605722405,406051.341112013,637.2215792893497,0.12659346534560123,0.11236493201305468,0.13865405396868785
noface_e50_seed2,38,38,521.2774824662642,430187.9147727273,655.8871204504075,6.917193311821463e-05,77,3,3,9.643239657937859e-05,0.011162858456373215,0.013642425338427225,0.007911040602872768,0.007685764537503322,0.008199827435115973,0.007131598424166441,0.007126586356510718,0.005580563408633073,0.008376303128898144,0.011103508373101553,0.006216194325437148,0.014354535068074862,8.272436631765838e-05,0.9737515039899063,25,0.09945766005665063,0.1121447883794705,0.08482044828434786,673.5672476632254,0.10882648527622223,0.13764907599737247,0.06848748453582326,0.08250374638165037,0.09355271792039276,0.06951266273856163,0.07237542011464636,0.062064915529141826,0.08130442508806784,340.4040578866934,233798.11201298703,483.5267438446265,0.1245178837950031,0.0709702728005747,0.16096945406248173
noface_e50_seed2,39,39,544.5600617644075,519667.97483766236,720.8800003035611,8.361303863038502e-05,77,3,3,0.00012691069908517724,0.013174176526566347,0.014682404696941376,0.011459100060164928,0.006691477261483669,0.006655011015633742,0.006725793704390526,0.007510163510839145,0.006617939565330744,0.008221837226301432,0.014476169211169084,0.014847000439961752,0.01397097452233235,0.00011645061749732122,1.0702420623990783,25,0.1126910812407732,0.12120880164206028,0.10345103174448013,673.5672476632254,0.12543097101151943,0.13788438065598407,0.1114740725979209,0.0680048932818075,0.07165517177432776,0.06406121971706549,0.08065768414487441,0.08019516158849001,0.08100384407366315,902.1194790926846,1216299.9975649351,1102.85991747136,0.1665792924289902,0.17382025598237913,0.15857011309514443
noface_e50_seed2,40,40,468.2883411754261,401878.8583603896,633.9391598256016,6.38266976782145e-05,77,3,3,8.658174192532897e-05,0.010594268019000689,0.01344978561004003,0.00659307511523366,0.00610498230283459,0.006021547286460797,0.006184021942317486,0.0065186188245813055,0.004779623976598184,0.007850448290506998,0.012246111097435156,0.010518131777644157,0.013632055061558882,8.54046981354865e-05,0.9411668426944694,25,0.0933513909081618,0.10768162795652945,0.07635357986514767,673.5672476632254,0.10166600897908211,0.13230916367222864,0.05598526082932949,0.06261204085002343,0.06423533162722984,0.060856118152538934,0.06735118257502715,0.05543144344041745,0.07738510775069396,620.949946812221,604283.8449675324,777.3569610980096,0.1391889892394344,0.1218288525690635,0.15369959698369107
noface_e50_seed2,41,41,489.0423889160156,410669.83299512987,640.8352619785602,6.477249199078516e-05,77,3,3,8.632304040171827e-05,0.010572665681441626,0.013405618257820606,0.006595265896370013,0.006563696699837844,0.006861826249708732,0.006241953931748867,0.006601151389380296,0.004979324682305257,0.007874817432214817,0.011489908210933208,0.00899801558504502,0.01340990699827671,7.990610902197659e-05,0.9514050218471567,25,0.09340561024844646,0.10775892297426859,0.07635857185348868,673.5672476632254,0.10118506534645955,0.13122227096309264,0.056710829362273216,0.07061618209506075,0.07772971086204052,0.06253675459573667,0.06964249583582083,0.06028388066217303,0.07783312173560261,524.342084215833,453191.45819805196,673.1949629921869,0.1295297060161829,0.10377934734647473,0.15028670469919841
noface_e50_seed2,42,42,489.45196255770594,408232.75426136365,638.9309463951199,6.5972071752185e-05,77,3,3,8.102077360187347e-05,0.009898313010732332,0.012592464064558348,0.006091079364220302,0.0063988277688622475,0.006489852908998728,0.00630386561776201,0.0072257183492183685,0.005835456463197867,0.008358064262817303,0.011675040858487288,0.009345653466880322,0.013545170115927855,8.413646476886545e-05,0.9485778125520984,25,0.09044175709287326,0.1022530426705877,0.07681210881719987,673.5672476632254,0.09231155442694823,0.11848892563333115,0.05460835223396619,0.0698709413347145,0.07560567862043778,0.06351329723373056,0.07797983670607209,0.07118257010355591,0.08419589784617225,593.9359130859375,490988.8510551948,700.705966190666,0.13381957789262136,0.11526545925686757,0.14980262159059446
noface_e50_seed2,43,43,466.9480380764255,368721.35328733764,607.224302286509,6.1495164165488e-05,77,3,3,7.833814500675847e-05,0.009888100127379099,0.012470269886155924,0.006294291311254104,0.006629694253206253,0.006883694479862849,0.006364528400202592,0.006709449303646882,0.005006083908180396,0.008035508450120687,0.010813133791089058,0.006989191751927137,0.013556918439765772,7.454959995811805e-05,0.9015050900902963,25,0.08997153104593357,0.10043115124106407,0.07809019689137738,673.5672476632254,0.09520973899712165,0.12162954571346442,0.057461975496262314,0.07186707645033796,0.07792435126379132,0.06512921179334323,0.0710206480200092,0.05935813824335734,0.08098629930987954,448.0006658380682,310942.01948051946,557.621753055348,0.1243991559992234,0.08748704494908452,0.1524239720031619
noface_e50_seed2,44,44,469.822916006113,382208.4421672078,618.2300883709946,6.115645766084373e-05,77,3,3,8.023961951645713e-05,0.010146634032328924,0.012690916967888674,0.006658709142357111,0.006390292352686326,0.006376618208984534,0.006399206196268399,0.006656182774653037,0.005278085358440876,0.0077665628244479494,0.010778995851675669,0.007147713874777158,0.01341436089326938,7.320593431359157e-05,0.9178446406291141,25,0.08777163988600174,0.09719848226755858,0.07713993517061074,673.5672476632254,0.09240891094009082,0.11647169172763824,0.05894519193097949,0.06887399079278111,0.07380217120672265,0.06335638624305527,0.07032119226331512,0.06348728530108928,0.0764730155095458,453.68715836165785,313478.9693587662,559.8919264990041,0.12357451484849055,0.088868385416766,0.15027858467151722
noface_e50_seed2,45,45,445.77420242111407,348376.82406655845,590.2345500447753,5.6410198091973804e-05,77,3,3,7.323141350449684e-05,0.009666706745823225,0.012323825309673945,0.005888532381504774,0.0062308286627133684,0.006376853367934625,0.006080119249721368,0.006358611087004344,0.004651616017023723,0.00767272524535656,0.010181508337457975,0.005410376936197281,0.013314419115583101,6.63750773431578e-05,0.8762815473769662,25,0.08405184654518962,0.0937623731046915,0.07303604809567332,673.5672476632254,0.08970511016746362,0.11552176593492429,0.05227944410716494,0.0663053670587639,0.07286762567237019,0.05888764933993419,0.06562196650231877,0.05501286372542381,0.07470814707378547,340.6476761458756,203166.76866883118,450.74024522870286,0.1150590492784977,0.06705755126352111,0.1481245498235027
noface_e50_seed2,46,46,433.4449993975751,335082.86891233764,578.8634285497208,5.4327166170961306e-05,77,3,3,6.959400707273744e-05,0.009388476610183716,0.011891020772357782,0.005878259893506765,0.005954568429539601,0.005855451493213574,0.006050765514373779,0.006302553694695234,0.004783762929340203,0.0074931904673576355,0.010193154526253542,0.006173422404875358,0.012990271983047327,6.531659406997885e-05,0.859399607920284,25,0.08214193020015954,0.09149910217771927,0.0715422046619157,673.5672476632254,0.08800684331605832,0.11285322515914838,0.05232726203277707,0.06175940481945872,0.0645731845808526,0.058708220006277165,0.06499254855016867,0.05684873536850015,0.07215924942245086,389.9471340427151,250458.11099837662,500.45790132475344,0.11462029464542865,0.07602209275588394,0.14295231218139332
noface_e50_seed2,47,47,428.410013570414,344720.6286525974,587.1291413757261,5.456148975607395e-05,77,3,3,7.177838657905038e-05,0.009609191057582697,0.0120330893745025,0.006301968979338805,0.006042026138554017,0.006030980031937361,0.006052542167405288,0.006257071470220883,0.004616251370559136,0.007525808333108823,0.010170646011829376,0.006339720916002989,0.012882889869312445,6.521287893216747e-05,0.8716711559426696,25,0.08147845418502887,0.09045373228689035,0.07134021272261938,673.5672476632254,0.08754382862399022,0.11120927383502324,0.0542429710800449,0.061244966269781195,0.06438572174559037,0.057810607651869454,0.06339528878529867,0.054358353167772294,0.07122915059328079,400.04512796773537,279274.9586038961,528.4647184097497,0.11372991150865952,0.07856666278714936,0.14007640885810058
noface_e50_seed2,48,48,520.0537458147321,357878.4200487013,598.2294041993433,6.066281837940385e-05,77,3,3,0.00010828117228811607,0.012084287901719412,0.014725778562327227,0.008663628871242205,0.00741636644427975,0.007717352981368701,0.007100726788242658,0.008023595747848352,0.007228979219992955,0.008720678587754568,0.01117776365329822,0.007335996100058158,0.013982820635040602,8.7175290294302e-05,0.8881509697431874,25,0.10259614304949839,0.11592473812401295,0.08723163696626822,673.5672476632254,0.11081138579795757,0.13773699443787335,0.07466082466145356,0.07928153867522876,0.08800684994086623,0.06939779561633865,0.08902190151934822,0.09059826544796427,0.08735628126189113,507.15617707487826,322314.99594155845,567.727924222121,0.12784933346013228,0.09338873927791913,0.15467304810881616
noface_e50_seed2,49,49,361.0273750602425,241101.4845779221,491.02085961588443,4.765246709424688e-05,77,3,3,7.408558546255033e-05,0.009928983636200428,0.01223815574000279,0.0068638138473033905,0.006114945746958256,0.005582685737560193,0.006603919590512912,0.006604898100097974,0.003916080032164852,0.00845256463314096,0.009570895383755365,0.0030471014324575663,0.013178804889321327,6.2266327101194e-05,0.7289856526120585,25,0.08351236963023742,0.08938719029227893,0.07713749685014287,673.5672476632254,0.09235171758880217,0.11654331450661023,0.05877268550296624,0.062139358905454474,0.05947984067723155,0.06467626651128133,0.06718804529557626,0.044822944377859435,0.08375366687774659,187.74600120643515,101205.81513798701,318.12861414526515,0.10453039180487395,0.03863695662158231,0.1426611663897832
cellbalance_all_w3e9_e50_seed2,0,0,1434.1789471514812,3330509.4837662335,1824.9683514423568,0.0017639135627390502,77,3,3,0.0016615800171469648,0.04294866323471069,0.026960570986072224,0.05434570088982582,0.039829437931378685,0.025320385893185932,0.050301151971022286,0.03820149848858515,0.024783088515202206,0.04800248518586159,0.03563090910514196,0.028138247629006703,0.04175142819682757,0.0014161602982009451,2.7094077952478126,25,0.4282818612953027,0.2890961508701245,0.5314638438324134,673.5672476632254,0.4224429960548878,0.2825730795164903,0.5255884566406409,0.4409013383090496,0.29087172999978067,0.5505509248375893,0.4227076611916224,0.27154226509233315,0.5315421012540659,1643.4203102805398,4206638.175324676,2051.009062711493,0.43115673795342446,0.33745011428991956,0.506602519005537
cellbalance_all_w3e9_e50_seed2,1,1,1341.690131645698,2819431.25,1679.1162109871966,0.0016382248503724476,77,3,3,0.0014575904157633583,0.037585889299710594,0.020427762841184933,0.04900106663505236,0.0408373586833477,0.022951480622092884,0.052823023249705635,0.037361178547143936,0.024556287253896397,0.046728874246279396,0.03474394232034683,0.024232168992360432,0.042677717904249825,0.0013894466683268547,2.4928709298328773,25,0.45015453378359477,0.24566304778059322,0.5858537098765373,673.5672476632254,0.41559933334589005,0.19625619947910308,0.5532643413046996,0.5034318137168884,0.2945632977038622,0.646337864647309,0.4489405627548695,0.25975534920891125,0.57722776795427,1496.0043897752637,3472400.5568181816,1863.4378328289306,0.46957373117407164,0.2957064859569073,0.5900980289280414
cellbalance_all_w3e9_e50_seed2,2,2,952.2920904778815,1464042.0211038962,1209.9760415412761,0.0008805294168883234,77,3,3,0.0007364896203701695,0.02614248792330424,0.01634339491526286,0.03315528233846029,0.029091608400146168,0.016101676349838574,0.03782675042748451,0.02775445207953453,0.018628330280383427,0.03450154388944308,0.025753517324725788,0.017339127759138744,0.03199997606376807,0.0007461680215783417,1.7963700665954112,25,0.3179778697093328,0.18065352350473404,0.41105758080879845,673.5672476632254,0.2929561560600996,0.16359702785809835,0.38026544782022637,0.3552938156078259,0.18968891012171904,0.46423023998737334,0.3306862551222245,0.19338171082238356,0.4245075092713038,1037.2767746169845,1759435.6737012987,1326.4372106139433,0.3135751251628002,0.21078117380539577,0.38831715087095897
cellbalance_all_w3e9_e50_seed2,3,3,820.1017638367492,1097715.1988636365,1047.7190457673453,0.0006725159186458627,77,3,3,0.000564183535364767,0.022601564104358356,0.01521264078716437,0.02807038960357507,0.025605405991276104,0.014242699990669886,0.03328846022486687,0.024356046070655186,0.015502943967779478,0.030730529377857845,0.023338185002406437,0.014621357433497906,0.029584772263964016,0.0005898775028375288,1.555478015598512,25,0.2778239363183578,0.15693176753818988,0.35957900119324526,673.5672476632254,0.25850173535446325,0.15132993118216595,0.33241824522614477,0.3075661177188158,0.15507615779836972,0.40548094898462295,0.2895707398404678,0.16046616340676945,0.37582542923589546,895.1136648995536,1311927.9212662338,1145.3942208978679,0.269454969043533,0.17923712636033695,0.33492005164424576
cellbalance_all_w3e9_e50_seed2,4,4,717.4340844092432,845066.4366883116,919.2749516267218,0.0005316018605417294,77,3,3,0.0004419931016551952,0.019593937943379085,0.013747514846424261,0.02400250732898712,0.023094041272997856,0.012716494190196196,0.030082108452916145,0.021758558228611946,0.012729563439885775,0.028004877269268036,0.021001029759645462,0.01298042107373476,0.026711986710627873,0.00047592990449629724,1.364785705979497,25,0.24939346209168434,0.1390717460711797,0.3235115239272515,673.5672476632254,0.23077954622606436,0.13634388060619435,0.29614241731663543,0.276529442841808,0.136787885936598,0.3654841224849224,0.2629667320350806,0.13673894909520945,0.3451301700373491,792.0152912883016,1032555.4228896104,1016.1473431002073,0.24119659910599392,0.15845924408485493,0.30067914525667827
cellbalance_all_w3e9_e50_seed2,5,5,655.1598843661221,705366.1550324676,839.8607950324075,0.00044639508259579445,77,3,3,0.00036488040738428634,0.017619154105583828,0.012619165082772573,0.02141953135530154,0.020995924870173138,0.011773368654151758,0.027254934112230938,0.020150776331623394,0.011706210983296236,0.025965093324581783,0.01919928751885891,0.011751072791715464,0.02447225588063399,0.00040002507739700377,1.2468848477209904,25,0.23057454491655033,0.1273285444577535,0.2996547695994377,673.5672476632254,0.21339517106612524,0.12475161164999009,0.2744311381379763,0.25283653870224954,0.12590598738441863,0.33389334050317604,0.24824104328950247,0.12832425230493147,0.32610527669390044,711.7343472567471,839088.0689935065,916.0175047418617,0.22202050656080247,0.13959350265562534,0.28002370059490206
cellbalance_all_w3e9_e50_seed2,6,6,583.6391506442776,560532.8331980519,748.6874068648757,0.000308156697995743,77,3,3,0.00027071476991598803,0.015429343096911907,0.011358139415582022,0.018598788728316624,0.017284566536545753,0.01055074172715346,0.0220459687213103,0.01691088390847047,0.010092301915089289,0.021666649729013443,0.018154361595710117,0.010843061842024326,0.023263658086458843,0.00030743864287311834,1.111525849070395,25,0.18636285151044527,0.11184670412292083,0.23845609933137893,673.5672476632254,0.17036612768967946,0.10681902226060629,0.21584017463028432,0.20126801371574402,0.1113492738828063,0.26148516587913034,0.2021152459581693,0.11657500026126702,0.26071257546544074,640.9854641208401,686912.5547889611,828.8018790935268,0.19393678645292917,0.12671193997065225,0.24281717208524545
cellbalance_all_w3e9_e50_seed2,7,7,594.0276199935319,575179.265827922,758.4057395800232,0.00026573302857759226,77,3,3,0.0002327213684717814,0.014173822477459908,0.010815462718407312,0.016861189156770706,0.015994350736339886,0.010226501151919365,0.020080778747797012,0.016148471583922703,0.010855720688899359,0.020038573071360588,0.016835254306594532,0.0101041408876578,0.02154335690041383,0.0002689112249451379,1.1259540041638365,25,0.1753367422024409,0.11217274418721597,0.22095011718571186,673.5672476632254,0.15601630254338186,0.09986302375793457,0.1966299015035232,0.19052462679644425,0.1165198266878724,0.24248633782068887,0.19924923735360303,0.13140785828232765,0.24897334304948648,628.483595018263,667716.0040584416,817.1389135627073,0.18170607085029283,0.12238805747280518,0.22571001713474592
cellbalance_all_w3e9_e50_seed2,8,8,584.3441701121144,567229.202922078,753.1462028863174,0.0002459039773290082,77,3,3,0.00021678767613290498,0.013842403578261534,0.011601949110627174,0.015706969735523064,0.015378144880135855,0.010321506609519323,0.019084549819429714,0.015379061611990133,0.010522475776573023,0.01900233079989751,0.01591259427368641,0.009579274182518324,0.020329692711432774,0.00024384656474770358,1.1181455237011173,25,0.17217200296620527,0.11291989345103502,0.21553198367357254,673.5672476632254,0.15611056701590617,0.11201413063953321,0.18999829654892286,0.18527630714078744,0.11453156779209772,0.23545668582121532,0.18991356384009123,0.11216278489679098,0.24377856540183226,611.0350845138748,627908.1392045454,792.4065491933704,0.18107653910915056,0.11357938350488742,0.2292975593606631
cellbalance_all_w3e9_e50_seed2,9,9,561.7040444906656,518561.0137987013,720.1118064569566,0.00023567300707906145,77,3,3,0.00029108356102369726,0.017919717356562614,0.009902312730749449,0.0232694869240125,0.015075740093986193,0.009266075678169727,0.01919709083934625,0.01585155042509238,0.010659189894795418,0.019709153721729916,0.01886688359081745,0.01034059872229894,0.02459609881043434,0.00028930194093845785,1.0691015766505958,25,0.17714133143424987,0.10768317022671302,0.22594328535099825,673.5672476632254,0.18058945971230667,0.09894942025343577,0.23515858878691992,0.1632809264585376,0.1038464616984129,0.20602077056964238,0.1755139458552003,0.12162568462391694,0.21605393608411153,612.9193131087662,640375.9334415584,800.2349239076975,0.19468453489243984,0.13051522880792618,0.242142162596186
cellbalance_all_w3e9_e50_seed2,10,10,625.440060305905,619252.2130681818,786.9257989595853,0.00019810592106319722,77,3,3,0.0002147899940609932,0.014340643770992756,0.013184205939372381,0.015253437062104544,0.014568046977122625,0.012196913051108519,0.01654293977965911,0.013963861390948296,0.008840792812407017,0.017652976016203564,0.01660338758180539,0.010659733787178993,0.02092055541773637,0.00023446121000840017,1.1682958185535732,25,0.15564069963991642,0.13330446025977533,0.17496050506830216,673.5672476632254,0.14905343388517697,0.1365139636149009,0.16022529304027558,0.15781930853923162,0.14275321789085865,0.17118559207767248,0.16125813559939464,0.10354074312994878,0.20276220113039017,671.3229639623072,715067.0965909091,845.6164003795747,0.1705598418538769,0.13326480905214946,0.20060626519223054
cellbalance_all_w3e9_e50_seed2,11,11,581.2201704545455,550338.2264610389,741.8478458963394,0.00022570645023143378,77,3,3,0.00029475018770123523,0.01781573674331109,0.009918107651174068,0.02306411974132061,0.015492978816231092,0.009812550619244576,0.019546760246157646,0.015357616357505322,0.009997479617595673,0.01918778537462155,0.019297766188780468,0.011154695724447569,0.024847490713000298,0.00029686017660424113,1.101371612812227,25,0.180649488431712,0.11139016547550758,0.22968879568080108,673.5672476632254,0.18545498199760913,0.10556708318491777,0.23987761221826076,0.16987149166564147,0.11242654863744975,0.21196359780927498,0.17497411840905747,0.12049896155794461,0.2157830949127674,635.5950563108767,693735.5771103896,832.9079043390029,0.191019550015529,0.12009262161950271,0.24167924677332242
cellbalance_all_w3e9_e50_seed2,12,12,610.0241972687957,601213.5941558442,775.3796451776666,0.0002110917586077295,77,3,3,0.0002887703061181431,0.01602601446211338,0.010487860689560572,0.019886258989572525,0.018206142509977024,0.013071343302726746,0.02190099097788334,0.015068172477185726,0.009518307944138845,0.01896868118395408,0.01976236638923486,0.010558314621448517,0.025703197966019314,0.00032961501468283433,1.15115402043026,25,0.1680545960739255,0.11914175763726234,0.20535374087591965,673.5672476632254,0.16150288830200832,0.1025446589042743,0.20374830290675164,0.18145199223111072,0.1458684899782141,0.2106512417892615,0.1488413248832027,0.10822869524359703,0.18037244436641534,701.5328793216062,759646.9898538961,871.5772999877269,0.19027699545025825,0.1341790817429622,0.23275168935457866
cellbalance_all_w3e9_e50_seed2,13,13,987.7450410917207,1571735.4123376624,1253.688722266282,0.0007485159610053404,77,3,3,0.0008530093667407831,0.035218761612971626,0.016824504360556602,0.0468741257985433,0.021052285407980282,0.014220922254025936,0.0261290209988753,0.02066631925602754,0.015797334412733715,0.02458215008179347,0.02554625893632571,0.016211568998793762,0.03224444016814232,0.0005241306886697809,1.8612673443010244,25,0.34149360172450544,0.19341585110872983,0.4421065161128839,673.5672476632254,0.4087579098343849,0.213474674038589,0.5366220604379972,0.2550845682124297,0.16977577534814675,0.31763034030795095,0.2465981024255355,0.17062237386902174,0.30329675249755383,930.7567313058036,1510514.1233766233,1229.0297487760918,0.29812015367050965,0.17884961396455765,0.38124318237106003
cellbalance_all_w3e9_e50_seed2,14,14,419.4163366540686,300412.96286525973,548.0994096560037,9.46964795872049e-05,77,3,3,0.00010961151807957019,0.010206487029790878,0.010042886560161909,0.010313861382504305,0.009341631084680557,0.008310862506429354,0.010266751361389955,0.011041114727656046,0.007578175514936447,0.013594900878767172,0.012952391058206558,0.008821681452294191,0.01601032664378484,0.00013215167321808016,0.813726337730195,25,0.11361876516292492,0.08905678915480773,0.13365539765606324,673.5672476632254,0.10676305059343577,0.09679889144996802,0.11565971337258815,0.10484050118674834,0.08349604827662309,0.12247408202538888,0.1279423763975501,0.07413241065417726,0.16492800924926995,455.1537879844765,364113.28733766236,603.4180038229406,0.13905322776486476,0.08452224918330709,0.17749194242060184
cellbalance_all_w3e9_e50_seed2,15,15,327.37611745859124,180386.16243912338,424.7189216871829,6.80932011542231e-05,77,3,3,7.83559080446139e-05,0.00865732536961635,0.007988898859669765,0.009234946531554064,0.007659338569889466,0.006031641581406196,0.008997080847620964,0.009051037020981312,0.005069065218170484,0.011723965406417847,0.011663145385682583,0.005676423975576957,0.015461684204638004,9.860743981941293e-05,0.6305516237029635,25,0.09399372290819884,0.06606025282293558,0.1152566136047244,673.5672476632254,0.08607473922272524,0.07085559050242106,0.0986962790042162,0.08518637804935376,0.06321395102888346,0.10251405267665784,0.10379008172700803,0.05523793838297327,0.13596518480529388,317.0197654823204,212592.0633116883,461.07706873329573,0.1278770133977135,0.06281149797762434,0.16952947656313577
cellbalance_all_w3e9_e50_seed2,16,16,305.0487781871449,161970.36931818182,402.455425256241,5.9569452952762895e-05,77,3,3,7.003177476387161e-05,0.00822485238313675,0.007972212508320808,0.008417397116621336,0.007143466422955195,0.005476905188212792,0.008488162110249201,0.00839979387819767,0.004707770111660163,0.010878527847429117,0.011212494845191637,0.005008683384706576,0.015029645835359892,8.856625208863989e-05,0.5974985076136946,25,0.08691467414299647,0.062003149998684726,0.10602054725090662,673.5672476632254,0.07877790362884601,0.06881411801402768,0.08736999372020364,0.0790896634074549,0.05574545397733648,0.09691656298935414,0.09413751607760787,0.050616057626903056,0.12310362121711174,289.9853285752334,186379.2421875,431.71662255176136,0.12248599205166101,0.056371181160211566,0.16373497909555831
cellbalance_all_w3e9_e50_seed2,17,17,291.6589147394354,151620.06493506493,389.38421248821186,5.5366513281894315e-05,77,3,3,6.704674160573632e-05,0.008187207703789076,0.008036956501503786,0.00825696966300408,0.006817051519950231,0.005185483489185572,0.008126891683787107,0.008058393994967142,0.00456971845900019,0.010416824370622635,0.010917755775153637,0.004608371295034885,0.014722182104984919,8.288416332410027e-05,0.5780925569630706,25,0.08362532506386439,0.06033230463663737,0.10159736244628827,673.5672476632254,0.07670769275476536,0.06844782654196024,0.08396920855467518,0.0754630565829575,0.052378409188240764,0.09293894207105041,0.08858210640649,0.04776762722680966,0.11577230494469404,269.75912574668985,166516.3127029221,408.0641036686786,0.11816074999670188,0.05244712871188919,0.15860092656066022
cellbalance_all_w3e9_e50_seed2,18,18,284.9883175143948,146657.5445413961,382.95893323096163,5.292609104752093e-05,77,3,3,6.444026075769216e-05,0.008087194059044123,0.008174715097993612,0.007916740141808987,0.006576655277361472,0.005072074010968208,0.007795377013583978,0.007826296923061212,0.004489753860980272,0.010096230854590734,0.010699888691306114,0.004529822152107954,0.014422698877751827,7.89195279746006e-05,0.5685533769041513,25,0.08148628366490206,0.060038648943106336,0.09822622595975797,673.5672476632254,0.07556022115051747,0.06903793513774872,0.08133634264891346,0.07293843974048893,0.05088425047695637,0.08968682556102674,0.08458526982615391,0.04555879587307572,0.11056126046925784,264.6939261300223,160934.10267857142,401.16592910985275,0.11551021934797366,0.052086529470980164,0.15475713500132163
cellbalance_all_w3e9_e50_seed2,19,19,272.8488721971388,135540.82335633118,368.1586931695776,4.847683668266619e-05,77,3,3,6.418738000017281e-05,0.008347287774085999,0.008534568051497141,0.008063247116903463,0.006304164261867602,0.0048530190251767635,0.007476040006925662,0.007463593656818072,0.004215774902453025,0.009664840996265411,0.010395481251180172,0.004041783666859071,0.014129389698306719,7.363124192731145e-05,0.5465804556958683,25,0.07861002609754603,0.05961735704913736,0.09368427809327841,673.5672476632254,0.07452500243981679,0.07084445293992758,0.07781385661413272,0.06758054896568258,0.04793569087361296,0.08266051884119709,0.08071387065574527,0.04332646019756794,0.105564467869699,237.35947903719816,136929.1903409091,370.0394443041297,0.11127962303658326,0.0452988866592447,0.15068107711772125
cellbalance_all_w3e9_e50_seed2,20,20,324.9341196828074,174004.1398133117,417.1380344841641,5.4027413962221425e-05,77,3,3,6.60716905258596e-05,0.008116071267674366,0.006841289500395457,0.0091732374082009,0.007162562105804682,0.0058197273562351865,0.008285499177873135,0.0074021451485653715,0.004878575913608074,0.00923837007333835,0.010997164684037367,0.006258935512353976,0.014230757020413876,8.117929731573288e-05,0.6192967902333748,25,0.08764600280672312,0.06348676325132449,0.10630690724899372,673.5672476632254,0.07709381045152744,0.06082046923538049,0.09027908882747093,0.08644064436977109,0.06516894401361545,0.10325352667520443,0.08742814781765143,0.05566472936421633,0.11025963429361582,401.688578023539,282900.1781655844,531.883613364413,0.12816008793811004,0.08017885906000932,0.16225627036144336
cellbalance_all_w3e9_e50_seed2,21,21,363.1732895095627,234094.86373782466,483.83350828340184,5.7338286456183303e-05,77,3,3,8.60974954169554e-05,0.010292165291806063,0.011666388250887394,0.008486893028020859,0.006996318853149812,0.006614836243291696,0.007315558381378651,0.00763671612367034,0.005536894624431928,0.00924344640225172,0.010924060518542925,0.006033081561326981,0.014210345533986887,8.143666248846178e-05,0.7183150753869673,25,0.09078767360498508,0.08267154082655907,0.09801663937668005,673.5672476632254,0.09380388883252938,0.10046777095024785,0.08624268194039662,0.07394373080382745,0.06221677207077543,0.08396211686233679,0.08158895999814074,0.05328266484042009,0.1022502044091622,330.5487825467989,224346.4604301948,473.6522568617137,0.1210576768219471,0.0657286747607092,0.15788343850523234
cellbalance_all_w3e9_e50_seed2,22,22,317.2067464853262,176962.11211444804,420.66864883711986,6.0828551464841105e-05,77,3,3,7.596750704882045e-05,0.008855842364331087,0.008258325203011433,0.009374573516348997,0.00813217849160234,0.005477266696592172,0.0101022037367026,0.007211942846576373,0.004413936908046405,0.009192282644410929,0.011215973955889543,0.005078733433037996,0.015025955314437548,8.613741374574602e-05,0.6245384559545101,25,0.09655703416715065,0.06765865966056785,0.11856218780080477,673.5672476632254,0.08838730459411939,0.07565770032505194,0.09943900334338347,0.1048441821585099,0.06230477812389533,0.13451627543816963,0.0798433000780642,0.048815020906428495,0.10179846695313852,310.1597613049792,197784.3789569805,444.72955709844666,0.12985287786771854,0.06418644027784466,0.17198807432005803
cellbalance_all_w3e9_e50_seed2,23,23,275.52612126338016,129102.47859172078,359.30833359625933,4.658851749018022e-05,77,3,3,5.9290598680187635e-05,0.007714143022894859,0.006958880772193273,0.008350150349239508,0.006415415244797866,0.00487047154456377,0.007648442095766465,0.007159105346848567,0.0042136066282788915,0.009179947276910147,0.010677461512386799,0.004681482600669066,0.014322408164540926,7.466464497459431e-05,0.5334409219610818,25,0.08150964404766758,0.055219854190945626,0.10111630002657572,673.5672476632254,0.07389736451829473,0.05937994154170156,0.08588936297843854,0.07573101853951812,0.05046418176963925,0.09438150418922304,0.08094726576159397,0.047681986472258964,0.10399583406746388,275.61462342893924,172336.5578327922,415.13438526914655,0.12042545313636462,0.0548503542629381,0.161154981503884
cellbalance_all_w3e9_e50_seed2,24,24,280.39453303349484,133276.8588676948,365.0710326329587,4.321601567449737e-05,77,3,3,5.342913451992596e-05,0.007225853856652975,0.006436857860535383,0.007904010824859142,0.006074491422623396,0.004913806139181058,0.007043899657825629,0.00678559485822916,0.004317642189562321,0.008535449082652727,0.010512330879767736,0.0050238727902372675,0.013952825839320818,7.042376334235693e-05,0.5419964137203555,25,0.07495418053741257,0.054400759562849996,0.09090588551014661,673.5672476632254,0.06714936858663956,0.055586957360307374,0.07682451382279396,0.06893798896421989,0.0529077065984408,0.08179974017043909,0.0723250164402028,0.049157116568336885,0.08965070640047391,299.43749445134944,192777.41243912338,439.0642463684824,0.11642730704198281,0.058710979539901016,0.1537715033441782
cellbalance_all_w3e9_e50_seed2,25,25,261.64845137162644,119381.49928977272,345.51627934118056,4.093434748843814e-05,77,3,3,4.7616711526643485e-05,0.00672377971932292,0.006262792740017176,0.007132160477340221,0.005698360037058592,0.004320111436148484,0.006801956333220005,0.006469413948555787,0.0035666119462500014,0.008400492059687773,0.010220765757064024,0.003901024038592974,0.013897602446377277,6.553934023637946e-05,0.5129647864260972,25,0.07197657833496729,0.05127596047396461,0.08786083129545053,673.5672476632254,0.0639046669875582,0.0559703531054159,0.07081765086700519,0.06673303063338001,0.04791460677981377,0.08126916994030277,0.06913680072252949,0.041682022120803595,0.08841211630652349,247.9692646373402,148072.14468344155,384.80143539680506,0.11324908386915922,0.04883790084471305,0.15249613780528307
cellbalance_all_w3e9_e50_seed2,26,26,223.21124307211343,97182.05930397728,311.7403716299467,3.9909787296715146e-05,77,3,3,4.557087474192182e-05,0.006447189953178167,0.0071032011571029825,0.005701187377174695,0.005372571138044198,0.003993493892873327,0.006462266358236472,0.006514396208027999,0.0028713596208641925,0.008747047589470943,0.010352459115286669,0.0032835147188355527,0.014263613149523735,6.607993054785766e-05,0.4628199674367372,25,0.06815780841434996,0.049527452159672976,0.08238288572678963,673.5672476632254,0.0630622674462696,0.06081430562461416,0.06422659977028768,0.05393704374631246,0.036590414652600885,0.0668706779802839,0.06634060106550654,0.0310000083843867,0.0885335105843842,190.57855303875812,102480.54849837662,320.12583228845597,0.11187220138808092,0.03814533156032363,0.1535277388120691
cellbalance_all_w3e9_e50_seed2,27,27,335.4724194415204,202835.4445008117,450.3725618871688,7.842723350116209e-05,77,3,3,9.561890813832481e-05,0.009910568284491697,0.00956341065466404,0.010177973347405592,0.009266046807169914,0.005877973046153784,0.011706328019499779,0.008623258831600348,0.004748151482393344,0.01121313776820898,0.011624287813901901,0.006004555461307366,0.015287573138872782,0.0001029616372155336,0.6686378582830812,25,0.10334488173325856,0.07935469462225835,0.122534904020528,673.5672476632254,0.09926261348028978,0.09068282277633746,0.10675657709439595,0.102889622785151,0.06600565166523059,0.1296016183743874,0.09413343829413255,0.05762546983237068,0.11985698837786912,356.1041741309228,260191.0515422078,510.0892584070045,0.13159352153539658,0.07520783942192794,0.1695505282531182
cellbalance_all_w3e9_e50_seed2,28,28,271.6445835658482,120123.02358969155,346.58768528280336,4.390552238838644e-05,77,3,3,6.0488557210192084e-05,0.008077194914221764,0.008464238916834196,0.007547725302477677,0.00585438668106993,0.004498233087360859,0.006948669441044331,0.0070043352122108144,0.0035317363993575177,0.009206745773553848,0.010943426129718622,0.003435892518609762,0.015058896504342556,7.473613004549406e-05,0.5145554307831971,25,0.07645483144248526,0.058074914639194807,0.0909807418535153,673.5672476632254,0.06891332179307938,0.0684344239657124,0.06904685952390234,0.06133722048873703,0.04631801875308156,0.07328626616547505,0.07634381972874205,0.044181470619514586,0.09846092582990726,222.8099520794757,124831.78125,353.3154132641258,0.1268359054873387,0.04591277495957911,0.17336118248601753
cellbalance_all_w3e9_e50_seed2,29,29,266.4456353125634,122405.07097199676,349.8643608200137,3.9447277184128274e-05,77,3,3,4.907841139356606e-05,0.007009388102839391,0.006391659068564574,0.007500035998721917,0.005486068315804005,0.004181599477306008,0.0065336674451828,0.006541148293763399,0.0032631675712764263,0.008627699222415686,0.01025434552381436,0.003061124589294195,0.014156431891024113,6.546410440932959e-05,0.5194200906201739,25,0.0697201421422263,0.05274043145899971,0.08325023714452982,673.5672476632254,0.06268092749019463,0.06045245001713435,0.06469822965562344,0.056134401590873795,0.04562191890863081,0.06494502288599809,0.06894340882077814,0.04231427004871269,0.08778863824903965,198.62412588936942,111967.08309659091,334.61482796880193,0.11693781630446513,0.04214368353287379,0.15989035554230213
cellbalance_all_w3e9_e50_seed2,30,30,241.02862271395597,108046.07153003247,328.7036226299194,3.931275389365876e-05,77,3,3,5.429840166470967e-05,0.007454213375846545,0.007321793120354414,0.00749999067435662,0.006003113929182291,0.004286629768709342,0.007324589726825555,0.006676449129978816,0.0029259512666612864,0.008967548608779907,0.010419680116077265,0.0030698781677832208,0.014407492863635222,6.897021618594105e-05,0.4880041655384449,25,0.07211881964777907,0.053677048794925214,0.08662593780706326,673.5672476632254,0.0655295574106276,0.06433831262091795,0.06656323918451866,0.060625268717606866,0.0432287866063416,0.07403662184253335,0.06905090361833573,0.03605164813809097,0.09072065940126776,191.82979474748885,109329.99959415584,330.6508726650451,0.11771743478874365,0.04058167465341588,0.16144342886904875
cellbalance_all_w3e9_e50_seed2,31,31,255.8775274103338,112797.85719358767,335.8539224031598,3.882320809432051e-05,77,3,3,5.008851682456831e-05,0.006938623574872811,0.006128589001794656,0.007593460536251466,0.005861564539372921,0.0042176203181346255,0.00713355482245485,0.006605002253005902,0.0031902908037106195,0.008763911202549934,0.01040729135274887,0.0034835624198118844,0.014288771587113539,6.809679689467885e-05,0.49861973480498306,25,0.0705662865502139,0.05142694519211848,0.08549286928027869,673.5672476632254,0.06233380233868956,0.05748641806965073,0.06669023559739193,0.06052006444583336,0.045281093061591185,0.0726169783435762,0.06875354345887899,0.04164671522565186,0.08783321908985575,230.43904450651888,127511.5005073052,357.0875249953507,0.11731133213887612,0.04738153438704709,0.15897642832249403
cellbalance_all_w3e9_e50_seed2,32,32,263.90292477298095,117274.78769277598,342.4540665443703,3.672732239099244e-05,77,3,3,4.3255709897493944e-05,0.006117781934638818,0.00603686614582936,0.006140688123802344,0.005626192005972068,0.004267362877726555,0.006715147290378809,0.006319970358163118,0.0034381182243426642,0.00823875144124031,0.010202351957559586,0.004612049553543329,0.013651021756231785,6.454602043959312e-05,0.5084185249986988,25,0.06761633114889264,0.05229005615537365,0.08001642171293497,673.5672476632254,0.05782244923214118,0.05631877557064096,0.0592605674204727,0.05912788093090057,0.04594923998539646,0.06984560697029034,0.06643665589392185,0.04377918127303322,0.08310878763596218,293.54323409439684,168750.0614853896,410.79199296650074,0.11548785823086898,0.05847680358216167,0.1524677584692836
cellbalance_all_w3e9_e50_seed2,33,33,259.76104478712205,114170.57330560064,337.89136317106517,3.6112475884562756e-05,77,3,3,4.1305696261891477e-05,0.005879740851620833,0.00609815896799167,0.00560791293780009,0.005549428363641103,0.0044498080387711525,0.006464187366267045,0.0062524367434283095,0.0036201173594842353,0.008045435572663942,0.010072140643994013,0.004903496863941352,0.013338115066289902,6.301279305868472e-05,0.501644586109695,25,0.06688875161111354,0.05250792236377796,0.07859277547647556,673.5672476632254,0.056545803360641,0.05518715381622315,0.057622151107837756,0.059172258153557776,0.04741947797437509,0.06893687323356668,0.06703922802582384,0.04540866923208038,0.08319966793060303,305.1205529547357,179447.6492491883,423.61261696175706,0.1137492235377431,0.06057579782480995,0.14895499712477128
cellbalance_all_w3e9_e50_seed2,34,34,654.23911077326,578269.817775974,760.4405419071066,0.00011309636579131006,77,3,3,0.0001324706245213747,0.010627209519346556,0.013292304240167141,0.006963295706858237,0.01087890937924385,0.011280990516146025,0.0104027617101868,0.012521189637482166,0.011166833030680815,0.013721370448668798,0.014791569982965788,0.012355724970499674,0.016868554676572483,0.00017263734965429953,1.1289749383528764,25,0.13235859278589487,0.13591636476417382,0.12847302171091238,673.5672476632254,0.10869961604475975,0.12323503871758779,0.09037312714383006,0.13596785011390844,0.14300107043236493,0.12829938638955354,0.15447941813617944,0.1442421549434463,0.16362291286389033,809.869164404931,838541.5243506493,915.7191296192568,0.17921200713763635,0.15433414736141762,0.200841448828578
cellbalance_all_w3e9_e50_seed2,35,35,411.3057145948534,254867.49746347402,504.8440328096134,6.145380979574696e-05,77,3,3,7.980649994957882e-05,0.009432640857994556,0.011745360990365347,0.006288185715675354,0.007528913052131732,0.007482774090021849,0.007572595650951068,0.007778204667071502,0.005495253639916579,0.009499373380094767,0.010720940617223581,0.005774538187930982,0.014001863387723764,8.291205449495465e-05,0.7495079883427298,25,0.09678426332771778,0.09548759562894701,0.09738844888905684,673.5672476632254,0.09879067206134398,0.11448383415738742,0.07776953121647238,0.08456169001137216,0.08105904954796037,0.08772167663400372,0.08869494400297602,0.06071197115505735,0.10966818592200676,346.7107052493405,205132.8648538961,452.91595782650023,0.12310944995532433,0.06668422251318892,0.16067890296379725
cellbalance_all_w3e9_e50_seed2,36,36,222.3441277045708,98371.99041193182,313.6430939968738,3.998071163066499e-05,77,3,3,3.838659904431552e-05,0.005794522352516651,0.005866993839542071,0.005689228108773629,0.005007954469571511,0.003723226021975279,0.006022278064241012,0.005791164779414733,0.002521320478990674,0.007786638258645932,0.01001441137244304,0.0028902421860645213,0.013862400005261103,5.93120736690859e-05,0.46564481139037084,25,0.06987796456242601,0.04543020277594527,0.08758409914871057,673.5672476632254,0.06615626250083248,0.05404467742269238,0.07559358313058813,0.05440190689638257,0.036893122730155783,0.06745389654611547,0.06226402634754777,0.030778553057461976,0.08249423324440916,179.5442804113611,103259.64072646105,321.3403814127024,0.11618729462226232,0.03734471335075796,0.16000322641183934
cellbalance_all_w3e9_e50_seed2,37,37,209.00775582449776,91166.12961647728,301.9372941795652,3.517741930267362e-05,77,3,3,3.9281139227872096e-05,0.005854257537672917,0.005790116110195716,0.005912287160754204,0.005210469632099072,0.0037466376088559628,0.0063437762049337225,0.005877163261175156,0.0024932854964087405,0.007920000236481428,0.00994324746231238,0.002437019720673561,0.013845755718648434,5.957804872499158e-05,0.44826599753337437,25,0.06714541070784132,0.04394086000199119,0.0840710784556965,673.5672476632254,0.060949854714175064,0.05333343099802732,0.06751343524704377,0.05453470484664043,0.03585704878903925,0.06825477094079058,0.062382248987754185,0.02818571988803645,0.08356546323746443,136.49532605456068,84552.50887784091,290.7791410638681,0.1142945688466231,0.02964021305553615,0.15887822141249974
cellbalance_all_w3e9_e50_seed2,38,38,394.63254319228133,244555.10683847402,494.5251326661508,6.543150783573918e-05,77,3,3,9.412685418889548e-05,0.010242094285786152,0.012309152322510878,0.007600471532593171,0.008464844121287266,0.006205340381711721,0.010203138925135136,0.007962255893896023,0.005029063516606887,0.010072958966096243,0.011463242893417677,0.005768464567760627,0.01514526829123497,9.436546679353341e-05,0.734188211172356,25,0.1052847462395827,0.09487582959234714,0.11452527366578578,673.5672476632254,0.10457299312576651,0.1164184040327867,0.09065355114638805,0.09959626383458575,0.07015512431661287,0.12211045750727256,0.09166668123255173,0.061130320591231184,0.11419995165119569,381.87723650251115,227696.40371347402,477.1754433261146,0.13712586874763172,0.07176937703043222,0.17999812842657167
cellbalance_all_w3e9_e50_seed2,39,39,322.7899142178622,202061.44982751625,449.51245792248767,6.176991223878463e-05,77,3,3,0.00010054213877689715,0.011698275804519653,0.012184051175912222,0.011190158315002918,0.007102551714827617,0.005313368514180183,0.008523418568074703,0.007496160765488942,0.0033593909659733376,0.010052243247628212,0.010716061107814312,0.0039436921166876955,0.014626831747591496,7.921488577267155e-05,0.6673609197625919,25,0.10164129509280126,0.08522384996215503,0.11560451433062553,673.5672476632254,0.11459528043866157,0.11164987049996852,0.11732090295602877,0.07485019351045291,0.0524398849842449,0.09193081993609667,0.0788543309395512,0.0385504708532244,0.10463218780855338,219.38416597440644,134803.56006493507,367.15604320906266,0.12170430159817139,0.04956713842228055,0.16481386875112852
cellbalance_all_w3e9_e50_seed2,40,40,218.27171821098824,96570.49467329546,310.7579358170849,3.971750523411977e-05,77,3,3,5.968823946507958e-05,0.008133364375680685,0.007047791810085376,0.009085881368567547,0.0061492954070369405,0.004265561855087678,0.007577111944556236,0.006391752821703752,0.0027890723819533982,0.008588364658256372,0.010241930993894735,0.002698390589406093,0.014221280192335447,6.679513171548024e-05,0.4613614110472006,25,0.07653792326028148,0.04887688515086969,0.09648348870997628,673.5672476632254,0.0757641620002687,0.05934649582952261,0.08911061353360614,0.061704384330660104,0.04034865112664799,0.07736852564538518,0.0644073928023378,0.030026564061020812,0.0859853053279221,148.19535104330484,89820.2104301948,299.70020091784187,0.11799397253741821,0.03192762992965678,0.1637798075626294
cellbalance_all_w3e9_e50_seed2,41,41,205.81016263094816,83391.71367694806,288.7762346124557,3.312426598348758e-05,77,3,3,3.861931266631776e-05,0.0051897008282442885,0.00524569908156991,0.005121049005538225,0.005459286272525787,0.003929997173448403,0.006637542818983396,0.006181612455596526,0.0026554963551461697,0.008325140768041214,0.01062644769748052,0.0027789606247097254,0.014766251978774866,6.708319779136218e-05,0.42872665738171395,25,0.06656144734472036,0.041824523014947775,0.08423481763650974,673.5672476632254,0.05076731782406568,0.047348895066728194,0.05386042036737005,0.057440024099002285,0.039177942890673875,0.0711349331587553,0.06638933628176649,0.029637441129113238,0.08907188380137086,167.7094558121322,95288.18978287338,308.68785169305477,0.12700544451673826,0.03526775363832712,0.17609994911899168
cellbalance_all_w3e9_e50_seed2,42,42,270.88575249213676,133098.2189529221,364.8262859950227,3.7522663530710686e-05,77,3,3,5.6817104147436716e-05,0.007936427059272924,0.00909813509012262,0.006568781565874815,0.005696766699353854,0.004510782814274232,0.006673111425091823,0.00677962585662802,0.003379751384879152,0.00896578747779131,0.009991796066363653,0.003611229360103607,0.013655365134278933,6.487742333168474e-05,0.5416330548444822,25,0.07254346061497927,0.0639428216094772,0.08002282117803891,673.5672476632254,0.07085084210460385,0.08017027257631222,0.0599462457622091,0.05570087869341175,0.044584751824537916,0.06492296012118459,0.06849070542802413,0.03777688713433842,0.08915812789152065,220.7922599098899,118670.33482142857,344.48560901934434,0.11133733532081047,0.0449617305987825,0.15084821869929632
cellbalance_all_w3e9_e50_seed2,43,43,190.79115275593546,83029.07660308441,288.1476645803058,2.718532303262762e-05,77,3,3,3.141183818418843e-05,0.005060527628908555,0.005426470035066207,0.004663394143184026,0.004537299275398254,0.0036565369615952172,0.005272592728336652,0.005523051445682843,0.002236101388310393,0.007483145222067833,0.009240567373732725,0.002192446729168296,0.012882726266980171,5.104561569169164e-05,0.4277934617218439,25,0.05528769021232923,0.0405306721975406,0.066707990479966,673.5672476632254,0.046099408864974975,0.04782406042640408,0.043925302363932134,0.04367820343002677,0.03558818520357211,0.05047157629703482,0.053275304995477196,0.026311638209347923,0.0705757861956954,121.28797635165128,88343.48823051948,297.226324928529,0.10323403069128592,0.030449703787453472,0.1427687336380283
cellbalance_all_w3e9_e50_seed2,44,44,177.91013326273335,75519.27054586039,274.80769739194056,2.5919128217667874e-05,77,3,3,2.859441459198327e-05,0.004714875326802333,0.005003097156683604,0.004403913238396247,0.0042799256431559725,0.003417164320126176,0.004995488406469424,0.005273535382002592,0.00208432386474063,0.007159555330872536,0.009133661165833473,0.0019475892962267,0.012769154583414396,4.879837069893256e-05,0.40798850945516985,25,0.053112484787901246,0.0375281305393825,0.06496066698183615,673.5672476632254,0.043913754628350336,0.04481673245007793,0.04271414004266262,0.04061558028683066,0.03264049446520706,0.047254791837185624,0.05033887490009268,0.023722783122211696,0.06709819644068678,99.41212403929079,76980.61241883117,277.45380231460365,0.10204614383478959,0.025974822216667234,0.1419480112940073
cellbalance_all_w3e9_e50_seed2,45,45,178.99861214377663,74380.55940543831,272.7279952726495,2.5303096675076644e-05,77,3,3,2.9434235936302382e-05,0.005010732760032018,0.004898690308133761,0.005119876936078072,0.0041059340971211595,0.0032390855873624482,0.004818021164586146,0.0051334453746676445,0.002175527780006329,0.006919513922184706,0.00911734780917565,0.0022237847248713174,0.012700521697600683,4.782611116146048e-05,0.4049009155638307,25,0.0528714351169765,0.036700611989945175,0.06511081354692579,673.5672476632254,0.04444392545769612,0.043053479762747884,0.04576347750301162,0.03858329518698156,0.03161685229589542,0.044465463819603125,0.04973720984533429,0.025422733078400293,0.06555987050135931,113.00538863144912,82038.23873782468,286.4231812158797,0.10214742780973514,0.029452155775701008,0.1414171429723501
cellbalance_all_w3e9_e50_seed2,46,46,176.82207171947925,74258.34618506493,272.50384618398493,2.6277497950517997e-05,77,3,3,3.242489340967344e-05,0.005522995255887508,0.0051620034500956535,0.005842940260966619,0.004295248072594404,0.003229253382111589,0.005140509766836961,0.005144726950675249,0.0020900404391189418,0.006965334837635358,0.00906196857492129,0.002030115264157454,0.012653527160485586,4.7848254325799644e-05,0.40456813648432205,25,0.05597543761134147,0.03887236320413649,0.06891611885900299,673.5672476632254,0.05069266543413202,0.047663200131307044,0.053519710743178926,0.04070725586265325,0.03132136541418731,0.04828313116605083,0.04969756643598278,0.023251392180100083,0.06629165506611268,98.4519460108373,73153.4703226461,270.46898218214614,0.10234336712708075,0.026276361672207715,0.14231908657898507
cellbalance_all_w3e9_e50_seed2,47,47,230.50591070001775,95184.21712662338,308.5193950574637,5.860699138202698e-05,77,3,3,8.72659293236211e-05,0.010538397046426931,0.006764904285470645,0.013276653985182444,0.007116000633686781,0.00397145530829827,0.009234926663339138,0.007403395604342222,0.0028965857345610857,0.010059614665806293,0.010653712165852388,0.0029193599863598743,0.014779181219637394,7.803824216049786e-05,0.4580380001073319,25,0.09859836303939422,0.04493071806927522,0.13196026789645354,673.5672476632254,0.10683925160517295,0.051561823729425665,0.1419453006486098,0.07765746764838695,0.03991078900483747,0.10226838977386554,0.08063490846504767,0.03318296708787481,0.1090937009950479,173.0069387857016,98058.87667410714,313.143540048501,0.1255597433447838,0.03704238134436309,0.1736551104610165
cellbalance_all_w3e9_e50_seed2,48,48,181.14537791462686,76338.98823051948,276.295110761156,2.9789669024939468e-05,77,3,3,3.1359833883470856e-05,0.005141774658113718,0.005155736890931924,0.0051274037299056845,0.004425744991749525,0.0030235305118064084,0.005478511253992717,0.00536396245782574,0.0021289180343349776,0.007273541763424873,0.009293694359560808,0.002180860610678792,0.012957989859084288,5.046589649282396e-05,0.41019677206647653,25,0.05654755082602302,0.03819889144351085,0.07018103551740448,673.5672476632254,0.047930868212133645,0.04644403338432312,0.049312445453057685,0.04706438661863407,0.03036923593841493,0.05921127693106731,0.0540450660387675,0.025410257751743,0.07205070058504741,108.10322154651989,77879.5393161526,279.06905832813607,0.1016372299939394,0.026487923354531328,0.14126355480402708
cellbalance_all_w3e9_e50_seed2,49,49,170.6199678693499,71115.24756493507,266.67442240480256,2.7844151120078023e-05,77,3,3,3.589338606010036e-05,0.005808984550336997,0.006113548607875903,0.005480134083578984,0.004406927929570277,0.0037138788805653653,0.005001337888340156,0.00548528553918004,0.0022234757586071887,0.007429289010663827,0.00953720168521007,0.0021852392237633467,0.013307972500721613,5.281637034689387e-05,0.3959135829866481,25,0.056561907598127924,0.04041697801090777,0.06881316022947431,673.5672476632254,0.04961521690711379,0.04916185880079865,0.04954009967545668,0.040272524325797955,0.03318425892231365,0.046173800161729256,0.05295719999819994,0.023704701367144785,0.07103868572662274,105.46640658688236,77753.50040584416,278.84314660009875,0.10561336065332094,0.028023491545269886,0.14670240158836048
cellbalance_high_w3e9_e50_seed2,0,0,2043.5228112951502,6702574.025974026,2588.9329898577957,0.002269332661511159,77,3,3,0.0021437006071209908,0.05003897473216057,0.04333245505889257,0.055589187890291214,0.04514047255118688,0.03850590313474337,0.05089225868384043,0.0414104995628198,0.027132243538896244,0.05183040350675583,0.036360972871383034,0.029981241871913273,0.041767507791519165,0.001641718049844106,3.8436147227161905,25,0.5091253313422203,0.44722597902019817,0.5626206146677335,673.5672476632254,0.5284366914133231,0.47682656700412435,0.5730550954242547,0.5193906368811926,0.4668916125098864,0.5655326772729555,0.4666399896144867,0.33095424085855485,0.569156461507082,1750.0407889229912,4473245.084415585,2115.004748083461,0.44573988114794094,0.4083266768604517,0.47954731245835625
cellbalance_high_w3e9_e50_seed2,1,1,1524.3762650923295,3861199.701298701,1964.9935626608808,0.0012624774796452809,77,3,3,0.0012156714995702107,0.03621067230900129,0.032156421492497124,0.03973413134614626,0.03592603405316671,0.02971504194041093,0.04119612152377764,0.03152880072593689,0.020425304770469666,0.03962837532162666,0.03017721263070901,0.021012260268131893,0.0370769128203392,0.0010373319188753765,2.9172938106446518,25,0.379773461719354,0.3296534837285678,0.4233178531130155,673.5672476632254,0.37063060586651164,0.33916639457146325,0.39917492419481276,0.41198580622673037,0.36098217591643333,0.4557343458135923,0.3642850590745608,0.25476222932338716,0.44641688480973246,1235.0813202300628,2323193.6542207794,1524.2026289902467,0.3621711311986049,0.30404735408723355,0.41101482580105464
cellbalance_high_w3e9_e50_seed2,2,2,1260.4143668831168,2724046.676948052,1650.4686234364021,0.0009342471913241044,77,3,3,0.0009090303598592678,0.03142305960257848,0.02693815405170123,0.035187498976786934,0.03079059285422166,0.023440035060048103,0.036688209821780525,0.027772846942146618,0.017839036881923676,0.034969172130028404,0.024974420045812924,0.013604190511008104,0.0325918390105168,0.0007575336300457517,2.450339782942674,25,0.32490883857011793,0.26432235072056454,0.3753791448970636,673.5672476632254,0.32297877411047615,0.2814911797394355,0.35941666235526404,0.34831020248432953,0.28108488753437993,0.40340161219239234,0.3183142055074374,0.21683288750549157,0.39341946713626386,794.6641076818689,1046298.2646103896,1022.8872198880919,0.28010185120006403,0.19261817624171576,0.3454855127632618
cellbalance_high_w3e9_e50_seed2,3,3,1139.1516580953225,2208930.8571428573,1486.2472395745122,0.0007700007401297909,77,3,3,0.000718164878586928,0.02836448761324088,0.024068923046191532,0.03197375498712063,0.026887233058611553,0.019952577849229176,0.03236601687967777,0.023938913519183796,0.015452877307931582,0.030116651207208633,0.022380682950218517,0.011404091181854406,0.029519254341721535,0.000582930069261541,2.2065313370427058,25,0.2944879035651684,0.2323494769881169,0.3455027697980404,673.5672476632254,0.3017404023806254,0.25688674588998156,0.3405087524652481,0.3077844329178333,0.2354911864300569,0.3658329752087593,0.27857460409402846,0.184744842449824,0.3474489535888036,689.3799256163758,806357.9180194805,897.9743415151017,0.24439190479616324,0.1519727478424708,0.3099267543355624
cellbalance_high_w3e9_e50_seed2,4,4,1049.0480148513595,1873353.9090909092,1368.7051943683523,0.0006235411667337568,77,3,3,0.0005744152391950289,0.02514930193622907,0.021837721889217693,0.027998613193631172,0.02425451949238777,0.018562419960896175,0.028838369995355606,0.021431370327870052,0.014256486979623636,0.026738878960410755,0.02075822340945403,0.010652033301691214,0.027335915714502335,0.00048149209275531274,2.0320245663914562,25,0.2656407770762841,0.21181868555645147,0.3101392205804586,673.5672476632254,0.2709569321821133,0.2325751383850972,0.3042547165354093,0.2786795760691166,0.2176911155631145,0.3283648788680633,0.25042152946194013,0.17086251356949408,0.3098404346903165,636.7924281529018,688203.1814123377,829.5801235639253,0.22583466025690238,0.1355347979813814,0.2887475520869096
cellbalance_high_w3e9_e50_seed2,5,5,957.1564442027699,1562065.75487013,1249.8262898779694,0.000503987846472724,77,3,3,0.0004816440147502969,0.022836246838172276,0.020291252061724663,0.02504156654079755,0.022434426471590996,0.017022717744112015,0.026757522796591122,0.01971559909482797,0.012935263104736805,0.024683638165394466,0.019352367768685024,0.009862293799718222,0.02549956428507964,0.00041308557653489214,1.8555330506551972,25,0.2431093562891086,0.1954011649141709,0.2827475842088461,673.5672476632254,0.2447012242178122,0.21424930033584436,0.2714609237511953,0.25891677449146905,0.20034734961887202,0.3063545909027259,0.23140108540654183,0.1587130142003298,0.285840665474534,579.0653381347656,567078.0791396104,753.0458678856224,0.20980599117775758,0.127340859460334,0.26764633191128573
cellbalance_high_w3e9_e50_seed2,6,6,919.9582551237825,1446046.0746753246,1202.5165590025463,0.000437622070433451,77,3,3,0.00042241937868917984,0.021596039334932964,0.01987900274495284,0.023123063147068024,0.020715974271297455,0.016392413526773453,0.024263263990481693,0.018147253741820652,0.012518438821037611,0.02238004406293233,0.018337642773985863,0.00936886016279459,0.02413487434387207,0.0003582588299953689,1.7852954744672924,25,0.22748861824472746,0.18985093062122663,0.25962249547243116,673.5672476632254,0.23092000933984916,0.2085615055511395,0.25102310958007973,0.2395119149486224,0.19432364522169035,0.27732954762876033,0.21337356547514597,0.1546055146555106,0.25890136619408927,554.4996821415889,519459.83116883115,720.7356180797722,0.19948971214393774,0.12091015808284283,0.2545021106799444
cellbalance_high_w3e9_e50_seed2,7,7,886.2270951704545,1361813.4837662338,1166.9676446955305,0.0003880782683331568,77,3,3,0.00037926634346755844,0.020449475695689518,0.019397425775726635,0.02138254977762699,0.019564013307293255,0.015305817437668642,0.023013871163129807,0.01702754944562912,0.0114220529794693,0.021177978565295536,0.017936961725354195,0.009008605188379685,0.023697756851712864,0.00032743314901987713,1.732518391807255,25,0.2188517344246308,0.18593959802140791,0.24717683436969917,673.5672476632254,0.2183443034440279,0.20532630150516828,0.2302792830268542,0.2346509742240111,0.18808530307064453,0.27310682641963163,0.20654020448525748,0.14790929390738408,0.2515760885924101,550.4241380567674,496702.1065340909,704.7709603368253,0.1980762322495381,0.12494599311302106,0.2503159918884436
cellbalance_high_w3e9_e50_seed2,8,8,916.1658919693588,1466766.1452922078,1211.1012118283954,0.0004003187584805653,77,3,3,0.0004176304306990157,0.02288193814456463,0.02160341665148735,0.023995036880175274,0.01838255984087785,0.01618828469266494,0.020330431560675304,0.016411183401942253,0.012477937464912733,0.019563681756456692,0.01753300552566846,0.009928808857997259,0.0226810984313488,0.0003030278506533553,1.798040531261,25,0.22537208559612434,0.19902114354074002,0.2485624074190855,673.5672476632254,0.22993544573585192,0.22026146734754246,0.23865206432839234,0.23004382252693176,0.19596970445166031,0.2591780602435271,0.2108673281222582,0.16161599937826396,0.25005479000508785,571.9165891176694,542184.8348214285,736.332013986509,0.2124508425593376,0.14093783759201567,0.2643018701424201
cellbalance_high_w3e9_e50_seed2,9,9,803.7764520025872,1110567.7881493506,1053.8348011663643,0.0002984205816869394,77,3,3,0.0002973019824518512,0.01811832624177138,0.017634691670536995,0.018572886784871418,0.01700396214922269,0.013881425373256207,0.01961532731850942,0.015251841706534227,0.01121322282900413,0.018419019257028896,0.016440846025943756,0.007660447154194117,0.021899205322066944,0.00026303228029670816,1.5645576663983929,25,0.1886647037913402,0.1664308371519049,0.20842491482694944,673.5672476632254,0.18774288172523182,0.1866153820728262,0.18868169652918976,0.1991133911535144,0.16299844813843567,0.22950257959465187,0.1796481763323148,0.13605120442807675,0.21435015002886454,467.3230670086749,366949.903612013,605.7639008821943,0.17967103709777196,0.10161942228674889,0.23268563620746135
cellbalance_high_w3e9_e50_seed2,10,10,794.9081135539266,1101577.1728896103,1049.560466523778,0.0002716703097753275,77,3,3,0.0002790426175730924,0.017903289447228115,0.018200885504484177,0.017589520663022995,0.01604966012140115,0.013078295004864534,0.01853542650739352,0.014511171107490858,0.01094741684695085,0.017348655809958775,0.015482935744027296,0.007076538323114316,0.020650692904988926,0.0002349144439601029,1.5582118491731416,25,0.18082720644772052,0.1634320531412959,0.1965709217141072,673.5672476632254,0.1855472722897927,0.190978666121761,0.17978262718766927,0.18303639953335127,0.14816643255452314,0.21215656434496244,0.16965857058763503,0.12749571281174818,0.20307966222365698,424.2519931545505,309623.9606331169,556.4386404924777,0.16859822001308203,0.08816744085401297,0.22134440009792647
cellbalance_high_w3e9_e50_seed2,11,11,791.557766208401,1110486.5008116884,1053.7962330601151,0.00025483865919069375,77,3,3,0.00027142403996549547,0.017833629623055458,0.01900830554465453,0.016560941624144714,0.015603585168719292,0.012757584763069948,0.017976654693484306,0.014152795697251955,0.01063466351479292,0.01693214476108551,0.015099845205744108,0.0071310292308529215,0.020024244983990986,0.0002229057087485368,1.5645004069244755,25,0.17583545648803314,0.16407324183732272,0.18671287675698597,673.5672476632254,0.1839400221904119,0.19646974022189775,0.17028305632372698,0.17292509759465854,0.1413089025268952,0.19950624503195286,0.16251225548485915,0.12119444135576486,0.19505765666564306,401.1854588892553,277766.9280641234,527.0359836520875,0.16238066295782724,0.08387450880060593,0.2135918970902761
cellbalance_high_w3e9_e50_seed2,12,12,753.8303595208503,990131.3766233766,995.053454153784,0.00022466190430704602,77,3,3,0.00022869067227778336,0.016174986648062866,0.01720655585328738,0.015012996271252632,0.014241091596583525,0.01139142798880736,0.0165864114339153,0.013507862264911333,0.009895704686641693,0.016316466964781284,0.014305748045444489,0.006022557616233826,0.019274774938821793,0.0001969153672689572,1.4772889531162259,25,0.16016151532530784,0.14895831714073818,0.1705554153273503,673.5672476632254,0.1673962733646234,0.1785641762117545,0.1553111576164762,0.15264369517564774,0.12611563389499983,0.1751373516395688,0.15232559038947027,0.11713699966669083,0.18065010881672303,312.85060476327874,181634.9455154221,426.18651493849745,0.15432346583654483,0.06578256127734979,0.20806702656050524
cellbalance_high_w3e9_e50_seed2,13,13,700.0505941812094,868596.0178571428,931.9849879998834,0.00019993856923455105,77,3,3,0.00020736730948556215,0.015388653303186098,0.01656581150988738,0.014098914961020151,0.013546039660771688,0.011210408682624498,0.015521554897228876,0.012662448920309544,0.009099426058431467,0.015408049648006758,0.014096284285187721,0.005920259437213342,0.018987419704596203,0.0001821879365403826,1.3836554423232041,25,0.15381328786412876,0.14508847523480653,0.1620163688311974,673.5672476632254,0.16066596699257693,0.17432026399920383,0.14563392963260413,0.1466800361002485,0.12427181851118803,0.16603639218956232,0.14454938537130754,0.10836967300623655,0.17323215287178756,318.4442957097834,176580.2159090909,420.2144879809487,0.1511583503956596,0.067917954120785,0.20261982555190722
cellbalance_high_w3e9_e50_seed2,14,14,698.6911549753956,850560.9902597403,922.258635231864,0.00019378948642255424,77,3,3,0.00020770188712049276,0.015142170712351799,0.016454447371264298,0.013671940813461939,0.013658761978149414,0.012152693855265776,0.015001130911211172,0.012946416313449541,0.009700175064305464,0.015519448866446814,0.014744053284327189,0.007279977357635896,0.019501158346732456,0.0001936552628952389,1.3692153803965552,25,0.15411731808135906,0.14581890421609084,0.16187178175896405,673.5672476632254,0.15470047059158484,0.16638332090030114,0.14188768985370795,0.15098541246106228,0.13526016116142273,0.165133006858329,0.1507151915008823,0.11620112804075082,0.17852527661869924,449.9594968325132,313150.0354099026,559.5981016853993,0.16280563960472744,0.0976063691576322,0.20825766416887442
cellbalance_high_w3e9_e50_seed2,15,15,647.8484600116681,720517.1972402597,848.8328441102286,0.00017629697893945768,77,3,3,0.0001872022548923269,0.014410235608617464,0.014866553246974945,0.01389846857637167,0.013568573320905367,0.01190532154093186,0.015038811601698399,0.011883629485964775,0.009003032930195332,0.014189996135731539,0.012956740334630013,0.005361584015190601,0.017507534474134445,0.0001632308412808925,1.2602050456803588,25,0.14788900720576445,0.13064236442248026,0.1632074119274815,673.5672476632254,0.14802038369079432,0.14622298541168371,0.14945627654592197,0.1488111641878883,0.13208395457516114,0.16357444455226264,0.14434678399314482,0.10668742949763933,0.17392443601042032,282.2250615900213,136702.4278612013,369.73291422485136,0.14966724732269843,0.0630804081261158,0.20197782451907795
cellbalance_high_w3e9_e50_seed2,16,16,665.41485754236,779269.2280844155,882.7622715569665,0.00016021456413708822,77,3,3,0.00016940794982171306,0.014019697283705076,0.015930268292625744,0.011781957931816578,0.011963791524370512,0.010754837344090143,0.013042748595277468,0.011195251407722632,0.007747131089369456,0.013792701065540314,0.013084537660082182,0.005692292470484972,0.017576152458786964,0.00014902084270336977,1.3105777850979117,25,0.13606822011371453,0.13363959637780984,0.13839006815105676,673.5672476632254,0.1416482389221589,0.15680333557228246,0.12446904680381218,0.13082642205059528,0.12643278509378433,0.13497257669766743,0.12379215912272533,0.09263020957509677,0.14847496786465247,283.0014987301517,136892.87023133118,369.9903650520256,0.13918666195124388,0.06707540315886339,0.18500652482112248
cellbalance_high_w3e9_e50_seed2,17,17,654.7870261452415,754092.6412337662,868.3850765839808,0.0001503733467150407,77,3,3,0.00016271260877450308,0.013877584288517633,0.015770032381018,0.011669260449707508,0.011594938735167185,0.011113082058727741,0.012043646226326624,0.010841485733787218,0.00771667854860425,0.01323846292992433,0.012589036176602045,0.004763876708845298,0.017137258624037106,0.0001389923127135262,1.2892329304856012,25,0.1326164191837112,0.13058624780426423,0.1345297345146537,673.5672476632254,0.1397572560235858,0.15377793073654175,0.12386126247545083,0.12605544575800498,0.12539691979686418,0.12658849336206912,0.11883593698342641,0.08943001210689544,0.14217626849810283,222.2456682874011,91356.98128043831,302.25317414452127,0.1330749905606111,0.051985848490148784,0.1808560693760713
cellbalance_high_w3e9_e50_seed2,18,18,631.1838109400366,706264.2215909091,840.395276992267,0.00013808744013469739,77,3,3,0.00014846348009693125,0.013224642413357893,0.015318864956498146,0.01072195420662562,0.01110754751910766,0.010556678287684917,0.011618833988904953,0.01044843935718139,0.0077940900810062885,0.01252513782431682,0.012032871134579182,0.0045763091960301,0.016367184308667976,0.0001276248561528822,1.2476783571466843,25,0.12738300974170366,0.1290625896056493,0.12565495433906715,673.5672476632254,0.1345779707406958,0.15326447769999504,0.11271766657630602,0.12006982748707136,0.11989165102442105,0.12014432020485401,0.11380495592951774,0.09177936043590307,0.1321271809314688,203.25195193600345,77973.69860998377,279.2377098638072,0.12946604923655589,0.0483083141160508,0.17659602130452792
cellbalance_high_w3e9_e50_seed2,19,19,607.5967327960126,649228.9805194805,805.7474669643589,0.0001278221798084023,77,3,3,0.0001380292281586056,0.012790277600288391,0.014797579186658064,0.010397045562664667,0.010613992810249329,0.0102555009846886,0.010957812890410423,0.0099477826928099,0.007095060466478269,0.012134450177351633,0.011746778773764769,0.0048285131342709064,0.015875607418517273,0.00011868218280142173,1.196239083416986,25,0.12337748492757479,0.12496556827177605,0.12174346961081028,673.5672476632254,0.1298284957682093,0.1469459611798326,0.10998061799754699,0.11829345652212699,0.1210147288814187,0.11536492312947909,0.10648206988970439,0.08344472660993536,0.1252885836114486,221.5813826523818,88975.41096793831,298.28746364528683,0.12842772665123145,0.05311407008518775,0.17366990074515343
cellbalance_high_w3e9_e50_seed2,20,20,577.8487374441964,599005.0872564935,773.9541893784758,0.00013328106424169517,77,3,3,0.00014749387628398836,0.013144363959630331,0.015166868145267168,0.010734166329105696,0.011348011903464794,0.010471978224813938,0.012143433094024658,0.010047797424097856,0.007680839393287897,0.011954684120913347,0.012001500464975834,0.004482780272761981,0.01636410007874171,0.00012622941964461157,1.149037742056963,25,0.12575196236371994,0.12501050367951394,0.12635458264499902,673.5672476632254,0.1321195831273993,0.1464969289302826,0.11564866174012423,0.12278358307977517,0.11928272674481075,0.12593807225426037,0.10637429382652044,0.08878982928891976,0.12141310253491004,247.36048433378144,107788.38712459416,328.3114179016535,0.12962005976587535,0.05586918473864595,0.17455219324678184
cellbalance_high_w3e9_e50_seed2,21,21,556.7560440657975,565984.734172078,752.3195691805963,0.0001103277626226644,77,3,3,0.000122327323576125,0.012068909282485643,0.014013318965832392,0.009737793045739332,0.009934562568863234,0.009878532961010933,0.009987254937489828,0.009256397994856039,0.0068756660136083765,0.011130108498036861,0.011220083261529604,0.0040020698215812445,0.015345062439640364,0.00010567112137020256,1.1169182762234693,25,0.11462706935902436,0.1157622795427839,0.11345666225999594,673.5672476632254,0.1189968960483869,0.13453702984998622,0.10101160178581874,0.11058240653326114,0.11645546852300565,0.10418366269518932,0.10040844334910314,0.07728811610490084,0.11907730542123318,175.16369212757456,59582.784648944806,244.09585135545586,0.123351058550179,0.04351730533565084,0.16891618564724922
cellbalance_high_w3e9_e50_seed2,22,22,626.0591200791396,680674.4565746753,825.0299731371432,0.00014425143147833863,77,3,3,0.00015715967553357282,0.013425682360927263,0.015966447691122692,0.010240010606745878,0.011953925713896751,0.011537669226527214,0.012332713852326075,0.010356851542989412,0.006443256667504708,0.01315254159271717,0.01251208937416474,0.005049581018586953,0.016957439482212067,0.0001374355973287796,1.2248665237203562,25,0.13542257419476905,0.13640928518027068,0.13371918958922227,673.5672476632254,0.14807188702126345,0.1671083598335584,0.12430078521370888,0.1288803952311476,0.12354801061252753,0.1335251158103347,0.10426369740317265,0.06768660691877205,0.13097622409462928,262.2468663995916,116397.82122564936,341.171249119338,0.13126426306863626,0.06441199205815792,0.17399326082319022
cellbalance_high_w3e9_e50_seed2,23,23,563.8694612577364,575644.1383928572,758.7121577995553,0.00011437415151385131,77,3,3,0.00017361164888522276,0.01500835424909989,0.017821225027243297,0.01146886870265007,0.010318096727132797,0.010481996772189936,0.010131369965771833,0.010484516620635986,0.007152200986941655,0.012957744300365448,0.013754617422819138,0.005711315510173638,0.018574741979440052,0.00014217170246411115,1.1264089226899303,25,0.136246544085443,0.14384632378816606,0.12813292937974136,673.5672476632254,0.15091586088140804,0.1812463543812434,0.11200532744328182,0.11353934922566017,0.1124344969044129,0.11439234960824252,0.11307947888970375,0.07865507149447998,0.1392045181368788,318.83132340072035,204977.65919237013,452.74458493986447,0.14594560014704863,0.0701957927333812,0.1940152349571387
cellbalance_high_w3e9_e50_seed2,24,24,437.5383324561181,319939.4926948052,565.6319410135934,8.491036124404992e-05,77,3,3,0.00010972425661748275,0.01037788608421882,0.011760850126544634,0.008777457910279432,0.009626284862558046,0.008784550552566847,0.010387759345273176,0.010174500135083994,0.006471973843872547,0.012806938340266546,0.01304627520342668,0.003753416705876589,0.018057305986682575,0.00012864145052541667,0.8397557080988026,25,0.10751752826074759,0.09927378203719854,0.11512627652535835,673.5672476632254,0.10280068907886744,0.11235829009364048,0.09183060549199581,0.10627107503513496,0.09922102397928635,0.11223575559755167,0.10577082775533199,0.07756405925378203,0.12770556850979725,217.6661038089108,121536.5239448052,348.6208885663698,0.1319471781825026,0.043549251155927775,0.18135466083884239
cellbalance_high_w3e9_e50_seed2,25,25,432.00628662109375,325256.5324675325,570.3126620263068,7.956474112322578e-05,77,3,3,0.0001023345539579168,0.010076836682856083,0.01169938656191031,0.008135512471199036,0.009653827485938868,0.009210415184497833,0.01007371178517739,0.009451654739677906,0.005745941462616126,0.01203384529799223,0.012178920519848665,0.0029215392811844745,0.01697256664435069,0.00011485062956732388,0.8467048598411892,25,0.1034760112563769,0.09914624432722728,0.10757976605246465,673.5672476632254,0.09921041029194991,0.11222641049573819,0.0839451979349057,0.1061978892236948,0.10559169463813305,0.10620946448296309,0.09686228287716707,0.06710899839177728,0.11925104313840469,167.36009949523134,95486.54849837662,309.00897802228434,0.12415815473844607,0.03426403231918812,0.17217610485851764
cellbalance_high_w3e9_e50_seed2,26,26,423.85425438818993,321347.0797483766,566.8748360514661,7.58583103903787e-05,77,3,3,9.412373522839819e-05,0.009647737257182598,0.011403551325201988,0.007489494513720274,0.009391016637285551,0.008884805875519911,0.009866506171723207,0.008865182598431906,0.005232685090353091,0.011373990525801977,0.011708099395036697,0.0027088186082740626,0.016333308691779774,0.00010532176384003833,0.841600950785683,25,0.09942403304080169,0.09655260500808557,0.1021346873914202,673.5672476632254,0.09621366628756126,0.1110301215449969,0.07847816246251266,0.10231906509647767,0.10198333360254765,0.10205183772991101,0.08941099432607492,0.059425234086811544,0.11149244741847118,156.07357411570362,89092.49928977272,298.4836667051863,0.11998475899298985,0.031778219401215516,0.1666513975088795
cellbalance_high_w3e9_e50_seed2,27,27,424.34639512099227,335152.7260551948,578.9237653225118,7.517907782472887e-05,77,3,3,9.018178388942033e-05,0.009537411232789358,0.011351111344993114,0.007280764325211446,0.009091195650398731,0.008458879155417284,0.009667524136602879,0.008497150614857674,0.004848786008854707,0.010985386868317923,0.011472390964627266,0.0025498431641608477,0.016021459673841793,9.956162102753296e-05,0.8594891858696282,25,0.09745342540244262,0.09596563115715981,0.09882632421950499,673.5672476632254,0.09659118324518204,0.11333384794493516,0.07608881091699005,0.09794643408308426,0.09713796046872934,0.0981463328252236,0.08422846121713519,0.05379815970857938,0.10619120806455612,147.14838518415178,84333.02374188312,290.4014871550818,0.11772888994465272,0.029841105525071424,0.16377667490392922
cellbalance_high_w3e9_e50_seed2,28,28,416.22251911906454,337362.7564935065,580.8293695169921,7.402607619266521e-05,77,3,3,9.012834198074415e-05,0.009703568493326506,0.011662362764279047,0.007224952025959889,0.00890369713306427,0.008032208308577538,0.009666734064618746,0.00828639262666305,0.00464524095878005,0.01075435026238362,0.01135623703400294,0.0022785207256674767,0.01589671429246664,9.647362700585897e-05,0.8623183082788476,25,0.09617789686967929,0.09541225396096706,0.09683720094462235,673.5672476632254,0.09715639788657426,0.11613258544355631,0.07328291873137156,0.09402174544831117,0.0902464526395003,0.09717556157459815,0.08081673266987006,0.04974202422425151,0.10284263256937265,131.10619631680575,78078.6528510552,279.42557658713923,0.11690607937673728,0.026689390518392125,0.1631557435914874
cellbalance_high_w3e9_e50_seed2,29,29,416.8990954114245,359388.95454545453,599.490579196583,7.514925414693312e-05,77,3,3,9.039824847908069e-05,0.009932696198423704,0.012077311674753824,0.00715995595480005,0.008647089047978321,0.007529398736854394,0.009592526592314243,0.008100951711336771,0.004627906872580449,0.010476035376389822,0.011211809702217579,0.0021473003240923085,0.015709262030820053,9.296650629645835e-05,0.8900233514565427,25,0.09574882636467616,0.09642882955571015,0.09495918107529482,673.5672476632254,0.09940281935036183,0.1209466107438008,0.0714887588346998,0.08934007611125708,0.08269533982500434,0.09516564725587766,0.07844947007174294,0.04835887317235271,0.09979901347309351,125.17950053029246,75260.76674107143,274.3369583943648,0.11599989831447602,0.025443706242367626,0.16205896797279518
cellbalance_high_w3e9_e50_seed2,30,30,424.1395984996449,368749.46875,607.2474526500708,7.445591217656801e-05,77,3,3,9.41854523262009e-05,0.01033969564984242,0.012771390688916048,0.0071120440649489565,0.008644282507399717,0.007837145123630762,0.009334279845158258,0.00801714106152455,0.004902836866676807,0.010217979860802492,0.011137071996927261,0.002472071209922433,0.01555491704493761,9.176503469158585e-05,0.9015394598783794,25,0.09617479406297207,0.09916120535383621,0.09301804409672816,673.5672476632254,0.10103273344536623,0.1248259171595176,0.06939425952732563,0.08750958945602179,0.08278548069919149,0.09185745295137167,0.07781620635961493,0.05057810014734666,0.09772466727842888,157.92020802683643,85962.65584415584,293.19388780149535,0.11679284074654182,0.0319567467396458,0.1620328314602375
cellbalance_high_w3e9_e50_seed2,31,31,427.43699071314427,368764.69926948054,607.2599931408955,7.117873313043013e-05,77,3,3,8.689735598939781e-05,0.009890326298773289,0.012082712724804878,0.007034332025796175,0.008246176565686861,0.008021859917789698,0.008454307913780212,0.008093851463248333,0.005577050149440765,0.009941149192551771,0.01064716000109911,0.0024950798445691666,0.014846554026007652,8.594192816720654e-05,0.9015580779018479,25,0.09333380428453286,0.09646257678667704,0.09007685761898757,673.5672476632254,0.09708848317464193,0.11951542211075623,0.06743296639993787,0.08257007199029127,0.0832140389457345,0.08183707046012084,0.08199286247914037,0.05570263848950466,0.10165927649786075,157.51922845221185,83390.98234577922,288.77496835040813,0.11436661609758933,0.031209523264939587,0.15868285212665798
cellbalance_high_w3e9_e50_seed2,32,32,431.7830116965554,350844.71266233764,592.3214605789137,6.781262307814867e-05,77,3,3,9.42756839018936e-05,0.010461067470411459,0.012742244328061739,0.007474013759444158,0.008519908723731836,0.008775688086946806,0.008244702592492104,0.008100202307105064,0.005877097913374503,0.009803570806980133,0.010949939489364624,0.0036349804140627384,0.015051034279167652,8.982002812748154e-05,0.8793798431171144,25,0.09467046504219373,0.09960068994512161,0.08944094477842252,673.5672476632254,0.09662005954732497,0.11912916887551546,0.06679612923413515,0.08772994628796975,0.0927700336277485,0.08236419243738055,0.08107541739319761,0.06075922660529613,0.09722755227237939,256.7309855671672,125011.91801948052,353.5702448163314,0.1183884485065937,0.04910689222626388,0.1600280401483178
cellbalance_high_w3e9_e50_seed2,33,33,412.8345233867695,360157.81858766236,600.1315010792738,6.74502750973568e-05,77,3,3,8.557418671747048e-05,0.01009268251558145,0.01189739474405845,0.007847482648988565,0.007771454285830259,0.007357525484015544,0.00816013291478157,0.007701429693649213,0.005344133358448744,0.009436097927391529,0.01048676980038484,0.0023052935333301625,0.014648735523223877,8.048470287273328e-05,0.8909748850783367,25,0.09157574906945229,0.09370042610913515,0.08937952741980552,673.5672476632254,0.09755695942789316,0.11811043009161949,0.07111644033963481,0.07778393588960171,0.07498044069856405,0.08047012325997153,0.07670824430262049,0.0542595743201673,0.09387947422762712,152.0680389404297,78465.34811282468,280.11666875219095,0.11255078081041575,0.030189899414156875,0.15626911578079064
cellbalance_high_w3e9_e50_seed2,34,34,694.3608985009131,892792.9196428572,944.8771981812542,0.00013038339749108638,77,3,3,0.000175596423408327,0.015418446312348047,0.019869394600391388,0.008969754601518313,0.010066099464893341,0.010629910665253798,0.009466266259551048,0.01037101602802674,0.0093925092369318,0.011264286935329437,0.012900146966179213,0.007209414926668008,0.01673708235224088,0.00013028744918604693,1.402795639870067,25,0.12810674810161193,0.1471011298025648,0.10570551919440428,673.5672476632254,0.14025077135612568,0.17913160391151906,0.08508041334648928,0.10729220494627953,0.1166628177339832,0.09695098054905732,0.1094399889310201,0.10406051803380251,0.11454918618003528,444.01173182896207,308858.8851461039,555.7507401219578,0.13991517301648856,0.08866743807370464,0.17677583305786054
cellbalance_high_w3e9_e50_seed2,35,35,389.24921169528716,317533.32426948054,563.5009532108003,6.540750983766848e-05,77,3,3,9.847030014498159e-05,0.011318742608030638,0.013215352160235247,0.009029155597090721,0.007919548700253168,0.00812946492806077,0.007703819467375676,0.007135468535125256,0.004553780425339937,0.008997810694078604,0.01083973670999209,0.004034216593330105,0.014782253342370192,8.180726824017863e-05,0.8365919738017653,25,0.10061558226744334,0.10491511445492506,0.09606099956979354,673.5672476632254,0.10920242658505837,0.13019995616128047,0.08278771569331488,0.0854180991028746,0.08970351620266835,0.08087734715392192,0.0751671843479077,0.051350202175478143,0.09305890892942746,250.24785623921977,149954.8510551948,387.2400431969747,0.12447021192560594,0.05386395266590019,0.16742050538460412
cellbalance_high_w3e9_e50_seed2,36,36,394.2550726556159,294005.10612824676,542.2223770080378,5.971427989689718e-05,77,3,3,7.607547013321891e-05,0.009320412452022234,0.010497122071683407,0.007971525502701601,0.007284557291616996,0.006931982934474945,0.007620077580213547,0.0077364508373041945,0.004906889982521534,0.009770033260186514,0.010309329256415367,0.002727795702715715,0.014319224283099174,7.746394355005275e-05,0.805001102546396,25,0.08923768827070792,0.08734602997700373,0.09095245013634363,673.5672476632254,0.09226617410778999,0.10634068398425976,0.07529314157242577,0.07573121539627513,0.07530232915033896,0.07604953911155463,0.08023141904423635,0.059573159031569956,0.09633116990327835,167.2945417924361,93250.04033076299,305.3686957282344,0.11508369905253252,0.0345207565339903,0.15900213669985533
cellbalance_high_w3e9_e50_seed2,37,37,394.53873552594865,308421.48031655845,555.3570746074623,5.9822331221967745e-05,77,3,3,7.003205003760134e-05,0.008800608105957508,0.010386212728917599,0.006856235830734174,0.0069172523605326814,0.00648639847834905,0.007320939873655637,0.0076750895629326505,0.004411758854985237,0.009912654447058836,0.010327395362158617,0.002523227750013272,0.014383617478112379,7.590503810206428e-05,0.8245013048572893,25,0.08670841788252194,0.08688554551452399,0.08643841416885456,673.5672476632254,0.09042675112684567,0.10951749969273805,0.06585007624079783,0.06967585228383541,0.06834085928897063,0.07090426831195752,0.0782583333303531,0.051900749069948994,0.09757359286149343,152.51760893982726,82728.84314123377,287.6262212337981,0.1147094929839174,0.0310743977346768,0.1591719506929318
cellbalance_high_w3e9_e50_seed2,38,38,393.05392773120434,287833.429788961,536.5010995226021,5.8072116106896743e-05,77,3,3,8.257575488338868e-05,0.009785492904484272,0.011250536578396956,0.008031880172590414,0.00777885007361571,0.007995384745299816,0.007539808129270871,0.007385702182849248,0.004923499499758084,0.009208686028917631,0.010743887474139532,0.005325192275146644,0.014212842720250288,8.137286931741983e-05,0.7965071065789788,25,0.08991910902162394,0.09139529262358943,0.08833897328625123,673.5672476632254,0.08954804786791404,0.10221245052913824,0.07456067306920885,0.08199037073800962,0.09053271008034547,0.07226666533077757,0.07603861512616276,0.06043939253936211,0.08882958807051182,363.7329523656275,238182.33969155845,488.0392808899284,0.12406534561266502,0.07695707361524304,0.1575063438092669
cellbalance_high_w3e9_e50_seed2,39,39,391.13594907289973,343691.00426136365,586.2516560841118,6.180020330236414e-05,77,3,3,7.693632263302182e-05,0.010035593683520952,0.012252214054266611,0.007162834672878186,0.00640519242733717,0.006438668196400006,0.006365342531353235,0.006804256389538447,0.0038210297158608833,0.00883138676484426,0.009979206137359142,0.002238266790906588,0.013934047892689705,6.713207161131625e-05,0.8703684125348532,25,0.08745821559180816,0.09188120567550262,0.08274741606165965,673.5672476632254,0.0974042559415102,0.11926325301329295,0.06887903230885664,0.0646143045462668,0.06742645711327593,0.06157861150801182,0.06832661506409446,0.043220355780795215,0.08632893798251946,130.4391968962434,68640.42339691559,261.99317433268294,0.11012880733857552,0.025756419744963448,0.1535859478265047
cellbalance_high_w3e9_e50_seed2,40,40,366.2838804567015,304690.0146103896,551.9873319292659,5.6632083994502735e-05,77,3,3,6.748883485367212e-05,0.009023260635634264,0.010976647337277731,0.006504871416836977,0.0065355013745526476,0.006536139951397975,0.006532594872017701,0.006693192757666111,0.0034813440094391503,0.008800167900820574,0.009843395091593266,0.0018623905489221215,0.013795393519103527,6.591488151267792e-05,0.8194984744941936,25,0.08293110009282828,0.08563133126745621,0.08009291465704639,673.5672476632254,0.08968998499214649,0.11007342913498482,0.06295211644843221,0.06500350041314959,0.06774249443163474,0.06202870140473048,0.06636434819549322,0.03750486605800688,0.08599433407187462,109.24506695239575,61009.68392349838,247.00138445664302,0.1084562743579348,0.022568226081008714,0.15170665154854457
cellbalance_high_w3e9_e50_seed2,41,41,346.45418558492287,276995.4310064935,526.3035540507907,5.317988528419504e-05,77,3,3,6.205988878112596e-05,0.008455327867219845,0.010452717542648315,0.005803708452731371,0.006414750435700019,0.006680779779950778,0.0061318037721018,0.006520240101963282,0.00341525844608744,0.008562718983739614,0.00989706659068664,0.0020497304697831473,0.013845272672673067,6.520711152309862e-05,0.7813674965293672,25,0.08001014322042466,0.08278380990649263,0.07709335462500652,673.5672476632254,0.08420927184944352,0.10483070163677136,0.056426401330778996,0.06435742473850647,0.0693357814848423,0.058879624381661416,0.06546350756660103,0.037478579509382444,0.08464211796720823,117.06792430134563,61846.35475852273,248.68927350917798,0.10973157877723376,0.025720473057590426,0.15303377715249855
cellbalance_high_w3e9_e50_seed2,42,42,365.5860381683746,308867.32589285716,555.7583340741344,5.569736076013923e-05,77,3,3,6.841541471658275e-05,0.009080125639835993,0.011195341435571512,0.006284604625155528,0.006644880709548791,0.006735569952676694,0.006542433208475511,0.006661660658816497,0.003700653168683251,0.008660091708103815,0.009917474041382471,0.0022594977635890245,0.013841228559613228,6.671892212276968e-05,0.8250970278056128,25,0.08248181166748206,0.08607635309298833,0.07865525261188547,673.5672476632254,0.08731430457284053,0.10916904569913943,0.05760042700916529,0.06680385315169891,0.07081196514268716,0.06237456094473601,0.06735357182721297,0.0402383764150242,0.0863091566413641,137.95828960468242,70724.10643262987,265.94004292815674,0.11055070684601863,0.02815968288729588,0.15376652753601472
cellbalance_high_w3e9_e50_seed2,43,43,338.14969744001115,261207.6258116883,511.08475403957056,4.979812663143755e-05,77,3,3,5.878186614912314e-05,0.008254644771416983,0.009883971574405829,0.0062048351392149925,0.006320318051924308,0.006463017004231612,0.0061728764946262045,0.0061796071628729505,0.0033142132063706717,0.008083703462034464,0.009562224460144838,0.0021320818923413754,0.013353121156493822,6.078577886607187e-05,0.7587731675087416,25,0.07670049033438166,0.07886261721452077,0.07443288267900547,673.5672476632254,0.08094017740959923,0.09947934303432703,0.05655085075025757,0.06289928776522477,0.06681680345286925,0.058656775522977114,0.06055408285930753,0.03597731517317394,0.07770607512444258,116.810246554288,51423.43661221591,226.76736231701403,0.10465955284734567,0.0261755601518477,0.14567146041740975
cellbalance_high_w3e9_e50_seed2,44,44,341.40048574472405,261042.19541396105,510.9228859759181,4.910746911146025e-05,77,3,3,5.936272403535744e-05,0.00840073979149262,0.010004397171239058,0.006405334143588941,0.006022347758213679,0.005831875838339329,0.006204856093972921,0.006259740485499303,0.0033201793363938728,0.00820381473749876,0.009614815004169941,0.00259917958950003,0.01334541104733944,6.0581077074554436e-05,0.7585328528791125,25,0.0762198555842042,0.0773477903008461,0.07502864892904958,673.5672476632254,0.08090196495875716,0.09904622836659352,0.057150023809323706,0.05917731227353215,0.05970326284567515,0.0585562510167559,0.06214413445442915,0.03645441146877905,0.07993440512567758,99.30703933517654,27957.00074827516,167.20347110115614,0.10516471107800801,0.030570109325150648,0.14553258405377467
cellbalance_high_w3e9_e50_seed2,45,45,419.2111269467837,329845.1921672078,574.3215059243453,6.595361037988688e-05,77,3,3,8.960348835292582e-05,0.010773493287463983,0.012756172257165114,0.008328127985199293,0.0074595023567477865,0.006744035674879949,0.008094421898325285,0.006966883161415656,0.004301450836161773,0.008862624876201153,0.010485505995651087,0.0034686926131447158,0.014416152611374855,7.604024964772786e-05,0.8526565208103739,25,0.09990888711065055,0.10127888126919667,0.09839394960552454,673.5672476632254,0.11051154228548209,0.1304941482966145,0.08586076480646929,0.0796398008428514,0.0724595085469385,0.08615120476111769,0.07478896563251813,0.05038686453054349,0.09290935653572281,223.07827441723316,128649.19490665584,358.67700638130657,0.12304113427797954,0.04718821323787173,0.16742703643937906
cellbalance_high_w3e9_e50_seed2,46,46,436.75179657378754,440822.72463474027,663.9448204743676,6.971506738480387e-05,77,3,3,9.086196708570544e-05,0.011619900042812029,0.014711123270293077,0.007318572451670964,0.006058278027921915,0.005662209664781888,0.006426137251158555,0.006130700310071309,0.0032793929955611625,0.008023003581911325,0.009755454336603483,0.0020471684789905944,0.013643485804398855,6.154703684539224e-05,0.9857142293924764,25,0.09244909445444743,0.10145052044341961,0.08224021188293894,673.5672476632254,0.10776853336642186,0.13642005568991106,0.06775615348791082,0.06329360449065764,0.06005451918269197,0.06618912970026335,0.0627696451296409,0.03786862478901942,0.0802685084193945,119.66766515954748,74923.88565340909,273.7222783286174,0.10992271027217308,0.027309617668700714,0.15302928764373064
cellbalance_high_w3e9_e50_seed2,47,47,451.0254480931666,488488.3973214286,698.919449809081,7.438779806313045e-05,77,3,3,9.435979882255197e-05,0.011937516120572885,0.015461603179574013,0.006776422883073489,0.0060204869757095976,0.005913653100530307,0.006117050535976887,0.006058608336995046,0.00322996413645645,0.007935173343867064,0.009792833589017391,0.002105615451000631,0.013687781679133574,6.144653040488872e-05,1.0376387097707152,25,0.09120662840704123,0.10108529071013132,0.07978068153063456,673.5672476632254,0.1058639541765054,0.13524569826821486,0.06404342949390411,0.06220843582724531,0.06288490199794372,0.06139380934958657,0.061951567760358255,0.037129790189986425,0.07933023087059458,114.3668165330763,61938.43876826299,248.87434333065147,0.1104107470313708,0.026155511398489276,0.15392815706630547
cellbalance_high_w3e9_e50_seed2,48,48,434.4253219009994,460761.69358766236,678.7942940152506,7.116193270806659e-05,77,3,3,8.861178988202785e-05,0.01141829788684845,0.0146861399213473,0.006713311653584242,0.005956616252660751,0.005725195010503133,0.006172006639341514,0.006095740478485823,0.003006081096827984,0.008078704588115215,0.009931185593207678,0.0022831961202124753,0.013857557127873102,6.252002882926415e-05,1.0077602442371703,25,0.08899270478636026,0.09736775673925877,0.07944880977272988,673.5672476632254,0.10243603297819694,0.13071807246655226,0.062302508999904,0.05963775416836142,0.059393335748463866,0.05978500147660573,0.06196270032475392,0.03366018933864931,0.08087952307735881,105.2637461872844,51815.514864042205,227.63021518252407,0.11200218468904495,0.027025985677416126,0.15605227041989564
cellbalance_high_w3e9_e50_seed2,49,49,394.98171442205256,390257.3666801948,624.7058241125936,6.420654221097696e-05,77,3,3,8.381625957554206e-05,0.0109596640492479,0.013729116568962732,0.007180615017811458,0.005934442703922589,0.005476010652879874,0.006349756848067045,0.006113875036438306,0.0027414880072077117,0.008198237667481104,0.010024895891547203,0.0023804358982791505,0.013974996594091257,6.327282244456e-05,0.9274587300375065,25,0.08599729098379612,0.09047630568345388,0.08104001988967259,673.5672476632254,0.09746730156242847,0.12176404687265555,0.06451125172277292,0.05806955584635337,0.05430121219406525,0.06152944466099143,0.061400419119745496,0.02984101398847997,0.08151953297356765,96.36612532974837,46170.9122362013,214.8741776859223,0.11295540612190962,0.02679940439450244,0.1574592305844029
