checkpoint,requested_epoch,loaded_epoch,cell_balance_mae_ft3,cell_balance_mse_ft6,cell_balance_rmse_ft3,cell_mse_loss,num_cell_samples,num_one_step_hydrographs,num_rollout_hydrographs,one_step_mse_loss,one_step_zone_0_rmse,one_step_zone_0_volume_rmse,one_step_zone_0_wd_rmse,one_step_zone_1_rmse,one_step_zone_1_volume_rmse,one_step_zone_1_wd_rmse,one_step_zone_2_rmse,one_step_zone_2_volume_rmse,one_step_zone_2_wd_rmse,one_step_zone_3_rmse,one_step_zone_3_volume_rmse,one_step_zone_3_wd_rmse,one_step_zone_loss,relative_cell_balance_rmse,rollout_length,rollout_rmse,rollout_volume_rmse,rollout_wd_rmse,target_budget_rms_ft3,zone_0_rollout_rmse,zone_0_rollout_volume_rmse,zone_0_rollout_wd_rmse,zone_1_rollout_rmse,zone_1_rollout_volume_rmse,zone_1_rollout_wd_rmse,zone_2_rollout_rmse,zone_2_rollout_volume_rmse,zone_2_rollout_wd_rmse,zone_3_cell_balance_mae_ft3,zone_3_cell_balance_mse_ft6,zone_3_cell_balance_rmse_ft3,zone_3_rollout_rmse,zone_3_rollout_volume_rmse,zone_3_rollout_wd_rmse
noface_e50,0,0,1881.2742444323255,5495418.827922078,2344.2309672730794,0.0021365200344763404,77,3,3,0.001986209458361069,0.04667083298166593,0.034307306011517845,0.05635544161001841,0.04500781868894895,0.03384019806981087,0.053848846505085625,0.040571523209412895,0.03311627544462681,0.046845639745394387,0.03803388526042303,0.02952146716415882,0.044881234566370644,0.0016720464918762445,3.48032208425485,25,0.49293813983599344,0.3208189716686805,0.6181583793461323,673.5672476632254,0.5519380806386471,0.3342095998177926,0.7044496428966522,0.4951897045969963,0.3231818999846776,0.6203068014482657,0.37428451851010325,0.30909944417575996,0.42946630597114566,1570.4814770190746,4351186.347402598,2085.949747094258,0.31922660415371257,0.26075827804704504,0.3679801179965337
noface_e50,1,1,1554.8509695870537,4084150.8571428573,2020.9282167219244,0.0012668934907740007,77,3,3,0.001196040112214784,0.03432998061180115,0.03132804172734419,0.03707814837495486,0.03389766067266464,0.027535842110713322,0.03920557970801989,0.03491767247517904,0.029565149918198586,0.03949946661790212,0.0363528182109197,0.03151389521857103,0.04044596975048383,0.0012531581257159512,3.0003362303215213,25,0.37608094374338785,0.31132661387324334,0.430553109596173,673.5672476632254,0.414920028646787,0.3357246997207403,0.48024180546402934,0.3488641940553983,0.2782885986318191,0.40694422791401547,0.3177428859472275,0.2817181879778703,0.3496228608985742,1685.6455886642655,4626202.785714285,2150.8609405803727,0.32372233251730603,0.310784386297067,0.33502197300394376
noface_e50,2,2,1274.3508031275364,2642420.2305194805,1625.5522847695427,0.0009772006638481148,77,3,3,0.0008290041393289963,0.02867358239988486,0.02488989569246769,0.032007492457826935,0.028660040348768234,0.022900878141323727,0.03340048963824908,0.02954787015914917,0.024174194782972336,0.03403258820374807,0.028190718963742256,0.023583825056751568,0.0321168719480435,0.0008323134000723561,2.413348170370506,25,0.32397414833307264,0.237352544516325,0.3914269841214021,673.5672476632254,0.3489394069214662,0.24200997958580653,0.42949329301714895,0.29388525600234666,0.21677783799668154,0.3540860490997632,0.31326263087491196,0.24368059659997623,0.36926743119955063,1304.6540448077312,2807584.125,1675.5847113768973,0.2822157742579778,0.25112537841002147,0.309614672511816
noface_e50,3,3,1242.0487995890828,2547079.2224025973,1595.9571493002552,0.0007445955340593279,77,3,3,0.0006853798210310439,0.026681731765468914,0.025865626831849415,0.02738365779320399,0.025257570048173267,0.02194814942777157,0.02818097670873006,0.02622249536216259,0.021108064179619152,0.030475713312625885,0.02576497383415699,0.0204444732517004,0.03011590304474036,0.0006664181128144264,2.369410262801573,25,0.28138741133113704,0.249096749573946,0.30997771764794985,673.5672476632254,0.3045085850606362,0.2774190258731445,0.3289121346175671,0.2557617481301228,0.2196753919372956,0.2867459311336279,0.2622085236509641,0.2152913167824348,0.3014148685832818,1137.33744594029,2189266.189935065,1479.616906477844,0.25301237697402634,0.22056826529403528,0.2812805427859227
noface_e50,4,4,1136.3898252016538,2091328.2564935065,1446.1425436289144,0.0005789906222693767,77,3,3,0.0005830813315697014,0.025063129141926765,0.025146476303537686,0.024773557980855305,0.02290995108584563,0.019958466291427612,0.025491155683994293,0.023571292559305828,0.01811681253214677,0.027939002960920334,0.023150426646073658,0.01739646556476752,0.027716634174187977,0.0005423690696867803,2.146990591727771,25,0.24794373917082946,0.22558190238972506,0.2682765583693981,673.5672476632254,0.2695837203909953,0.2591355881343285,0.279327667504549,0.21957321477433045,0.19509356901049613,0.24124391615390778,0.2323801294217507,0.18035578921437265,0.27442418043812117,981.2180453213779,1609375.1542207792,1268.6115064198257,0.22773016892373563,0.18128653965890407,0.2659530926744143
noface_e50,5,5,1006.8610300831981,1637813.7792207792,1279.7709870210292,0.0004741257682515236,77,3,3,0.00046152872770714265,0.020554791515072186,0.018438297013441723,0.022268492728471756,0.021650380765398342,0.02017632747689883,0.022904996449748676,0.02219233972330888,0.01936899560193221,0.02461758938928445,0.02307942199210326,0.01975569874048233,0.025830773015817005,0.0005098745750728995,1.8999899289356443,25,0.2136818418155114,0.17653853101034958,0.2450294505804777,673.5672476632254,0.21433596327900886,0.1703417945280671,0.25039997073511283,0.20021334084371725,0.17591798201203346,0.22140412750343483,0.22544720858335496,0.18678392596542837,0.257788805142045,1096.6052689985795,1924841.6834415584,1387.3866380506763,0.22192859729131062,0.18709830765922864,0.2516609504570564
noface_e50,6,6,989.4898102995637,1585630.0162337662,1259.2180177529888,0.0004183996129363727,77,3,3,0.00040709275829916197,0.018580994258324306,0.01551203771183888,0.021158767864108086,0.020532681917150814,0.019970747952659924,0.020942775532603264,0.02192334085702896,0.02046527899801731,0.023184141144156456,0.02223216804365317,0.01909564497570197,0.024763188635309536,0.0004804618462609748,1.8694763175043523,25,0.20529247902333736,0.1764436182876428,0.23030172772705554,673.5672476632254,0.19116920165717602,0.14940223932266236,0.22508923078576723,0.19932134829461576,0.1886625272035599,0.20895306182404358,0.23774514791866144,0.21601477093994617,0.2568496706088384,1074.6654702719156,1864594.650974026,1365.5016114871582,0.2274021031955878,0.1916485222429037,0.25779506072402003
noface_e50,7,7,824.7700837370637,1116095.739448052,1056.4543243548449,0.0003438614053325123,77,3,3,0.0003426919089785467,0.018445702269673347,0.016842080590625603,0.019911418358484905,0.017077696199218433,0.014481276273727417,0.0193115280320247,0.019425762196381886,0.015720363706350327,0.022493507092197735,0.020347974573572476,0.015025227641065916,0.02453036792576313,0.00037099468560578924,1.568446696332031,25,0.2024651296188434,0.16712139015396435,0.23207396340866884,673.5672476632254,0.19207540169358253,0.1697670701642831,0.21169413355489572,0.1900377540787061,0.1569119164471825,0.21758963080743948,0.2318950897703568,0.1778134347250064,0.27446593932807445,802.5756709111201,1133539.536525974,1064.6781375260666,0.22781008464594682,0.15899499853452045,0.27934358949462573
noface_e50,8,8,771.6823571935877,970350.5892857143,985.063748843553,0.00028481071568457045,77,3,3,0.00028847963161145646,0.017277942970395088,0.016511923323074978,0.01801082243522008,0.015762588009238243,0.013502412475645542,0.017735905945301056,0.017215674743056297,0.013327732061346373,0.02036200774212678,0.01791464164853096,0.012796368760367235,0.02186063552896182,0.0002942892024293542,1.4624579093787404,25,0.18176228163143,0.15588668572405975,0.2041019970426957,673.5672476632254,0.17956617700556915,0.16691688783466815,0.1910347801198562,0.16935813955962659,0.14519430487106244,0.19006528648237386,0.19334616728127002,0.14443061194072168,0.23154881020387014,727.94140625,919414.7849025974,958.8611916761453,0.2011845769484838,0.1422316241885225,0.24579984811445077
noface_e50,9,9,775.174465427151,954999.4058441558,977.24071028798,0.0002688337750536353,77,3,3,0.0002567218034528196,0.01540233101695776,0.014668125348786512,0.01609407551586628,0.0156812301526467,0.01487025711685419,0.016434330493211746,0.01719583508869012,0.01495728207131227,0.019124208639065426,0.017685020342469215,0.014217207208275795,0.020535572121540707,0.0002902378231131782,1.4508435700789704,25,0.17591928981244565,0.14687596509853998,0.20030686815579732,673.5672476632254,0.16808861162513494,0.1413414871195952,0.1904452500368158,0.173732953928411,0.15367563707133133,0.19120826808114846,0.1937906563282013,0.1546926770855983,0.2254792216171821,768.9635746943486,1027673.8400974026,1013.7424920054415,0.18734877583881218,0.14182613330582777,0.22316810461382072
noface_e50,10,10,769.9835331904424,950245.0462662338,974.8051324578845,0.0002411319796742823,77,3,3,0.0002470328230022763,0.014812032381693522,0.01396105686823527,0.015611650422215462,0.015980504142741363,0.015991248811284702,0.015909957389036816,0.01675434100131194,0.015261095948517323,0.018065762395660084,0.01735568915804227,0.014132894265154997,0.019979688028494518,0.0002832408354151994,1.4472276314499097,25,0.16525894079357387,0.14464407216757535,0.18323917555312316,673.5672476632254,0.15343422280003627,0.132872121433417,0.17113091390579938,0.17178498989591995,0.16108822772900264,0.18143018127729496,0.18073869784673055,0.15591154682139555,0.20196753837168216,742.6047466327618,960004.6258116884,979.7982577100698,0.17709225023786226,0.1360355780273676,0.20984667944411436
noface_e50,11,11,742.0496247526887,890970.275974026,943.9122183625053,0.00021967771893984021,77,3,3,0.00023050896318939826,0.014691704573730627,0.014698516577482224,0.01467354316264391,0.01536222609380881,0.015662274633844692,0.015002678458889326,0.01549024817844232,0.013825130648911,0.01696365202466647,0.016368715713421505,0.012843050683538118,0.019198452432950337,0.00025096612807828933,1.4013629992211984,25,0.1589274077862501,0.1436257480705778,0.1725635423635443,673.5672476632254,0.15073539480566978,0.13875449283669392,0.16127733944604794,0.16615395065397023,0.15882274843752384,0.17280560097346703,0.16503882706165313,0.142975731069843,0.1840745154271523,678.7849129020394,824453.3685064935,907.9941456344824,0.16856930904090406,0.1256078270698587,0.20227623673776784
noface_e50,12,12,695.9365400834517,782340.1331168831,884.4999339270089,0.0002118585453226606,77,3,3,0.0002106982768358042,0.01408244421084722,0.014154402849574884,0.014004864729940891,0.014211891529460749,0.0141136326516668,0.014282353222370148,0.015414958819746971,0.013355924437443415,0.01721328559021155,0.015701366898914177,0.01161238985757033,0.018902373189727466,0.00023246667115017772,1.3131575755732812,25,0.16042602048565943,0.13753755734612544,0.17991597019135952,673.5672476632254,0.1563995595773061,0.13590066868811845,0.17370945310841004,0.15687287768969932,0.1457625994210442,0.166705575051407,0.1703150727475683,0.13923486134658258,0.19586001825829347,627.5431530444653,702537.1132305195,838.1748703167613,0.1714158406605323,0.11879648982236783,0.21076768450438976
noface_e50,13,13,714.616288618608,820263.0462662338,905.6837451705942,0.0001953946378886361,77,3,3,0.00021514054969884455,0.015392590003708998,0.017089147120714188,0.013477158111830553,0.012907689126829306,0.012166953024764856,0.013603483947614828,0.014827032883961996,0.011649999767541885,0.01741229308148225,0.014849746599793434,0.010450872592628002,0.0182109201947848,0.0002067677560262382,1.3446077556660294,25,0.15860696052511533,0.14536814173062643,0.1704734977086385,673.5672476632254,0.1580844425658385,0.1628890928129355,0.1525424172729254,0.14740210194140674,0.128153539399306,0.16420183924337228,0.17039218644301096,0.1284448508049051,0.20352758313218752,616.5852966308594,641239.6789772727,800.7744245274525,0.16710103097061316,0.11681349573036034,0.20500134820739427
noface_e50,14,14,707.1585653726156,777527.7288961039,881.7753279016736,0.00017388061054849198,77,3,3,0.0001842761703301221,0.013897798024117947,0.015737549712260563,0.011770150934656462,0.012703560603161653,0.013081895808378855,0.01231334793070952,0.013602861824134985,0.01228770644714435,0.014797385161121687,0.014001945964992046,0.009520215913653374,0.01735410528878371,0.00018374321613616,1.309112536217838,25,0.14410371657460927,0.13756720907986164,0.14991705595205226,673.5672476632254,0.14400484616557757,0.14506237844626108,0.14194142450888952,0.1400547014052669,0.135658285121123,0.14404161587357522,0.14709407333284616,0.13525246717035772,0.15767608877271413,564.1692853655134,566523.3299512987,752.6774408412269,0.14935010626912118,0.10267685965945324,0.1843203532944123
noface_e50,15,15,614.6197430499188,624472.6948051949,790.2358475829826,0.0001638849234123799,77,3,3,0.00017682209242290506,0.013381988120575746,0.014119541272521019,0.012594567301372686,0.012508129390577475,0.011642494549353918,0.013301135040819645,0.013575553273161253,0.01138388148198525,0.015435963248213133,0.014227107167243958,0.010476761497557163,0.017168760920564335,0.000184844708807456,1.1732100251675093,25,0.1424582646538814,0.12430711979667346,0.1581569294631481,673.5672476632254,0.13873699435343345,0.1334572151551644,0.1429772179822127,0.1422176871324579,0.1176179043824474,0.1628946307922403,0.1471092111368974,0.11503030377129714,0.17312922240545353,575.7874882685674,590800.2171266234,768.6352952646811,0.1521909736096859,0.1060154731447498,0.187135663703084
noface_e50,16,16,668.8426228312703,712388.7832792208,844.0312691359371,0.00014799682354681533,77,3,3,0.00016613288607914,0.012648773690064749,0.01399671503653129,0.011126436914006868,0.012521057079235712,0.013105949386954308,0.011883755835394064,0.013363870171209177,0.01316324807703495,0.013531676183144251,0.01401131134480238,0.009646832632521788,0.017267902692159016,0.00018059655364292362,1.2530764701877866,25,0.13080779131501913,0.12981676325201988,0.13162130706012248,673.5672476632254,0.12484986842920383,0.13104273578772943,0.11786192129055659,0.12956226338942844,0.1304277351498604,0.12856605116277933,0.13690921312818924,0.13770378434409697,0.13599792482952278,551.193279315899,546643.8356331169,739.3536607288266,0.15044660513599714,0.10624771022548278,0.18427560965220133
noface_e50,17,17,645.0959195223721,668816.7467532468,817.8121708272913,0.0001372684166742513,77,3,3,0.0001615977477437506,0.012541567906737328,0.01365596583733956,0.011284310060242811,0.01230070429543654,0.012719198750952879,0.011842033825814724,0.012914945061008135,0.012545069679617882,0.01324644157042106,0.014002792537212372,0.00948637972275416,0.017353599270184834,0.00017512969498056918,1.2141507379767764,25,0.12602993311981361,0.1253547843421499,0.12663377542048693,673.5672476632254,0.11931783810257912,0.12796840300162635,0.1097744880616665,0.12505527026951313,0.1257709198941787,0.12426861546933651,0.13018910214304924,0.12842939082533122,0.13182661364475887,534.6500549316406,517621.9659090909,719.4594956695553,0.15069472435861825,0.10390475012362003,0.18601631162067253
noface_e50,18,18,640.9427514014307,655851.6590909091,809.846688633663,0.00015902346757530876,77,3,3,0.00016290895776667944,0.013392449356615543,0.015129802748560905,0.011392445303499699,0.011177572732170423,0.010692871796588102,0.011639738455414772,0.012286816723644733,0.01051482961823543,0.013815898758669695,0.013935131331284841,0.009738723126550516,0.017101697623729706,0.0001620929251657799,1.202324922185907,25,0.14434689863274494,0.13615897665421167,0.15177272158364455,673.5672476632254,0.14303665819267433,0.14847376704216003,0.1364560191333294,0.1373081076766054,0.12420573530097802,0.14915625510116418,0.14213870671888193,0.12376830934236448,0.15825414951890707,569.0632720550933,543071.2012987013,736.9336478263842,0.16868259745339553,0.11845787830650806,0.20695537308851877
noface_e50,19,19,577.7931688977526,550732.3064123377,742.1134053581957,0.0001255978252617763,77,3,3,0.00014654420859490833,0.012660120924313864,0.013761065589884916,0.011452491705616316,0.010671557858586311,0.01068469819923242,0.010618870457013449,0.012033111726244291,0.009461014531552792,0.01412375426540772,0.012602676947911581,0.008507426517705122,0.015641834276417892,0.00014299017008549222,1.1017658710882605,25,0.12363374803215266,0.11405370856324831,0.13231098141521216,673.5672476632254,0.12459062727789084,0.12945688791573048,0.11917356226593256,0.11186387750009695,0.10341599115480979,0.11954018093645573,0.13085595647493997,0.09252172647664944,0.1601455423484246,483.0876318200842,436779.17045454547,660.8927072184603,0.13392012829581895,0.08709621335069338,0.1681358555952708
noface_e50,20,20,639.4675538694704,711979.3185876623,843.7886693880538,0.0001566647265640136,77,3,3,0.00021614754223264754,0.01713712668667237,0.0167880163838466,0.017464105039834976,0.011571365719040235,0.010458137219150862,0.01258179514358441,0.011664140659073988,0.009540165464083353,0.013440409364799658,0.012220595342417559,0.007724603172391653,0.015453621124227842,0.00014176891515186676,1.2527162986552114,25,0.1527096544454495,0.1379228301346302,0.16605080569783848,673.5672476632254,0.17257980008920035,0.16446716422835986,0.179937731338044,0.1249739798779289,0.10491575894256433,0.1421480324740211,0.1346715491513411,0.11513926250239213,0.15166311241686345,474.30814470563615,423836.7512175325,651.0274581133522,0.138420589218537,0.09510402637844284,0.17105682142078876
noface_e50,21,21,662.0656984007204,699895.5511363636,836.5976040704179,0.00015212040770248595,77,3,3,0.00018110016632514694,0.014305568921069304,0.015189624081055323,0.013250091423590979,0.011830808594822884,0.01045449978361527,0.013045715168118477,0.012038014208277067,0.010222965540985266,0.013596303450564543,0.014902550416688124,0.010183011181652546,0.018440152208010357,0.00017572316573932767,1.2420402075261021,25,0.14035148975749812,0.13355525109916924,0.14680712554603814,673.5672476632254,0.13833268081148464,0.14439497551570335,0.13188208404928445,0.13050135917961597,0.11565885820736488,0.14367630085597435,0.13719040930271148,0.1252198555196325,0.14809767218927541,713.7540306983057,751195.6943993507,866.7154633438535,0.17356169126927853,0.1315249619136254,0.207151743521293
noface_e50,22,22,624.3215934456168,651811.6116071428,807.3485069083505,0.0001205943157070909,77,3,3,0.00014056464715395123,0.012407282056907812,0.013274083845317364,0.011474718029300371,0.010781724626819292,0.011724701461692652,0.009711454001565775,0.011543947272002697,0.009969662564496199,0.012802184248963991,0.012037650682032108,0.008742305760582289,0.014541933933893839,0.0001338346725484977,1.1986160397632841,25,0.1233328190073371,0.12137472901493311,0.12512617982923985,673.5672476632254,0.12178662557154894,0.12787379883229733,0.11529414251446723,0.11909585679570833,0.1256409975265463,0.1119475024814407,0.12928334849576156,0.10779292386025191,0.1473487927019596,462.2574910745992,398717.02516233764,631.4404367494511,0.13006661432484787,0.09511068327973286,0.15730063720295825
noface_e50,23,23,669.3851793957995,821149.2564935065,906.172862368713,0.00014858031660536087,77,3,3,0.00018927205140547207,0.015547845823069414,0.01576994980374972,0.015275357911984125,0.011406628104547659,0.011546050819257895,0.011260846940179666,0.011462958219150702,0.009754111369450888,0.012946541421115398,0.013085784390568733,0.008357595962782701,0.016507058093945186,0.0001476817560615018,1.3453339150804247,25,0.13877730578184128,0.13652569931000472,0.1408184741313259,673.5672476632254,0.14818868876745303,0.15187980479250351,0.14401950784027576,0.12324257814635833,0.12814221354822317,0.11799893454958996,0.12727037330468496,0.11761701349169015,0.1361088746910294,482.61224365234375,415702.5101461039,644.7499593998467,0.1449738256384929,0.10062459682424864,0.1784740962088108
noface_e50,24,24,609.8677899249188,665420.0146103896,815.7328083449811,0.0001490835078490003,77,3,3,0.00017719578560596952,0.015227520527939001,0.014180568357308706,0.01620136108249426,0.010724551044404507,0.010761523308853308,0.010686762941380342,0.010725693156321844,0.00836429496606191,0.012650112000604471,0.011907741116980711,0.007416689457992713,0.015112867268423239,0.00012652644606229538,1.2110636483216246,25,0.13584621644268433,0.12457924577097099,0.14599436742564043,673.5672476632254,0.14624751289685567,0.13984640419483185,0.1517261786883076,0.12542125259836515,0.12410750060031811,0.12666600725303093,0.12074209832896789,0.09260935466736556,0.1433914640173316,429.8813020780489,340405.8068181818,583.4430621904608,0.12953579244514307,0.08541261300444603,0.16197385205576817
noface_e50,25,25,553.3347817953531,592483.4078733766,769.7294380971645,0.00011393707557415058,77,3,3,0.00014953110561085245,0.014019067399203777,0.013684935557345549,0.014239813201129436,0.00962951531012853,0.00900228787213564,0.010191219858825207,0.009930524043738842,0.008145838355024656,0.011368467782934507,0.011756674386560917,0.0068025340636571245,0.0151672571276625,0.0001134199143659013,1.1427655379140687,25,0.11939030226320028,0.10901877582073212,0.12881274607032536,673.5672476632254,0.12924725173662105,0.12608489676068227,0.1319769209374984,0.09807183622072141,0.09275397491951784,0.10298666256169478,0.10919431794434786,0.09156309021636844,0.1242064427336057,381.2974199567522,279278.377637987,528.4679532743561,0.1315535308793187,0.07709877889603377,0.16924415372312068
noface_e50,26,26,565.919539414443,583180.2252435065,763.6623764750404,0.00011947095216865736,77,3,3,0.00015670077118556947,0.013709121073285738,0.013659001638491949,0.013749179430305958,0.010682228642205397,0.009826955075065294,0.011444985245664915,0.010836255426208178,0.009217620827257633,0.012236829226215681,0.012833524805804094,0.008986950231095156,0.015760112553834915,0.00013623948810466877,1.1337581794904334,25,0.1255465536316236,0.11204682269444068,0.1376505146548152,673.5672476632254,0.1279804645727078,0.12366499649981658,0.13191828694194555,0.11447406916568677,0.1031777502844731,0.12468228110422691,0.12087530821561814,0.09542637340724468,0.1416279427955548,478.021110633751,435390.8756087662,659.8415534117007,0.14445073027163743,0.09538493029152353,0.1802178484449784
noface_e50,27,27,926.3545452960126,1446525.926948052,1202.716062480273,0.00022912279486523142,77,3,3,0.00029003779248644906,0.02023538015782833,0.022532061984141667,0.01761767640709877,0.012816282920539379,0.013546978744367758,0.011988489578167597,0.013344080187380314,0.012439607021709284,0.014181960684557756,0.013857196706036726,0.009662815059224764,0.01704135040442149,0.00018069301343833408,1.7855916638654836,25,0.1849561298886935,0.20347525477409362,0.16432367807875076,673.5672476632254,0.2078939450283845,0.2342195403079192,0.1776447368164857,0.1565860488389929,0.17959235308070978,0.12921122973163923,0.16325847188631692,0.17447099371502797,0.15097251296043396,524.4244963410613,490933.71875,700.6666245440838,0.1622865426292022,0.12399845145642757,0.19288651682436467
noface_e50,28,28,645.6091261033888,641190.1651785715,800.7435077342628,0.00016172178934007738,77,3,3,0.00015510007991300276,0.014052239867548147,0.01633022663493951,0.011194083529214064,0.009556747662524382,0.009774149085084597,0.009331504503885904,0.010945395876963934,0.009388229499260584,0.012292486925919851,0.012748538826902708,0.009335949706534544,0.015385400503873825,0.00013063742032196993,1.1888100416287222,25,0.15012407877792916,0.13847386105606954,0.16044023234397173,673.5672476632254,0.170526323231558,0.16151814747601748,0.17781239574154217,0.11820329767962297,0.11134494669735431,0.12456929997851451,0.13022493574768304,0.11281843529393276,0.1454077619810899,535.8512264103084,499683.4616477273,706.8829193351098,0.144911377367874,0.11122523749247193,0.17198906083901724
noface_e50,29,29,625.0348756468142,669967.4452110389,818.5153909432852,0.0001065527567452473,77,3,3,0.00010941395157715306,0.010865954061349234,0.012882072478532791,0.00836205699791511,0.009692441051205,0.011290091400345167,0.0077531831339001656,0.009856370588143667,0.009143861631552378,0.010487077757716179,0.011035907082259655,0.007479858119040728,0.013678865507245064,0.00010695985110942274,1.2151947615964425,25,0.11642263180265824,0.12622822336852552,0.10561779110382001,673.5672476632254,0.11667617135991652,0.13483403222014506,0.09492577446624637,0.11465284939855337,0.132228147611022,0.09379797333851457,0.11613100642959277,0.10934918645769358,0.12239983520160119,405.09842553076805,306616.03733766236,553.7292093954069,0.11946622863411903,0.08589760006715853,0.1453559236600995
noface_e50,30,30,603.6936154055905,654698.6241883116,809.134490791433,9.949277053048907e-05,77,3,3,9.951186317872877e-05,0.0106703145429492,0.013071952698131403,0.007526739655683438,0.008946072620650133,0.01023637813826402,0.007420035700003306,0.008876967864731947,0.008141019071141878,0.009551367412010828,0.010366604973872503,0.006474576269586881,0.01314808273067077,9.155959317771097e-05,1.2012675699397863,25,0.10755955232928197,0.1207933950300018,0.09238516816248496,673.5672476632254,0.1108502651254336,0.13472856649508078,0.07994605677823226,0.10266648600498836,0.11952883034944534,0.08239416738972068,0.10156813067073624,0.09863603525484602,0.10432962843527396,364.07486833844865,257889.19805194804,507.82792169390217,0.11213847941408554,0.07577858978882432,0.1391842337946097
noface_e50,31,31,522.0117837484781,515244.2796266234,717.805182223299,8.625392006428961e-05,77,3,3,9.751733887242153e-05,0.01068034116178751,0.01138358749449253,0.009889218490570784,0.008583486080169678,0.008416539989411831,0.008708883232126633,0.0084601406318446,0.006973131404568751,0.009716622531414032,0.010405970426897207,0.005978606175631285,0.013439153010646502,8.818632098458086e-05,1.0656770867549545,25,0.10013903256505728,0.10244839947670697,0.09762379137178262,673.5672476632254,0.10287292052060365,0.11586641648163398,0.08765358037004868,0.09191936606541276,0.09621208231896163,0.08718543779725829,0.09392152475193143,0.08371678529307246,0.10303989054014286,335.4639373382965,231199.59963474027,480.83219488168663,0.11434408518175285,0.06982976115619142,0.14573693924893935
noface_e50,32,32,498.22962059912743,372819.66051136365,610.5896007232384,0.00011685113467929232,77,3,3,0.0001731462349804739,0.015067791566252708,0.014027434711654982,0.01604052943487962,0.009481900371611118,0.006989815427611272,0.011427119063834349,0.011474407898883024,0.0077890558168292046,0.014171021990478039,0.013548534673949083,0.00810606979454557,0.01723469514399767,0.0001424367898531879,0.9065013223869296,25,0.14349890405933063,0.11329384550452232,0.1682651569073399,673.5672476632254,0.15436001333097618,0.1280966331064701,0.17651676534364621,0.11109331289927164,0.08459906370689471,0.1323667782669266,0.14023871118823686,0.10638237456480662,0.1673305233195424,517.909801929028,408375.3033685065,639.0424894860329,0.16286948824922243,0.10701601923132936,0.203780791995426
noface_e50,33,33,554.6759588068181,677420.3356331169,823.055487578521,0.00010289357069504822,77,3,3,8.903471461962909e-05,0.009979890969892343,0.01168452762067318,0.00781595908726255,0.007371654889235894,0.007415005937218666,0.007311874224493901,0.009203063944975534,0.007885404707243046,0.010241495445370674,0.011331002227962017,0.007950506173074245,0.013772213210662207,9.509554123117898e-05,1.221935137781577,25,0.10370528208712737,0.10860129158943892,0.0984106652935346,673.5672476632254,0.1053299539660414,0.12051968336105347,0.08691947186986605,0.08557904684295257,0.09012777902806798,0.08074532165502508,0.10539075928429763,0.10085277669131756,0.10958054630706708,517.5669920289671,365526.43141233764,604.5878194376212,0.13026983549197516,0.10013684382041295,0.15411898992955686
noface_e50,34,34,542.9956288523488,685507.5519480519,827.95383443043,0.00010118712344155466,77,3,3,8.10621349955909e-05,0.00916110041240851,0.011103960685431957,0.006638734290997188,0.007356733859827121,0.007572009693831205,0.0071325272632141905,0.00910932601739963,0.007365818911542495,0.010478788365920385,0.011325282665590445,0.00703185610473156,0.0142858795200785,9.454335668124259e-05,1.2292073839736277,25,0.09940424699336291,0.10324725069105625,0.0953106359578669,673.5672476632254,0.0966472839564085,0.1133776776616772,0.07581010440985361,0.08535560281326374,0.09212784482787052,0.07796657164270679,0.1048968739559253,0.0944763612250487,0.1142119579638044,466.10291914506394,304934.0549918831,552.2083438267508,0.13046891182661058,0.08944146586582065,0.1610730011512836
noface_e50,35,35,496.79394214184254,415349.47118506493,644.4761215010723,6.92154322890716e-05,77,3,3,7.573667001755287e-05,0.009195033150414625,0.011588963369528452,0.005861602413157622,0.00701837536568443,0.007310769055038691,0.006710152917852004,0.007970274736483892,0.006837483029812574,0.00890364870429039,0.010734587286909422,0.006549987476319075,0.013608282742400965,8.120120522410919e-05,0.9568103611583288,25,0.09179390810430049,0.09906443691502015,0.08380238490179182,673.5672476632254,0.09087627448141575,0.10979174789041281,0.06613109472518165,0.08081008388350407,0.08889368473862608,0.07175028127928575,0.0891357801357905,0.08786674606924255,0.0903235646461447,416.7870550774909,262552.0809659091,512.3983615956525,0.12089164353907109,0.08151946085194747,0.14985846493393182
noface_e50,36,36,551.3126593255378,836825.0004058442,914.7813948730287,0.00011005850725953903,77,3,3,7.786849649467816e-05,0.009270532988011837,0.011489456209043661,0.0062622674740850925,0.007041251597305139,0.007342312950640917,0.006721861815700929,0.008162963048865398,0.0066715309706827,0.009344810930391153,0.010873029939830303,0.0068337709332505865,0.013687866739928722,8.372674346901476e-05,1.358114424427013,25,0.0938450104991595,0.10243627892186244,0.08430791690324743,673.5672476632254,0.0935544565692544,0.11561207042386135,0.06412437057122589,0.08109899085015058,0.08911896780754129,0.07217188708484173,0.0911523224102954,0.08618767394373815,0.09569285482789079,450.1106983531605,285388.67431006493,534.2178154180792,0.12370559810350339,0.08692233858630061,0.1514556468029817
noface_e50,37,37,571.2632588968648,1016771.7540584416,1008.3510073671973,0.00012564468068069197,77,3,3,8.499396062688902e-05,0.010218505437175432,0.013022145877281824,0.006190187608202298,0.006826865331580241,0.0072831107924381895,0.0063285961126287775,0.007603589134911696,0.005996638908982277,0.008856985718011856,0.01076032624890407,0.006001249731828769,0.01391670387238264,7.908053521532565e-05,1.497030936206327,25,0.0946719108025233,0.10683852119992177,0.08058962253232797,673.5672476632254,0.09908581148833036,0.12733866666754087,0.05838166878248254,0.07708758116389314,0.0874157890677452,0.06510730893040696,0.08375895372281472,0.07756903319309155,0.08936653257658084,393.7898515973772,236372.0377435065,486.1810750569241,0.12375486607352892,0.07695381757492821,0.15688553404062985
noface_e50,38,38,547.2224426269531,763626.6444805195,873.857336457456,0.00010059555912543052,77,3,3,7.972377352416515e-05,0.009773073407510916,0.012128389130036036,0.006575582393755515,0.007012968882918358,0.007346681784838438,0.006652790276954572,0.007563680565605561,0.00585123182584842,0.008898333025475344,0.010470783337950706,0.005803320401658614,0.0135716013610363,7.698655584439014e-05,1.2973572267492033,25,0.09357105158269405,0.10502158306539058,0.08047059822206695,673.5672476632254,0.0974026042719682,0.1238644598548611,0.06019585819294055,0.08020017376790443,0.09000448652853568,0.06899236471081774,0.08254702968522906,0.07615226019794742,0.08835476368044813,376.8974613338322,224755.4466314935,474.083797056484,0.11836272127926349,0.0746753066095213,0.14955705378204584
noface_e50,39,39,549.9820172198407,754510.4387175324,868.6256033053207,0.00010033535510082366,77,3,3,7.968020508997142e-05,0.009838073514401913,0.01210589644809564,0.006828251450012128,0.007154046868284543,0.007779043633490801,0.006466917227953672,0.007142879534512758,0.0054465254458288355,0.008457842438171307,0.01046474619458119,0.005058629748721917,0.013862649289270243,7.556399820411268e-05,1.2895900243350638,25,0.09466246077169975,0.10634464011838039,0.08129623293876648,673.5672476632254,0.09918784076968828,0.12587445095181465,0.06184027370065451,0.08330335116013884,0.09678171830251812,0.06712812459096312,0.07779807002594073,0.07021280686060588,0.08460139841462175,317.1340999850979,184594.8244724026,429.6449981931625,0.1196425743525227,0.06473368714253108,0.15613997704039018
noface_e50,40,40,496.0572386902648,915914.4188311688,957.0341785073138,0.0001173796866984143,77,3,3,6.940383779389474e-05,0.00867134410267075,0.01069829830278953,0.005941400304436684,0.006850024064381917,0.006981842219829559,0.006694589431087176,0.007126609794795513,0.0037513206092019877,0.009342812622586886,0.010877641849219799,0.003299060510471463,0.015021764673292637,7.811537579982542e-05,1.4208442910897265,25,0.08681596184770267,0.08939109923938911,0.08410727211584647,673.5672476632254,0.08568567238748073,0.10704270971318086,0.05674016561980049,0.07753098366782069,0.08649623134483894,0.06722406436378757,0.07495822157089908,0.04575000348500907,0.0955788154527545,206.41874754274048,118331.3166599026,343.9931927522732,0.12362099995215733,0.04233667915686965,0.16960823450237514
noface_e50,41,41,489.4155796595982,632665.0718344155,795.4024590321654,8.584526155821301e-05,77,3,3,7.491486636960569e-05,0.009645200024048487,0.012167310963074366,0.006126264110207558,0.006602743330101172,0.007077101928492387,0.0060846249883373575,0.00686216385414203,0.004888628609478474,0.008333242808779081,0.010149461217224598,0.004488629909853141,0.013593754731118679,6.960539152108443e-05,1.1808805457682467,25,0.0873089329401652,0.09649414939184983,0.07697723910833398,673.5672476632254,0.091631466075778,0.11605810097108285,0.057540554845084746,0.07391039924075206,0.08546372508630157,0.060110806102554,0.07201085137824217,0.060203428299476704,0.08202885131662091,255.2748956061029,145034.13798701297,380.83347802814416,0.11421696738650401,0.0548686772522827,0.15175451494753361
noface_e50,42,42,467.17208109273537,469761.04383116885,685.3911611854714,8.907688200676378e-05,77,3,3,0.00010069708514492959,0.010796295168499151,0.013687111747761568,0.006764529583354791,0.006503770903994639,0.005671152379363775,0.00722601047406594,0.008884141221642494,0.005085714161396027,0.011485051363706589,0.014069097427030405,0.0066658747382462025,0.0187457874417305,0.00011864560898781444,1.0175541693324106,25,0.10764159357796113,0.09898467647532622,0.1154522198686997,673.5672476632254,0.09982481721788644,0.12369760521998008,0.06791779109587272,0.07592556026453773,0.06095377432182431,0.08830840168520808,0.11174250890811284,0.0631958345261713,0.1448101868480444,421.9317908348975,289517.6775568182,538.0684692089086,0.17930709816515444,0.08579983495175839,0.2386088885863622
noface_e50,43,43,406.18555955762986,388162.62256493507,623.0269838176634,6.602891526553877e-05,77,3,3,7.105205440893769e-05,0.009127473458647728,0.011095066865285238,0.006573122926056385,0.0060775321908295155,0.005283098046978314,0.006765268587817748,0.006938222485284011,0.004387367594366272,0.008735500586529573,0.01133171965678533,0.0042352456754694385,0.015442831441760063,7.854542733790974e-05,0.92496626874169,25,0.08599673233926296,0.08210872876147429,0.08959261639043689,673.5672476632254,0.08447653538237015,0.10069641221314668,0.06412389883150657,0.06842378670349718,0.06151865793392062,0.07468888572106759,0.07608739308392008,0.05546784864428143,0.09217431359613935,265.9233447979023,143231.52566964287,378.45941086151214,0.1325248360261321,0.05588626138865948,0.1788642243668437
noface_e50,44,44,531.3873394061993,866554.1590909091,930.8889080287234,0.00010952337536516346,77,3,3,8.544398830660309e-05,0.010485929436981678,0.013407899687687555,0.006242763871947925,0.006195976864546537,0.0062593330318729086,0.006105834152549505,0.007269326597452164,0.005733935007204612,0.00849968520924449,0.01083061130096515,0.005680564480523269,0.014211691915988922,7.618331558963594e-05,1.3820281660936033,25,0.09101543284331759,0.09982254387189944,0.0811242482252419,673.5672476632254,0.09517883605013291,0.12136977301289638,0.057994860354810954,0.06908464674527447,0.07506457849716147,0.06243929635733366,0.08065503479912878,0.07190328812847535,0.08844308080772559,341.52833279696375,201268.18587662338,448.6292298509131,0.12608344022184612,0.07058140507588784,0.1635593363145987
noface_e50,45,45,531.648992761389,928308.5016233766,963.4876759063276,0.0001149111843230233,77,3,3,8.635863196104765e-05,0.01071706103781859,0.013548312708735466,0.006687401793897152,0.006100231626381476,0.006020254921168089,0.006170360992352168,0.007203441268453996,0.005812609878679116,0.008308274826655785,0.010502893477678299,0.005108808012058337,0.013906140811741352,7.270859471949127e-05,1.430425364726253,25,0.090953384116292,0.09950158743808667,0.08141389097397526,673.5672476632254,0.09749858222901821,0.12228950276970864,0.06339104025935133,0.0677684845092396,0.07061112182835738,0.06473392427588502,0.07949723660945893,0.07417623788739244,0.08436227949336171,330.98837736055447,180942.1715706169,425.37297936119177,0.11955413448313872,0.06555021366725365,0.155766374754409
noface_e50,46,46,550.5276156338779,715271.5385551949,845.7372751364308,9.20939889877079e-05,77,3,3,8.580301315911736e-05,0.010453939127425352,0.013630302312473455,0.005681491922587156,0.006573018617928028,0.006980584158251683,0.006134931618968646,0.007466575441261132,0.006351420345405738,0.008384864466885725,0.01093060461183389,0.006476214155554771,0.014004338532686234,7.914276163016136e-05,1.2556092625799526,25,0.0921252877265215,0.10504100562383731,0.07700205468883117,673.5672476632254,0.0949412922685345,0.12391567052652439,0.051518244644006096,0.07365151916320126,0.08274036876857281,0.06316598301753401,0.08299185657873749,0.0816301337008675,0.08427268512547016,440.2050063888748,257226.43628246753,507.17495628477906,0.12576427458475034,0.08428525465851029,0.15648233932753405
noface_e50,47,47,562.6552912724483,786195.9099025974,886.6768914901287,9.832103595337165e-05,77,3,3,8.812955638859421e-05,0.010744107266267141,0.014037269167602062,0.005730113635460536,0.006343517142037551,0.006728346925228834,0.0059281690046191216,0.007404242176562548,0.006463643939544757,0.008203364598254362,0.01088344802459081,0.006400890337924163,0.013975012426575026,7.774306262338844e-05,1.316389558082336,25,0.09213019157449405,0.10570423657695452,0.07606196996445456,673.5672476632254,0.09734548425922791,0.12684504619489115,0.053075442481786014,0.06890781712407867,0.0779847318182389,0.058322839165727294,0.08173702988773585,0.08193893320237597,0.08144119085744023,441.866143957361,252964.7978896104,502.9560596012443,0.125156585611403,0.08258233655244113,0.15639799224833648
noface_e50,48,48,567.1609572373427,774768.7804383116,880.2095094000698,9.567905060550827e-05,77,3,3,8.572737957971792e-05,0.010583059551815191,0.013931835691134134,0.0053844825985531015,0.006235322604576747,0.006706328596919775,0.005720931726197402,0.007332724363853534,0.006506278645247221,0.008037543389946222,0.010778871675332388,0.006457277573645115,0.013782918763657412,7.608355857276668e-05,1.3067878707786615,25,0.09038716862599055,0.10538257706910371,0.07227032003924251,673.5672476632254,0.09539731112619242,0.12606480155140162,0.04779139588276545,0.06735294713949164,0.07796042137468855,0.054607780377070106,0.08038170209154487,0.08257275774454077,0.07803760044276714,449.6076236080814,259827.3591720779,509.73263498826316,0.12337205182760953,0.08348227825015783,0.15306014517943065
noface_e50,49,49,577.7804450493354,809732.8518668831,899.8515721311394,9.848666424612068e-05,77,3,3,8.673194679431617e-05,0.010748434190948805,0.014029465615749359,0.005785384525855382,0.0062021769893666106,0.006713134857515494,0.005641801903645198,0.0072117033414542675,0.006423501608272393,0.007884234810868898,0.0106623445947965,0.006375225105633338,0.013640463662644228,7.433277520855579e-05,1.3359491205264973,25,0.09038982308159271,0.10580934171875318,0.07165357266863187,673.5672476632254,0.09671633567661048,0.12730118830998738,0.049679957473029696,0.0663418604247272,0.07767105519771576,0.0524665451173981,0.07846299935753147,0.08149935539811849,0.07519230416665475,444.64903754692574,255268.38392857142,505.2409167205002,0.12172055275489886,0.0821607370985051,0.15112085284044346
cellbalance_all_w3e9_e50,0,0,1142.892342703683,2123123.7532467535,1457.0942842680954,0.001834847276437689,77,3,3,0.001721336195866267,0.04559637854496638,0.020199694360295933,0.061213125785191856,0.03808199738462766,0.01916795348127683,0.05030942584077517,0.035409306486447654,0.019990078484018643,0.04590198025107384,0.036870332434773445,0.01949395363529523,0.048298062135775886,0.0013564843296383817,2.1632499046281164,25,0.45398526633779207,0.1964329175899426,0.6111275573571523,673.5672476632254,0.5290036670366923,0.19593693152070046,0.7218651791413625,0.4109423831105232,0.19247099893788497,0.5481392977138361,0.33170594145854315,0.20679609465102355,0.4208932153383891,1121.1001158875304,2065299.1055194805,1437.1148546721938,0.305174780835708,0.19072934021552404,0.3865733990073204
cellbalance_all_w3e9_e50,1,1,873.9616437639509,1254793.5024350649,1120.1756569552228,0.001096406334696652,77,3,3,0.0008723636080200473,0.031016549095511436,0.016314925625920296,0.04071556528409322,0.028663088877995808,0.015181845985352993,0.037540936221679054,0.02749563070635001,0.015095693990588188,0.03582926467061043,0.02706417130927245,0.016083743423223495,0.03470767289400101,0.0007654676640716692,1.663049474037514,25,0.34676083393394946,0.15740465226272743,0.4642431683838367,673.5672476632254,0.3988768461098274,0.16042883332818747,0.5405776738623778,0.3008306872844696,0.1442223927627007,0.399941537330548,0.28627939452727635,0.16116335461537043,0.3711637884378433,927.5186466365666,1409171.2353896103,1187.085184554845,0.255901399080952,0.16703455070654552,0.3209322771926721
cellbalance_all_w3e9_e50,2,2,804.0455242999188,1068097.9797077922,1033.4882581373588,0.0006876821526138765,77,3,3,0.0005936232240249714,0.02462439425289631,0.01626609017451604,0.030781477689743042,0.023280083512266476,0.01562050823122263,0.028870276485880215,0.024491896231969196,0.014539100229740143,0.0314024972418944,0.024883876244227093,0.016681460353235405,0.030896979073683422,0.000597990855264167,1.5343505221235,25,0.26656489454209803,0.14737598831454912,0.3467666132003069,673.5672476632254,0.29131581532458467,0.14563069543490806,0.38506806204716365,0.2257778587192297,0.13928578233967226,0.2870751519004504,0.2566054266939561,0.14967008223136266,0.33037849187850954,914.0197484400366,1374297.9334415584,1172.3045395465967,0.24676178105175495,0.16846968768785398,0.3054336806883415
cellbalance_all_w3e9_e50,3,3,732.1705782010957,884097.6079545454,940.2646478276982,0.0005063875718193443,77,3,3,0.0004532374635649224,0.02119070788224538,0.014753468334674835,0.02604878383378188,0.02024107426404953,0.013826634424428145,0.024999719113111496,0.021850099166234333,0.013124045605460802,0.027947423979640007,0.022568519537647564,0.015044297091662884,0.02806926580766837,0.00047827186062932014,1.3959476965213398,25,0.22733765763541064,0.13323831728349128,0.2924036005139351,673.5672476632254,0.24429015134771664,0.12989139606555303,0.3198001465449731,0.19113798129061857,0.12682170797139405,0.23849729023873806,0.22702034597595533,0.13853809144347906,0.28939091178278126,821.4820168235085,1109172.4123376624,1053.1725463273633,0.22312948137521743,0.15348375106851259,0.27554169940451784
cellbalance_all_w3e9_e50,4,4,699.0763629071124,793684.3417207792,890.889634983357,0.00039854953360332585,77,3,3,0.0004045031867766132,0.02033599279820919,0.015582062614460787,0.02392851933836937,0.019127908473213513,0.013512810071309408,0.023411647106210392,0.0197115254898866,0.012134349284072718,0.025080036371946335,0.021115153407057125,0.013825236819684505,0.026368384559949238,0.0004113144144260635,1.3226439350697021,25,0.20039481384058794,0.1260283357525865,0.2537255980819464,673.5672476632254,0.21052525319159032,0.13274405851960183,0.26617633670568464,0.17424260020256044,0.1139261250073711,0.2183962444216013,0.20161962509155273,0.11754573930054903,0.25958737504978974,730.5259637213372,890819.1314935065,943.83215218253,0.20736635652681193,0.13232772273321947,0.2615242079893748
cellbalance_all_w3e9_e50,5,5,786.9390401468648,975757.6018668831,987.8044350309848,0.0003647967581879106,77,3,3,0.00037855391080180806,0.01878505324323972,0.012129177649815878,0.02363470320900281,0.019022309531768162,0.014770680107176304,0.02229912516971429,0.019608474647005398,0.014996579537789026,0.023217109342416126,0.02083199719587962,0.016755927354097366,0.0239836648106575,0.00040779767247537774,1.466526821869572,25,0.19609202519059182,0.14469029003133377,0.23632085179289183,673.5672476632254,0.18909516294797263,0.11947092661013206,0.23905604812006157,0.1862457786500454,0.15415863898893198,0.21315915082891781,0.21664677143096925,0.17125947625686724,0.25341482281684874,928.0052799373478,1306897.6128246754,1143.1962267365457,0.2166976623237133,0.1798140606780847,0.24792971685528756
cellbalance_all_w3e9_e50,6,6,632.202967259791,645498.6128246753,803.4292830266241,0.00031698120220461496,77,3,3,0.00027770266751758754,0.016260333669682343,0.01037868515898784,0.02050771874686082,0.01637142524123192,0.011885943512121836,0.019774481033285458,0.01686675225694974,0.010743576722840468,0.02125393971800804,0.017998801544308662,0.012293259613215923,0.022160332029064495,0.000298969738651067,1.1927974316060095,25,0.18289414736131826,0.11140724250425894,0.23310003320376077,673.5672476632254,0.18720781636734804,0.10386504196872313,0.24318879447877406,0.16452900880326826,0.11776230404774347,0.20020047175387543,0.18976856105029583,0.11338233252366384,0.242731852059563,656.903156230976,729536.4508928572,854.1290598573831,0.19227470221618811,0.12555023142447075,0.24098238090674082
cellbalance_all_w3e9_e50,7,7,585.976702801593,551437.6339285715,742.5884687554551,0.0002789876651315188,77,3,3,0.0002274220217562591,0.01451340721299251,0.009535649480919043,0.018174379443128903,0.014847566994527975,0.011020702309906483,0.01774762012064457,0.015567231612900892,0.009831789570550123,0.019645071898897488,0.01695569542547067,0.011364562747379145,0.02098122735818227,0.00025659435292861116,1.1024711657695379,25,0.17567423005898794,0.10366186011582613,0.2254209318011999,673.5672476632254,0.17673954270780087,0.09763074763119221,0.2297193315376838,0.1580956306681037,0.10889673285186291,0.194743921260039,0.18762064603467782,0.10380101059873899,0.2437200201302767,610.0826281262682,637050.7796266234,798.1546088488266,0.1902914047986269,0.11691712444027265,0.24213185861706735
cellbalance_all_w3e9_e50,8,8,531.7377339152547,456186.700487013,675.4159462783011,0.00024553666601120796,77,3,3,0.00019101794168818742,0.013182283068696657,0.008907187109192213,0.016374818980693817,0.013449167211850485,0.01017666608095169,0.015939513531823952,0.014615696234007677,0.00891104992479086,0.018604629983504612,0.01603644589583079,0.010401707142591476,0.020039681966106098,0.0002238350862171501,1.002744638521973,25,0.1696475303173065,0.09491458844393491,0.22000549058119456,673.5672476632254,0.1691805259262522,0.08920266172538201,0.22163552877803644,0.15141261221220095,0.1006566953410705,0.1884978864590327,0.18474861089140177,0.09326458014547825,0.24369096505145232,563.0022804953835,550944.6181006493,742.2564368873128,0.1872181854148706,0.10815600149333476,0.24145243607461453
cellbalance_all_w3e9_e50,9,9,493.14764245764,393892.1028814935,627.6082399725912,0.0002195899183529296,77,3,3,0.00016828690422698855,0.012329943788548311,0.008427051827311516,0.015258830972015858,0.012448620051145554,0.009499907027930021,0.014694250499208769,0.013895331881940365,0.008217017942418655,0.01780490018427372,0.015373287722468376,0.009683918518324694,0.019359189396103222,0.00020148981032737842,0.9317677516980262,25,0.16461487146715323,0.08919496296594541,0.21473596237599848,673.5672476632254,0.16299646899104117,0.08272091828286648,0.21479839169730744,0.1482944912960132,0.0963136741022269,0.18584968416641157,0.17997891129304966,0.0865195167499284,0.2390991311520338,529.3861745859122,492536.3153409091,701.8093155130595,0.18280496021111806,0.10353226316471895,0.23672453701496124
cellbalance_all_w3e9_e50,10,10,464.92230462408685,349542.6868912338,591.2213518566746,0.00020002151552932457,77,3,3,0.00015350836717213193,0.011678805574774742,0.0080404511342446,0.01441913036008676,0.011818892943362394,0.008885807357728481,0.014037079798678556,0.013450332606832186,0.007862246595323086,0.01727806217968464,0.014926454983651638,0.009009355523933968,0.01901118829846382,0.00018792165307483324,0.8777465856716913,25,0.1609163627649347,0.08526859518761436,0.21074045026053986,673.5672476632254,0.15618381929894287,0.0786625918497642,0.2060555151104927,0.1493335572257638,0.09271240113303066,0.18934855427592992,0.1779806015516321,0.08343628275518616,0.2372764087220033,491.44068769975144,427020.0945616883,653.4677456169419,0.17991015353550513,0.09808825930580496,0.23467117773989837
cellbalance_all_w3e9_e50,11,11,424.6573228712206,293009.5868506493,541.3035995175437,0.0001738518857292819,77,3,3,0.00013507845384689668,0.010945464484393597,0.007726962833354871,0.01340620374927918,0.011037583462893963,0.007860740181058645,0.013397794837752977,0.01263779370735089,0.007078423320005338,0.016377448414762814,0.014079707053800425,0.007823869896431765,0.018268285940090816,0.00016631424174799273,0.8036370553875093,25,0.15131738681346177,0.07813840776061018,0.1990127698207895,673.5672476632254,0.14657296109944581,0.07418590982134143,0.19318740534285705,0.1424953506886959,0.0833608366549015,0.1831761955966552,0.1656665587797761,0.07602887153625489,0.22148466251790525,433.5562026779373,341711.0166396104,584.5605329130683,0.16881802011281252,0.08563602779060603,0.22280799639721713
cellbalance_all_w3e9_e50,12,12,397.9318562297078,258974.1176948052,508.89499672801384,0.00014180923589465945,77,3,3,0.00011788535145266603,0.010200766225655874,0.007406674015025298,0.01237772653500239,0.010270576613644758,0.007014667925735314,0.01265038208415111,0.011723660243054232,0.0064489964085320635,0.015239937230944633,0.01344281310836474,0.007371206923077504,0.017485747734705608,0.0001475220730450625,0.7555221820738743,25,0.1352960770825545,0.07298450126002232,0.1766925343622764,673.5672476632254,0.1302323901032408,0.0712674210468928,0.1694810947527488,0.12780918988088766,0.07394082171842456,0.16471427050729592,0.1463755107546846,0.07048615900178751,0.19455434991667667,418.06405362215907,316161.47118506493,562.2823767334922,0.1565039298310876,0.08143667865544557,0.205741508603096
cellbalance_all_w3e9_e50,13,13,374.6105307046469,233013.23995535713,482.7144497064047,0.00011722182601012967,77,3,3,0.00010492790897842497,0.009715730013946692,0.00722090636069576,0.011689661691586176,0.009565796082218489,0.006401971448212862,0.011871700175106525,0.010931185757120451,0.005919295363128185,0.014248539693653584,0.012778010529776415,0.006525603123009205,0.01682054220388333,0.00013067546872965372,0.7166536843664278,25,0.12072084692617258,0.06843790140002966,0.1562616916994254,673.5672476632254,0.11791506331413984,0.0694278297200799,0.15129944520692032,0.11106277303149303,0.06630438800280293,0.14224030359337728,0.12783955057462057,0.06482683315873146,0.16871281072497368,377.30525623668325,269242.21651785716,518.8855524273702,0.1429010019823909,0.07346469558154543,0.18819119300693274
cellbalance_all_w3e9_e50,14,14,354.35586428951905,212815.78713474027,461.31961494688284,9.94188262961575e-05,77,3,3,9.637386150037248e-05,0.009323368780314922,0.006831980620821317,0.011276917221645514,0.00911226620276769,0.00589305954053998,0.01142705138772726,0.010434704522291819,0.005606917353967826,0.013619063732524713,0.0123316232735912,0.005984967264036338,0.016350047041972477,0.00012037294072797522,0.6848902118493987,25,0.10991087310016155,0.06432701260472337,0.1413831026852131,673.5672476632254,0.10638164058327675,0.06638849953189492,0.13474684860557318,0.10106107189009587,0.06038304363687833,0.12944057275851567,0.11601155390342077,0.061211814358830455,0.15217114482074975,345.78882410619167,235596.67075892858,485.3830144936353,0.13468250208844743,0.06770235827192664,0.1779574140533805
cellbalance_all_w3e9_e50,15,15,343.5043521237064,204830.56158685064,452.5821048018256,8.80050407526047e-05,77,3,3,9.412845004893218e-05,0.009388762215773264,0.006801206152886152,0.011400275863707066,0.00889904610812664,0.00562497212861975,0.011237148816386858,0.010047773209710916,0.00543433769295613,0.013097267287472883,0.01199437336375316,0.0054937624372541904,0.016019389343758423,0.00011335839614427338,0.67191821807243,25,0.10232468170424303,0.06315127177163958,0.13012956734746695,673.5672476632254,0.09928097645441691,0.0671901095410188,0.12312632871170838,0.09389025138070185,0.05741640929753582,0.11967256938417753,0.10532390286525091,0.05914891013875603,0.1366564928740263,317.28903971089943,206590.53338068182,454.52231340241354,0.12852988918622335,0.062080427979429566,0.17078358570734659
cellbalance_all_w3e9_e50,16,16,370.5003158767502,241374.19277597402,491.2984762605864,9.197017108770572e-05,77,3,3,0.00012339328774639094,0.011661353521049023,0.008650539287676414,0.013998407249649366,0.009997099948426088,0.007027813078214725,0.012260622965792814,0.010106587782502174,0.005120360137273868,0.01331816054880619,0.01177299457291762,0.005269915331155062,0.01578669808804989,0.00011713083464807521,0.7293978113767032,25,0.11080578088760376,0.07575925394271811,0.13705938320606947,673.5672476632254,0.11089118428528309,0.08254076958323518,0.13316586531698704,0.10753664426505566,0.07770875796675682,0.13051167966177066,0.1045549305404226,0.055776983325680096,0.13686919895311198,321.2789972478693,220979.4153814935,470.08447685654704,0.1265152448415756,0.06253030444805821,0.16760145941128332
cellbalance_all_w3e9_e50,17,17,429.07597172724735,291600.0622970779,540.0000576824765,0.00012383694071080778,77,3,3,0.0001809115638025105,0.014593440418442091,0.008976137886444727,0.018492458388209343,0.011597509806354841,0.007682531140744686,0.014480119571089745,0.011722497952481111,0.007473347242921591,0.014774312265217304,0.013602128873268763,0.007201398878047864,0.01783374200264613,0.00015676386828999966,0.8017017744788999,25,0.13844424770524105,0.08416076090186835,0.1766717620442311,673.5672476632254,0.1444845427076022,0.08400842561076084,0.18589968393246334,0.12853288874030114,0.08276898932953676,0.16176772229373454,0.1268094656492273,0.08460138561824958,0.15806554696212213,456.6156723220627,341368.8971185065,584.267829953444,0.14822801844527325,0.08657208503534397,0.19088753141462803
cellbalance_all_w3e9_e50,18,18,496.3977748325893,396567.5109577922,629.7360645205198,0.00013255389161973393,77,3,3,0.00016995162392656007,0.012806649319827557,0.00858964150150617,0.015916104118029278,0.012631384966274103,0.010148099934061369,0.014566498498121897,0.012608254328370094,0.008488134015351534,0.015562620634833971,0.014661403683324655,0.009097349053869644,0.018407383933663368,0.00018473660747986287,0.9349267897232725,25,0.13821328206608693,0.09792364294330279,0.16904949456453322,673.5672476632254,0.12991253450512885,0.08979060358678301,0.16015386155496042,0.139627035583059,0.1125882534434398,0.1620581293726961,0.1389344500998656,0.09144114184503754,0.17375986417134603,536.3355475091315,488834.7564935065,699.1671877981021,0.16847515561928353,0.10521522774671514,0.21359711048503716
cellbalance_all_w3e9_e50,19,19,324.41026286335733,176929.2882508117,420.62963311066386,7.878715617849806e-05,77,3,3,7.92371259497789e-05,0.007982111380745968,0.006366472225636244,0.009316208151479563,0.008812670285503069,0.0053498636310299235,0.011251743572453657,0.009985320270061493,0.004223530180752277,0.013470929736892382,0.011128816132744154,0.00401632262704273,0.015215623813370863,0.00010421057959320024,0.6244805319289708,25,0.09898061995704968,0.061239060821632545,0.12570003649840752,673.5672476632254,0.0902298657471935,0.06693379817530513,0.10810111053287982,0.09778167991588513,0.06003307977070411,0.12448317193736633,0.10828290965408087,0.05082953744878371,0.14440415270626544,233.12599162312296,137959.62327516233,371.4291631996098,0.12331440731883049,0.04876607323686282,0.16741822104901075
cellbalance_all_w3e9_e50,20,20,273.15542285473316,133877.88524756493,365.89327029553976,6.250097142689704e-05,77,3,3,7.801065900518249e-05,0.008125146385282278,0.006825872231274843,0.009229269344359636,0.008649038150906563,0.004650666223218043,0.011304803813497225,0.009267328307032585,0.004071863445763786,0.012452198813358942,0.010961772253115972,0.004170163379361232,0.014929885044693947,9.740040695760399e-05,0.5432171346883563,25,0.08963573911537727,0.054933577391008535,0.11412318242092927,673.5672476632254,0.07581815384328365,0.060864966455847026,0.08804698544243972,0.09277985229467352,0.04769251141076287,0.1221644315123558,0.09816717711587747,0.0475907512071232,0.13035128916303318,241.98451292359985,139332.08969155845,373.2721389168477,0.12233170860757431,0.05113336340834697,0.16525241784751415
cellbalance_all_w3e9_e50,21,21,263.8637433733259,129282.22524350649,359.55837529322895,5.819274113716122e-05,77,3,3,7.765488650572176e-05,0.008319932967424393,0.006934574339538813,0.00948406926666697,0.008438395646711191,0.004772498272359371,0.01092895461867253,0.008910531798998514,0.0037504876187692084,0.012029035637776056,0.010913782442609469,0.0038061641777555146,0.014956663983563582,9.38590868220975e-05,0.5338121420550473,25,0.08758704231431087,0.053947436325252056,0.11140319050600131,673.5672476632254,0.07521506025766334,0.06121396095181505,0.08686471176644166,0.09072972522427639,0.04783663542320331,0.11899425795922677,0.09320840301613013,0.042421672319372494,0.12476872569570939,214.38547030362216,123733.40148133117,351.7575890884675,0.11909543495625258,0.04567282263499995,0.16210124503821136
cellbalance_all_w3e9_e50,22,22,295.33150492086037,157757.49391233767,397.18697601046495,6.487946987587523e-05,77,3,3,8.737284709544231e-05,0.009385005415727695,0.007931346849848827,0.010609091569979986,0.008582656892637411,0.005792791955173016,0.010663863892356554,0.0087457491705815,0.004539357187847297,0.011501536083718141,0.011002143224080404,0.004458828984449307,0.014902189063529173,9.425646082187693e-05,0.5896767952842225,25,0.09404727327326934,0.06391550131142139,0.11655438344925642,673.5672476632254,0.08584298094734549,0.07096964855367939,0.0983073341473937,0.09368569321930409,0.059441982874025905,0.11834837729732195,0.09628227531909943,0.051518666402747236,0.12596237052232026,251.25666670365766,146702.7935267857,383.0180067918292,0.12304678412775198,0.05396035613492131,0.16537732876837252
cellbalance_all_w3e9_e50,23,23,279.4961312033913,151818.5265827922,389.6389695382024,5.980906379673715e-05,77,3,3,7.276351000958432e-05,0.008186564004669586,0.007709646442284186,0.008616770307223002,0.007739459319661061,0.005158762447535992,0.00964493490755558,0.008497306145727634,0.003563354490324855,0.011475360952317715,0.01118618001540502,0.003948890836909413,0.01531713797400395,9.096420884209995e-05,0.5784707776245923,25,0.08685974437743425,0.059991654337694246,0.10703619843969743,673.5672476632254,0.07731869456668695,0.0704549457753698,0.08328723368545374,0.08331170464555422,0.05273510320732991,0.10530848197638988,0.08981509537746508,0.03933636592701077,0.12074396679798761,220.02410690505783,129901.55955762987,360.4185893619111,0.12529478392253318,0.04710224262438714,0.17079692408442498
cellbalance_all_w3e9_e50,24,24,283.04393639502587,154995.94105113635,393.69523879663103,6.113232023841642e-05,77,3,3,7.278194486085947e-05,0.00845974963158369,0.007718082517385483,0.009094339484969774,0.007471142181505759,0.005088073667138815,0.009258088966210684,0.008001328445971012,0.003924219636246562,0.010610614903271198,0.010972000658512115,0.004131248531242211,0.014955706894397736,8.55681403966931e-05,0.5844928478373304,25,0.09291792126372457,0.06278806038200856,0.11526110562185446,673.5672476632254,0.08521182037269076,0.07449475249896446,0.09436675873895486,0.0820389555953443,0.051318170248220364,0.10400220602750779,0.09872351955622434,0.0434125255420804,0.13264436115821202,224.90794154575892,131867.99726055196,363.1363342610485,0.13438360871126254,0.05031814908608794,0.18322984255850316
cellbalance_all_w3e9_e50,25,25,332.7437551919516,225030.7877435065,474.3741010463224,6.868106087400614e-05,77,3,3,8.884431251014273e-05,0.0098918362831076,0.010233250757058462,0.009523436737557253,0.007922348566353321,0.0054409609486659365,0.009741919736067453,0.008376585009197393,0.0033737223129719496,0.011354378735025724,0.0112954784805576,0.0031741466373205185,0.015652989968657494,9.195022236478205e-05,0.7042713295399171,25,0.09590179660667976,0.07607601338997483,0.11200262972464164,673.5672476632254,0.09666541468972961,0.09658463365708789,0.09632491261387864,0.08535152170807123,0.05793863117073973,0.10580370555321375,0.08693141436825196,0.03819379185947279,0.11682356348882118,184.6197872409573,104936.89199472402,323.93964251805306,0.12508367462704578,0.03878260642600556,0.17258355541775625
cellbalance_all_w3e9_e50,26,26,259.9557031408533,125394.86008522728,354.11136678342774,4.972905582406667e-05,77,3,3,6.302083056652918e-05,0.0076379428307215376,0.008079980655262867,0.007120164111256599,0.006637222444017728,0.004790774857004483,0.008068979252129793,0.007885406725108624,0.003741095308214426,0.0105033948396643,0.011133129708468914,0.003649821194509665,0.015315189957618713,8.292236210157473e-05,0.5257253347931173,25,0.07817953980217378,0.057671970203518864,0.09397361299643914,673.5672476632254,0.07124731826285521,0.06928754253933828,0.07212938180193305,0.06808358571181694,0.04538799351702134,0.08487942489484945,0.08030392529442906,0.04009007346195479,0.10624531743427118,209.15753570160308,116421.60399756493,341.20610193483486,0.11889992808302244,0.04240187691835066,0.16267856021722157
cellbalance_all_w3e9_e50,27,27,417.80383380047687,264739.69703733764,514.5286163444533,9.546728159131652e-05,77,3,3,0.00014140807373526817,0.012032308305303255,0.009410937627156576,0.014166384314497312,0.011679166307051977,0.0065232325966159506,0.015121088984111944,0.010898949888845285,0.007842831313610077,0.013253696573277315,0.012142400567730268,0.007201801209400098,0.015584475360810757,0.00013714659144170582,0.763886038297561,25,0.12415633678436279,0.086186381423225,0.15289821871866782,673.5672476632254,0.11482629583527644,0.08058734041949113,0.14074546565612156,0.13179244261234999,0.07778237026184798,0.16935577725370726,0.1262952496111393,0.10439228339741627,0.1448579430828492,499.49689473734276,364462.2049512987,603.7070522623524,0.14068378313134114,0.09672295323883494,0.17373078489055235
cellbalance_all_w3e9_e50,28,28,361.061270577567,217228.7252435065,466.0780248450966,9.553293109222847e-05,77,3,3,0.00012082480437432726,0.010096816656490168,0.009837613751490911,0.010270300942162672,0.011666549990574518,0.005878637544810772,0.015345493021110693,0.009680470762153467,0.005673542929192384,0.012440494572122892,0.013101276941597462,0.005744926631450653,0.017607654444873333,0.0001418698908916364,0.6919547030560627,25,0.1191613260532419,0.07845472412804763,0.1488668489580353,673.5672476632254,0.09444125098486741,0.08605681115140518,0.1017092884828647,0.14292984709143638,0.06358310109004378,0.1916954740633567,0.11511985356609027,0.07470306469748418,0.14444022987037897,368.3324771237064,253595.91558441558,503.5830771426057,0.15903482464452584,0.07526705290501316,0.2118409579495589
cellbalance_all_w3e9_e50,29,29,596.6341211888697,536396.0568181818,732.3906449553966,0.00036139035156728435,77,3,3,0.0003288833249825984,0.01996145397424698,0.011126268344620863,0.025925202916065853,0.016503554147978623,0.010485905533035597,0.020730326573053997,0.014639463275671005,0.010253857510785261,0.01783886303504308,0.017182181899746258,0.010873381048440933,0.021606200685103733,0.0002635791558229054,1.0873311425046932,25,0.21757692204167445,0.12324987088640531,0.28130852901687226,673.5672476632254,0.24552921609332165,0.11633503106733163,0.326634932110707,0.19810159751524528,0.13301450915634633,0.24567371974388758,0.16344414519766967,0.12112012377629677,0.19542530976235867,583.4155344777294,565736.7715097403,752.1547523679819,0.19429730236530304,0.1310606710612774,0.2401600544154644
cellbalance_all_w3e9_e50,30,30,339.7698209688261,167933.4411525974,409.7968291148644,6.49344117657354e-05,77,3,3,8.038055117746505e-05,0.008074026244382063,0.007716304777810971,0.00840626439700524,0.007744080852717161,0.006153274327516556,0.009002783025304476,0.01008375392605861,0.004783909302204847,0.013376870503028234,0.012467436182002226,0.004392779897898436,0.01705467887222767,0.00011452458178003629,0.6083977962654106,25,0.09301255992303292,0.06749573869630694,0.11287430969377359,673.5672476632254,0.07564132378126184,0.06818745912363132,0.08214737837513288,0.08336816069980463,0.07329725307102004,0.09220236277828614,0.11085425946861506,0.059704619174202285,0.14472320831070343,276.48547422731076,159965.65269886365,399.9570635691582,0.14489139671127002,0.05607809918001294,0.19695064976811408
cellbalance_all_w3e9_e50,31,31,286.8431279566381,129271.57000811688,359.5435578731969,5.32641614728317e-05,77,3,3,6.65867373754736e-05,0.007420277378211419,0.007244594860821962,0.007591742401321729,0.006718899433811505,0.004612593911588192,0.00828361123179396,0.009249247455348572,0.003979712724685669,0.012432157061994076,0.011541986837983131,0.003641146467998624,0.015895592359205086,9.619069654339303e-05,0.5337901436278919,25,0.08550774211063981,0.05826135139912367,0.10585667500893275,673.5672476632254,0.07143080564836661,0.06469111854831378,0.07695373854289453,0.07322558496147394,0.054270493301252526,0.08813539961973826,0.10357025660574436,0.04867691627703607,0.13806361092875402,223.63855436250762,123583.52485795454,351.5444848919615,0.13133423214157422,0.04453857679851353,0.1802798615892728
cellbalance_all_w3e9_e50,32,32,250.5607529677354,117842.4744825487,343.2819169174932,4.670794172758273e-05,77,3,3,5.8326468812689804e-05,0.007333600893616676,0.007390677773704131,0.007275124080479145,0.00585910693431894,0.0037646190418551364,0.007376426054785649,0.00802623899653554,0.0032584172828743854,0.010862443906565508,0.011061936306456724,0.002976875907431046,0.015358048491179943,8.130357309710234e-05,0.5096475787806262,25,0.07860067196811239,0.05432175199190776,0.09660721485813459,673.5672476632254,0.0691171943830947,0.0659105908125639,0.07085268893589576,0.06229270162060857,0.040817469221850235,0.07804802918185791,0.08725482906525334,0.03914944628874461,0.11700557364771763,176.0323590365323,107565.63996550324,327.97201094834793,0.12745253540575505,0.03757927941468855,0.176268136339883
cellbalance_all_w3e9_e50,33,33,238.72297807173297,109268.35856331169,330.5576478669215,4.1488082683531794e-05,77,3,3,4.395351546312062e-05,0.006191416643559933,0.006400417070835829,0.005973429263879855,0.00511452400436004,0.0035164367873221636,0.006320442073047161,0.0067571308463811874,0.00278143227721254,0.009136121875296036,0.010434040799736977,0.0025451771604518094,0.014529756891230742,6.701624079141766e-05,0.49075671213781447,25,0.07064043633639812,0.04876449912165602,0.08697677248468001,673.5672476632254,0.06048441223179301,0.059736548581471045,0.060169620954742035,0.05672992940992117,0.03697986098627249,0.07115519748379787,0.07241728973885377,0.03352895317909618,0.0967552134891351,147.70177846140675,90179.35420048701,300.29877489008675,0.12392466962337494,0.03097046540118754,0.172488176189363
cellbalance_all_w3e9_e50,34,34,228.6547849580839,103492.53454748377,321.7025560163981,3.776803861036534e-05,77,3,3,4.067999907420017e-05,0.005978647153824568,0.006047135529418786,0.0058904898663361864,0.004756991285830736,0.0032864251794914403,0.0058697375158468885,0.006515398466338714,0.002492910949513316,0.008867330073068539,0.010081379984815916,0.0023098790552467108,0.0140669085085392,6.21610621844108e-05,0.47761015270927343,25,0.06655339447781444,0.046148543506860734,0.08187532477080822,673.5672476632254,0.05586269582932194,0.056956223572293914,0.05412536108245452,0.05267312318086624,0.03447188004851341,0.06597268492604295,0.06985571324204405,0.030531927837679784,0.09393964206178983,133.78889306799158,85764.33116883117,292.855478297455,0.11859714801112811,0.02921623023537298,0.16515073675662278
cellbalance_all_w3e9_e50,35,35,231.40217729048297,100586.57467532468,317.1538659315454,3.600003425139245e-05,77,3,3,3.8134243974733785e-05,0.005701585207134485,0.005647246104975541,0.005749067757278681,0.004705454998960097,0.0033801974107821784,0.005731238207469384,0.00640675596271952,0.0026687377442916236,0.008654974400997162,0.00982864418377479,0.002458612279345592,0.013676165913542112,5.952779004777161e-05,0.47085701840734107,25,0.06400322049856186,0.04499062040820718,0.07840543137863279,673.5672476632254,0.055365669721116624,0.05420759533842405,0.05599530394499501,0.04877984903131922,0.03539742992880444,0.05918192883953452,0.06607189853986105,0.03308489671597878,0.08736333902304372,144.01766353458552,86639.42111404221,294.3457509699133,0.11339572258293629,0.030341361879060665,0.15745369306455057
cellbalance_all_w3e9_e50,36,36,219.20543839095475,97959.82898741883,312.985349477286,3.614333577211432e-05,77,3,3,3.518541658801647e-05,0.0054460725126167136,0.005447779782116413,0.0054392713742951555,0.004410378324488799,0.0031877304427325726,0.005360032121340434,0.006053607289989789,0.002317653348048528,0.008238971388588348,0.00973858404904604,0.0021841233440985284,0.013596527899305025,5.667573592897194e-05,0.4646683023307785,25,0.06317238491028547,0.043209444523478545,0.07806524381041527,673.5672476632254,0.05508377891033888,0.05328461737682422,0.05634678365662694,0.046861617571363846,0.03323816576351722,0.05728120378529032,0.0638632254426678,0.027931941458955407,0.08587430508807302,123.33918732482117,80997.31062297078,284.60026462210254,0.11354207423826058,0.027240979988127946,0.15823648552099864
cellbalance_all_w3e9_e50,37,37,207.22007929814328,89467.34359780845,299.1109218965574,3.3504054505550365e-05,77,3,3,3.66258530751414e-05,0.005617308275153239,0.005453348780671756,0.005740344679603974,0.0044748964719474316,0.0031845252184818187,0.005464219332983096,0.006004066206514835,0.0022103588562458754,0.008195911534130573,0.00968524906784296,0.0021317229450990758,0.013529435731470585,5.631899087651012e-05,0.4440698726582217,25,0.061788952108472586,0.042177559615423285,0.07643439574788014,673.5672476632254,0.05155867356806994,0.052426737900823354,0.05040379126245777,0.04822149492179354,0.03171887176421782,0.06032973550260067,0.06404136018206676,0.02602066602247457,0.08673974679782986,119.49331605589235,79648.91593952922,282.2213952547348,0.11233206701775392,0.027122084628790618,0.15652402743697166
cellbalance_all_w3e9_e50,38,38,202.87292381385703,91996.85957792208,303.3098408853924,3.2260684464119266e-05,77,3,3,3.521810322126839e-05,0.005617471256603797,0.00534445916612943,0.005838461530705293,0.004316388784597318,0.003174999418358008,0.005212082527577877,0.005853695484499137,0.002239119649554292,0.007965360302478075,0.009390687259534994,0.0019812588191901646,0.013131358660757542,5.291957980565106e-05,0.45030372533351454,25,0.05893431191643079,0.04200736700867613,0.07189200721060236,673.5672476632254,0.05174739998454849,0.05263621200496952,0.050578745969881614,0.04357343977317214,0.031265415744856,0.0530796147758762,0.05893695552522937,0.025048172815392414,0.07948761767397325,105.44938362418831,75618.25837053571,274.9877422186955,0.10575559540341298,0.0256098894122988,0.1473463490853707
cellbalance_all_w3e9_e50,39,39,199.86466821447596,88046.26242897728,296.7259045465651,3.332525391835423e-05,77,3,3,3.394806602348884e-05,0.005510966293513775,0.0054682631356020766,0.005547551903873682,0.004235420065621535,0.0031692645667741695,0.005080994373808305,0.005713578158368667,0.0021273737462858358,0.0077928729976216955,0.009375355206429958,0.0019994969867790737,0.013107015130420526,5.213700448318074e-05,0.44052899777413773,25,0.059769020540018876,0.0418358670702825,0.07331527354816596,673.5672476632254,0.05412480590865016,0.052673409879207614,0.055058233700692655,0.044108104469875495,0.03056578678699831,0.05433752752840519,0.05801531215508779,0.024302950433144968,0.07835386527702212,106.56438198337307,75522.63184862013,274.81381306007916,0.10495784426728884,0.02548359729349613,0.14622210176040729
cellbalance_all_w3e9_e50,40,40,206.89516359799867,93069.39184253247,305.0727648324781,3.5591525894622987e-05,77,3,3,3.4124112668602415e-05,0.005666967015713453,0.005695494512716929,0.005638140564163526,0.004297073930501938,0.003465439658612013,0.004988923358420531,0.005624731226513783,0.002444398899873098,0.0075529045425355434,0.009159666951745749,0.002113482759644588,0.012777320730189482,5.0311408510121204e-05,0.45292101997365874,25,0.061180604410668214,0.043157351439197855,0.0748369212076068,673.5672476632254,0.058922798068573076,0.05301651024570068,0.06372013720373312,0.04352185850342115,0.03386711403727531,0.05133480383083224,0.05676798873270551,0.027398463040590286,0.07544214518740773,125.62195171009411,79516.1171875,281.98602303571715,0.10225722150877119,0.02810105667449534,0.14183653966834148
cellbalance_all_w3e9_e50,41,41,238.5313673143263,115721.82010957792,340.17910004816275,4.470736568290196e-05,77,3,3,5.016055244292753e-05,0.007401793574293454,0.005999172727266948,0.008568539439390102,0.005000804550945759,0.0036590801707158485,0.0060350157630940275,0.006401832060267528,0.002712594655652841,0.008637352846562862,0.010028015511731306,0.002462182349214951,0.01396617479622364,6.156235152351049e-05,0.505041035217092,25,0.07044269341975451,0.047726376665135226,0.08733829350521168,673.5672476632254,0.07152254719908038,0.05794966842979193,0.0827338545769453,0.05230974525213242,0.03863882922877868,0.06298676156749328,0.06317841251691182,0.032332796038438874,0.08325702358037233,146.42532437807554,88398.82711038961,297.3194025124994,0.10588017308463653,0.030532765863463283,0.1465774027630687
cellbalance_all_w3e9_e50,42,42,270.0247573852539,150616.36470170456,388.0932422778121,4.4409545902359336e-05,77,3,3,8.088437122448038e-05,0.010282080930968126,0.011438860557973385,0.00897637770200769,0.006486903410404921,0.004934470479687055,0.007709066693981488,0.006651000274966161,0.003302929690107703,0.00880648335441947,0.010188421855370203,0.0032296238156656423,0.014040668494999409,6.879067344319385e-05,0.5761759403002528,25,0.0838979182826976,0.07361924720928073,0.09282766655087471,673.5672476632254,0.0901062480484446,0.09693735441813867,0.0825181783363223,0.06281917259097099,0.044546221159398554,0.0768074719980359,0.06734835758805274,0.03446959526278079,0.08876263044774532,149.94754959700944,96869.78059050324,311.23910517559204,0.11482893571257591,0.037622877700875204,0.15795192521065474
cellbalance_all_w3e9_e50,43,43,273.62468273608715,118524.67644074676,344.2741297872188,3.604426836483815e-05,77,3,3,4.675482341554016e-05,0.006495672433326642,0.0067906576829651994,0.006182710329691569,0.005485303234308958,0.004535667443027099,0.006285141377399365,0.006664820325871308,0.0038465448499967656,0.008574142586439848,0.010402290460964045,0.0041529285566260414,0.01410254401465257,6.75244349016187e-05,0.5111206505090509,25,0.06770827859019239,0.05434474655116598,0.07877154209340612,673.5672476632254,0.058261605805406964,0.05934672558059295,0.05707050967340668,0.05399549919491013,0.04805817994599541,0.05929934681082765,0.07011749298622211,0.04834473915398121,0.0864988336029152,240.7446049281529,129512.78743912338,359.878851058413,0.11749613784253597,0.05141612885830303,0.15797846095015605
cellbalance_all_w3e9_e50,44,44,246.50844286633776,107924.22808441559,328.5182309772406,3.356966349260742e-05,77,3,3,4.07466037965302e-05,0.005982795575012763,0.005784887510041396,0.006164883263409138,0.004832917203505834,0.0040440311810622616,0.005508566120018561,0.006431644316762686,0.0033703595399856567,0.008426565521707138,0.010131655571361383,0.003099427946532766,0.013986681587994099,6.266053484675164e-05,0.4877289270179825,25,0.06349971655756236,0.047980495846519866,0.07586167318125565,673.5672476632254,0.05416920131072402,0.053528131389369564,0.05461961978425582,0.04715779817973574,0.04262307884792487,0.051271821235617,0.06739467215413848,0.04289273222597937,0.08506425837054848,171.93265969412667,97862.70358157468,312.83015133067767,0.11364139513423045,0.038443774428839485,0.15603493109345437
cellbalance_all_w3e9_e50,45,45,254.41393706086393,108297.34872159091,329.0856252126351,3.731617924769397e-05,77,3,3,4.062899824930355e-05,0.005988908310731252,0.006106135901063681,0.005805656313896179,0.0047010827499131365,0.004011215719704826,0.005296600827326377,0.006476978150506814,0.0035134011413902044,0.008418998991449675,0.01020557340234518,0.002968665910884738,0.01411696057766676,6.336699031332198e-05,0.4885712990860468,25,0.06690174235031009,0.04889138030509154,0.08097996709868312,673.5672476632254,0.057862447866549094,0.052863795726249614,0.06185868936901291,0.048957552146166566,0.045284152276193104,0.05225106046224634,0.07118240524083376,0.046621270272880794,0.08908521102120479,179.03949886173396,98745.13595779221,314.2373879056918,0.11772705608357986,0.03877350731752813,0.16187984583278497
cellbalance_all_w3e9_e50,46,46,211.796544458959,87283.43947849025,295.4377082880421,3.0309080598685384e-05,77,3,3,3.728170668182429e-05,0.005687843852986892,0.005587268775949876,0.005783057305961847,0.0045857530397673445,0.003769955442597469,0.0052747793185214205,0.006058710161596537,0.002831945583845178,0.008077694258342186,0.009890933831532797,0.002556254699205359,0.013751029347380003,5.849888596761351e-05,0.4386164994111426,25,0.05924324214458466,0.04262802035237352,0.07203938940539956,673.5672476632254,0.0498937890616556,0.049464212177942196,0.050043845381587744,0.04324426386505365,0.03667422137223184,0.04891740490992864,0.061360950432717803,0.03383087435426811,0.07987440558771293,137.07758261940697,84919.69850852272,291.40984627929566,0.10964015757044156,0.031503139156848194,0.15180685923745235
cellbalance_all_w3e9_e50,47,47,202.2049845906047,83445.47808441559,288.86930969629776,2.9515828084020708e-05,77,3,3,3.583757764621017e-05,0.005533760879188776,0.005236133312185605,0.005815544320891301,0.004401026914517085,0.0035323245295633874,0.005124284730603297,0.005959055696924527,0.0026621964449683824,0.007985579626013836,0.00985315814614296,0.0024380337757368884,0.013717951873938242,5.749485353589989e-05,0.428864839700057,25,0.058023057654500006,0.04019076126938065,0.07148378207037846,673.5672476632254,0.04766509662692746,0.04680604659020901,0.0483383212176462,0.04241502874530852,0.034238708578050135,0.049236470634738606,0.06061181198805571,0.031733245762685935,0.07959181837116679,126.87903902128146,81435.56787743507,285.36917821908355,0.10949809869130453,0.02976586364209652,0.15195319708436728
cellbalance_all_w3e9_e50,48,48,194.9768783767502,80277.53703327922,283.3329084897821,2.8496674897357844e-05,77,3,3,3.6990197259001434e-05,0.005963880103081465,0.004967122649153073,0.006812448147684336,0.004162366424376766,0.003315360595782598,0.004863741962860028,0.005741420046736796,0.002509990707039833,0.00771147742246588,0.009722496382892132,0.002326024773841103,0.013549368518094221,5.499066780127274e-05,0.4206453171123379,25,0.05711729238430659,0.03916286755663653,0.07060621759543816,673.5672476632254,0.04918722255776326,0.0460155810477833,0.05193317368005713,0.039741265792399644,0.03297767832564811,0.04548484746366739,0.056896561825027066,0.03017063236174484,0.07456602717439334,118.96842173786906,78907.54175121753,280.904862455632,0.10709235732754072,0.028354174646859368,0.14876496819158394
cellbalance_all_w3e9_e50,49,49,183.0084682315975,72287.15353591721,268.86270387675046,2.758838070496802e-05,77,3,3,3.066061435674783e-05,0.004818104983617862,0.005092814254264037,0.004515119983504216,0.004121159824232261,0.003239929676055908,0.004844384112705787,0.005706327191243569,0.002364945753167073,0.007706134580075741,0.009686405149598917,0.0021317705201605954,0.013530527551968893,5.4552524185661845e-05,0.3991623773416878,25,0.054639404788613316,0.036727431730056805,0.06792857258891066,673.5672476632254,0.04320424063752095,0.04367538516720136,0.04249105125665665,0.03943934952219327,0.030039355627571544,0.046975557431578635,0.05673843303695321,0.02740031776018441,0.07539417911941806,109.35730654233461,75895.32624797078,275.4910638259811,0.10726618507256111,0.026193638676777483,0.14941378547499576
cellbalance_high_w3e9_e50,0,0,1473.7155904398337,3486219.961038961,1867.1421909000292,0.001895135020619476,77,3,3,0.0018082086462527514,0.04470596338311831,0.02882399782538414,0.05625102544824282,0.04198799033959707,0.02617911621928215,0.0532693974673748,0.0390461099644502,0.022463655099272728,0.05042154093583425,0.037285445258021355,0.016801131268342335,0.04986775666475296,0.0015448442815492551,2.7720204587999433,25,0.46232706800103185,0.27068142098685105,0.5949789392451446,673.5672476632254,0.5142019516726335,0.2984812918802102,0.6628327943881352,0.4617496101061503,0.2721618450433016,0.5928251667817434,0.3605038111905257,0.22791510067880152,0.4558013090988,969.264538257153,1554953.3409090908,1246.9776826026562,0.31661235456665354,0.1661067035794258,0.4154424168169498
cellbalance_high_w3e9_e50,1,1,1137.4339234983765,2187207.560064935,1478.9210797283724,0.0011589799700728195,77,3,3,0.0010533123277127743,0.03290798390905062,0.023173078273733456,0.04034096126755079,0.03320710485180219,0.020183165247241657,0.042357889314492546,0.031741876155138016,0.017531188825766247,0.04131981482108434,0.028954147671659786,0.013321321768065294,0.03870429222782453,0.0009667684013644854,2.195654680151273,25,0.3566328500707944,0.2152878073602915,0.45587969024976094,673.5672476632254,0.3936812551319599,0.24432666681706905,0.49983589430650077,0.35110218601922194,0.20388246774673463,0.4524885191520055,0.2937981647253036,0.1755603729436795,0.3764834090570609,778.6460539582488,1014799.4577922078,1007.3725516372817,0.25710616340239845,0.13445994327465693,0.33758731534083686
cellbalance_high_w3e9_e50,2,2,1043.7868937702922,1814881.4350649351,1347.1753542375006,0.0009128430558900748,77,3,3,0.0007670789103334149,0.028374314308166504,0.0208536796271801,0.0342699425915877,0.028090428560972214,0.018964049095908802,0.03485655536254247,0.026786653324961662,0.016266370192170143,0.03421015416582426,0.024428298696875572,0.012832044313351313,0.03206880949437618,0.0006872628000564873,2.0000606604777644,25,0.3115954153239727,0.1931173972785473,0.39576064681013423,673.5672476632254,0.346230566923817,0.21061295479536057,0.4415066988269488,0.2901559530943632,0.18987377263605595,0.3634067148466905,0.27199092278877895,0.1732631967589259,0.34315534517169,719.4550281871449,882213.512987013,939.2622173743672,0.23401913265387217,0.13214729404697814,0.3030217493077119
cellbalance_high_w3e9_e50,3,3,992.2504843179281,1640922.3993506494,1280.9849333035302,0.0007164180898651868,77,3,3,0.0005924615931386749,0.02499496688445409,0.019510728617509205,0.029472148045897484,0.0240470456580321,0.01749989204108715,0.0291092898696661,0.02391876404484113,0.015097821441789469,0.030251899113257725,0.022263553614417713,0.01221428532153368,0.028980874146024387,0.0005430287177053591,1.901792193352022,25,0.2737224049866199,0.18404811364909013,0.34002627367774646,673.5672476632254,0.30049097592631974,0.19970330057044824,0.37443662179013093,0.24566367045044898,0.17791172375281653,0.2977569565922022,0.2542363364001115,0.1698324583346645,0.3164447156836589,678.1734928279728,782969.8571428572,884.8558397517966,0.22913431376218796,0.13481558233499527,0.29433248738447826
cellbalance_high_w3e9_e50,4,4,893.063003341873,1346748.0957792208,1160.4947633570869,0.0005978283173005496,77,3,3,0.00047424267783450585,0.022116340696811676,0.018157342448830605,0.025459252297878265,0.021561748037735622,0.015825746580958366,0.02595278744896253,0.021550680821140606,0.01239536888897419,0.027813366924722988,0.020781620716055233,0.010461448381344477,0.0274024431904157,0.0004523250584801038,1.7229085401392894,25,0.24945633890728156,0.16704504309842985,0.31013698694606623,673.5672476632254,0.2717212976763646,0.1863350464651982,0.33532569646835325,0.22269606098532677,0.16280625933160384,0.26867642663419244,0.2333287319044272,0.1348150406529506,0.3007067039857308,587.9722555581625,584149.7094155845,764.2968725669264,0.22232674159109592,0.11785649228841066,0.2911983441313108
cellbalance_high_w3e9_e50,5,5,916.700290432224,1382014.344155844,1175.5910616178758,0.0005222535699714798,77,3,3,0.00042402717129637796,0.020878778770565987,0.01831410638988018,0.023081062361598015,0.020297447840372723,0.016799174559613068,0.022985232373078663,0.020182495936751366,0.012797368069489798,0.025370908280213673,0.020069022352496784,0.012222965558369955,0.025440816457072895,0.0004075478742985676,1.7453209990484209,25,0.23843729036549727,0.17496925979852676,0.28752088827391464,673.5672476632254,0.25340913313130536,0.1867333893974622,0.30508581119279066,0.2142465272297462,0.1757627112294237,0.24561020004252593,0.23195333771407603,0.1495096417143941,0.2912431763857603,680.558302049513,738638.0320616884,859.4405343371282,0.22979381896555423,0.1490649520854155,0.2882418618102868
cellbalance_high_w3e9_e50,6,6,987.0311104910714,1540344.2532467532,1241.106060434302,0.00047287262837075955,77,3,3,0.0003885236316515754,0.019728266323606174,0.01836426431934039,0.020943355436126392,0.01986006647348404,0.018927097630997498,0.020513543859124184,0.01918887471159299,0.013633189412454763,0.023321828494469326,0.01940228044986725,0.01279360055923462,0.02411858985821406,0.00037960051364886266,1.8425867123735777,25,0.22938859678804874,0.18659013169507185,0.2644507512201866,673.5672476632254,0.23849583849310874,0.19051458564897378,0.2775258068988721,0.21420109078288077,0.20105114395419757,0.22484667072693507,0.22711643288532893,0.16504486445337535,0.2743778798729181,711.1288872260552,794724.6485389611,891.4733022020127,0.22354807789127032,0.15940448191016912,0.27223458521068095
cellbalance_high_w3e9_e50,7,7,856.7700575791396,1144816.663961039,1069.9610572170554,0.00035470840823534247,77,3,3,0.00035017001209780574,0.01884320192039013,0.015860379052658875,0.02140690324207147,0.01849172388513883,0.01648254661510388,0.020154739419619244,0.01821035146713257,0.013171196915209293,0.02206169192989667,0.01856107326845328,0.012080897577106953,0.023205119495590527,0.0003416277856255571,1.5884992343808582,25,0.1972042862077554,0.16333636278907457,0.22565447069704533,673.5672476632254,0.19281932555139064,0.16222000728050867,0.21903483415643374,0.18861878290772438,0.17568985876937707,0.19987955113252004,0.21099641857047877,0.15540367640554906,0.2537752283612887,677.2572837928673,694860.8011363636,833.5831099154802,0.21435977679987747,0.14724941048771142,0.26421318863828974
cellbalance_high_w3e9_e50,8,8,694.8370147308746,803846.0641233766,896.5746283067442,0.00028432273837380935,77,3,3,0.0002931406197603792,0.0176641537497441,0.014888609138627848,0.019980632389585178,0.016397830719749134,0.01284617961694797,0.019290760159492493,0.01634812696526448,0.010176506203909716,0.020758771648009617,0.016838043928146362,0.00807239580899477,0.022397531817356747,0.0002752676858411481,1.3310840623815774,25,0.17339787450929484,0.13617266722023488,0.20383994807799657,673.5672476632254,0.16989752873778344,0.1450356594224771,0.1914066067089637,0.16416541580110788,0.1418628229945898,0.18355532007912795,0.18493131111065547,0.11984137676656247,0.23198507857819398,452.1078911323052,357200.97849025973,597.6629304969982,0.19085900214811166,0.09402828910698494,0.25261609827478726
cellbalance_high_w3e9_e50,9,9,709.1402350091315,828752.724025974,910.3585689309318,0.0002576142639094093,77,3,3,0.0002685644382533307,0.017022460388640564,0.014485853413740793,0.01917642168700695,0.01562465044359366,0.01304606068879366,0.017824481551845867,0.015534919686615467,0.01066217136879762,0.019196484237909317,0.015875124062101047,0.00834332499653101,0.02082640305161476,0.00024738819047342986,1.351548152154362,25,0.16472359446187815,0.13361607808619738,0.19071704814831417,673.5672476632254,0.1613672126705448,0.13985619173695643,0.18021572589874268,0.15634851394842067,0.14033731162548066,0.17064970118304093,0.17642015698055427,0.12274861508359512,0.21665549986064433,465.525768725903,365739.6495535714,604.7641272046246,0.17920710754891236,0.09566131470724941,0.23435361949106057
cellbalance_high_w3e9_e50,10,10,694.4603382457386,805650.1550324676,897.580166354219,0.00023493217436639085,77,3,3,0.0002687413264842083,0.017652316329379875,0.014288508954147497,0.02044125460088253,0.015151952393352985,0.012661104090511799,0.01727071839074294,0.014695565216243267,0.010558211244642735,0.017883148044347763,0.014906308303276697,0.007678079418838024,0.019619259983301163,0.0002228186494903639,1.3325769171053832,25,0.1598071179414789,0.13013980502883593,0.18470478331049284,673.5672476632254,0.16192953654875358,0.13797509660323462,0.1825164687881867,0.1494750542814533,0.1345300837357839,0.16293470551570258,0.16397073729584613,0.1202104897548755,0.19787754687170186,428.27428644353694,320087.544237013,565.7627985622711,0.16501639399677515,0.08693463191390037,0.21636884736518064
cellbalance_high_w3e9_e50,11,11,655.1555278827618,755717.0113636364,869.3198556133619,0.0002147825737181422,77,3,3,0.00022547211362204203,0.016407055780291557,0.01446442243953546,0.018109330907464027,0.013124536412457624,0.01136530035485824,0.014661211830874285,0.013553619695206484,0.009112118432919184,0.016846177478631336,0.014033136889338493,0.005746346743156512,0.018994834274053574,0.00018657191928165653,1.2906207340532836,25,0.15307109978049993,0.1258886558189988,0.1760057951634129,673.5672476632254,0.15571498670925696,0.14184452005972464,0.16813260290771723,0.13910889028261106,0.12331736706197262,0.15313288693626723,0.15845728537688653,0.10460654519498348,0.19778229402999084,328.96492896141945,215920.96651785713,464.67296727683345,0.1623610144853592,0.0657127898496886,0.21987379988034567
cellbalance_high_w3e9_e50,12,12,635.2385031960227,740068.6347402597,860.272418911742,0.00019991147337940993,77,3,3,0.00020392883258561292,0.015773057627181213,0.014400748225549856,0.017009139992296696,0.012245379698773226,0.010898447595536709,0.013433223279813925,0.012577555452783903,0.008279327458391586,0.01572218568374713,0.013349430325130621,0.004717900883406401,0.018276901294787724,0.00016472495917696506,1.2771886131581425,25,0.14690653743843238,0.12280449872215589,0.16748030503590902,673.5672476632254,0.15159929836789768,0.1418169328570366,0.16062507959703604,0.13306616437931856,0.11851680011798939,0.14597743497540552,0.14687964249402286,0.0950546734717985,0.18436596391101678,273.38170475154726,167355.48325892858,409.0910451952335,0.1551044856881102,0.05266769388069709,0.2128519887228807
cellbalance_high_w3e9_e50,13,13,607.7210138494319,712662.4959415584,844.1933996079088,0.00018673977442690498,77,3,3,0.00018359811898941794,0.015008045981327692,0.013966051861643791,0.01597165533651908,0.011534797959029675,0.009998435154557228,0.012875231603781382,0.011798026661078135,0.007392691448330879,0.014942935357491175,0.01294967345893383,0.004092928177366654,0.01784392384191354,0.00014974390796851367,1.253317174397402,25,0.14079470540086428,0.11720072250813246,0.16089021887630225,673.5672476632254,0.14707431193441153,0.13922661590079466,0.1544259741778175,0.127131574600935,0.10815833049515883,0.14343720228721699,0.134778087126712,0.0836065232132872,0.1710810568680366,254.52138667911677,145837.64671266233,381.8869554104491,0.15042601170639197,0.04603289319823185,0.2076242816199859
cellbalance_high_w3e9_e50,14,14,589.0645042518516,680641.2889610389,825.0098720385345,0.00017165804361960813,77,3,3,0.00017136316455435008,0.014587322250008583,0.013400743094583353,0.015673036687076092,0.01110775830845038,0.009668190342684587,0.012365167029201984,0.011197474785149097,0.007086177046100299,0.014144279683629671,0.01239892840385437,0.0039158679234484834,0.01708621655901273,0.0001369374367641285,1.2248366809709077,25,0.1353318469474713,0.11307407658547163,0.15434133617828288,673.5672476632254,0.14290754217654467,0.1345246230562528,0.1507470718274514,0.12242772839963437,0.10436662101497253,0.13799719256659349,0.125934731302162,0.07974502319470048,0.15907091177999974,247.4550279889788,138633.0546875,372.33460044360635,0.14200468646983305,0.044527884929751356,0.19575034129122892
cellbalance_high_w3e9_e50,15,15,555.5366274350649,599901.7045454546,774.5332171995302,0.00015189639088930562,77,3,3,0.00016026290541049093,0.014089692694445452,0.01285392822076877,0.015205222181975842,0.010880416259169579,0.009310564336677393,0.012241339311003685,0.010733171055714289,0.0066920082705716295,0.013614097299675146,0.012046944970885912,0.003995480559145411,0.016557788476347923,0.00012862768683892986,1.1498973857273809,25,0.12741348531097174,0.10734677956749995,0.1446770930290222,673.5672476632254,0.1353197860593597,0.1269547478109598,0.14307227101176978,0.11557727579027414,0.09919159919023514,0.12983214328686396,0.11592210757235687,0.07620335989942154,0.14506235995640357,263.2043094387302,144248.6906452922,379.8008565620833,0.1330803043146928,0.04986917484862109,0.18137989503641924
cellbalance_high_w3e9_e50,16,16,519.619907527775,494573.4476461039,703.2591610822457,0.00013503180960398894,77,3,3,0.0001574310202461978,0.01390396679441134,0.012545514851808548,0.015112812630832195,0.010870778001844883,0.009148467642565569,0.012344977197547754,0.010596404783427715,0.006642259191721678,0.013427303483088812,0.01189124615242084,0.0041276208745936556,0.01630008469025294,0.0001260320326158156,1.0440815872832727,25,0.12368032611906528,0.10264451550940673,0.1415748573963841,673.5672476632254,0.1307594784349203,0.11965139996260404,0.14073684410502513,0.11250598130126795,0.0963970633968711,0.12652510587126017,0.11445444722970327,0.07605901234472791,0.1428395472963651,274.37737105728746,152153.9526176948,390.06916388980915,0.12846764147281647,0.05246965901615719,0.1738446077456077
cellbalance_high_w3e9_e50,17,17,525.2038280932934,564146.903814935,751.0971334088122,0.00013688299493099163,77,3,3,0.00015493669100881866,0.013876837367812792,0.012264620512723923,0.015251665065685907,0.010795846271018187,0.008672645936409632,0.012535320594906807,0.010120682728787264,0.005985867697745562,0.012994869301716486,0.011972309711078802,0.003765181560690204,0.01649133488535881,0.0001230347309804832,1.1151034080332105,25,0.12131918863703807,0.10148353099822999,0.13829860404133798,673.5672476632254,0.13020260815819104,0.12024201301236948,0.13927556719630957,0.11049044190595547,0.09445515063901742,0.12442078681041797,0.10433204960078,0.06963995467250546,0.13002066899091005,239.7812501981661,126020.05590503247,354.99303641766335,0.12725516049812238,0.046967804081117115,0.17366142901281514
cellbalance_high_w3e9_e50,18,18,514.2151639864043,562302.2321428572,749.8681431710892,0.00013244844428429912,77,3,3,0.00015119365464973575,0.013552738353610039,0.011852759557465712,0.015017752225200335,0.010878380388021469,0.008500445789347092,0.012806819751858711,0.010087241418659687,0.005866472454120715,0.013000074463586012,0.011849402450025082,0.0034270853890726962,0.016391582787036896,0.0001221473551898574,1.1132788088681134,25,0.11876579271008571,0.09884552446504434,0.13575911078602076,673.5672476632254,0.1269600355128447,0.11676336997499069,0.1361770161241293,0.10977034716556469,0.09394499981154998,0.12351531597475211,0.10070670243352652,0.0670937352006634,0.1255576545248429,214.30932022689225,110733.32300121753,332.7661686548342,0.12532589569687844,0.041736818834518394,0.17221069291234017
cellbalance_high_w3e9_e50,19,19,524.9364469453886,572947.1387987013,756.9327174846529,0.0001291354358243127,77,3,3,0.0001467208179140774,0.013665531141062578,0.01260045450180769,0.014593860444923243,0.01021152144918839,0.008336269917587439,0.011774573475122452,0.009549861463407675,0.005840141947070758,0.012176028763254484,0.011427284218370914,0.003769343951717019,0.015711691540976364,0.00011097419337602332,1.123767107309097,25,0.11798863137761752,0.10277840867638588,0.1314089484512806,673.5672476632254,0.13000183196117482,0.12384365602085988,0.13562614520390828,0.10407710995525121,0.09216457339624563,0.114688491076231,0.09593899427602688,0.06682454253857334,0.1180213237181306,243.19791521344865,122412.89285714286,349.87553909518005,0.12107945545266072,0.04714624852252503,0.1645462646956245
cellbalance_high_w3e9_e50,20,20,516.8015770850244,556987.0349025974,746.3156402639552,0.00011922685768116604,77,3,3,0.00012846366735175252,0.01264775296052297,0.012338567525148392,0.01291146253546079,0.009738785525163015,0.008687091059982777,0.010675948423643907,0.00905546514938275,0.005756279608855645,0.011433268586794535,0.010772634608050188,0.0035849728931983313,0.014804880445202192,9.957970420752342e-05,1.1080046466824394,25,0.11240837670862674,0.10301093285282453,0.12105084769427776,673.5672476632254,0.12198430430144072,0.12308602831015984,0.12067299178491037,0.1023679305613041,0.09687259188542763,0.10753177139908075,0.09317948292940854,0.06443765301878254,0.11490857229878505,224.39494066114548,110312.55088271105,332.13333298949544,0.1158385770022869,0.04401232963738342,0.15774541031569242
cellbalance_high_w3e9_e50,21,21,500.7452039842482,603090.5040584416,776.5890187598853,0.00012272074824280722,77,3,3,0.00013009344305222234,0.012857292157908281,0.011878355716665586,0.013724394763509432,0.009736906426648298,0.00859516765922308,0.010753758251667023,0.008812975138425827,0.005256285580495994,0.011299996947248777,0.010845929694672426,0.0029408219270408154,0.015051683411002159,9.869046577174838e-05,1.1529494960660103,25,0.11149856876581907,0.0991005303710699,0.12261605850110452,673.5672476632254,0.12151833027601242,0.11779226873070002,0.12499101359397173,0.1025219431022803,0.09756599210202693,0.10717536181211472,0.08906200525661309,0.05800869953508178,0.11175930969417096,179.64663934088372,90349.01141436688,300.5811228509982,0.11410402943690617,0.035319343923280636,0.15742033753544094
cellbalance_high_w3e9_e50,22,22,435.2827283190442,346791.79443993507,588.8903076464538,0.00010483352931945089,77,3,3,0.00014047974400455132,0.012944798295696577,0.011895851232111454,0.013913033530116081,0.010113089345395565,0.007754008596142133,0.012004989199340343,0.00976953562349081,0.005604138287405173,0.01262259048720201,0.01298563772191604,0.004629903472959995,0.017758073285222054,0.00012735777515141913,0.8742858410789164,25,0.11759619389971097,0.09234091794739167,0.13825894525895516,673.5672476632254,0.12515490267425775,0.10925534918904305,0.13902919601649047,0.10376137007027865,0.08468062838539481,0.11964655717213948,0.1017867801959316,0.06092934351414442,0.13026661838094394,249.02147664652242,137356.38352272726,370.61622134322084,0.13417971378813187,0.05214407035149634,0.1822559850042065
cellbalance_high_w3e9_e50,23,23,448.7957981654576,371934.9338474026,609.8646848665715,9.375942695973586e-05,77,3,3,0.00010156386755018805,0.011056140996515751,0.01162151712924242,0.010424977478881678,0.008530570504566034,0.006680253737916549,0.010035482856134573,0.008613664035995802,0.004839802781740825,0.01117624839146932,0.010744376108050346,0.0039632844273000956,0.014658325662215551,9.108719435365249e-05,0.9054250885599705,25,0.10407837090392907,0.09251041260858377,0.11441295889516671,673.5672476632254,0.11080645767350991,0.11439091814061006,0.1068716503555576,0.09115160137414932,0.07481890849769116,0.10494589592019717,0.09236566264182329,0.056381149385124445,0.11779851702352365,244.81240032245586,117323.2927150974,342.52487897245857,0.11732051589836677,0.05028897308123608,0.15797775061180194
cellbalance_high_w3e9_e50,24,24,444.1199277407163,401248.4987824675,633.4417879982876,9.06715705513035e-05,77,3,3,0.00010150082865341876,0.011009715497493744,0.010528643615543842,0.011310946817199389,0.008801712344090143,0.006591243979831536,0.010547492653131485,0.008155095080534617,0.004273494395116965,0.010710821487009525,0.01080724379668633,0.002732550414899985,0.01503590556482474,9.020939857388537e-05,0.9404284281871734,25,0.10033874372641245,0.08794103511919578,0.11126285047580799,673.5672476632254,0.10631295841187238,0.10846263947586218,0.10371660578995943,0.09119897980242968,0.07652451574802399,0.10364937586088975,0.08275964616487423,0.050383557062596084,0.10561588189254205,153.7893096131164,71065.37576095779,266.5808990924852,0.11626564841717482,0.03391493024925391,0.16086806730677683
cellbalance_high_w3e9_e50,25,25,492.5745821866122,495139.9448051948,703.6618113875406,9.620347536129683e-05,77,3,3,0.00010507546782415982,0.011617744962374369,0.012363592783610025,0.010592193342745304,0.008592584170401096,0.007096287949631612,0.00985166896134615,0.00788577397664388,0.004276923680057128,0.010295760817825794,0.010098202464481195,0.002848995771879951,0.013992000060776869,8.183976266688357e-05,1.0446793751161756,25,0.10266861842324336,0.0999960412333409,0.10516127621134122,673.5672476632254,0.11322003059089183,0.12599096740285556,0.09841452542692423,0.09029775640616815,0.08230901069939137,0.09752532829840978,0.0804389150813222,0.05107104656596979,0.10163208602617184,171.93221223509155,74745.04849837662,273.39540687139686,0.10923450915763776,0.037072644581397377,0.14991948104153077
cellbalance_high_w3e9_e50,26,26,503.80932062322444,520589.8287337662,721.5191118284853,9.592603166382035e-05,77,3,3,0.00011333492875564843,0.012320909649133682,0.013865299833317598,0.010481958898405233,0.008967943489551544,0.007848593095938364,0.009960602348049482,0.0076839143099884195,0.004650438980509837,0.0098126952846845,0.009481549573441347,0.0026261647387097278,0.013144494344790777,7.751690282020718e-05,1.0711909083044298,25,0.1051137284686168,0.10773804718007644,0.10236610773950815,673.5672476632254,0.11915201378365357,0.13827092410375674,0.09612560634811719,0.09080265159408252,0.08394050132483244,0.09711441126962503,0.07938324768096208,0.05134538405885299,0.09981173951178789,135.88331802169998,57631.584263392855,240.06579153097357,0.10165562664469083,0.030520690080399315,0.1404619306946794
cellbalance_high_w3e9_e50,27,27,456.5084482168222,406179.299512987,637.3219747607852,9.019125359550167e-05,77,3,3,0.00011194625646263982,0.011355978126327196,0.010813589518268904,0.011768990196287632,0.009498116249839464,0.007362957578152418,0.011197080525259176,0.009200851432979107,0.005205047937730948,0.011889658557871977,0.011013079434633255,0.003376095245281855,0.015203825508554777,0.00010122518627516304,0.9461890805584978,25,0.10481699588398138,0.09188679156824947,0.11620372970898946,673.5672476632254,0.10669616823395094,0.10929572100440661,0.10375538669526577,0.09913481531043847,0.08444124365225435,0.1117533612002929,0.09880086787045002,0.06423266536245743,0.12398881119986375,160.38178144182478,62620.62581168831,250.24113533088104,0.11728791461636623,0.039647108633071186,0.16101641447593767
cellbalance_high_w3e9_e50,28,28,496.248433695211,453352.3193993507,673.3144283314822,9.886456992516488e-05,77,3,3,0.00011729315398649003,0.012362850829958916,0.013288471847772598,0.01130675214032332,0.009275037484864393,0.008889206685125828,0.009643059534331163,0.008229518930117289,0.00563009874895215,0.010178557286659876,0.01001458956549565,0.003467984419936935,0.013728483580052853,8.631814610756312e-05,0.9996246561384623,25,0.10840595632791519,0.1072572794680794,0.10944085578123729,673.5672476632254,0.11949194482217232,0.13175694310416777,0.10557926413913568,0.09501312896609307,0.09505875429759424,0.09491303217907747,0.08815517903616031,0.061993017457425595,0.10813828583806753,163.76874472878197,66497.36508218345,257.8708302274289,0.11241159148514271,0.0386938297872742,0.15417892108360925
cellbalance_high_w3e9_e50,29,29,426.545448996804,343429.5785308442,586.0286499232304,8.436431645267558e-05,77,3,3,0.00012089899731411909,0.011530988539258638,0.013500149672230085,0.009101560960213343,0.009850098751485348,0.00855131121352315,0.01096480463941892,0.0091639698172609,0.004913289720813434,0.01197139328966538,0.011809606105089188,0.004014784082149466,0.016186368341247242,0.00011178604715193312,0.8700373302833704,25,0.10208262680719296,0.09558096724251906,0.1081401646633943,673.5672476632254,0.10505273425330719,0.1146406547476848,0.09428758695721626,0.09637720045944055,0.08969771139323711,0.10252357209722202,0.08805400277177493,0.05123381156474352,0.11333981783439716,216.68979020552203,91780.82670454546,302.9535058462692,0.12025641883412996,0.052492527098705374,0.161511288061738
cellbalance_high_w3e9_e50,30,30,414.9911855722403,377334.0081168831,614.2751892408509,9.137816997789234e-05,77,3,3,0.0001121146124205552,0.010954564747711023,0.011512758831183115,0.010087510105222464,0.010344397276639938,0.006327546667307615,0.01316866527001063,0.009375089158614477,0.004313728539273143,0.01249894251426061,0.010849376829961935,0.004690876851479213,0.014580287039279938,0.00010578234408361216,0.9119730678294207,25,0.11052283803621928,0.0899379225447774,0.12756159727772076,673.5672476632254,0.10521913178265095,0.1134923442825675,0.09544806549946468,0.11692620267470678,0.06433194022625685,0.15225361105054616,0.10688414609680573,0.048501656195148825,0.14306917262574037,276.08341682731333,114550.11465097402,338.4525293907168,0.12337554867068927,0.0619551330494384,0.1629030758018295
cellbalance_high_w3e9_e50,31,31,394.9895384156859,312544.66781655845,559.0569450570831,6.47771482256864e-05,77,3,3,7.082565934979357e-05,0.00925541544953982,0.010369114267329374,0.007857626614471277,0.006645977341880401,0.005736992849657933,0.007444699294865131,0.007163720050205787,0.002925178036093712,0.009696478955447674,0.009689604863524437,0.0032527962078650794,0.013303086472054323,6.734690396115184e-05,0.8299942537238748,25,0.0862538621822993,0.08108034751688441,0.0910846496745944,673.5672476632254,0.0892472646633784,0.10256709268937508,0.07343854516123732,0.07441354881972075,0.06627356881275773,0.08171802123387654,0.07753902730842431,0.033287702643622956,0.10447394469132026,99.72858825287261,26710.84087104302,163.43451554381963,0.10887842702368895,0.040112135891492165,0.14865564850469432
cellbalance_high_w3e9_e50,32,32,401.455585826527,366845.3137175325,605.6775658034005,6.593957756171245e-05,77,3,3,7.213823604009424e-05,0.00968466978520155,0.01095454084376494,0.008036416489630938,0.006511426530778408,0.005467332278688748,0.007405242727448543,0.006640011755128701,0.002851979418968161,0.008939782778422037,0.009193204653759798,0.0033254411537200212,0.012558366172015667,6.056455943811064e-05,0.89920875444085,25,0.08336180134365956,0.08370819559320808,0.08294966929902634,673.5672476632254,0.09093909236292044,0.10854324841250976,0.06880216378097732,0.06801341769595941,0.06095055396358172,0.07437115203589201,0.0682705912552774,0.03155447895949086,0.09122972576568524,90.52208699808492,21667.01856737013,147.1972097811984,0.09968000827978055,0.04073111004816989,0.13494937437276044
cellbalance_high_w3e9_e50,33,33,400.86960393732244,403386.8825081169,635.127453750912,7.076317640233107e-05,77,3,3,7.006985106272623e-05,0.009467304684221745,0.010943856711188952,0.00755823931346337,0.006416042800992727,0.005533207052697738,0.007151540524015824,0.006699659551183383,0.0028217538880805173,0.009036252275109291,0.008961083057026068,0.003072060722236832,0.012285086326301098,5.890230386285111e-05,0.9429310227810649,25,0.08532530690853794,0.08510612077390155,0.08545203752194842,673.5672476632254,0.09553086130569378,0.11052663198361794,0.07752240851521491,0.06738264846305052,0.0620781218012174,0.07221573411797484,0.06901088178157806,0.033211949467659,0.09172699831426144,91.03050152667157,20570.747311282466,143.42505817074806,0.09562627111872037,0.03797009960127373,0.12976988624781371
cellbalance_high_w3e9_e50,34,34,385.11020729758525,350515.80113636365,592.0437493432083,6.413929766896725e-05,77,3,3,7.082158602618922e-05,0.00956733338534832,0.011207803152501583,0.0074509150969485445,0.00662894065802296,0.005842104554176331,0.00731551352267464,0.006393958969662587,0.0028179831181963286,0.008590592071413994,0.008946480850378672,0.0032289078614364066,0.012219606277843317,5.808396599604748e-05,0.8789675439195676,25,0.08372126060848435,0.08406744175280134,0.08327283055211107,673.5672476632254,0.09257464689513048,0.10849128005405267,0.07299878600363931,0.06845117058604956,0.06345441312218705,0.07305438501139482,0.065593454738458,0.031156914280727505,0.08736810942490895,96.15120984362318,20971.506049614447,144.8154206209216,0.09758664117505153,0.040349023568754395,0.13196647174656392
cellbalance_high_w3e9_e50,35,35,351.9019922033533,287645.0255681818,536.3254847274944,5.499282090201998e-05,77,3,3,5.8168753942785166e-05,0.00849908652404944,0.010171635697285334,0.006334422156214714,0.00591729333003362,0.005425030676027139,0.006371539086103439,0.006228034384548664,0.0032906221070637307,0.00813263530532519,0.008806762285530567,0.0034318551576385894,0.011945329296092192,5.410141845156128e-05,0.7962463831015281,25,0.07555401845524709,0.07605063814669848,0.07491152558475733,673.5672476632254,0.08241108056157827,0.09829343315213919,0.06226005841046572,0.059328374279042084,0.0534300791968902,0.06464015870044629,0.06172465678304434,0.03321407460918029,0.08071356954673926,107.40127910267223,23700.38777140828,153.9493026012404,0.0944284982358416,0.042235379638150335,0.12667861726135016
cellbalance_high_w3e9_e50,36,36,480.76857965642756,321971.2546672078,567.4251093027235,0.00014051824799427376,77,3,3,0.00015849796667074165,0.011857804531852404,0.011471059173345566,0.01220256338516871,0.013287416969736418,0.00823207851499319,0.016888903453946114,0.013272662026186785,0.006068198475986719,0.017760924994945526,0.012910480300585428,0.0043456183436016245,0.01773135798672835,0.00017257246266429624,0.8424179044798634,25,0.1416963229700923,0.09639655110736688,0.17555104689051707,673.5672476632254,0.12655004791915417,0.10579270254820586,0.14409124438961346,0.1599422350525856,0.1001025312083463,0.20262627029170593,0.15426304121812184,0.07786012183874845,0.20368883095681667,290.3387665191254,153691.2648133117,392.0347750051157,0.14056676492094994,0.055680354330688714,0.19077612895518542
cellbalance_high_w3e9_e50,37,37,330.8755913276177,219316.2966720779,468.31217865017976,5.9550559133451504e-05,77,3,3,6.954442627223519e-05,0.009190397647519907,0.01012792531400919,0.008112869380662838,0.006663790127883355,0.0048737009055912495,0.008052598685026169,0.006873439531773329,0.0025915796092400947,0.009362028601268927,0.009642418473958969,0.0019537408370524645,0.013495313624540964,6.60170129170486e-05,0.6952716009795202,25,0.08560962047427893,0.07161356803029775,0.09754749532788992,673.5672476632254,0.09071438810477654,0.09215903560320536,0.08905950450648864,0.07182739421104391,0.05520638966312011,0.08519227848698696,0.07216895742341876,0.030331918097411592,0.0974246260151267,120.19453628341873,78279.10516436688,279.78403307616907,0.10834109131246805,0.02606336890719831,0.1509770470733444
cellbalance_high_w3e9_e50,38,38,337.61370096578224,235645.53896103895,485.4333517188935,5.576138096625687e-05,77,3,3,6.361254781950265e-05,0.008748770381013552,0.00979423119376103,0.007502386191238959,0.006404112714032332,0.004799115005880594,0.007671355580290158,0.0066423908186455565,0.002562879274288813,0.009032842082281908,0.009232373908162117,0.0017689595697447658,0.012935803892711798,6.071355649813389e-05,0.7206902553575522,25,0.0813964032381773,0.07174533354739349,0.08995350182056427,673.5672476632254,0.08715374963978927,0.09299491956830025,0.08075361908103029,0.0684652007681628,0.05402741123611728,0.08029912658035755,0.06800227107480168,0.02989369063017269,0.09138118921468655,103.30286595728491,72635.70951704546,269.5101287837722,0.09959458721180757,0.02315251065728565,0.1389275658254822
cellbalance_high_w3e9_e50,39,39,366.56690007990056,293087.13088474027,541.3752218976597,5.738929318688967e-05,77,3,3,6.0114125517429784e-05,0.008566902639965216,0.00984946203728517,0.00697829279427727,0.005988092627376318,0.004866215555618207,0.006917405873537064,0.006303784747918447,0.002617953267569343,0.008516098372638226,0.009116421143213907,0.0016235468598703544,0.012789235450327396,5.714493333168017e-05,0.803743388319172,25,0.07968687714387973,0.07609135669345657,0.08304389516512553,673.5672476632254,0.08647555633137624,0.09920273136968415,0.07135747927551468,0.06444859543815255,0.05607451444491744,0.07177486180638273,0.06479114516327779,0.031531116664409636,0.0859933224072059,90.5643921889268,67962.50398234578,260.6961909624799,0.09886304502685865,0.020849114645582933,0.13824817698448896
cellbalance_high_w3e9_e50,40,40,342.5240026696936,267536.43973214284,517.2392480585197,5.243160355006127e-05,77,3,3,5.6069782052266724e-05,0.008264994869629541,0.009622884603838125,0.006569459568709135,0.005658096478631099,0.00461661738033096,0.0065276362001895905,0.006093470224489768,0.002373088849708438,0.008281420295437178,0.009053003353377184,0.0016075997070098917,0.012700561123589674,5.48217661465363e-05,0.7679103309327362,25,0.07596676409244538,0.07253059776499868,0.07918024309600392,673.5672476632254,0.08233976360410451,0.09536690091714263,0.06668857999145984,0.059472367229561014,0.051495385859161615,0.06644408601646622,0.061544317894925676,0.02753603462440272,0.08253707249338428,89.18555787321809,65462.60366781656,255.85660762977486,0.09791801517208418,0.02028930583347877,0.13698033168911933
cellbalance_high_w3e9_e50,41,41,375.23210916890724,318198.171875,564.0905706311709,5.873716674448753e-05,77,3,3,6.284020128077827e-05,0.00897392195959886,0.01106030431886514,0.006188887792328994,0.005794137250632048,0.004943343655516704,0.0065283530081311865,0.00613104101891319,0.002509845420718193,0.008294628001749516,0.00903568339223663,0.0016450292508428295,0.012671137849489847,5.5249992631919063e-05,0.8374673391382126,25,0.08179805245871345,0.0823128607062002,0.08111646773914497,673.5672476632254,0.09276659808432063,0.1094604446987311,0.07188181537513931,0.061482913779715695,0.054931365214288236,0.06736969294647376,0.06102748201539119,0.029182970778395732,0.08118173446506262,89.79160982602602,65952.35016741071,256.8118964678442,0.09683810595422983,0.02059011782053858,0.13539026491343975
cellbalance_high_w3e9_e50,42,42,360.8969159807478,307675.033887987,554.6846256098929,5.400585709517676e-05,77,3,3,5.415330087998882e-05,0.008230346099783977,0.009781569863359133,0.0062303512046734495,0.005398656707257032,0.004712479499479135,0.006000004398326079,0.005848779653509458,0.0024393134905646243,0.00790043113132318,0.008850902629395327,0.001533498444284002,0.012421179562807083,5.159293747662256e-05,0.8235029650480092,25,0.07452559461817146,0.07417806088303526,0.07480397519345085,673.5672476632254,0.08247573936358094,0.0973647241294384,0.06408992929384112,0.05646209886297584,0.05342895258838932,0.05927595075840751,0.05762060181548198,0.028634344668438037,0.07624446928501129,81.23972380006468,60239.57528409091,245.43751808574604,0.09458341992770632,0.01866332764737308,0.13245101964722078
cellbalance_high_w3e9_e50,43,43,356.61261224127435,294718.9900568182,542.8802723039566,5.4811780241185e-05,77,3,3,5.672110880065399e-05,0.008419538537661234,0.010187992515663305,0.006124579813331366,0.005576479714363813,0.00477138285835584,0.006277514932056268,0.005996769138922294,0.002494250889867544,0.008102103912582,0.00882648304104805,0.0018077124453460176,0.012346630605558554,5.2513404322477676e-05,0.8059778354534683,25,0.07723826869701346,0.07524640884871284,0.07904023362323642,673.5672476632254,0.08618871362879872,0.09890837607284388,0.07084613633652528,0.06037049771596988,0.05334068760275841,0.0666182265120248,0.058838522216926016,0.028498043498645226,0.07812336056182782,101.05201156418045,63443.795784293834,251.88051886617558,0.0927966521990796,0.02235173185355961,0.12930590766171615
cellbalance_high_w3e9_e50,44,44,361.2861752200436,277561.4117288961,526.8409738515941,5.944504244018697e-05,77,3,3,8.180584942844386e-05,0.0105017035578688,0.012138952501118183,0.008504628048588833,0.006415468951066335,0.0051633928281565504,0.00745397216329972,0.006950014891723792,0.003089014207944274,0.009314055554568768,0.00961670900384585,0.0037148005018631616,0.01305896540482839,6.506010807546166e-05,0.7821653675699616,25,0.08565118339533608,0.0811954553425312,0.08975314593563477,673.5672476632254,0.09453607028971116,0.10624395490934452,0.0807935057207942,0.06751173915341496,0.051478636836012205,0.08030138831585645,0.06863700165723761,0.03382332762392859,0.09093789140383403,253.87980077173802,119422.67096185064,345.57585413603573,0.1026469977820913,0.04836474250381192,0.136779151322941
cellbalance_high_w3e9_e50,45,45,491.7114907797281,484727.53510551946,696.2237679837708,9.094600450639105e-05,77,3,3,7.663422729820013e-05,0.009570961818099022,0.011373870695630709,0.007291509148975213,0.007361275143921375,0.005955246898035209,0.008538108319044113,0.00707602221518755,0.0036774943582713604,0.009300292159120241,0.009110985013345877,0.0023839096538722515,0.012661444954574108,6.589461918338202e-05,1.0336366122301026,25,0.0987364694600304,0.09390058690682053,0.10302241070196033,673.5672476632254,0.10780916462341944,0.11776446805646022,0.09604802345236142,0.09296903971582651,0.07844603861371677,0.10531730088715752,0.07856338480487465,0.05021521003606419,0.09903165334214767,142.86885259058567,57481.08862621753,239.752139982561,0.09519947382931908,0.032172804965327186,0.13069965404768785
cellbalance_high_w3e9_e50,46,46,383.6009073629008,384315.3118912338,619.931699376015,6.141532191707353e-05,77,3,3,5.5122536044412605e-05,0.008460966249306997,0.01034649151066939,0.005958049713323514,0.00515856733545661,0.004619348794221878,0.005646024520198504,0.0057203749505182104,0.0025835686828941107,0.0076593429160614806,0.008841699144492546,0.003034009598195553,0.012114007336397966,5.018811255771046e-05,0.9203709080670331,25,0.07542988463615377,0.08122770444800456,0.06908272748813032,673.5672476632254,0.0865645527963837,0.10792658474296331,0.05764007247363528,0.05330869852254788,0.05067244821538528,0.055763708353042604,0.053544209382186334,0.028486625667040546,0.07013402085751295,89.63563418698001,21893.716955407872,147.96525590626968,0.09242794686928392,0.038392979769657054,0.12489899264027675
cellbalance_high_w3e9_e50,47,47,355.01045524299917,325108.9239042208,570.1832371301534,5.445186294994753e-05,77,3,3,5.166122718947008e-05,0.00813389259080092,0.009996118023991585,0.005659860714028279,0.005053244220713775,0.00443097793807586,0.005599667162944873,0.005647672340273857,0.0029396875761449337,0.007384425029158592,0.008749161846935749,0.0036750042345374823,0.011774400249123573,4.9012403906090185e-05,0.8465127114007738,25,0.07200409952551126,0.077009539740781,0.06656968621537089,673.5672476632254,0.08241877277692158,0.10197276327759028,0.05633742834130923,0.049022374556710324,0.04313037715852261,0.05422521489361922,0.05254977066690723,0.03210715888378521,0.06699460463598371,168.52652175705154,40043.586115056816,200.10893562021866,0.09058971595019102,0.04788267455684642,0.11875558853149414
cellbalance_high_w3e9_e50,48,48,340.42049655666597,281037.31107954547,530.129522927695,4.862186381012782e-05,77,3,3,5.044299784155252e-05,0.007989936818679174,0.009875771589577198,0.005459504046787818,0.0051109556419154005,0.00466161360964179,0.005521900641421477,0.0055985852765540285,0.0031110763860245547,0.007243723763773839,0.008704877303292355,0.0037562815317263207,0.011686619371175766,4.859041170372317e-05,0.7870476552517183,25,0.0699738275570174,0.07480620459342996,0.06472754530608654,673.5672476632254,0.0788013782352209,0.09765342912326257,0.053587100735555095,0.04889329899102449,0.04511670940866073,0.05235487580920259,0.05218085730448365,0.03415643456702431,0.06539388361697396,178.99147033691406,42562.477653206166,206.30675619864263,0.09083076503127813,0.04977252252399921,0.11835287313908338
cellbalance_high_w3e9_e50,49,49,326.4081979726816,250586.32244318182,500.58597907170935,4.451650337697092e-05,77,3,3,4.90757641576541e-05,0.007932770686844984,0.00966847874224186,0.005660177984585364,0.005006971148153146,0.004509574733674526,0.005458702798932791,0.0054597328417003155,0.0029181543892870345,0.007124111366768678,0.008467165753245354,0.0037057625595480204,0.011354331548015276,4.609837803097131e-05,0.7431863422818854,25,0.06913686928649744,0.07445957914615671,0.06328221153467893,673.5672476632254,0.07821179649482171,0.09771699716647465,0.05167803049087524,0.04827205867196123,0.0439389395651718,0.05218071551993489,0.051131899716953436,0.03148289067360262,0.06508177009721597,161.62699711787235,36025.96299208604,189.80506577034777,0.08861402326573928,0.04951072109552721,0.11508442377050718
